basket_id,strategy,actual_exit_time,open_layer_count_at_exit,threshold_at_exit,first_cross_time,lag_minutes,cross_found,variant
1,T1/S01,2018-01-02 22:33:00,1,0.5599999999999454,2018-01-02 22:32:00,1.0,True,close_q25
2,T1/S01,2018-01-02 23:14:00,1,0.5599999999999454,2018-01-02 23:13:00,1.0,True,close_q25
3,T1/S01,2018-01-03 01:21:00,1,0.5599999999999454,,,False,close_q25
4,T1/S01,2018-01-04 23:25:00,1,0.5599999999999454,2018-01-04 23:24:00,1.0,True,close_q25
5,T1/S01,2018-01-09 04:23:00,3,0.5066666666667743,2018-01-09 04:22:00,1.0,True,close_q25
6,T1/S01,2018-01-12 22:13:00,1,0.5599999999999454,2018-01-12 22:13:00,0.0,True,close_q25
7,T1/S01,2018-01-15 03:01:00,2,0.5049999999998818,2018-01-15 02:59:00,2.0,True,close_q25
8,T1/S01,2018-01-23 03:22:00,2,0.5049999999998818,2018-01-23 03:21:00,1.0,True,close_q25
9,T1/S01,2018-01-23 22:13:00,1,0.5599999999999454,2018-01-23 22:12:00,1.0,True,close_q25
10,T1/S01,2018-01-23 22:54:00,1,0.5599999999999454,2018-01-23 22:54:00,0.0,True,close_q25
11,T1/S01,2018-01-24 08:38:00,1,0.5599999999999454,2018-01-24 01:35:00,423.0,True,close_q25
12,T1/S01,2018-01-25 03:59:00,2,0.5049999999998818,2018-01-25 03:58:00,1.0,True,close_q25
13,T1/S01,2018-02-01 22:27:00,1,0.5599999999999454,2018-02-01 22:22:00,5.0,True,close_q25
14,T1/S01,2018-02-01 22:45:00,1,0.5599999999999454,2018-02-01 22:44:00,1.0,True,close_q25
15,T1/S01,2018-02-01 22:55:00,1,0.5599999999999454,2018-02-01 22:55:00,0.0,True,close_q25
16,T1/S01,2018-02-01 23:04:00,1,0.5599999999999454,,,False,close_q25
17,T1/S01,2018-02-02 01:35:00,3,0.5066666666667743,2018-02-02 01:34:00,1.0,True,close_q25
18,T1/S01,2018-02-05 22:19:00,1,0.5599999999999454,2018-02-05 22:18:00,1.0,True,close_q25
19,T1/S01,2018-02-05 23:38:00,2,0.5049999999998818,2018-02-05 23:37:00,1.0,True,close_q25
20,T1/S01,2018-02-14 01:13:00,1,0.5599999999999454,2018-02-14 01:12:00,1.0,True,close_q25
21,T1/S01,2018-03-01 22:01:00,1,0.5599999999999454,2018-03-01 22:00:00,1.0,True,close_q25
22,T1/S01,2018-03-01 22:20:00,2,0.5049999999998818,2018-03-01 22:19:00,1.0,True,close_q25
23,T1/S01,2018-03-01 22:31:00,1,0.5599999999999454,2018-03-01 22:30:00,1.0,True,close_q25
24,T1/S01,2018-03-02 07:54:00,2,0.5049999999998818,2018-03-02 03:54:00,240.0,True,close_q25
25,T1/S01,2018-03-13 01:12:00,1,0.5599999999999454,2018-03-13 01:12:00,0.0,True,close_q25
26,T1/S01,2018-03-29 22:56:00,1,0.5599999999999454,2018-03-29 22:55:00,1.0,True,close_q25
27,T1/S01,2018-04-02 02:02:00,2,0.5049999999998818,2018-04-02 02:01:00,1.0,True,close_q25
28,T1/S01,2018-04-10 14:33:00,1,0.5599999999999454,2018-04-10 03:08:00,685.0,True,close_q25
29,T1/S01,2018-04-18 10:49:00,3,0.5066666666667743,2018-04-18 10:48:00,1.0,True,close_q25
30,T1/S01,2018-04-25 02:29:00,2,0.5049999999998818,2018-04-25 02:29:00,0.0,True,close_q25
31,T1/S01,2018-04-26 03:04:00,2,0.5049999999998818,2018-04-26 03:04:00,0.0,True,close_q25
32,T1/S01,2018-04-30 03:42:00,1,0.5599999999999454,2018-04-30 03:16:00,26.0,True,close_q25
33,T1/S01,2018-05-08 22:01:00,1,0.5599999999999454,2018-05-08 22:00:00,1.0,True,close_q25
34,T1/S01,2018-05-09 15:21:00,1,0.5599999999999454,2018-05-09 02:25:00,776.0,True,close_q25
35,T1/S01,2018-05-11 10:52:00,2,0.5049999999998818,2018-05-11 10:51:00,1.0,True,close_q25
36,T1/S01,2018-05-21 22:13:00,1,0.5599999999999454,,,False,close_q25
37,T1/S01,2018-05-22 02:21:00,1,0.5599999999999454,2018-05-22 02:21:00,0.0,True,close_q25
38,T1/S01,2018-06-11 02:19:00,1,0.5599999999999454,2018-06-11 01:01:00,78.0,True,close_q25
39,T1/S01,2018-06-25 01:34:00,1,0.5599999999999454,2018-06-25 01:34:00,0.0,True,close_q25
40,T1/S01,2018-07-17 04:52:00,3,0.5066666666667743,2018-07-17 04:51:00,1.0,True,close_q25
41,T1/S01,2018-07-23 01:34:00,2,0.5049999999998818,2018-07-23 01:33:00,1.0,True,close_q25
42,T1/S01,2018-07-26 02:24:00,1,0.5599999999999454,2018-07-26 02:24:00,0.0,True,close_q25
43,T1/S01,2018-08-01 05:07:00,1,0.5599999999999454,2018-08-01 05:04:00,3.0,True,close_q25
44,T1/S01,2018-08-09 03:28:00,1,0.5599999999999454,2018-08-09 03:27:00,1.0,True,close_q25
45,T1/S01,2018-08-20 05:22:00,1,0.5599999999999454,2018-08-20 05:22:00,0.0,True,close_q25
46,T1/S01,2018-08-21 03:08:00,1,0.5599999999999454,2018-08-21 03:07:00,1.0,True,close_q25
47,T1/S01,2018-08-21 23:48:00,1,0.5599999999999454,2018-08-21 23:47:00,1.0,True,close_q25
48,T1/S01,2018-08-22 03:21:00,1,0.5599999999999454,2018-08-22 03:20:00,1.0,True,close_q25
49,T1/S01,2018-09-12 12:34:00,4,0.4829925650557243,2018-09-12 12:33:00,1.0,True,close_q25
50,T1/S01,2018-09-13 11:37:00,3,0.5066666666667743,2018-09-13 11:36:00,1.0,True,close_q25
51,T1/S01,2018-09-21 03:16:00,1,0.5599999999999454,,,False,close_q25
52,T1/S01,2018-09-24 10:17:00,3,0.5066666666667743,2018-09-24 10:16:00,1.0,True,close_q25
53,T1/S01,2018-10-08 22:57:00,1,0.5599999999999454,2018-10-08 22:56:00,1.0,True,close_q25
54,T1/S01,2018-10-09 02:42:00,1,0.5599999999999454,2018-10-09 02:41:00,1.0,True,close_q25
55,T1/S01,2018-10-10 22:11:00,1,0.5599999999999454,2018-10-10 22:10:00,1.0,True,close_q25
56,T1/S01,2018-10-10 23:38:00,2,0.5049999999998818,2018-10-10 22:55:00,43.0,True,close_q25
57,T1/S01,2018-10-11 09:40:00,2,0.5049999999998818,2018-10-11 09:39:00,1.0,True,close_q25
58,T1/S01,2018-10-23 04:25:00,1,0.5599999999999454,2018-10-23 04:24:00,1.0,True,close_q25
59,T1/S01,2018-10-24 22:35:00,1,0.5599999999999454,2018-10-24 22:35:00,0.0,True,close_q25
60,T1/S01,2018-10-25 01:03:00,1,0.5599999999999454,2018-10-25 01:03:00,0.0,True,close_q25
61,T1/S01,2018-10-26 01:07:00,1,0.5599999999999454,,,False,close_q25
62,T1/S01,2018-11-28 08:25:00,2,0.5049999999998818,2018-11-28 08:24:00,1.0,True,close_q25
63,T1/S01,2018-11-30 22:31:00,1,0.5599999999999454,2018-11-30 22:30:00,1.0,True,close_q25
64,T1/S01,2018-12-03 01:06:00,1,0.5599999999999454,2018-12-03 01:05:00,1.0,True,close_q25
65,T1/S01,2018-12-10 01:03:00,2,0.5049999999998818,2018-12-10 01:01:00,2.0,True,close_q25
66,T1/S01,2018-12-31 09:04:00,3,0.5066666666667743,2018-12-31 09:03:00,1.0,True,close_q25
67,T1/S01,2019-01-03 23:00:00,1,0.5599999999999454,2019-01-03 22:59:00,1.0,True,close_q25
68,T1/S01,2019-01-04 01:59:00,1,0.5599999999999454,2019-01-04 01:58:00,1.0,True,close_q25
69,T1/S01,2019-01-10 04:05:00,2,0.5049999999998818,2019-01-10 04:04:00,1.0,True,close_q25
70,T1/S01,2019-01-28 03:05:00,3,0.5066666666667743,2019-01-28 03:04:00,1.0,True,close_q25
71,T1/S01,2019-01-30 22:08:00,1,0.5599999999999454,2019-01-30 22:07:00,1.0,True,close_q25
72,T1/S01,2019-01-30 22:17:00,1,0.5599999999999454,,,False,close_q25
73,T1/S01,2019-01-30 22:41:00,1,0.5599999999999454,2019-01-30 22:40:00,1.0,True,close_q25
74,T1/S01,2019-01-31 01:03:00,1,0.5599999999999454,2019-01-30 23:23:00,100.0,True,close_q25
75,T1/S01,2019-02-06 04:29:00,2,0.5049999999998818,2019-02-06 04:28:00,1.0,True,close_q25
76,T1/S01,2019-02-15 22:58:00,1,0.5599999999999454,,,False,close_q25
77,T1/S01,2019-03-05 22:18:00,1,0.5599999999999454,2019-03-05 22:17:00,1.0,True,close_q25
78,T1/S01,2019-03-06 02:11:00,1,0.5599999999999454,2019-03-06 02:04:00,7.0,True,close_q25
79,T1/S01,2019-03-13 02:27:00,1,0.5599999999999454,2019-03-13 02:26:00,1.0,True,close_q25
80,T1/S01,2019-04-04 22:24:00,1,0.5599999999999454,,,False,close_q25
81,T1/S01,2019-04-05 16:04:00,1,0.5599999999999454,2019-04-05 16:00:00,4.0,True,close_q25
82,T1/S01,2019-04-22 02:53:00,1,0.5599999999999454,2019-04-22 01:24:00,89.0,True,close_q25
83,T1/S01,2019-04-30 03:17:00,1,0.5599999999999454,2019-04-30 03:16:00,1.0,True,close_q25
84,T1/S01,2019-05-15 02:57:00,1,0.5599999999999454,,,False,close_q25
85,T1/S01,2019-05-27 04:15:00,1,0.5599999999999454,2019-05-27 04:14:00,1.0,True,close_q25
86,T1/S01,2019-05-29 03:13:00,1,0.5599999999999454,2019-05-29 03:12:00,1.0,True,close_q25
87,T1/S01,2019-06-03 01:14:00,1,0.5599999999999454,2019-06-03 01:14:00,0.0,True,close_q25
88,T1/S01,2019-06-03 22:13:00,1,0.5599999999999454,2019-06-03 22:12:00,1.0,True,close_q25
89,T1/S01,2019-06-04 04:28:00,2,0.5049999999998818,2019-06-04 04:11:00,17.0,True,close_q25
90,T1/S01,2019-06-04 22:34:00,1,0.5599999999999454,2019-06-04 22:33:00,1.0,True,close_q25
91,T1/S01,2019-06-05 03:07:00,3,0.5066666666667743,2019-06-04 22:39:00,268.0,True,close_q25
92,T1/S01,2019-06-19 23:17:00,1,0.5599999999999454,2019-06-19 23:16:00,1.0,True,close_q25
93,T1/S01,2019-06-20 03:24:00,3,0.5066666666667743,2019-06-20 03:23:00,1.0,True,close_q25
94,T1/S01,2019-06-21 22:26:00,1,0.5599999999999454,2019-06-21 22:26:00,0.0,True,close_q25
95,T1/S01,2019-06-24 22:47:00,2,0.5049999999998818,2019-06-24 22:46:00,1.0,True,close_q25
96,T1/S01,2019-06-24 23:12:00,1,0.5599999999999454,2019-06-24 23:11:00,1.0,True,close_q25
97,T1/S01,2019-06-24 23:32:00,1,0.5599999999999454,2019-06-24 23:31:00,1.0,True,close_q25
98,T1/S01,2019-06-27 23:54:00,1,0.5599999999999454,2019-06-27 23:54:00,0.0,True,close_q25
99,T1/S01,2019-07-02 22:03:00,1,0.5599999999999454,2019-07-02 22:02:00,1.0,True,close_q25
100,T1/S01,2019-07-02 22:07:00,1,0.5599999999999454,2019-07-02 22:06:00,1.0,True,close_q25
101,T1/S01,2019-07-02 22:15:00,1,0.5599999999999454,2019-07-02 22:14:00,1.0,True,close_q25
102,T1/S01,2019-07-02 22:43:00,1,0.5599999999999454,2019-07-02 22:36:00,7.0,True,close_q25
103,T1/S01,2019-07-02 23:32:00,2,0.5049999999998818,2019-07-02 22:58:00,34.0,True,close_q25
104,T1/S01,2019-07-03 01:05:00,2,0.5049999999998818,2019-07-03 01:05:00,0.0,True,close_q25
105,T1/S01,2019-07-05 22:21:00,1,0.5599999999999454,2019-07-05 22:20:00,1.0,True,close_q25
106,T1/S01,2019-07-08 08:12:00,1,0.5599999999999454,2019-07-05 22:28:00,3464.0,True,close_q25
107,T1/S01,2019-07-10 22:23:00,1,0.5599999999999454,2019-07-10 22:22:00,1.0,True,close_q25
108,T1/S01,2019-07-10 22:31:00,1,0.5599999999999454,2019-07-10 22:30:00,1.0,True,close_q25
109,T1/S01,2019-07-10 22:51:00,1,0.5599999999999454,,,False,close_q25
110,T1/S01,2019-07-11 01:05:00,2,0.5049999999998818,2019-07-10 22:58:00,127.0,True,close_q25
111,T1/S01,2019-07-15 01:05:00,2,0.5049999999998818,,,False,close_q25
112,T1/S01,2019-07-16 01:08:00,2,0.5049999999998818,2019-07-16 01:07:00,1.0,True,close_q25
113,T1/S01,2019-07-18 01:08:00,1,0.5599999999999454,2019-07-18 01:07:00,1.0,True,close_q25
114,T1/S01,2019-07-18 22:05:00,1,0.5599999999999454,2019-07-18 22:04:00,1.0,True,close_q25
115,T1/S01,2019-07-18 22:09:00,1,0.5599999999999454,2019-07-18 22:08:00,1.0,True,close_q25
116,T1/S01,2019-07-18 22:16:00,1,0.5599999999999454,2019-07-18 22:14:00,2.0,True,close_q25
117,T1/S01,2019-07-18 22:46:00,2,0.5049999999998818,2019-07-18 22:45:00,1.0,True,close_q25
118,T1/S01,2019-07-18 22:50:00,1,0.5599999999999454,2019-07-18 22:49:00,1.0,True,close_q25
119,T1/S01,2019-07-19 01:06:00,1,0.5599999999999454,2019-07-18 23:35:00,91.0,True,close_q25
120,T1/S01,2019-07-29 22:01:00,1,0.5599999999999454,2019-07-29 22:00:00,1.0,True,close_q25
121,T1/S01,2019-07-29 22:14:00,1,0.5599999999999454,2019-07-29 22:13:00,1.0,True,close_q25
122,T1/S01,2019-07-30 13:18:00,2,0.5049999999998818,2019-07-30 09:37:00,221.0,True,close_q25
123,T1/S01,2019-07-31 09:27:00,1,0.5599999999999454,2019-07-31 08:30:00,57.0,True,close_q25
124,T1/S01,2019-08-01 22:02:00,1,0.5599999999999454,2019-08-01 22:01:00,1.0,True,close_q25
125,T1/S01,2019-08-01 22:11:00,1,0.5599999999999454,2019-08-01 22:10:00,1.0,True,close_q25
126,T1/S01,2019-08-01 22:16:00,1,0.5599999999999454,2019-08-01 22:15:00,1.0,True,close_q25
127,T1/S01,2019-08-01 22:50:00,3,0.5066666666667743,2019-08-01 22:43:00,7.0,True,close_q25
128,T1/S01,2019-08-06 01:05:00,5,0.7999999999997272,2019-08-06 01:05:00,0.0,True,close_q25
129,T1/S01,2019-08-09 01:05:00,4,0.4829925650557243,2019-08-09 01:05:00,0.0,True,close_q25
130,T1/S01,2019-08-12 22:14:00,2,0.5049999999998818,2019-08-12 22:13:00,1.0,True,close_q25
131,T1/S01,2019-08-12 22:33:00,3,0.5066666666667743,2019-08-12 22:23:00,10.0,True,close_q25
132,T1/S01,2019-08-13 04:09:00,1,0.5599999999999454,2019-08-12 23:17:00,292.0,True,close_q25
133,T1/S01,2019-08-26 01:05:00,5,0.7999999999997272,2019-08-23 22:31:00,3034.0,True,close_q25
134,T1/S01,2019-09-20 22:01:00,1,0.5599999999999454,2019-09-20 22:00:00,1.0,True,close_q25
135,T1/S01,2019-09-20 22:19:00,2,0.5049999999998818,2019-09-20 22:18:00,1.0,True,close_q25
136,T1/S01,2019-09-20 22:29:00,2,0.5049999999998818,2019-09-20 22:28:00,1.0,True,close_q25
137,T1/S01,2019-09-20 22:46:00,1,0.5599999999999454,2019-09-20 22:45:00,1.0,True,close_q25
138,T1/S01,2019-09-23 04:52:00,1,0.5599999999999454,2019-09-20 23:51:00,3181.0,True,close_q25
139,T1/S01,2019-10-09 01:25:00,1,0.5599999999999454,2019-10-09 01:24:00,1.0,True,close_q25
140,T1/S01,2019-11-08 02:32:00,2,0.5049999999998818,2019-11-08 02:31:00,1.0,True,close_q25
141,T1/S01,2019-11-13 07:49:00,1,0.5599999999999454,2019-11-13 02:43:00,306.0,True,close_q25
142,T1/S01,2019-12-11 09:25:00,2,0.5049999999998818,2019-12-11 09:24:00,1.0,True,close_q25
143,T1/S01,2019-12-24 03:47:00,1,0.5599999999999454,2019-12-24 03:46:00,1.0,True,close_q25
144,T1/S01,2019-12-27 04:23:00,2,0.5049999999998818,2019-12-27 04:22:00,1.0,True,close_q25
145,T1/S01,2020-01-03 23:37:00,1,0.5599999999999454,2020-01-03 23:36:00,1.0,True,close_q25
146,T1/S01,2020-01-06 01:05:00,1,0.5599999999999454,2020-01-06 01:05:00,0.0,True,close_q25
147,T1/S01,2020-01-13 15:49:00,8,0.8049999999997226,,,False,close_q25
148,T1/S01,2020-01-14 22:29:00,1,0.5599999999999454,2020-01-14 22:28:00,1.0,True,close_q25
149,T1/S01,2020-01-23 01:18:00,1,0.5599999999999454,2020-01-23 01:18:00,0.0,True,close_q25
150,T1/S01,2020-01-29 22:15:00,1,0.5599999999999454,2020-01-29 22:14:00,1.0,True,close_q25
151,T1/S01,2020-01-29 22:52:00,2,0.5049999999998818,2020-01-29 22:51:00,1.0,True,close_q25
152,T1/S01,2020-01-29 23:02:00,1,0.5599999999999454,2020-01-29 23:01:00,1.0,True,close_q25
153,T1/S01,2020-01-30 01:51:00,2,0.5049999999998818,2020-01-30 01:50:00,1.0,True,close_q25
154,T1/S01,2020-02-07 02:39:00,2,0.5049999999998818,2020-02-07 02:38:00,1.0,True,close_q25
155,T1/S01,2020-02-10 01:34:00,1,0.5599999999999454,2020-02-10 01:27:00,7.0,True,close_q25
156,T1/S01,2020-02-11 22:10:00,1,0.5599999999999454,2020-02-11 22:09:00,1.0,True,close_q25
157,T1/S01,2020-02-12 06:06:00,3,0.5066666666667743,,,False,close_q25
158,T1/S01,2020-02-27 01:41:00,7,0.6300000000001091,2020-02-27 01:40:00,1.0,True,close_q25
159,T1/S01,2020-03-05 22:40:00,2,0.5049999999998818,2020-03-05 22:39:00,1.0,True,close_q25
160,T1/S01,2020-03-05 22:46:00,1,0.5599999999999454,2020-03-05 22:45:00,1.0,True,close_q25
161,T1/S01,2020-03-06 01:10:00,3,0.5066666666667743,2020-03-06 01:09:00,1.0,True,close_q25
162,T1/S01,2020-03-06 22:02:00,1,0.5599999999999454,2020-03-06 22:01:00,1.0,True,close_q25
163,T1/S01,2020-03-06 22:07:00,1,0.5599999999999454,2020-03-06 22:06:00,1.0,True,close_q25
164,T1/S01,2020-03-06 22:14:00,1,0.5599999999999454,2020-03-06 22:13:00,1.0,True,close_q25
165,T1/S01,2020-03-09 01:03:00,5,0.7999999999997272,2020-03-09 00:05:00,58.0,True,close_q25
166,T1/S01,2020-03-20 22:50:00,1,0.5599999999999454,2020-03-20 22:49:00,1.0,True,close_q25
167,T1/S01,2020-03-23 01:09:00,2,0.5049999999998818,2020-03-20 22:54:00,3015.0,True,close_q25
168,T1/S01,2020-04-06 22:04:00,1,0.5599999999999454,2020-04-06 22:03:00,1.0,True,close_q25
169,T1/S01,2020-04-06 22:08:00,1,0.5599999999999454,2020-04-06 22:07:00,1.0,True,close_q25
170,T1/S01,2020-04-06 22:14:00,1,0.5599999999999454,2020-04-06 22:13:00,1.0,True,close_q25
171,T1/S01,2020-04-06 22:26:00,2,0.5049999999998818,2020-04-06 22:25:00,1.0,True,close_q25
172,T1/S01,2020-04-06 22:36:00,1,0.5599999999999454,2020-04-06 22:35:00,1.0,True,close_q25
173,T1/S01,2020-04-06 22:44:00,1,0.5599999999999454,2020-04-06 22:43:00,1.0,True,close_q25
174,T1/S01,2020-04-06 22:55:00,4,0.4829925650557243,2020-04-06 22:54:00,1.0,True,close_q25
175,T1/S01,2020-04-14 03:12:00,1,0.5599999999999454,2020-04-14 02:05:00,67.0,True,close_q25
176,T1/S01,2020-04-29 23:04:00,1,0.5599999999999454,2020-04-29 23:02:00,2.0,True,close_q25
177,T1/S01,2020-04-29 23:07:00,1,0.5599999999999454,2020-04-29 23:06:00,1.0,True,close_q25
178,T1/S01,2020-04-29 23:20:00,1,0.5599999999999454,2020-04-29 23:19:00,1.0,True,close_q25
179,T1/S01,2020-04-30 02:39:00,3,0.5066666666667743,2020-04-30 02:38:00,1.0,True,close_q25
180,T1/S01,2020-05-01 22:12:00,2,0.5049999999998818,2020-05-01 22:00:00,12.0,True,close_q25
181,T1/S01,2020-05-01 22:45:00,6,0.5199999999999818,2020-05-01 22:25:00,20.0,True,close_q25
182,T1/S01,2020-05-01 22:50:00,1,0.5599999999999454,2020-05-01 22:49:00,1.0,True,close_q25
183,T1/S01,2020-05-19 22:23:00,1,0.5599999999999454,2020-05-19 22:22:00,1.0,True,close_q25
184,T1/S01,2020-05-20 04:05:00,1,0.5599999999999454,2020-05-19 23:06:00,299.0,True,close_q25
185,T1/S01,2020-05-21 23:48:00,2,0.5049999999998818,2020-05-21 23:45:00,3.0,True,close_q25
186,T1/S01,2020-06-05 23:10:00,1,0.5599999999999454,2020-06-05 23:09:00,1.0,True,close_q25
187,T1/S01,2020-06-05 23:16:00,1,0.5599999999999454,2020-06-05 23:15:00,1.0,True,close_q25
188,T1/S01,2020-06-09 01:05:00,2,0.5049999999998818,2020-06-08 23:03:00,122.0,True,close_q25
189,T1/S01,2020-06-15 22:06:00,1,0.5599999999999454,,,False,close_q25
190,T1/S01,2020-06-15 22:21:00,1,0.5599999999999454,2020-06-15 22:20:00,1.0,True,close_q25
191,T1/S01,2020-06-15 23:02:00,1,0.5599999999999454,2020-06-15 22:58:00,4.0,True,close_q25
192,T1/S01,2020-06-17 22:51:00,1,0.5599999999999454,2020-06-17 22:50:00,1.0,True,close_q25
193,T1/S01,2020-06-25 22:58:00,1,0.5599999999999454,2020-06-25 22:57:00,1.0,True,close_q25
194,T1/S01,2020-06-29 01:10:00,2,0.5049999999998818,2020-06-29 01:09:00,1.0,True,close_q25
195,T1/S01,2020-07-01 22:58:00,1,0.5599999999999454,2020-07-01 22:57:00,1.0,True,close_q25
196,T1/S01,2020-07-02 04:58:00,4,0.4829925650557243,2020-07-02 04:57:00,1.0,True,close_q25
197,T1/S01,2020-07-10 11:14:00,1,0.5599999999999454,2020-07-10 04:46:00,388.0,True,close_q25
198,T1/S01,2020-07-23 01:05:00,1,0.5599999999999454,2020-07-23 01:05:00,0.0,True,close_q25
199,T1/S01,2020-07-30 23:00:00,2,0.5049999999998818,2020-07-30 22:59:00,1.0,True,close_q25
200,T1/S01,2020-08-04 23:38:00,1,0.5599999999999454,2020-08-04 23:37:00,1.0,True,close_q25
201,T1/S01,2020-08-04 23:53:00,2,0.5049999999998818,2020-08-04 23:52:00,1.0,True,close_q25
202,T1/S01,2020-08-05 01:05:00,1,0.5599999999999454,2020-08-05 01:05:00,0.0,True,close_q25
203,T1/S01,2020-08-06 23:33:00,1,0.5599999999999454,2020-08-06 23:32:00,1.0,True,close_q25
204,T1/S01,2020-08-06 23:50:00,1,0.5599999999999454,,,False,close_q25
205,T1/S01,2020-08-26 01:12:00,1,0.5599999999999454,2020-08-25 22:36:00,156.0,True,close_q25
206,T1/S01,2020-08-26 22:26:00,1,0.5599999999999454,2020-08-26 22:25:00,1.0,True,close_q25
207,T1/S01,2020-08-26 23:49:00,2,0.5049999999998818,2020-08-26 23:48:00,1.0,True,close_q25
208,T1/S01,2020-08-27 22:01:00,1,0.5599999999999454,2020-08-27 22:00:00,1.0,True,close_q25
209,T1/S01,2020-08-27 22:07:00,1,0.5599999999999454,2020-08-27 22:06:00,1.0,True,close_q25
210,T1/S01,2020-08-27 22:21:00,2,0.5049999999998818,2020-08-27 22:20:00,1.0,True,close_q25
211,T1/S01,2020-09-02 23:34:00,1,0.5599999999999454,2020-09-02 23:33:00,1.0,True,close_q25
212,T1/S01,2020-09-03 02:24:00,3,0.5066666666667743,2020-09-03 02:23:00,1.0,True,close_q25
213,T1/S01,2020-09-04 22:10:00,1,0.5599999999999454,2020-09-04 22:09:00,1.0,True,close_q25
214,T1/S01,2020-09-04 22:25:00,1,0.5599999999999454,2020-09-04 22:24:00,1.0,True,close_q25
215,T1/S01,2020-09-28 22:57:00,1,0.5599999999999454,2020-09-28 22:13:00,44.0,True,close_q25
216,T1/S01,2020-10-08 08:38:00,3,0.5066666666667743,2020-10-08 04:46:00,232.0,True,close_q25
217,T1/S01,2020-10-12 01:07:00,2,0.5049999999998818,2020-10-12 01:06:00,1.0,True,close_q25
218,T1/S01,2020-10-16 01:05:00,1,0.5599999999999454,,,False,close_q25
219,T1/S01,2020-10-22 22:28:00,2,0.5049999999998818,2020-10-22 22:27:00,1.0,True,close_q25
220,T1/S01,2020-11-04 23:20:00,1,0.5599999999999454,,,False,close_q25
221,T1/S01,2020-11-04 23:38:00,1,0.5599999999999454,2020-11-04 23:37:00,1.0,True,close_q25
222,T1/S01,2020-11-05 01:12:00,1,0.5599999999999454,2020-11-05 01:11:00,1.0,True,close_q25
223,T1/S01,2020-11-12 01:05:00,1,0.5599999999999454,2020-11-12 01:05:00,0.0,True,close_q25
224,T1/S01,2020-11-19 22:45:00,1,0.5599999999999454,2020-11-19 22:44:00,1.0,True,close_q25
225,T1/S01,2020-11-20 03:13:00,2,0.5049999999998818,2020-11-20 03:12:00,1.0,True,close_q25
226,T1/S01,2020-11-24 23:51:00,1,0.5599999999999454,2020-11-24 23:50:00,1.0,True,close_q25
227,T1/S01,2020-11-25 01:48:00,2,0.5049999999998818,2020-11-25 01:47:00,1.0,True,close_q25
228,T1/S01,2020-12-02 02:49:00,3,0.5066666666667743,2020-12-02 02:48:00,1.0,True,close_q25
229,T1/S01,2020-12-02 23:03:00,2,0.5049999999998818,2020-12-02 23:02:00,1.0,True,close_q25
230,T1/S01,2020-12-04 23:06:00,2,0.5049999999998818,2020-12-04 23:05:00,1.0,True,close_q25
231,T1/S01,2020-12-04 23:39:00,1,0.5599999999999454,2020-12-04 23:39:00,0.0,True,close_q25
232,T1/S01,2020-12-07 02:13:00,3,0.5066666666667743,2020-12-07 02:13:00,0.0,True,close_q25
233,T1/S01,2020-12-30 23:31:00,1,0.5599999999999454,2020-12-30 23:30:00,1.0,True,close_q25
234,T1/S01,2020-12-31 01:12:00,1,0.5599999999999454,2020-12-31 01:11:00,1.0,True,close_q25
235,T1/S01,2021-01-04 23:34:00,1,0.5599999999999454,2021-01-04 23:33:00,1.0,True,close_q25
236,T1/S01,2021-01-05 01:13:00,2,0.5049999999998818,2021-01-05 01:12:00,1.0,True,close_q25
237,T1/S01,2021-01-07 01:27:00,2,0.5049999999998818,2021-01-06 23:11:00,136.0,True,close_q25
238,T1/S01,2021-01-13 11:48:00,1,0.5599999999999454,2021-01-12 22:09:00,819.0,True,close_q25
239,T1/S01,2021-02-05 10:11:00,2,0.5049999999998818,2021-02-05 01:05:00,546.0,True,close_q25
240,T1/S01,2021-03-12 23:40:00,1,0.5599999999999454,2021-03-12 22:38:00,62.0,True,close_q25
241,T1/S01,2021-03-15 02:06:00,2,0.5049999999998818,2021-03-15 00:16:00,110.0,True,close_q25
242,T1/S01,2021-03-16 03:06:00,2,0.5049999999998818,2021-03-16 03:05:00,1.0,True,close_q25
243,T1/S01,2021-04-22 23:46:00,1,0.5599999999999454,2021-04-22 23:45:00,1.0,True,close_q25
244,T1/S01,2021-04-29 22:07:00,1,0.5599999999999454,,,False,close_q25
245,T1/S01,2021-04-29 22:42:00,1,0.5599999999999454,2021-04-29 22:41:00,1.0,True,close_q25
246,T1/S01,2021-04-30 02:45:00,3,0.5066666666667743,2021-04-30 02:44:00,1.0,True,close_q25
247,T1/S01,2021-05-05 23:34:00,1,0.5599999999999454,2021-05-05 23:33:00,1.0,True,close_q25
248,T1/S01,2021-05-06 04:16:00,4,0.4829925650557243,2021-05-06 04:15:00,1.0,True,close_q25
249,T1/S01,2021-05-12 13:13:00,7,0.6300000000001091,2021-05-12 09:35:00,218.0,True,close_q25
250,T1/S01,2021-05-14 22:14:00,1,0.5599999999999454,2021-05-14 22:13:00,1.0,True,close_q25
251,T1/S01,2021-05-14 22:59:00,1,0.5599999999999454,2021-05-14 22:58:00,1.0,True,close_q25
252,T1/S01,2021-05-17 01:06:00,1,0.5599999999999454,2021-05-14 23:22:00,2984.0,True,close_q25
253,T1/S01,2021-05-25 23:03:00,1,0.5599999999999454,2021-05-25 23:02:00,1.0,True,close_q25
254,T1/S01,2021-05-26 03:23:00,2,0.5049999999998818,2021-05-26 03:22:00,1.0,True,close_q25
255,T1/S01,2021-05-27 22:13:00,1,0.5599999999999454,2021-05-27 22:12:00,1.0,True,close_q25
256,T1/S01,2021-05-28 15:48:00,1,0.5599999999999454,2021-05-28 02:43:00,785.0,True,close_q25
257,T1/S01,2021-05-28 22:53:00,1,0.5599999999999454,2021-05-28 22:52:00,1.0,True,close_q25
258,T1/S01,2021-05-31 03:09:00,2,0.5049999999998818,2021-05-31 03:08:00,1.0,True,close_q25
259,T1/S01,2021-06-02 22:54:00,1,0.5599999999999454,2021-06-02 22:53:00,1.0,True,close_q25
260,T1/S01,2021-06-07 22:13:00,1,0.5599999999999454,2021-06-07 22:12:00,1.0,True,close_q25
261,T1/S01,2021-06-08 03:59:00,1,0.5599999999999454,2021-06-08 03:42:00,17.0,True,close_q25
262,T1/S01,2021-06-10 22:16:00,1,0.5599999999999454,2021-06-10 22:15:00,1.0,True,close_q25
263,T1/S01,2021-06-10 22:22:00,1,0.5599999999999454,2021-06-10 22:22:00,0.0,True,close_q25
264,T1/S01,2021-06-10 22:25:00,1,0.5599999999999454,2021-06-10 22:24:00,1.0,True,close_q25
265,T1/S01,2021-06-10 23:44:00,1,0.5599999999999454,2021-06-10 23:43:00,1.0,True,close_q25
266,T1/S01,2021-06-11 06:07:00,1,0.5599999999999454,2021-06-11 01:34:00,273.0,True,close_q25
267,T1/S01,2021-06-15 01:12:00,1,0.5599999999999454,,,False,close_q25
268,T1/S01,2021-06-16 07:30:00,1,0.5599999999999454,2021-06-16 01:07:00,383.0,True,close_q25
269,T1/S01,2021-06-25 23:49:00,1,0.5599999999999454,2021-06-25 23:49:00,0.0,True,close_q25
270,T1/S01,2021-06-28 01:24:00,1,0.5599999999999454,2021-06-28 01:23:00,1.0,True,close_q25
271,T1/S01,2021-07-01 08:46:00,4,0.4829925650557243,2021-07-01 04:13:00,273.0,True,close_q25
272,T1/S01,2021-07-02 10:19:00,2,0.5049999999998818,2021-07-01 23:32:00,647.0,True,close_q25
273,T1/S01,2021-07-02 22:05:00,1,0.5599999999999454,2021-07-02 22:04:00,1.0,True,close_q25
274,T1/S01,2021-07-05 04:36:00,4,0.4829925650557243,2021-07-05 04:19:00,17.0,True,close_q25
275,T1/S01,2021-07-09 02:49:00,1,0.5599999999999454,2021-07-09 02:48:00,1.0,True,close_q25
276,T1/S01,2021-07-19 23:34:00,1,0.5599999999999454,2021-07-19 23:33:00,1.0,True,close_q25
277,T1/S01,2021-07-19 23:48:00,1,0.5599999999999454,2021-07-19 23:47:00,1.0,True,close_q25
278,T1/S01,2021-07-20 03:05:00,2,0.5049999999998818,2021-07-20 03:04:00,1.0,True,close_q25
279,T1/S01,2021-08-17 04:05:00,2,0.5049999999998818,2021-08-17 04:04:00,1.0,True,close_q25
280,T1/S01,2021-08-26 14:09:00,6,0.5199999999999818,2021-08-26 14:08:00,1.0,True,close_q25
281,T1/S01,2021-08-30 03:21:00,1,0.5599999999999454,2021-08-30 03:00:00,21.0,True,close_q25
282,T1/S01,2021-09-21 04:57:00,2,0.5049999999998818,2021-09-21 04:54:00,3.0,True,close_q25
283,T1/S01,2021-10-06 22:36:00,1,0.5599999999999454,2021-10-06 22:35:00,1.0,True,close_q25
284,T1/S01,2021-10-06 23:01:00,1,0.5599999999999454,2021-10-06 23:00:00,1.0,True,close_q25
285,T1/S01,2021-10-07 02:43:00,2,0.5049999999998818,2021-10-07 02:42:00,1.0,True,close_q25
286,T1/S01,2021-10-21 22:54:00,1,0.5599999999999454,2021-10-21 22:53:00,1.0,True,close_q25
287,T1/S01,2021-10-22 01:37:00,1,0.5599999999999454,2021-10-22 01:36:00,1.0,True,close_q25
288,T1/S01,2021-10-27 03:14:00,2,0.5049999999998818,2021-10-27 03:13:00,1.0,True,close_q25
289,T1/S01,2021-11-04 01:03:00,3,0.5066666666667743,2021-11-04 00:09:00,54.0,True,close_q25
290,T1/S01,2021-11-05 22:27:00,1,0.5599999999999454,2021-11-05 22:26:00,1.0,True,close_q25
291,T1/S01,2021-11-08 01:34:00,1,0.5599999999999454,2021-11-08 01:12:00,22.0,True,close_q25
292,T1/S01,2021-11-09 22:58:00,1,0.5599999999999454,2021-11-09 22:57:00,1.0,True,close_q25
293,T1/S01,2021-11-16 04:05:00,4,0.4829925650557243,2021-11-16 03:06:00,59.0,True,close_q25
294,T1/S01,2021-11-24 02:01:00,2,0.5049999999998818,2021-11-24 02:00:00,1.0,True,close_q25
295,T1/S01,2021-12-03 01:15:00,1,0.5599999999999454,2021-12-03 01:14:00,1.0,True,close_q25
296,T1/S01,2021-12-06 02:05:00,3,0.5066666666667743,2021-12-06 02:04:00,1.0,True,close_q25
297,T1/S01,2021-12-09 02:18:00,3,0.5066666666667743,2021-12-09 02:17:00,1.0,True,close_q25
298,T1/S01,2021-12-16 23:50:00,1,0.5599999999999454,,,False,close_q25
299,T1/S01,2021-12-17 03:17:00,2,0.5049999999998818,2021-12-17 03:16:00,1.0,True,close_q25
300,T1/S01,2021-12-22 22:07:00,1,0.5599999999999454,2021-12-22 22:06:00,1.0,True,close_q25
301,T1/S01,2021-12-22 23:00:00,2,0.5049999999998818,2021-12-22 22:59:00,1.0,True,close_q25
302,T1/S01,2021-12-23 03:56:00,1,0.5599999999999454,2021-12-23 03:05:00,51.0,True,close_q25
303,T1/S01,2021-12-30 22:36:00,1,0.5599999999999454,2021-12-30 22:35:00,1.0,True,close_q25
304,T1/S01,2021-12-30 22:47:00,1,0.5599999999999454,,,False,close_q25
305,T1/S01,2021-12-31 02:11:00,1,0.5599999999999454,2021-12-30 23:25:00,166.0,True,close_q25
306,T1/S01,2022-01-04 01:34:00,2,0.5049999999998818,2022-01-04 01:33:00,1.0,True,close_q25
307,T1/S01,2022-01-11 22:12:00,1,0.5599999999999454,2022-01-11 22:11:00,1.0,True,close_q25
308,T1/S01,2022-01-11 22:57:00,1,0.5599999999999454,2022-01-11 22:29:00,28.0,True,close_q25
309,T1/S01,2022-01-12 02:33:00,2,0.5049999999998818,2022-01-12 02:32:00,1.0,True,close_q25
310,T1/S01,2022-01-13 22:40:00,1,0.5599999999999454,,,False,close_q25
311,T1/S01,2022-01-13 23:37:00,1,0.5599999999999454,2022-01-13 23:37:00,0.0,True,close_q25
312,T1/S01,2022-01-25 16:46:00,1,0.5599999999999454,2022-01-25 06:00:00,646.0,True,close_q25
313,T1/S01,2022-01-28 23:10:00,1,0.5599999999999454,2022-01-28 23:09:00,1.0,True,close_q25
314,T1/S01,2022-01-28 23:35:00,1,0.5599999999999454,2022-01-28 23:34:00,1.0,True,close_q25
315,T1/S01,2022-01-31 03:59:00,3,0.5066666666667743,2022-01-28 23:54:00,3125.0,True,close_q25
316,T1/S01,2022-02-08 15:36:00,1,0.5599999999999454,2022-02-08 03:45:00,711.0,True,close_q25
317,T1/S01,2022-02-11 22:03:00,1,0.5599999999999454,2022-02-11 22:02:00,1.0,True,close_q25
318,T1/S01,2022-02-11 22:09:00,1,0.5599999999999454,2022-02-11 22:08:00,1.0,True,close_q25
319,T1/S01,2022-02-11 22:16:00,1,0.5599999999999454,2022-02-11 22:15:00,1.0,True,close_q25
320,T1/S01,2022-02-11 22:19:00,1,0.5599999999999454,2022-02-11 22:18:00,1.0,True,close_q25
321,T1/S01,2022-02-11 22:25:00,1,0.5599999999999454,,,False,close_q25
322,T1/S01,2022-02-11 23:15:00,2,0.5049999999998818,2022-02-11 23:14:00,1.0,True,close_q25
323,T1/S01,2022-02-28 01:05:00,3,0.5066666666667743,2022-02-28 01:05:00,0.0,True,close_q25
324,T1/S01,2022-02-28 23:12:00,2,0.5049999999998818,2022-02-28 23:11:00,1.0,True,close_q25
325,T1/S01,2022-03-01 10:06:00,12,,,,False,close_q25
326,T1/S01,2022-03-01 23:54:00,6,0.5199999999999818,2022-03-01 23:20:00,34.0,True,close_q25
327,T1/S01,2022-03-03 08:47:00,4,0.4829925650557243,2022-03-02 22:34:00,613.0,True,close_q25
328,T1/S01,2022-03-03 22:19:00,2,0.5049999999998818,2022-03-03 22:18:00,1.0,True,close_q25
329,T1/S01,2022-03-03 22:25:00,2,0.5049999999998818,2022-03-03 22:24:00,1.0,True,close_q25
330,T1/S01,2022-03-03 22:34:00,2,0.5049999999998818,2022-03-03 22:33:00,1.0,True,close_q25
331,T1/S01,2022-03-03 22:38:00,2,0.5049999999998818,2022-03-03 22:37:00,1.0,True,close_q25
332,T1/S01,2022-03-04 02:11:00,8,0.8049999999997226,2022-03-04 02:10:00,1.0,True,close_q25
333,T1/S01,2022-03-07 22:03:00,2,0.5049999999998818,2022-03-07 22:02:00,1.0,True,close_q25
334,T1/S01,2022-03-07 22:35:00,6,0.5199999999999818,2022-03-07 22:34:00,1.0,True,close_q25
335,T1/S01,2022-03-09 04:21:00,20,,,,False,close_q25
336,T1/S01,2022-03-23 22:18:00,2,0.5049999999998818,2022-03-23 22:17:00,1.0,True,close_q25
337,T1/S01,2022-03-24 10:15:00,3,0.5066666666667743,2022-03-24 01:12:00,543.0,True,close_q25
338,T1/S01,2022-03-30 01:05:00,2,0.5049999999998818,2022-03-30 01:05:00,0.0,True,close_q25
339,T1/S01,2022-04-18 01:16:00,2,0.5049999999998818,2022-04-18 01:15:00,1.0,True,close_q25
340,T1/S01,2022-04-20 23:49:00,4,0.4829925650557243,2022-04-20 23:47:00,2.0,True,close_q25
341,T1/S01,2022-04-21 02:59:00,4,0.4829925650557243,2022-04-21 02:58:00,1.0,True,close_q25
342,T1/S01,2022-04-21 23:02:00,2,0.5049999999998818,2022-04-21 23:00:00,2.0,True,close_q25
343,T1/S01,2022-04-21 23:46:00,2,0.5049999999998818,2022-04-21 23:45:00,1.0,True,close_q25
344,T1/S01,2022-04-25 22:19:00,2,0.5049999999998818,2022-04-25 22:18:00,1.0,True,close_q25
345,T1/S01,2022-04-29 03:00:00,4,0.4829925650557243,2022-04-29 02:56:00,4.0,True,close_q25
346,T1/S01,2022-05-16 22:05:00,2,0.5049999999998818,2022-05-16 22:04:00,1.0,True,close_q25
347,T1/S01,2022-05-16 22:07:00,2,0.5049999999998818,2022-05-16 22:06:00,1.0,True,close_q25
348,T1/S01,2022-05-16 22:26:00,2,0.5049999999998818,2022-05-16 22:25:00,1.0,True,close_q25
349,T1/S01,2022-05-16 22:47:00,4,0.4829925650557243,2022-05-16 22:46:00,1.0,True,close_q25
350,T1/S01,2022-05-16 22:51:00,2,0.5049999999998818,2022-05-16 22:50:00,1.0,True,close_q25
351,T1/S01,2022-05-16 22:59:00,2,0.5049999999998818,2022-05-16 22:58:00,1.0,True,close_q25
352,T1/S01,2022-05-17 02:24:00,6,0.5199999999999818,2022-05-17 02:23:00,1.0,True,close_q25
353,T1/S01,2022-05-20 23:50:00,2,0.5049999999998818,2022-05-20 23:49:00,1.0,True,close_q25
354,T1/S01,2022-05-23 01:05:00,2,0.5049999999998818,2022-05-23 01:05:00,0.0,True,close_q25
355,T1/S01,2022-05-26 17:17:00,6,0.5199999999999818,2022-05-26 17:06:00,11.0,True,close_q25
356,T1/S01,2022-05-27 04:51:00,2,0.5049999999998818,2022-05-27 02:55:00,116.0,True,close_q25
357,T1/S01,2022-06-01 22:23:00,2,0.5049999999998818,2022-06-01 22:22:00,1.0,True,close_q25
358,T1/S01,2022-06-02 09:25:00,6,0.5199999999999818,2022-06-02 03:20:00,365.0,True,close_q25
359,T1/S01,2022-06-16 22:41:00,2,0.5049999999998818,2022-06-16 22:37:00,4.0,True,close_q25
360,T1/S01,2022-06-16 23:45:00,2,0.5049999999998818,2022-06-16 23:44:00,1.0,True,close_q25
361,T1/S01,2022-07-07 01:05:00,4,0.4829925650557243,2022-07-07 01:05:00,0.0,True,close_q25
362,T1/S01,2022-07-21 22:47:00,2,0.5049999999998818,2022-07-21 22:46:00,1.0,True,close_q25
363,T1/S01,2022-07-21 22:59:00,4,0.4829925650557243,2022-07-21 22:58:00,1.0,True,close_q25
364,T1/S01,2022-07-22 09:06:00,10,,2022-07-21 23:54:00,552.0,True,close_q25
365,T1/S01,2022-07-27 22:04:00,2,0.5049999999998818,2022-07-27 22:03:00,1.0,True,close_q25
366,T1/S01,2022-07-27 22:07:00,2,0.5049999999998818,2022-07-27 22:06:00,1.0,True,close_q25
367,T1/S01,2022-07-27 22:13:00,2,0.5049999999998818,2022-07-27 22:12:00,1.0,True,close_q25
368,T1/S01,2022-07-27 22:33:00,4,0.4829925650557243,2022-07-27 22:32:00,1.0,True,close_q25
369,T1/S01,2022-07-27 23:39:00,2,0.5049999999998818,2022-07-27 23:38:00,1.0,True,close_q25
370,T1/S01,2022-08-03 22:25:00,2,0.5049999999998818,2022-08-03 22:24:00,1.0,True,close_q25
371,T1/S01,2022-08-03 23:52:00,2,0.5049999999998818,2022-08-03 23:52:00,0.0,True,close_q25
372,T1/S01,2022-08-04 03:34:00,4,0.4829925650557243,2022-08-04 03:33:00,1.0,True,close_q25
373,T1/S01,2022-08-05 03:21:00,4,0.4829925650557243,2022-08-04 22:51:00,270.0,True,close_q25
374,T1/S01,2022-08-12 23:54:00,6,0.5199999999999818,2022-08-12 23:53:00,1.0,True,close_q25
375,T1/S01,2022-09-07 23:45:00,3,0.5066666666667743,2022-09-07 23:44:00,1.0,True,close_q25
376,T1/S01,2022-09-08 04:29:00,6,0.5199999999999818,2022-09-08 04:27:00,2.0,True,close_q25
377,T1/S01,2022-09-20 03:01:00,3,0.5066666666667743,2022-09-20 03:00:00,1.0,True,close_q25
378,T1/S01,2022-10-03 22:27:00,9,,,,False,close_q25
379,T1/S01,2022-10-05 22:17:00,3,0.5066666666667743,2022-10-05 22:16:00,1.0,True,close_q25
380,T1/S01,2022-10-06 03:05:00,3,0.5066666666667743,2022-10-06 02:19:00,46.0,True,close_q25
381,T1/S01,2022-10-21 22:22:00,3,0.5066666666667743,2022-10-21 22:21:00,1.0,True,close_q25
382,T1/S01,2022-10-21 23:42:00,3,0.5066666666667743,2022-10-21 23:41:00,1.0,True,close_q25
383,T1/S01,2022-10-31 02:06:00,6,0.5199999999999818,2022-10-31 02:05:00,1.0,True,close_q25
384,T1/S01,2022-11-04 22:20:00,3,0.5066666666667743,2022-11-04 22:19:00,1.0,True,close_q25
385,T1/S01,2022-11-07 10:31:00,6,0.5199999999999818,2022-11-07 01:12:00,559.0,True,close_q25
386,T1/S01,2022-11-10 22:59:00,3,0.5066666666667743,2022-11-10 22:58:00,1.0,True,close_q25
387,T1/S01,2022-11-10 23:09:00,3,0.5066666666667743,2022-11-10 23:08:00,1.0,True,close_q25
388,T1/S01,2022-11-10 23:26:00,6,0.5199999999999818,2022-11-10 23:25:00,1.0,True,close_q25
389,T1/S01,2022-11-14 10:02:00,15,,,,False,close_q25
390,T1/S01,2022-11-16 01:13:00,3,0.5066666666667743,2022-11-16 01:12:00,1.0,True,close_q25
391,T1/S01,2022-11-24 01:51:00,6,0.5199999999999818,2022-11-24 01:51:00,0.0,True,close_q25
392,T1/S01,2022-12-01 01:05:00,6,0.5199999999999818,2022-12-01 01:05:00,0.0,True,close_q25
393,T1/S01,2022-12-05 01:32:00,9,,,,False,close_q25
394,T1/S01,2022-12-08 15:06:00,15,,,,False,close_q25
395,T1/S01,2022-12-16 22:03:00,3,0.5066666666667743,2022-12-16 22:02:00,1.0,True,close_q25
396,T1/S01,2022-12-16 22:17:00,3,0.5066666666667743,,,False,close_q25
397,T1/S01,2022-12-19 02:38:00,3,0.5066666666667743,2022-12-16 23:35:00,3063.0,True,close_q25
398,T1/S01,2023-01-09 01:19:00,6,0.5199999999999818,2023-01-09 01:17:00,2.0,True,close_q25
399,T1/S01,2023-01-19 22:03:00,3,0.5066666666667743,2023-01-19 22:02:00,1.0,True,close_q25
400,T1/S01,2023-01-19 22:10:00,4,0.4829925650557243,2023-01-19 22:08:00,2.0,True,close_q25
401,T1/S01,2023-01-19 22:14:00,4,0.4829925650557243,2023-01-19 22:13:00,1.0,True,close_q25
402,T1/S01,2023-01-20 03:25:00,16,,2023-01-19 22:59:00,266.0,True,close_q25
403,T1/S01,2023-01-24 01:24:00,4,0.4829925650557243,2023-01-24 01:23:00,1.0,True,close_q25
404,T1/S01,2023-01-24 23:00:00,4,0.4829925650557243,2023-01-24 22:59:00,1.0,True,close_q25
405,T1/S01,2023-01-25 22:56:00,4,0.4829925650557243,2023-01-25 22:39:00,17.0,True,close_q25
406,T1/S01,2023-01-26 01:12:00,4,0.4829925650557243,2023-01-26 01:11:00,1.0,True,close_q25
407,T1/S01,2023-02-02 01:05:00,8,0.8049999999997226,2023-02-02 01:05:00,0.0,True,close_q25
408,T1/S01,2023-02-20 03:25:00,4,0.4829925650557243,2023-02-17 23:11:00,3134.0,True,close_q25
409,T1/S01,2023-03-03 22:04:00,4,0.4829925650557243,2023-03-03 22:03:00,1.0,True,close_q25
410,T1/S01,2023-03-03 22:13:00,4,0.4829925650557243,2023-03-03 22:12:00,1.0,True,close_q25
411,T1/S01,2023-03-03 22:21:00,4,0.4829925650557243,2023-03-03 22:20:00,1.0,True,close_q25
412,T1/S01,2023-03-06 05:13:00,7,0.6300000000001091,2023-03-06 04:58:00,15.0,True,close_q25
413,T1/S01,2023-03-31 04:18:00,4,0.4829925650557243,2023-03-31 04:16:00,2.0,True,close_q25
414,T1/S01,2023-04-11 02:29:00,4,0.4829925650557243,2023-04-11 02:27:00,2.0,True,close_q25
415,T1/S01,2023-04-12 22:02:00,4,0.4829925650557243,2023-04-12 22:01:00,1.0,True,close_q25
416,T1/S01,2023-04-12 22:18:00,5,0.7999999999997272,2023-04-12 22:17:00,1.0,True,close_q25
417,T1/S01,2023-04-13 02:51:00,5,0.7999999999997272,2023-04-13 02:28:00,23.0,True,close_q25
418,T1/S01,2023-04-24 01:42:00,10,,,,False,close_q25
419,T1/S01,2023-05-02 22:47:00,5,0.7999999999997272,2023-05-02 22:46:00,1.0,True,close_q25
420,T1/S01,2023-05-02 22:56:00,5,0.7999999999997272,2023-05-02 22:56:00,0.0,True,close_q25
421,T1/S01,2023-05-03 04:17:00,15,,,,False,close_q25
422,T1/S01,2023-05-05 22:55:00,5,0.7999999999997272,,,False,close_q25
423,T1/S01,2023-05-11 03:48:00,5,0.7999999999997272,2023-05-10 23:02:00,286.0,True,close_q25
424,T1/S01,2023-05-18 01:47:00,10,,,,False,close_q25
425,T1/S01,2023-05-24 01:05:00,10,,,,False,close_q25
426,T1/S01,2023-06-06 05:13:00,15,,,,False,close_q25
427,T1/S01,2023-08-25 22:28:00,6,0.5199999999999818,2023-08-25 22:27:00,1.0,True,close_q25
428,T1/S01,2023-09-19 02:31:00,6,0.5199999999999818,2023-09-19 02:31:00,0.0,True,close_q25
429,T1/S01,2023-10-09 22:21:00,6,0.5199999999999818,,,False,close_q25
430,T1/S01,2023-10-09 22:33:00,11,,,,False,close_q25
431,T1/S01,2023-10-10 03:04:00,11,,,,False,close_q25
432,T1/S01,2023-10-13 23:51:00,6,0.5199999999999818,2023-10-13 23:50:00,1.0,True,close_q25
433,T1/S01,2023-10-16 15:22:00,72,,,,False,close_q25
434,T1/S01,2023-10-19 22:01:00,7,0.6300000000001091,2023-10-19 22:00:00,1.0,True,close_q25
435,T1/S01,2023-10-19 22:11:00,7,0.6300000000001091,2023-10-19 22:11:00,0.0,True,close_q25
436,T1/S01,2023-10-19 22:19:00,7,0.6300000000001091,,,False,close_q25
437,T1/S01,2023-10-20 02:09:00,27,,,,False,close_q25
438,T1/S01,2023-10-27 22:03:00,7,0.6300000000001091,2023-10-27 22:02:00,1.0,True,close_q25
439,T1/S01,2023-10-27 22:09:00,7,0.6300000000001091,2023-10-27 22:08:00,1.0,True,close_q25
440,T1/S01,2023-10-30 16:21:00,27,,,,False,close_q25
441,T1/S01,2023-11-08 02:02:00,7,0.6300000000001091,,,False,close_q25
442,T1/S01,2023-11-28 01:51:00,8,0.8049999999997226,,,False,close_q25
443,T1/S01,2023-12-04 01:05:00,8,0.8049999999997226,2023-12-04 01:05:00,0.0,True,close_q25
444,T1/S01,2023-12-11 01:05:00,24,,,,False,close_q25
445,T1/S01,2023-12-13 22:02:00,8,0.8049999999997226,,,False,close_q25
446,T1/S01,2023-12-13 22:17:00,31,,,,False,close_q25
447,T1/S01,2023-12-13 22:21:00,8,0.8049999999997226,2023-12-13 22:20:00,1.0,True,close_q25
448,T1/S01,2023-12-13 22:36:00,8,0.8049999999997226,2023-12-13 22:35:00,1.0,True,close_q25
449,T1/S01,2023-12-13 22:54:00,16,,,,False,close_q25
450,T1/S01,2023-12-13 23:06:00,16,,,,False,close_q25
451,T1/S01,2023-12-13 23:14:00,8,0.8049999999997226,2023-12-13 23:14:00,0.0,True,close_q25
452,T1/S01,2023-12-13 23:23:00,8,0.8049999999997226,2023-12-13 23:23:00,0.0,True,close_q25
453,T1/S01,2023-12-13 23:44:00,8,0.8049999999997226,2023-12-13 23:43:00,1.0,True,close_q25
454,T1/S01,2023-12-14 01:28:00,8,0.8049999999997226,2023-12-14 01:27:00,1.0,True,close_q25
455,T1/S01,2023-12-19 01:50:00,16,,,,False,close_q25
456,T1/S01,2023-12-26 22:06:00,9,,,,False,close_q25
457,T1/S01,2023-12-26 22:35:00,9,,,,False,close_q25
458,T1/S01,2023-12-26 22:42:00,9,,,,False,close_q25
459,T1/S01,2023-12-27 01:06:00,18,,,,False,close_q25
460,T2/S03,2018-01-04 22:05:00,1,0.4900000000000091,2018-01-04 22:04:00,1.0,True,close_q25
461,T2/S03,2018-01-04 23:25:00,1,0.4900000000000091,2018-01-04 23:23:00,2.0,True,close_q25
462,T2/S03,2018-01-15 03:01:00,2,0.5099999999999909,2018-01-15 03:00:00,1.0,True,close_q25
463,T2/S03,2018-01-24 01:36:00,1,0.4900000000000091,2018-01-24 01:35:00,1.0,True,close_q25
464,T2/S03,2018-01-24 22:08:00,1,0.4900000000000091,2018-01-24 22:07:00,1.0,True,close_q25
465,T2/S03,2018-02-01 22:23:00,1,0.4900000000000091,,,False,close_q25
466,T2/S03,2018-02-15 01:55:00,1,0.4900000000000091,2018-02-15 01:42:00,13.0,True,close_q25
467,T2/S03,2018-02-22 22:47:00,1,0.4900000000000091,2018-02-22 22:46:00,1.0,True,close_q25
468,T2/S03,2018-03-02 07:54:00,2,0.5099999999999909,2018-03-02 03:54:00,240.0,True,close_q25
469,T2/S03,2018-03-12 03:55:00,2,0.5099999999999909,2018-03-12 03:54:00,1.0,True,close_q25
470,T2/S03,2018-03-13 01:13:00,1,0.4900000000000091,2018-03-13 01:11:00,2.0,True,close_q25
471,T2/S03,2018-03-27 06:23:00,2,0.5099999999999909,2018-03-27 06:15:00,8.0,True,close_q25
472,T2/S03,2018-04-02 22:58:00,2,0.5099999999999909,2018-04-02 22:57:00,1.0,True,close_q25
473,T2/S03,2018-04-13 22:16:00,1,0.4900000000000091,2018-04-13 22:15:00,1.0,True,close_q25
474,T2/S03,2018-04-16 02:24:00,3,0.5266666666668129,2018-04-16 02:23:00,1.0,True,close_q25
475,T2/S03,2018-04-17 22:29:00,1,0.4900000000000091,2018-04-17 22:28:00,1.0,True,close_q25
476,T2/S03,2018-04-18 10:49:00,3,0.5266666666668129,2018-04-18 10:48:00,1.0,True,close_q25
477,T2/S03,2018-04-25 02:29:00,2,0.5099999999999909,2018-04-25 02:29:00,0.0,True,close_q25
478,T2/S03,2018-04-30 20:18:00,1,0.4900000000000091,2018-04-30 03:14:00,1024.0,True,close_q25
479,T2/S03,2018-05-02 06:41:00,11,,,,False,close_q25
480,T2/S03,2018-05-04 23:22:00,1,0.4900000000000091,2018-05-04 23:18:00,4.0,True,close_q25
481,T2/S03,2018-05-21 16:21:00,8,0.349999999999909,2018-05-21 16:20:00,1.0,True,close_q25
482,T2/S03,2018-05-24 22:28:00,1,0.4900000000000091,2018-05-24 22:23:00,5.0,True,close_q25
483,T2/S03,2018-05-25 11:48:00,3,0.5266666666668129,2018-05-25 11:47:00,1.0,True,close_q25
484,T2/S03,2018-07-19 03:14:00,1,0.4900000000000091,2018-07-19 03:11:00,3.0,True,close_q25
485,T2/S03,2018-07-19 23:25:00,1,0.4900000000000091,2018-07-19 23:24:00,1.0,True,close_q25
486,T2/S03,2018-08-01 05:07:00,2,0.5099999999999909,2018-08-01 05:02:00,5.0,True,close_q25
487,T2/S03,2018-08-27 01:03:00,1,0.4900000000000091,2018-08-24 23:49:00,2954.0,True,close_q25
488,T2/S03,2018-09-13 11:37:00,3,0.5266666666668129,2018-09-13 11:36:00,1.0,True,close_q25
489,T2/S03,2018-09-28 22:02:00,1,0.4900000000000091,2018-09-28 22:01:00,1.0,True,close_q25
490,T2/S03,2018-10-01 15:35:00,5,0.3999999999998636,2018-10-01 15:24:00,11.0,True,close_q25
491,T2/S03,2018-10-11 22:39:00,3,0.5266666666668129,2018-10-11 22:38:00,1.0,True,close_q25
492,T2/S03,2018-11-15 06:28:00,3,0.5266666666668129,2018-11-15 06:27:00,1.0,True,close_q25
493,T2/S03,2018-11-29 03:02:00,2,0.5099999999999909,2018-11-29 03:01:00,1.0,True,close_q25
494,T2/S03,2018-12-11 11:11:00,1,0.4900000000000091,2018-12-10 01:01:00,2050.0,True,close_q25
495,T2/S03,2018-12-17 22:23:00,1,0.4900000000000091,2018-12-17 22:22:00,1.0,True,close_q25
496,T2/S03,2018-12-18 03:33:00,1,0.4900000000000091,2018-12-18 03:32:00,1.0,True,close_q25
497,T2/S03,2019-01-03 23:00:00,1,0.4900000000000091,2019-01-03 22:59:00,1.0,True,close_q25
498,T2/S03,2019-01-25 22:59:00,1,0.4900000000000091,2019-01-25 22:58:00,1.0,True,close_q25
499,T2/S03,2019-01-28 23:00:00,1,0.4900000000000091,2019-01-28 22:59:00,1.0,True,close_q25
500,T2/S03,2019-01-30 22:08:00,1,0.4900000000000091,2019-01-30 22:07:00,1.0,True,close_q25
501,T2/S03,2019-01-30 22:24:00,1,0.4900000000000091,2019-01-30 22:16:00,8.0,True,close_q25
502,T2/S03,2019-01-30 23:31:00,1,0.4900000000000091,,,False,close_q25
503,T2/S03,2019-02-19 22:12:00,1,0.4900000000000091,2019-02-19 22:10:00,2.0,True,close_q25
504,T2/S03,2019-02-20 03:01:00,2,0.5099999999999909,2019-02-20 03:00:00,1.0,True,close_q25
505,T2/S03,2019-04-05 16:04:00,1,0.4900000000000091,2019-04-04 22:28:00,1056.0,True,close_q25
506,T2/S03,2019-05-08 03:56:00,1,0.4900000000000091,2019-05-08 03:55:00,1.0,True,close_q25
507,T2/S03,2019-05-14 01:05:00,1,0.4900000000000091,2019-05-14 01:05:00,0.0,True,close_q25
508,T2/S03,2019-05-30 22:07:00,1,0.4900000000000091,2019-05-30 22:06:00,1.0,True,close_q25
509,T2/S03,2019-05-30 23:00:00,1,0.4900000000000091,2019-05-30 22:59:00,1.0,True,close_q25
510,T2/S03,2019-06-03 01:42:00,1,0.4900000000000091,2019-05-31 22:41:00,3061.0,True,close_q25
511,T2/S03,2019-06-04 10:03:00,1,0.4900000000000091,2019-06-04 04:27:00,336.0,True,close_q25
512,T2/S03,2019-06-04 22:34:00,1,0.4900000000000091,2019-06-04 22:33:00,1.0,True,close_q25
513,T2/S03,2019-06-05 09:09:00,1,0.4900000000000091,2019-06-05 03:06:00,363.0,True,close_q25
514,T2/S03,2019-06-12 04:21:00,1,0.4900000000000091,,,False,close_q25
515,T2/S03,2019-06-13 22:48:00,1,0.4900000000000091,2019-06-13 22:47:00,1.0,True,close_q25
516,T2/S03,2019-06-19 22:20:00,1,0.4900000000000091,2019-06-19 22:19:00,1.0,True,close_q25
517,T2/S03,2019-06-19 23:00:00,1,0.4900000000000091,2019-06-19 22:38:00,22.0,True,close_q25
518,T2/S03,2019-06-21 01:42:00,3,0.5266666666668129,2019-06-21 01:41:00,1.0,True,close_q25
519,T2/S03,2019-06-24 22:47:00,2,0.5099999999999909,2019-06-24 22:46:00,1.0,True,close_q25
520,T2/S03,2019-06-27 23:53:00,1,0.4900000000000091,2019-06-27 23:52:00,1.0,True,close_q25
521,T2/S03,2019-07-02 22:03:00,1,0.4900000000000091,2019-07-02 22:02:00,1.0,True,close_q25
522,T2/S03,2019-07-02 22:17:00,1,0.4900000000000091,2019-07-02 22:16:00,1.0,True,close_q25
523,T2/S03,2019-07-02 22:43:00,1,0.4900000000000091,2019-07-02 22:34:00,9.0,True,close_q25
524,T2/S03,2019-07-02 22:59:00,1,0.4900000000000091,,,False,close_q25
525,T2/S03,2019-07-10 22:59:00,1,0.4900000000000091,,,False,close_q25
526,T2/S03,2019-07-15 01:18:00,1,0.4900000000000091,2019-07-15 01:06:00,12.0,True,close_q25
527,T2/S03,2019-07-17 22:02:00,1,0.4900000000000091,2019-07-17 22:00:00,2.0,True,close_q25
528,T2/S03,2019-07-17 22:31:00,1,0.4900000000000091,2019-07-17 22:30:00,1.0,True,close_q25
529,T2/S03,2019-07-18 01:08:00,1,0.4900000000000091,2019-07-18 01:07:00,1.0,True,close_q25
530,T2/S03,2019-07-18 22:05:00,1,0.4900000000000091,2019-07-18 22:04:00,1.0,True,close_q25
531,T2/S03,2019-07-18 22:17:00,1,0.4900000000000091,2019-07-18 22:15:00,2.0,True,close_q25
532,T2/S03,2019-07-18 22:49:00,1,0.4900000000000091,2019-07-18 22:45:00,4.0,True,close_q25
533,T2/S03,2019-08-01 22:02:00,1,0.4900000000000091,2019-08-01 22:01:00,1.0,True,close_q25
534,T2/S03,2019-08-01 22:17:00,1,0.4900000000000091,2019-08-01 22:16:00,1.0,True,close_q25
535,T2/S03,2019-08-01 22:50:00,2,0.5099999999999909,2019-08-01 22:36:00,14.0,True,close_q25
536,T2/S03,2019-08-09 01:05:00,4,0.3999999999998636,2019-08-09 01:05:00,0.0,True,close_q25
537,T2/S03,2019-08-12 22:24:00,1,0.4900000000000091,2019-08-12 22:13:00,11.0,True,close_q25
538,T2/S03,2019-08-12 23:18:00,2,0.5099999999999909,2019-08-12 22:32:00,46.0,True,close_q25
539,T2/S03,2019-08-15 22:21:00,1,0.4900000000000091,2019-08-15 22:18:00,3.0,True,close_q25
540,T2/S03,2019-08-23 22:01:00,1,0.4900000000000091,2019-08-23 22:00:00,1.0,True,close_q25
541,T2/S03,2019-08-26 01:05:00,4,0.3999999999998636,2019-08-26 01:05:00,0.0,True,close_q25
542,T2/S03,2019-08-27 22:21:00,2,0.5099999999999909,2019-08-27 22:18:00,3.0,True,close_q25
543,T2/S03,2019-09-04 22:47:00,2,0.5099999999999909,2019-09-04 22:46:00,1.0,True,close_q25
544,T2/S03,2019-09-20 22:01:00,1,0.4900000000000091,2019-09-20 22:00:00,1.0,True,close_q25
545,T2/S03,2019-09-20 22:29:00,1,0.4900000000000091,2019-09-20 22:18:00,11.0,True,close_q25
546,T2/S03,2019-09-20 22:46:00,1,0.4900000000000091,2019-09-20 22:45:00,1.0,True,close_q25
547,T2/S03,2019-10-02 10:23:00,1,0.4900000000000091,2019-10-01 22:47:00,696.0,True,close_q25
548,T2/S03,2019-10-25 07:38:00,2,0.5099999999999909,2019-10-25 07:37:00,1.0,True,close_q25
549,T2/S03,2019-11-19 02:11:00,1,0.4900000000000091,2019-11-19 02:08:00,3.0,True,close_q25
550,T2/S03,2019-12-04 05:01:00,2,0.5099999999999909,2019-12-04 04:54:00,7.0,True,close_q25
551,T2/S03,2020-01-10 22:21:00,1,0.4900000000000091,2020-01-10 22:15:00,6.0,True,close_q25
552,T2/S03,2020-01-10 22:35:00,1,0.4900000000000091,2020-01-10 22:34:00,1.0,True,close_q25
553,T2/S03,2020-01-10 23:06:00,1,0.4900000000000091,2020-01-10 23:03:00,3.0,True,close_q25
554,T2/S03,2020-01-24 22:09:00,1,0.4900000000000091,2020-01-24 22:08:00,1.0,True,close_q25
555,T2/S03,2020-01-24 22:40:00,2,0.5099999999999909,2020-01-24 22:39:00,1.0,True,close_q25
556,T2/S03,2020-01-27 01:05:00,2,0.5099999999999909,2020-01-27 01:05:00,0.0,True,close_q25
557,T2/S03,2020-03-03 22:01:00,1,0.4900000000000091,2020-03-03 22:00:00,1.0,True,close_q25
558,T2/S03,2020-03-03 22:29:00,3,0.5266666666668129,2020-03-03 22:28:00,1.0,True,close_q25
559,T2/S03,2020-03-03 22:35:00,2,0.5099999999999909,2020-03-03 22:34:00,1.0,True,close_q25
560,T2/S03,2020-03-03 22:51:00,1,0.4900000000000091,2020-03-03 22:50:00,1.0,True,close_q25
561,T2/S03,2020-03-05 22:07:00,1,0.4900000000000091,2020-03-05 22:06:00,1.0,True,close_q25
562,T2/S03,2020-03-05 22:17:00,1,0.4900000000000091,2020-03-05 22:16:00,1.0,True,close_q25
563,T2/S03,2020-03-05 22:40:00,2,0.5099999999999909,2020-03-05 22:39:00,1.0,True,close_q25
564,T2/S03,2020-03-05 22:46:00,1,0.4900000000000091,2020-03-05 22:45:00,1.0,True,close_q25
565,T2/S03,2020-03-17 22:02:00,1,0.4900000000000091,2020-03-17 22:01:00,1.0,True,close_q25
566,T2/S03,2020-03-23 22:16:00,2,0.5099999999999909,2020-03-23 22:15:00,1.0,True,close_q25
567,T2/S03,2020-03-23 22:43:00,1,0.4900000000000091,2020-03-23 22:43:00,0.0,True,close_q25
568,T2/S03,2020-03-24 01:03:00,2,0.5099999999999909,2020-03-24 00:05:00,58.0,True,close_q25
569,T2/S03,2020-04-06 22:04:00,1,0.4900000000000091,2020-04-06 22:03:00,1.0,True,close_q25
570,T2/S03,2020-04-06 22:17:00,1,0.4900000000000091,2020-04-06 22:16:00,1.0,True,close_q25
571,T2/S03,2020-04-06 22:36:00,1,0.4900000000000091,2020-04-06 22:31:00,5.0,True,close_q25
572,T2/S03,2020-04-06 23:02:00,1,0.4900000000000091,2020-04-06 22:54:00,8.0,True,close_q25
573,T2/S03,2020-04-14 03:12:00,1,0.4900000000000091,2020-04-14 02:05:00,67.0,True,close_q25
574,T2/S03,2020-04-21 22:17:00,1,0.4900000000000091,2020-04-21 22:16:00,1.0,True,close_q25
575,T2/S03,2020-04-29 23:00:00,1,0.4900000000000091,,,False,close_q25
576,T2/S03,2020-05-01 22:12:00,2,0.5099999999999909,2020-05-01 22:00:00,12.0,True,close_q25
577,T2/S03,2020-05-01 22:45:00,1,0.4900000000000091,2020-05-01 22:35:00,10.0,True,close_q25
578,T2/S03,2020-05-07 22:07:00,1,0.4900000000000091,2020-05-07 22:06:00,1.0,True,close_q25
579,T2/S03,2020-05-07 22:29:00,2,0.5099999999999909,2020-05-07 22:28:00,1.0,True,close_q25
580,T2/S03,2020-05-07 23:08:00,4,0.3999999999998636,2020-05-07 23:07:00,1.0,True,close_q25
581,T2/S03,2020-05-14 22:54:00,3,0.5266666666668129,2020-05-14 22:53:00,1.0,True,close_q25
582,T2/S03,2020-05-27 22:51:00,2,0.5099999999999909,2020-05-27 22:49:00,2.0,True,close_q25
583,T2/S03,2020-06-15 22:06:00,1,0.4900000000000091,2020-06-15 22:05:00,1.0,True,close_q25
584,T2/S03,2020-06-15 22:21:00,1,0.4900000000000091,2020-06-15 22:20:00,1.0,True,close_q25
585,T2/S03,2020-06-16 01:18:00,1,0.4900000000000091,2020-06-15 22:35:00,163.0,True,close_q25
586,T2/S03,2020-06-17 22:30:00,1,0.4900000000000091,2020-06-17 22:29:00,1.0,True,close_q25
587,T2/S03,2020-07-01 01:12:00,2,0.5099999999999909,2020-07-01 01:11:00,1.0,True,close_q25
588,T2/S03,2020-07-07 22:31:00,1,0.4900000000000091,2020-07-07 22:30:00,1.0,True,close_q25
589,T2/S03,2020-07-08 03:09:00,3,0.5266666666668129,2020-07-08 03:08:00,1.0,True,close_q25
590,T2/S03,2020-07-22 22:52:00,2,0.5099999999999909,2020-07-22 22:51:00,1.0,True,close_q25
591,T2/S03,2020-08-04 22:01:00,1,0.4900000000000091,2020-08-04 22:00:00,1.0,True,close_q25
592,T2/S03,2020-08-04 22:27:00,2,0.5099999999999909,2020-08-04 22:26:00,1.0,True,close_q25
593,T2/S03,2020-08-04 22:32:00,1,0.4900000000000091,2020-08-04 22:31:00,1.0,True,close_q25
594,T2/S03,2020-08-04 22:47:00,1,0.4900000000000091,2020-08-04 22:46:00,1.0,True,close_q25
595,T2/S03,2020-08-17 22:03:00,1,0.4900000000000091,2020-08-17 22:02:00,1.0,True,close_q25
596,T2/S03,2020-08-17 22:27:00,1,0.4900000000000091,2020-08-17 22:26:00,1.0,True,close_q25
597,T2/S03,2020-08-20 22:46:00,1,0.4900000000000091,2020-08-20 22:45:00,1.0,True,close_q25
598,T2/S03,2020-08-26 22:09:00,1,0.4900000000000091,2020-08-26 22:08:00,1.0,True,close_q25
599,T2/S03,2020-08-26 22:20:00,1,0.4900000000000091,2020-08-26 22:19:00,1.0,True,close_q25
600,T2/S03,2020-08-26 22:44:00,2,0.5099999999999909,2020-08-26 22:43:00,1.0,True,close_q25
601,T2/S03,2020-08-26 22:47:00,1,0.4900000000000091,2020-08-26 22:46:00,1.0,True,close_q25
602,T2/S03,2020-09-09 22:19:00,1,0.4900000000000091,2020-09-09 22:18:00,1.0,True,close_q25
603,T2/S03,2020-10-15 22:31:00,1,0.4900000000000091,2020-10-15 22:30:00,1.0,True,close_q25
604,T2/S03,2020-10-15 23:09:00,2,0.5099999999999909,2020-10-15 23:01:00,8.0,True,close_q25
605,T2/S03,2020-11-05 22:02:00,1,0.4900000000000091,2020-11-05 22:01:00,1.0,True,close_q25
606,T2/S03,2020-11-05 22:16:00,1,0.4900000000000091,2020-11-05 22:15:00,1.0,True,close_q25
607,T2/S03,2020-11-05 22:41:00,2,0.5099999999999909,2020-11-05 22:40:00,1.0,True,close_q25
608,T2/S03,2020-11-05 22:46:00,1,0.4900000000000091,2020-11-05 22:45:00,1.0,True,close_q25
609,T2/S03,2020-12-02 23:03:00,1,0.4900000000000091,2020-12-02 23:02:00,1.0,True,close_q25
610,T2/S03,2020-12-07 22:28:00,1,0.4900000000000091,2020-12-07 22:27:00,1.0,True,close_q25
611,T2/S03,2020-12-07 22:37:00,1,0.4900000000000091,2020-12-07 22:36:00,1.0,True,close_q25
612,T2/S03,2020-12-07 22:58:00,1,0.4900000000000091,2020-12-07 22:57:00,1.0,True,close_q25
613,T2/S03,2021-01-20 22:08:00,1,0.4900000000000091,2021-01-20 22:07:00,1.0,True,close_q25
614,T2/S03,2021-01-22 22:03:00,1,0.4900000000000091,2021-01-22 22:02:00,1.0,True,close_q25
615,T2/S03,2021-01-22 22:18:00,1,0.4900000000000091,2021-01-22 22:17:00,1.0,True,close_q25
616,T2/S03,2021-01-25 01:05:00,3,0.5266666666668129,2021-01-25 01:05:00,0.0,True,close_q25
617,T2/S03,2021-03-12 23:40:00,1,0.4900000000000091,2021-03-12 22:38:00,62.0,True,close_q25
618,T2/S03,2021-03-19 22:25:00,1,0.4900000000000091,2021-03-19 22:23:00,2.0,True,close_q25
619,T2/S03,2021-03-19 22:38:00,1,0.4900000000000091,2021-03-19 22:37:00,1.0,True,close_q25
620,T2/S03,2021-03-22 05:00:00,5,0.3999999999998636,2021-03-22 04:58:00,2.0,True,close_q25
621,T2/S03,2021-03-31 22:01:00,1,0.4900000000000091,2021-03-31 22:00:00,1.0,True,close_q25
622,T2/S03,2021-03-31 22:23:00,1,0.4900000000000091,2021-03-31 22:22:00,1.0,True,close_q25
623,T2/S03,2021-03-31 22:40:00,1,0.4900000000000091,2021-03-31 22:39:00,1.0,True,close_q25
624,T2/S03,2021-03-31 23:35:00,2,0.5099999999999909,2021-03-31 23:34:00,1.0,True,close_q25
625,T2/S03,2021-04-08 23:18:00,1,0.4900000000000091,2021-04-08 22:54:00,24.0,True,close_q25
626,T2/S03,2021-04-16 07:55:00,2,0.5099999999999909,2021-04-16 03:03:00,292.0,True,close_q25
627,T2/S03,2021-04-20 23:35:00,2,0.5099999999999909,2021-04-20 23:34:00,1.0,True,close_q25
628,T2/S03,2021-05-03 22:04:00,1,0.4900000000000091,2021-05-03 22:03:00,1.0,True,close_q25
629,T2/S03,2021-05-06 22:35:00,1,0.4900000000000091,2021-05-06 22:34:00,1.0,True,close_q25
630,T2/S03,2021-05-06 23:00:00,1,0.4900000000000091,2021-05-06 22:59:00,1.0,True,close_q25
631,T2/S03,2021-05-13 22:03:00,1,0.4900000000000091,2021-05-13 22:02:00,1.0,True,close_q25
632,T2/S03,2021-05-13 22:17:00,1,0.4900000000000091,2021-05-13 22:16:00,1.0,True,close_q25
633,T2/S03,2021-05-13 23:15:00,1,0.4900000000000091,2021-05-13 23:14:00,1.0,True,close_q25
634,T2/S03,2021-05-18 01:09:00,2,0.5099999999999909,2021-05-18 01:08:00,1.0,True,close_q25
635,T2/S03,2021-05-25 23:03:00,1,0.4900000000000091,2021-05-25 22:59:00,4.0,True,close_q25
636,T2/S03,2021-06-07 22:13:00,1,0.4900000000000091,2021-06-07 22:01:00,12.0,True,close_q25
637,T2/S03,2021-06-08 03:43:00,2,0.5099999999999909,2021-06-08 03:42:00,1.0,True,close_q25
638,T2/S03,2021-06-14 22:19:00,1,0.4900000000000091,2021-06-14 22:09:00,10.0,True,close_q25
639,T2/S03,2021-06-14 23:01:00,1,0.4900000000000091,2021-06-14 22:56:00,5.0,True,close_q25
640,T2/S03,2021-06-30 22:28:00,1,0.4900000000000091,2021-06-30 22:27:00,1.0,True,close_q25
641,T2/S03,2021-06-30 22:38:00,1,0.4900000000000091,2021-06-30 22:37:00,1.0,True,close_q25
642,T2/S03,2021-07-01 08:46:00,4,0.3999999999998636,2021-07-01 04:13:00,273.0,True,close_q25
643,T2/S03,2021-07-12 04:03:00,5,0.3999999999998636,2021-07-12 04:02:00,1.0,True,close_q25
644,T2/S03,2021-08-11 22:13:00,1,0.4900000000000091,2021-08-11 22:12:00,1.0,True,close_q25
645,T2/S03,2021-08-11 22:59:00,1,0.4900000000000091,2021-08-11 22:58:00,1.0,True,close_q25
646,T2/S03,2021-08-13 22:21:00,1,0.4900000000000091,2021-08-13 22:20:00,1.0,True,close_q25
647,T2/S03,2021-08-13 22:49:00,1,0.4900000000000091,2021-08-13 22:48:00,1.0,True,close_q25
648,T2/S03,2021-08-26 22:56:00,1,0.4900000000000091,2021-08-26 22:55:00,1.0,True,close_q25
649,T2/S03,2021-08-27 22:52:00,1,0.4900000000000091,2021-08-27 22:51:00,1.0,True,close_q25
650,T2/S03,2021-10-01 04:46:00,5,0.3999999999998636,2021-09-30 22:01:00,405.0,True,close_q25
651,T2/S03,2021-10-13 22:18:00,1,0.4900000000000091,2021-10-13 22:17:00,1.0,True,close_q25
652,T2/S03,2021-10-13 22:32:00,1,0.4900000000000091,2021-10-13 22:31:00,1.0,True,close_q25
653,T2/S03,2021-10-13 23:01:00,1,0.4900000000000091,2021-10-13 23:00:00,1.0,True,close_q25
654,T2/S03,2021-11-05 22:27:00,1,0.4900000000000091,2021-11-05 22:26:00,1.0,True,close_q25
655,T2/S03,2021-11-05 22:45:00,1,0.4900000000000091,,,False,close_q25
656,T2/S03,2021-11-08 01:34:00,1,0.4900000000000091,2021-11-08 01:09:00,25.0,True,close_q25
657,T2/S03,2021-11-12 22:45:00,1,0.4900000000000091,2021-11-12 22:44:00,1.0,True,close_q25
658,T2/S03,2021-12-08 02:23:00,2,0.5099999999999909,2021-12-08 02:22:00,1.0,True,close_q25
659,T2/S03,2021-12-16 22:34:00,1,0.4900000000000091,2021-12-16 22:33:00,1.0,True,close_q25
660,T2/S03,2021-12-23 03:06:00,1,0.4900000000000091,2021-12-22 22:59:00,247.0,True,close_q25
661,T2/S03,2021-12-30 02:41:00,2,0.5099999999999909,2021-12-30 02:40:00,1.0,True,close_q25
662,T2/S03,2021-12-30 22:02:00,1,0.4900000000000091,2021-12-30 22:01:00,1.0,True,close_q25
663,T2/S03,2021-12-30 22:36:00,1,0.4900000000000091,2021-12-30 22:35:00,1.0,True,close_q25
664,T2/S03,2021-12-31 02:11:00,1,0.4900000000000091,2021-12-30 22:46:00,205.0,True,close_q25
665,T2/S03,2022-01-04 22:57:00,1,0.4900000000000091,2022-01-04 22:56:00,1.0,True,close_q25
666,T2/S03,2022-01-11 22:12:00,1,0.4900000000000091,2022-01-11 22:11:00,1.0,True,close_q25
667,T2/S03,2022-01-11 22:31:00,1,0.4900000000000091,2022-01-11 22:30:00,1.0,True,close_q25
668,T2/S03,2022-01-11 22:57:00,2,0.5099999999999909,2022-01-11 22:53:00,4.0,True,close_q25
669,T2/S03,2022-01-25 06:01:00,1,0.4900000000000091,2022-01-19 22:00:00,7681.0,True,close_q25
670,T2/S03,2022-01-26 15:24:00,6,0.5599999999999454,,,False,close_q25
671,T2/S03,2022-02-11 22:03:00,1,0.4900000000000091,2022-02-11 22:02:00,1.0,True,close_q25
672,T2/S03,2022-02-11 22:16:00,1,0.4900000000000091,2022-02-11 22:15:00,1.0,True,close_q25
673,T2/S03,2022-02-11 23:15:00,2,0.5099999999999909,2022-02-11 23:14:00,1.0,True,close_q25
674,T2/S03,2022-02-16 22:35:00,1,0.4900000000000091,2022-02-16 22:34:00,1.0,True,close_q25
675,T2/S03,2022-03-01 22:37:00,2,0.5099999999999909,2022-03-01 22:01:00,36.0,True,close_q25
676,T2/S03,2022-03-01 23:03:00,2,0.5099999999999909,2022-03-01 22:47:00,16.0,True,close_q25
677,T2/S03,2022-03-07 22:35:00,6,0.5599999999999454,2022-03-07 22:34:00,1.0,True,close_q25
678,T2/S03,2022-03-29 22:02:00,2,0.5099999999999909,2022-03-29 22:01:00,1.0,True,close_q25
679,T2/S03,2022-03-29 22:26:00,2,0.5099999999999909,2022-03-29 22:25:00,1.0,True,close_q25
680,T2/S03,2022-03-29 22:45:00,2,0.5099999999999909,2022-03-29 22:44:00,1.0,True,close_q25
681,T2/S03,2022-05-16 22:05:00,2,0.5099999999999909,2022-05-16 22:04:00,1.0,True,close_q25
682,T2/S03,2022-05-16 22:26:00,2,0.5099999999999909,2022-05-16 22:25:00,1.0,True,close_q25
683,T2/S03,2022-05-16 22:47:00,4,0.3999999999998636,2022-05-16 22:46:00,1.0,True,close_q25
684,T2/S03,2022-06-03 03:32:00,2,0.5099999999999909,2022-06-02 22:03:00,329.0,True,close_q25
685,T2/S03,2022-06-07 22:29:00,2,0.5099999999999909,2022-06-07 22:28:00,1.0,True,close_q25
686,T2/S03,2022-06-07 22:55:00,2,0.5099999999999909,2022-06-07 22:54:00,1.0,True,close_q25
687,T2/S03,2022-06-10 22:08:00,2,0.5099999999999909,2022-06-10 22:07:00,1.0,True,close_q25
688,T2/S03,2022-06-13 01:05:00,4,0.3999999999998636,2022-06-13 01:05:00,0.0,True,close_q25
689,T2/S03,2022-06-16 22:02:00,2,0.5099999999999909,2022-06-16 22:01:00,1.0,True,close_q25
690,T2/S03,2022-06-16 22:38:00,2,0.5099999999999909,,,False,close_q25
691,T2/S03,2022-06-16 22:48:00,2,0.5099999999999909,2022-06-16 22:47:00,1.0,True,close_q25
692,T2/S03,2022-07-01 23:19:00,6,0.5599999999999454,2022-07-01 23:19:00,0.0,True,close_q25
693,T2/S03,2022-08-05 03:21:00,2,0.5099999999999909,2022-08-04 22:49:00,272.0,True,close_q25
694,T2/S03,2022-08-23 22:12:00,3,0.5266666666668129,2022-08-23 22:11:00,1.0,True,close_q25
695,T2/S03,2022-08-23 22:19:00,3,0.5266666666668129,2022-08-23 22:18:00,1.0,True,close_q25
696,T2/S03,2022-08-23 22:36:00,3,0.5266666666668129,2022-08-23 22:35:00,1.0,True,close_q25
697,T2/S03,2022-08-23 22:56:00,3,0.5266666666668129,2022-08-23 22:55:00,1.0,True,close_q25
698,T2/S03,2022-09-07 22:05:00,3,0.5266666666668129,2022-09-07 22:04:00,1.0,True,close_q25
699,T2/S03,2022-09-07 22:58:00,3,0.5266666666668129,2022-09-07 22:58:00,0.0,True,close_q25
700,T2/S03,2022-09-16 23:30:00,3,0.5266666666668129,2022-09-16 23:29:00,1.0,True,close_q25
701,T2/S03,2022-09-29 04:31:00,18,,,,False,close_q25
702,T2/S03,2022-10-03 22:27:00,9,,,,False,close_q25
703,T2/S03,2022-10-03 22:31:00,3,0.5266666666668129,2022-10-03 22:30:00,1.0,True,close_q25
704,T2/S03,2022-10-03 22:47:00,3,0.5266666666668129,,,False,close_q25
705,T2/S03,2022-10-21 22:11:00,3,0.5266666666668129,2022-10-21 22:10:00,1.0,True,close_q25
706,T2/S03,2022-10-21 22:18:00,3,0.5266666666668129,2022-10-21 22:17:00,1.0,True,close_q25
707,T2/S03,2022-10-21 23:42:00,3,0.5266666666668129,2022-10-21 23:39:00,3.0,True,close_q25
708,T2/S03,2022-11-04 02:04:00,6,0.5599999999999454,2022-11-04 02:03:00,1.0,True,close_q25
709,T2/S03,2022-11-04 22:20:00,3,0.5266666666668129,2022-11-04 22:19:00,1.0,True,close_q25
710,T2/S03,2022-11-07 11:03:00,14,,,,False,close_q25
711,T2/S03,2022-11-08 22:02:00,3,0.5266666666668129,2022-11-08 22:01:00,1.0,True,close_q25
712,T2/S03,2022-11-08 22:32:00,3,0.5266666666668129,2022-11-08 22:31:00,1.0,True,close_q25
713,T2/S03,2022-11-08 22:47:00,3,0.5266666666668129,2022-11-08 22:46:00,1.0,True,close_q25
714,T2/S03,2022-11-10 22:59:00,3,0.5266666666668129,2022-11-10 22:58:00,1.0,True,close_q25
715,T2/S03,2022-11-14 22:01:00,3,0.5266666666668129,2022-11-14 22:00:00,1.0,True,close_q25
716,T2/S03,2022-11-14 22:21:00,3,0.5266666666668129,2022-11-14 22:20:00,1.0,True,close_q25
717,T2/S03,2022-11-14 22:53:00,3,0.5266666666668129,2022-11-14 22:52:00,1.0,True,close_q25
718,T2/S03,2022-11-24 01:51:00,6,0.5599999999999454,,,False,close_q25
719,T2/S03,2022-12-05 01:32:00,9,,,,False,close_q25
720,T2/S03,2022-12-19 02:38:00,3,0.5266666666668129,2022-12-16 22:16:00,3142.0,True,close_q25
721,T2/S03,2022-12-20 22:52:00,6,0.5599999999999454,2022-12-20 22:51:00,1.0,True,close_q25
722,T2/S03,2023-01-09 01:19:00,6,0.5599999999999454,2023-01-09 01:18:00,1.0,True,close_q25
723,T2/S03,2023-01-13 22:55:00,3,0.5266666666668129,2023-01-13 22:54:00,1.0,True,close_q25
724,T2/S03,2023-01-19 22:03:00,3,0.5266666666668129,2023-01-19 22:02:00,1.0,True,close_q25
725,T2/S03,2023-01-20 03:28:00,7,,,,False,close_q25
726,T2/S03,2023-01-25 22:03:00,4,0.3999999999998636,2023-01-25 22:02:00,1.0,True,close_q25
727,T2/S03,2023-01-25 23:00:00,4,0.3999999999998636,2023-01-25 22:36:00,24.0,True,close_q25
728,T2/S03,2023-02-01 03:02:00,8,0.349999999999909,2023-01-31 23:15:00,227.0,True,close_q25
729,T2/S03,2023-02-17 22:09:00,4,0.3999999999998636,2023-02-17 22:08:00,1.0,True,close_q25
730,T2/S03,2023-02-17 22:23:00,4,0.3999999999998636,2023-02-17 22:22:00,1.0,True,close_q25
731,T2/S03,2023-02-17 23:10:00,4,0.3999999999998636,2023-02-17 22:36:00,34.0,True,close_q25
732,T2/S03,2023-02-20 03:25:00,12,,,,False,close_q25
733,T2/S03,2023-03-01 03:48:00,16,,,,False,close_q25
734,T2/S03,2023-03-22 22:03:00,8,0.349999999999909,2023-03-22 22:02:00,1.0,True,close_q25
735,T2/S03,2023-03-23 01:49:00,12,,,,False,close_q25
736,T2/S03,2023-03-29 12:33:00,40,,2023-03-28 22:46:00,827.0,True,close_q25
737,T2/S03,2023-03-30 22:23:00,4,0.3999999999998636,2023-03-30 22:17:00,6.0,True,close_q25
738,T2/S03,2023-03-30 22:42:00,4,0.3999999999998636,2023-03-30 22:39:00,3.0,True,close_q25
739,T2/S03,2023-03-31 04:18:00,11,,,,False,close_q25
740,T2/S03,2023-04-04 22:47:00,16,,2023-04-04 22:00:00,47.0,True,close_q25
741,T2/S03,2023-04-20 03:26:00,10,,,,False,close_q25
742,T2/S03,2023-05-02 22:01:00,5,0.3999999999998636,2023-05-02 22:00:00,1.0,True,close_q25
743,T2/S03,2023-05-02 22:21:00,5,0.3999999999998636,2023-05-02 22:18:00,3.0,True,close_q25
744,T2/S03,2023-05-02 22:36:00,5,0.3999999999998636,2023-05-02 22:33:00,3.0,True,close_q25
745,T2/S03,2023-05-02 22:47:00,5,0.3999999999998636,2023-05-02 22:46:00,1.0,True,close_q25
746,T2/S03,2023-05-19 23:21:00,10,,,,False,close_q25
747,T2/S03,2023-05-24 01:05:00,10,,,,False,close_q25
748,T2/S03,2023-06-05 22:05:00,5,0.3999999999998636,2023-06-05 22:03:00,2.0,True,close_q25
749,T2/S03,2023-06-05 22:22:00,5,0.3999999999998636,2023-06-05 22:21:00,1.0,True,close_q25
750,T2/S03,2023-06-06 05:13:00,15,,,,False,close_q25
751,T2/S03,2023-06-15 22:04:00,5,0.3999999999998636,2023-06-15 22:03:00,1.0,True,close_q25
752,T2/S03,2023-06-15 22:31:00,5,0.3999999999998636,2023-06-15 22:30:00,1.0,True,close_q25
753,T2/S03,2023-06-15 22:58:00,5,0.3999999999998636,2023-06-15 22:51:00,7.0,True,close_q25
754,T2/S03,2023-07-10 22:32:00,5,0.3999999999998636,2023-07-10 22:30:00,2.0,True,close_q25
755,T2/S03,2023-07-10 22:52:00,5,0.3999999999998636,2023-07-10 22:49:00,3.0,True,close_q25
756,T2/S03,2023-07-13 04:09:00,10,,2023-07-13 03:16:00,53.0,True,close_q25
757,T2/S03,2023-08-24 03:19:00,17,,,,False,close_q25
758,T2/S03,2023-08-29 22:15:00,6,0.5599999999999454,2023-08-29 22:14:00,1.0,True,close_q25
759,T2/S03,2023-08-30 12:26:00,12,,,,False,close_q25
760,T2/S03,2023-09-13 01:09:00,6,0.5599999999999454,2023-09-13 01:09:00,0.0,True,close_q25
761,T2/S03,2023-10-09 22:18:00,6,0.5599999999999454,2023-10-09 22:17:00,1.0,True,close_q25
762,T2/S03,2023-10-09 22:38:00,11,,,,False,close_q25
763,T2/S03,2023-10-10 03:02:00,12,,,,False,close_q25
764,T2/S03,2023-10-13 23:48:00,6,0.5599999999999454,2023-10-13 23:47:00,1.0,True,close_q25
765,T2/S03,2023-10-19 22:21:00,7,,,,False,close_q25
766,T2/S03,2023-10-20 02:32:00,7,,,,False,close_q25
767,T2/S03,2023-10-30 02:45:00,28,,,,False,close_q25
768,T2/S03,2023-11-14 02:02:00,8,0.349999999999909,2023-11-14 02:00:00,2.0,True,close_q25
769,T2/S03,2023-11-17 02:54:00,16,,2023-11-16 22:03:00,291.0,True,close_q25
770,T2/S03,2023-11-29 01:15:00,16,,,,False,close_q25
771,T2/S03,2023-12-01 22:04:00,8,0.349999999999909,2023-12-01 22:01:00,3.0,True,close_q25
772,T2/S03,2023-12-01 22:32:00,8,0.349999999999909,2023-12-01 22:31:00,1.0,True,close_q25
773,T2/S03,2023-12-01 23:03:00,8,0.349999999999909,2023-12-01 22:48:00,15.0,True,close_q25
774,T2/S03,2023-12-13 22:02:00,8,0.349999999999909,2023-12-13 22:01:00,1.0,True,close_q25
775,T2/S03,2023-12-13 22:17:00,16,,,,False,close_q25
776,T2/S03,2023-12-13 22:36:00,8,0.349999999999909,2023-12-13 22:31:00,5.0,True,close_q25
777,T2/S03,2023-12-13 23:00:00,8,0.349999999999909,2023-12-13 22:55:00,5.0,True,close_q25
778,T2/S04,2018-02-08 19:56:00,1,0.4300000000000636,2018-02-08 19:50:00,6.0,True,close_q25
779,T2/S04,2018-02-22 19:23:00,1,0.4300000000000636,2018-02-22 19:03:00,20.0,True,close_q25
780,T2/S04,2018-02-22 20:34:00,1,0.4300000000000636,2018-02-22 20:33:00,1.0,True,close_q25
781,T2/S04,2018-03-07 01:03:00,3,0.4700000000000273,2018-03-07 01:01:00,2.0,True,close_q25
782,T2/S04,2018-03-19 19:03:00,1,0.4300000000000636,2018-03-19 19:02:00,1.0,True,close_q25
783,T2/S04,2018-03-19 20:49:00,1,0.4300000000000636,2018-03-19 19:26:00,83.0,True,close_q25
784,T2/S04,2018-03-27 06:23:00,1,0.4300000000000636,2018-03-27 06:17:00,6.0,True,close_q25
785,T2/S04,2018-04-02 19:03:00,1,0.4300000000000636,2018-04-02 19:02:00,1.0,True,close_q25
786,T2/S04,2018-04-02 19:17:00,1,0.4300000000000636,2018-04-02 19:16:00,1.0,True,close_q25
787,T2/S04,2018-04-02 20:09:00,1,0.4300000000000636,2018-04-02 20:08:00,1.0,True,close_q25
788,T2/S04,2018-04-06 19:21:00,1,0.4300000000000636,2018-04-06 19:20:00,1.0,True,close_q25
789,T2/S04,2018-04-06 20:27:00,1,0.4300000000000636,2018-04-06 20:24:00,3.0,True,close_q25
790,T2/S04,2018-04-09 19:36:00,1,0.4300000000000636,2018-04-09 19:35:00,1.0,True,close_q25
791,T2/S04,2018-04-09 21:38:00,1,0.4300000000000636,2018-04-09 21:37:00,1.0,True,close_q25
792,T2/S04,2018-04-11 19:03:00,1,0.4300000000000636,2018-04-11 19:01:00,2.0,True,close_q25
793,T2/S04,2018-04-11 19:48:00,4,0.5900000000003729,2018-04-11 19:47:00,1.0,True,close_q25
794,T2/S04,2018-05-09 20:17:00,2,0.4875000000000682,2018-05-09 20:16:00,1.0,True,close_q25
795,T2/S04,2018-05-24 19:43:00,1,0.4300000000000636,2018-05-24 19:41:00,2.0,True,close_q25
796,T2/S04,2018-05-24 22:24:00,1,0.4300000000000636,,,False,close_q25
797,T2/S04,2018-05-31 02:44:00,1,0.4300000000000636,2018-05-31 02:43:00,1.0,True,close_q25
798,T2/S04,2018-06-06 08:51:00,2,0.4875000000000682,2018-06-06 08:50:00,1.0,True,close_q25
799,T2/S04,2018-06-12 16:57:00,5,0.2749999999998636,2018-06-12 16:56:00,1.0,True,close_q25
800,T2/S04,2018-06-13 19:22:00,1,0.4300000000000636,2018-06-13 19:19:00,3.0,True,close_q25
801,T2/S04,2018-06-13 21:56:00,3,0.4700000000000273,2018-06-13 21:55:00,1.0,True,close_q25
802,T2/S04,2018-06-21 20:42:00,1,0.4300000000000636,2018-06-21 20:41:00,1.0,True,close_q25
803,T2/S04,2018-07-04 03:11:00,3,0.4700000000000273,2018-07-04 03:10:00,1.0,True,close_q25
804,T2/S04,2018-07-05 23:54:00,2,0.4875000000000682,2018-07-05 23:53:00,1.0,True,close_q25
805,T2/S04,2018-07-20 19:30:00,1,0.4300000000000636,2018-07-20 19:28:00,2.0,True,close_q25
806,T2/S04,2018-07-20 20:16:00,1,0.4300000000000636,2018-07-20 20:15:00,1.0,True,close_q25
807,T2/S04,2018-07-30 14:54:00,5,0.2749999999998636,2018-07-30 14:33:00,21.0,True,close_q25
808,T2/S04,2018-08-06 04:35:00,3,0.4700000000000273,2018-08-06 04:34:00,1.0,True,close_q25
809,T2/S04,2018-08-24 20:12:00,3,0.4700000000000273,2018-08-24 20:11:00,1.0,True,close_q25
810,T2/S04,2018-08-27 23:25:00,2,0.4875000000000682,2018-08-27 23:01:00,24.0,True,close_q25
811,T2/S04,2018-09-12 20:03:00,1,0.4300000000000636,2018-09-12 20:02:00,1.0,True,close_q25
812,T2/S04,2018-09-18 14:05:00,5,0.2749999999998636,2018-09-18 14:00:00,5.0,True,close_q25
813,T2/S04,2018-09-28 19:19:00,1,0.4300000000000636,2018-09-28 19:17:00,2.0,True,close_q25
814,T2/S04,2018-09-28 20:43:00,1,0.4300000000000636,2018-09-28 20:42:00,1.0,True,close_q25
815,T2/S04,2018-10-02 19:27:00,1,0.4300000000000636,2018-10-02 19:25:00,2.0,True,close_q25
816,T2/S04,2018-10-03 01:34:00,3,0.4700000000000273,2018-10-03 01:32:00,2.0,True,close_q25
817,T2/S04,2018-10-11 19:07:00,1,0.4300000000000636,2018-10-11 19:03:00,4.0,True,close_q25
818,T2/S04,2018-10-11 20:02:00,2,0.4875000000000682,2018-10-11 20:01:00,1.0,True,close_q25
819,T2/S04,2018-11-01 19:10:00,1,0.4300000000000636,2018-11-01 19:09:00,1.0,True,close_q25
820,T2/S04,2018-11-01 19:22:00,1,0.4300000000000636,2018-11-01 19:21:00,1.0,True,close_q25
821,T2/S04,2018-11-02 10:03:00,4,0.5900000000003729,2018-11-02 10:03:00,0.0,True,close_q25
822,T2/S04,2018-11-28 19:50:00,1,0.4300000000000636,2018-11-28 19:49:00,1.0,True,close_q25
823,T2/S04,2018-12-07 19:41:00,2,0.4875000000000682,2018-12-07 19:40:00,1.0,True,close_q25
824,T2/S04,2018-12-07 19:48:00,1,0.4300000000000636,2018-12-07 19:46:00,2.0,True,close_q25
825,T2/S04,2018-12-17 19:11:00,1,0.4300000000000636,,,False,close_q25
826,T2/S04,2018-12-17 19:24:00,1,0.4300000000000636,2018-12-17 19:23:00,1.0,True,close_q25
827,T2/S04,2018-12-17 19:35:00,1,0.4300000000000636,2018-12-17 19:34:00,1.0,True,close_q25
828,T2/S04,2018-12-17 19:57:00,1,0.4300000000000636,2018-12-17 19:53:00,4.0,True,close_q25
829,T2/S04,2019-01-09 19:50:00,1,0.4300000000000636,2019-01-09 19:42:00,8.0,True,close_q25
830,T2/S04,2019-01-17 03:18:00,2,0.4875000000000682,2019-01-17 03:17:00,1.0,True,close_q25
831,T2/S04,2019-01-25 19:23:00,2,0.4875000000000682,2019-01-25 19:22:00,1.0,True,close_q25
832,T2/S04,2019-01-25 20:24:00,1,0.4300000000000636,2019-01-25 20:23:00,1.0,True,close_q25
833,T2/S04,2019-02-19 19:10:00,1,0.4300000000000636,2019-02-19 19:08:00,2.0,True,close_q25
834,T2/S04,2019-02-19 19:26:00,1,0.4300000000000636,2019-02-19 19:18:00,8.0,True,close_q25
835,T2/S04,2019-02-19 19:32:00,1,0.4300000000000636,2019-02-19 19:31:00,1.0,True,close_q25
836,T2/S04,2019-02-19 20:02:00,1,0.4300000000000636,2019-02-19 20:01:00,1.0,True,close_q25
837,T2/S04,2019-02-22 19:01:00,1,0.4300000000000636,2019-02-22 19:00:00,1.0,True,close_q25
838,T2/S04,2019-02-22 19:49:00,1,0.4300000000000636,2019-02-22 19:48:00,1.0,True,close_q25
839,T2/S04,2019-05-13 19:08:00,1,0.4300000000000636,2019-05-13 19:07:00,1.0,True,close_q25
840,T2/S04,2019-05-13 19:51:00,1,0.4300000000000636,2019-05-13 19:50:00,1.0,True,close_q25
841,T2/S04,2019-05-24 19:39:00,4,0.5900000000003729,2019-05-24 19:38:00,1.0,True,close_q25
842,T2/S04,2019-05-30 20:36:00,1,0.4300000000000636,2019-05-30 20:30:00,6.0,True,close_q25
843,T2/S04,2019-06-12 04:31:00,1,0.4300000000000636,2019-06-12 04:18:00,13.0,True,close_q25
844,T2/S04,2019-06-19 21:01:00,1,0.4300000000000636,2019-06-19 21:00:00,1.0,True,close_q25
845,T2/S04,2019-06-20 19:45:00,1,0.4300000000000636,2019-06-20 19:44:00,1.0,True,close_q25
846,T2/S04,2019-07-02 19:03:00,1,0.4300000000000636,2019-07-02 19:00:00,3.0,True,close_q25
847,T2/S04,2019-07-02 19:16:00,1,0.4300000000000636,2019-07-02 19:15:00,1.0,True,close_q25
848,T2/S04,2019-07-02 19:42:00,2,0.4875000000000682,2019-07-02 19:41:00,1.0,True,close_q25
849,T2/S04,2019-07-02 19:47:00,1,0.4300000000000636,2019-07-02 19:46:00,1.0,True,close_q25
850,T2/S04,2019-07-10 19:55:00,1,0.4300000000000636,2019-07-10 19:54:00,1.0,True,close_q25
851,T2/S04,2019-07-17 21:00:00,2,0.4875000000000682,2019-07-17 20:59:00,1.0,True,close_q25
852,T2/S04,2019-08-06 19:48:00,1,0.4300000000000636,2019-08-06 19:47:00,1.0,True,close_q25
853,T2/S04,2019-08-07 19:05:00,2,0.4875000000000682,2019-08-07 19:04:00,1.0,True,close_q25
854,T2/S04,2019-08-07 19:16:00,1,0.4300000000000636,2019-08-07 19:15:00,1.0,True,close_q25
855,T2/S04,2019-08-07 19:36:00,1,0.4300000000000636,2019-08-07 19:34:00,2.0,True,close_q25
856,T2/S04,2019-08-07 20:26:00,3,0.4700000000000273,2019-08-07 20:25:00,1.0,True,close_q25
857,T2/S04,2019-08-23 19:53:00,3,0.4700000000000273,2019-08-23 19:52:00,1.0,True,close_q25
858,T2/S04,2019-08-27 19:05:00,1,0.4300000000000636,2019-08-27 19:04:00,1.0,True,close_q25
859,T2/S04,2019-08-27 19:22:00,1,0.4300000000000636,2019-08-27 19:21:00,1.0,True,close_q25
860,T2/S04,2019-08-27 19:35:00,1,0.4300000000000636,2019-08-27 19:34:00,1.0,True,close_q25
861,T2/S04,2019-08-27 21:16:00,2,0.4875000000000682,2019-08-27 21:15:00,1.0,True,close_q25
862,T2/S04,2019-09-03 20:04:00,3,0.4700000000000273,2019-09-03 20:03:00,1.0,True,close_q25
863,T2/S04,2019-09-18 19:02:00,1,0.4300000000000636,2019-09-18 19:01:00,1.0,True,close_q25
864,T2/S04,2019-09-18 19:37:00,1,0.4300000000000636,2019-09-18 19:36:00,1.0,True,close_q25
865,T2/S04,2019-09-18 20:57:00,2,0.4875000000000682,2019-09-18 20:56:00,1.0,True,close_q25
866,T2/S04,2019-10-01 19:14:00,2,0.4875000000000682,2019-10-01 19:13:00,1.0,True,close_q25
867,T2/S04,2019-10-01 19:16:00,1,0.4300000000000636,2019-10-01 19:15:00,1.0,True,close_q25
868,T2/S04,2019-10-02 10:23:00,6,0.5475000000000136,2019-10-02 02:52:00,451.0,True,close_q25
869,T2/S04,2019-10-02 19:02:00,1,0.4300000000000636,2019-10-02 19:01:00,1.0,True,close_q25
870,T2/S04,2019-10-02 19:56:00,2,0.4875000000000682,2019-10-02 19:55:00,1.0,True,close_q25
871,T2/S04,2019-10-24 19:06:00,1,0.4300000000000636,2019-10-24 19:05:00,1.0,True,close_q25
872,T2/S04,2019-10-24 19:17:00,1,0.4300000000000636,2019-10-24 19:16:00,1.0,True,close_q25
873,T2/S04,2019-10-24 20:43:00,1,0.4300000000000636,2019-10-24 20:42:00,1.0,True,close_q25
874,T2/S04,2019-11-18 19:06:00,1,0.4300000000000636,2019-11-18 19:04:00,2.0,True,close_q25
875,T2/S04,2019-11-18 19:23:00,1,0.4300000000000636,2019-11-18 19:22:00,1.0,True,close_q25
876,T2/S04,2019-11-19 02:11:00,1,0.4300000000000636,2019-11-19 02:10:00,1.0,True,close_q25
877,T2/S04,2019-12-02 15:36:00,8,,,,False,close_q25
878,T2/S04,2019-12-02 20:41:00,1,0.4300000000000636,2019-12-02 20:38:00,3.0,True,close_q25
879,T2/S04,2019-12-04 05:01:00,1,0.4300000000000636,2019-12-04 04:56:00,5.0,True,close_q25
880,T2/S04,2019-12-11 21:11:00,2,0.4875000000000682,2019-12-11 21:10:00,1.0,True,close_q25
881,T2/S04,2019-12-24 19:17:00,1,0.4300000000000636,2019-12-24 19:16:00,1.0,True,close_q25
882,T2/S04,2019-12-26 06:00:00,1,0.4300000000000636,2019-12-26 06:00:00,0.0,True,close_q25
883,T2/S04,2020-01-10 19:01:00,1,0.4300000000000636,2020-01-10 19:00:00,1.0,True,close_q25
884,T2/S04,2020-01-10 22:21:00,1,0.4300000000000636,2020-01-10 22:17:00,4.0,True,close_q25
885,T2/S04,2020-01-23 19:20:00,1,0.4300000000000636,2020-01-23 19:19:00,1.0,True,close_q25
886,T2/S04,2020-01-23 19:35:00,1,0.4300000000000636,2020-01-23 19:33:00,2.0,True,close_q25
887,T2/S04,2020-01-24 16:46:00,7,,,,False,close_q25
888,T2/S04,2020-01-24 19:03:00,1,0.4300000000000636,2020-01-24 19:01:00,2.0,True,close_q25
889,T2/S04,2020-01-24 19:17:00,1,0.4300000000000636,2020-01-24 19:15:00,2.0,True,close_q25
890,T2/S04,2020-01-24 20:21:00,2,0.4875000000000682,2020-01-24 20:18:00,3.0,True,close_q25
891,T2/S04,2020-02-18 22:50:00,3,0.4700000000000273,2020-02-18 22:47:00,3.0,True,close_q25
892,T2/S04,2020-02-21 19:48:00,1,0.4300000000000636,2020-02-21 19:47:00,1.0,True,close_q25
893,T2/S04,2020-03-03 19:03:00,1,0.4300000000000636,2020-03-03 19:02:00,1.0,True,close_q25
894,T2/S04,2020-03-03 19:16:00,1,0.4300000000000636,2020-03-03 19:15:00,1.0,True,close_q25
895,T2/S04,2020-03-03 19:35:00,1,0.4300000000000636,2020-03-03 19:34:00,1.0,True,close_q25
896,T2/S04,2020-03-03 19:52:00,2,0.4875000000000682,2020-03-03 19:51:00,1.0,True,close_q25
897,T2/S04,2020-03-05 19:03:00,1,0.4300000000000636,2020-03-05 19:02:00,1.0,True,close_q25
898,T2/S04,2020-03-05 19:22:00,1,0.4300000000000636,2020-03-05 19:21:00,1.0,True,close_q25
899,T2/S04,2020-03-05 19:38:00,1,0.4300000000000636,2020-03-05 19:37:00,1.0,True,close_q25
900,T2/S04,2020-03-05 19:49:00,1,0.4300000000000636,2020-03-05 19:47:00,2.0,True,close_q25
901,T2/S04,2020-03-17 19:01:00,1,0.4300000000000636,2020-03-17 19:00:00,1.0,True,close_q25
902,T2/S04,2020-03-17 19:16:00,1,0.4300000000000636,2020-03-17 19:15:00,1.0,True,close_q25
903,T2/S04,2020-03-17 19:33:00,2,0.4875000000000682,2020-03-17 19:32:00,1.0,True,close_q25
904,T2/S04,2020-03-17 19:47:00,1,0.4300000000000636,2020-03-17 19:46:00,1.0,True,close_q25
905,T2/S04,2020-03-23 19:01:00,1,0.4300000000000636,2020-03-23 19:00:00,1.0,True,close_q25
906,T2/S04,2020-03-23 19:18:00,1,0.4300000000000636,2020-03-23 19:16:00,2.0,True,close_q25
907,T2/S04,2020-03-23 19:43:00,2,0.4875000000000682,2020-03-23 19:42:00,1.0,True,close_q25
908,T2/S04,2020-03-23 19:47:00,1,0.4300000000000636,2020-03-23 19:46:00,1.0,True,close_q25
909,T2/S04,2020-03-26 19:24:00,1,0.4300000000000636,2020-03-26 19:18:00,6.0,True,close_q25
910,T2/S04,2020-03-26 19:36:00,1,0.4300000000000636,2020-03-26 19:35:00,1.0,True,close_q25
911,T2/S04,2020-03-26 21:48:00,7,,,,False,close_q25
912,T2/S04,2020-04-02 19:03:00,1,0.4300000000000636,2020-04-02 19:01:00,2.0,True,close_q25
913,T2/S04,2020-04-02 19:16:00,1,0.4300000000000636,2020-04-02 19:15:00,1.0,True,close_q25
914,T2/S04,2020-04-02 19:37:00,1,0.4300000000000636,2020-04-02 19:33:00,4.0,True,close_q25
915,T2/S04,2020-04-02 19:59:00,1,0.4300000000000636,2020-04-02 19:58:00,1.0,True,close_q25
916,T2/S04,2020-04-06 19:03:00,1,0.4300000000000636,2020-04-06 19:02:00,1.0,True,close_q25
917,T2/S04,2020-04-06 19:25:00,1,0.4300000000000636,2020-04-06 19:24:00,1.0,True,close_q25
918,T2/S04,2020-04-06 19:35:00,2,0.4875000000000682,2020-04-06 19:34:00,1.0,True,close_q25
919,T2/S04,2020-04-06 19:54:00,1,0.4300000000000636,2020-04-06 19:53:00,1.0,True,close_q25
920,T2/S04,2020-04-09 19:49:00,1,0.4300000000000636,2020-04-09 19:46:00,3.0,True,close_q25
921,T2/S04,2020-04-13 19:04:00,2,0.4875000000000682,2020-04-13 19:03:00,1.0,True,close_q25
922,T2/S04,2020-04-13 19:23:00,2,0.4875000000000682,2020-04-13 19:22:00,1.0,True,close_q25
923,T2/S04,2020-04-13 19:32:00,1,0.4300000000000636,2020-04-13 19:31:00,1.0,True,close_q25
924,T2/S04,2020-04-13 19:48:00,1,0.4300000000000636,,,False,close_q25
925,T2/S04,2020-04-22 19:31:00,1,0.4300000000000636,2020-04-22 19:30:00,1.0,True,close_q25
926,T2/S04,2020-04-22 20:02:00,2,0.4875000000000682,2020-04-22 20:00:00,2.0,True,close_q25
927,T2/S04,2020-05-01 19:08:00,1,0.4300000000000636,2020-05-01 19:07:00,1.0,True,close_q25
928,T2/S04,2020-05-07 19:10:00,1,0.4300000000000636,2020-05-07 19:09:00,1.0,True,close_q25
929,T2/S04,2020-05-07 19:24:00,1,0.4300000000000636,2020-05-07 19:23:00,1.0,True,close_q25
930,T2/S04,2020-05-07 19:31:00,1,0.4300000000000636,2020-05-07 19:30:00,1.0,True,close_q25
931,T2/S04,2020-05-07 19:47:00,1,0.4300000000000636,2020-05-07 19:46:00,1.0,True,close_q25
932,T2/S04,2020-05-14 19:01:00,1,0.4300000000000636,2020-05-14 19:00:00,1.0,True,close_q25
933,T2/S04,2020-05-14 19:20:00,1,0.4300000000000636,2020-05-14 19:19:00,1.0,True,close_q25
934,T2/S04,2020-05-14 21:49:00,4,0.5900000000003729,2020-05-14 21:48:00,1.0,True,close_q25
935,T2/S04,2020-06-19 19:34:00,2,0.4875000000000682,2020-06-19 19:32:00,2.0,True,close_q25
936,T2/S04,2020-06-19 19:54:00,1,0.4300000000000636,2020-06-19 19:53:00,1.0,True,close_q25
937,T2/S04,2020-06-23 19:07:00,1,0.4300000000000636,2020-06-23 19:05:00,2.0,True,close_q25
938,T2/S04,2020-06-23 19:16:00,1,0.4300000000000636,2020-06-23 19:15:00,1.0,True,close_q25
939,T2/S04,2020-06-23 21:55:00,2,0.4875000000000682,2020-06-23 21:53:00,2.0,True,close_q25
940,T2/S04,2020-07-07 19:02:00,1,0.4300000000000636,2020-07-07 19:01:00,1.0,True,close_q25
941,T2/S04,2020-07-07 19:29:00,2,0.4875000000000682,2020-07-07 19:28:00,1.0,True,close_q25
942,T2/S04,2020-07-07 20:17:00,1,0.4300000000000636,2020-07-07 20:16:00,1.0,True,close_q25
943,T2/S04,2020-07-08 20:13:00,2,0.4875000000000682,2020-07-08 20:12:00,1.0,True,close_q25
944,T2/S04,2020-07-21 19:24:00,1,0.4300000000000636,2020-07-21 19:22:00,2.0,True,close_q25
945,T2/S04,2020-07-21 19:32:00,1,0.4300000000000636,2020-07-21 19:31:00,1.0,True,close_q25
946,T2/S04,2020-07-21 19:57:00,1,0.4300000000000636,2020-07-21 19:56:00,1.0,True,close_q25
947,T2/S04,2020-07-28 20:41:00,5,0.2749999999998636,2020-07-28 20:40:00,1.0,True,close_q25
948,T2/S04,2020-08-17 19:15:00,1,0.4300000000000636,2020-08-17 19:14:00,1.0,True,close_q25
949,T2/S04,2020-08-17 19:31:00,1,0.4300000000000636,2020-08-17 19:30:00,1.0,True,close_q25
950,T2/S04,2020-08-17 19:54:00,1,0.4300000000000636,2020-08-17 19:53:00,1.0,True,close_q25
951,T2/S04,2020-09-28 19:21:00,1,0.4300000000000636,2020-09-28 19:20:00,1.0,True,close_q25
952,T2/S04,2020-09-28 19:37:00,1,0.4300000000000636,2020-09-28 19:36:00,1.0,True,close_q25
953,T2/S04,2020-10-05 19:03:00,1,0.4300000000000636,2020-10-05 19:02:00,1.0,True,close_q25
954,T2/S04,2020-10-05 19:23:00,1,0.4300000000000636,2020-10-05 19:22:00,1.0,True,close_q25
955,T2/S04,2020-10-05 19:34:00,1,0.4300000000000636,2020-10-05 19:33:00,1.0,True,close_q25
956,T2/S04,2020-10-05 19:49:00,1,0.4300000000000636,2020-10-05 19:48:00,1.0,True,close_q25
957,T2/S04,2020-11-05 19:10:00,2,0.4875000000000682,2020-11-05 19:09:00,1.0,True,close_q25
958,T2/S04,2020-11-05 19:17:00,1,0.4300000000000636,2020-11-05 19:16:00,1.0,True,close_q25
959,T2/S04,2020-11-05 19:31:00,1,0.4300000000000636,2020-11-05 19:30:00,1.0,True,close_q25
960,T2/S04,2020-11-05 20:04:00,1,0.4300000000000636,2020-11-05 19:58:00,6.0,True,close_q25
961,T2/S04,2020-11-13 19:09:00,1,0.4300000000000636,2020-11-13 19:08:00,1.0,True,close_q25
962,T2/S04,2020-11-13 19:18:00,1,0.4300000000000636,2020-11-13 19:17:00,1.0,True,close_q25
963,T2/S04,2020-12-07 19:06:00,1,0.4300000000000636,2020-12-07 19:05:00,1.0,True,close_q25
964,T2/S04,2020-12-07 19:51:00,1,0.4300000000000636,2020-12-07 19:49:00,2.0,True,close_q25
965,T2/S04,2021-02-09 02:55:00,6,0.5475000000000136,2021-02-09 02:54:00,1.0,True,close_q25
966,T2/S04,2021-02-22 19:09:00,1,0.4300000000000636,2021-02-22 19:08:00,1.0,True,close_q25
967,T2/S04,2021-02-22 19:17:00,1,0.4300000000000636,2021-02-22 19:15:00,2.0,True,close_q25
968,T2/S04,2021-02-22 20:06:00,2,0.4875000000000682,2021-02-22 20:05:00,1.0,True,close_q25
969,T2/S04,2021-03-09 19:40:00,1,0.4300000000000636,2021-03-09 19:40:00,0.0,True,close_q25
970,T2/S04,2021-03-09 20:03:00,1,0.4300000000000636,2021-03-09 20:02:00,1.0,True,close_q25
971,T2/S04,2021-03-31 19:07:00,1,0.4300000000000636,2021-03-31 19:06:00,1.0,True,close_q25
972,T2/S04,2021-03-31 19:18:00,1,0.4300000000000636,2021-03-31 19:17:00,1.0,True,close_q25
973,T2/S04,2021-03-31 19:31:00,1,0.4300000000000636,2021-03-31 19:30:00,1.0,True,close_q25
974,T2/S04,2021-03-31 19:55:00,1,0.4300000000000636,2021-03-31 19:51:00,4.0,True,close_q25
975,T2/S04,2021-04-06 21:25:00,3,0.4700000000000273,2021-04-06 21:14:00,11.0,True,close_q25
976,T2/S04,2021-04-08 19:09:00,1,0.4300000000000636,2021-04-08 19:08:00,1.0,True,close_q25
977,T2/S04,2021-04-08 19:16:00,1,0.4300000000000636,2021-04-08 19:15:00,1.0,True,close_q25
978,T2/S04,2021-04-08 23:18:00,1,0.4300000000000636,2021-04-08 22:59:00,19.0,True,close_q25
979,T2/S04,2021-04-13 19:14:00,1,0.4300000000000636,2021-04-13 19:13:00,1.0,True,close_q25
980,T2/S04,2021-04-15 19:01:00,1,0.4300000000000636,2021-04-15 19:00:00,1.0,True,close_q25
981,T2/S04,2021-04-15 19:17:00,1,0.4300000000000636,2021-04-15 19:16:00,1.0,True,close_q25
982,T2/S04,2021-04-16 07:55:00,4,0.5900000000003729,2021-04-16 03:05:00,290.0,True,close_q25
983,T2/S04,2021-04-21 19:33:00,1,0.4300000000000636,2021-04-21 19:32:00,1.0,True,close_q25
984,T2/S04,2021-04-21 19:51:00,1,0.4300000000000636,2021-04-21 19:49:00,2.0,True,close_q25
985,T2/S04,2021-05-03 19:05:00,1,0.4300000000000636,2021-05-03 19:04:00,1.0,True,close_q25
986,T2/S04,2021-05-03 19:19:00,1,0.4300000000000636,2021-05-03 19:18:00,1.0,True,close_q25
987,T2/S04,2021-05-03 19:32:00,1,0.4300000000000636,2021-05-03 19:31:00,1.0,True,close_q25
988,T2/S04,2021-05-03 21:48:00,2,0.4875000000000682,2021-05-03 21:46:00,2.0,True,close_q25
989,T2/S04,2021-05-06 19:06:00,1,0.4300000000000636,2021-05-06 19:05:00,1.0,True,close_q25
990,T2/S04,2021-05-06 20:48:00,2,0.4875000000000682,2021-05-06 20:47:00,1.0,True,close_q25
991,T2/S04,2021-05-13 19:46:00,1,0.4300000000000636,2021-05-13 19:45:00,1.0,True,close_q25
992,T2/S04,2021-05-17 19:49:00,1,0.4300000000000636,2021-05-17 19:48:00,1.0,True,close_q25
993,T2/S04,2021-05-25 19:52:00,1,0.4300000000000636,2021-05-25 19:51:00,1.0,True,close_q25
994,T2/S04,2021-06-02 19:03:00,1,0.4300000000000636,2021-06-02 19:01:00,2.0,True,close_q25
995,T2/S04,2021-06-02 19:45:00,1,0.4300000000000636,2021-06-02 19:44:00,1.0,True,close_q25
996,T2/S04,2021-06-04 22:13:00,3,0.4700000000000273,2021-06-04 22:12:00,1.0,True,close_q25
997,T2/S04,2021-06-07 19:39:00,1,0.4300000000000636,2021-06-07 19:38:00,1.0,True,close_q25
998,T2/S04,2021-06-07 20:18:00,1,0.4300000000000636,2021-06-07 20:03:00,15.0,True,close_q25
999,T2/S04,2021-08-11 20:03:00,3,0.4700000000000273,2021-08-11 19:55:00,8.0,True,close_q25
1000,T2/S04,2021-08-13 19:02:00,1,0.4300000000000636,2021-08-13 19:01:00,1.0,True,close_q25
1001,T2/S04,2021-08-13 21:11:00,2,0.4875000000000682,2021-08-13 21:10:00,1.0,True,close_q25
1002,T2/S04,2021-09-03 19:49:00,1,0.4300000000000636,2021-09-03 19:17:00,32.0,True,close_q25
1003,T2/S04,2021-09-21 19:41:00,2,0.4875000000000682,2021-09-21 19:40:00,1.0,True,close_q25
1004,T2/S04,2021-09-21 20:30:00,1,0.4300000000000636,2021-09-21 20:29:00,1.0,True,close_q25
1005,T2/S04,2021-09-30 19:04:00,1,0.4300000000000636,2021-09-30 19:00:00,4.0,True,close_q25
1006,T2/S04,2021-09-30 19:22:00,1,0.4300000000000636,2021-09-30 19:21:00,1.0,True,close_q25
1007,T2/S04,2021-09-30 19:31:00,1,0.4300000000000636,2021-09-30 19:30:00,1.0,True,close_q25
1008,T2/S04,2021-09-30 23:11:00,3,0.4700000000000273,2021-09-30 22:03:00,68.0,True,close_q25
1009,T2/S04,2021-10-01 04:46:00,3,0.4700000000000273,2021-10-01 02:33:00,133.0,True,close_q25
1010,T2/S04,2021-10-04 19:40:00,1,0.4300000000000636,2021-10-04 19:34:00,6.0,True,close_q25
1011,T2/S04,2021-10-04 22:49:00,4,0.5900000000003729,2021-10-04 22:49:00,0.0,True,close_q25
1012,T2/S04,2021-10-06 19:38:00,1,0.4300000000000636,2021-10-06 19:34:00,4.0,True,close_q25
1013,T2/S04,2021-10-25 21:31:00,2,0.4875000000000682,2021-10-25 19:08:00,143.0,True,close_q25
1014,T2/S04,2021-11-04 19:18:00,1,0.4300000000000636,2021-11-04 19:17:00,1.0,True,close_q25
1015,T2/S04,2021-11-05 19:26:00,1,0.4300000000000636,2021-11-05 19:25:00,1.0,True,close_q25
1016,T2/S04,2021-11-05 20:21:00,2,0.4875000000000682,2021-11-05 20:20:00,1.0,True,close_q25
1017,T2/S04,2021-11-08 20:19:00,1,0.4300000000000636,2021-11-08 20:18:00,1.0,True,close_q25
1018,T2/S04,2021-11-10 21:43:00,7,,,,False,close_q25
1019,T2/S04,2021-11-12 19:46:00,2,0.4875000000000682,2021-11-12 19:43:00,3.0,True,close_q25
1020,T2/S04,2021-12-10 20:13:00,2,0.4875000000000682,2021-12-10 19:08:00,65.0,True,close_q25
1021,T2/S04,2021-12-16 22:01:00,3,0.4700000000000273,2021-12-16 22:00:00,1.0,True,close_q25
1022,T2/S04,2021-12-31 19:29:00,1,0.4300000000000636,2021-12-31 19:28:00,1.0,True,close_q25
1023,T2/S04,2021-12-31 20:29:00,2,0.4875000000000682,2021-12-31 19:55:00,34.0,True,close_q25
1024,T2/S04,2022-01-20 02:59:00,1,0.4300000000000636,2022-01-19 19:04:00,475.0,True,close_q25
1025,T2/S04,2022-01-25 19:25:00,2,0.4875000000000682,2022-01-25 19:24:00,1.0,True,close_q25
1026,T2/S04,2022-01-25 19:36:00,1,0.4300000000000636,2022-01-25 19:34:00,2.0,True,close_q25
1027,T2/S04,2022-01-25 19:58:00,1,0.4300000000000636,2022-01-25 19:57:00,1.0,True,close_q25
1028,T2/S04,2022-02-02 19:08:00,1,0.4300000000000636,2022-02-02 19:06:00,2.0,True,close_q25
1029,T2/S04,2022-02-02 20:00:00,2,0.4875000000000682,2022-02-02 19:59:00,1.0,True,close_q25
1030,T2/S04,2022-02-08 19:09:00,1,0.4300000000000636,2022-02-08 19:08:00,1.0,True,close_q25
1031,T2/S04,2022-02-08 20:36:00,2,0.4875000000000682,2022-02-08 20:35:00,1.0,True,close_q25
1032,T2/S04,2022-02-23 19:01:00,1,0.4300000000000636,2022-02-23 19:00:00,1.0,True,close_q25
1033,T2/S04,2022-02-23 19:26:00,1,0.4300000000000636,2022-02-23 19:24:00,2.0,True,close_q25
1034,T2/S04,2022-02-23 20:59:00,3,0.4700000000000273,2022-02-23 20:58:00,1.0,True,close_q25
1035,T2/S04,2022-03-08 19:06:00,6,0.5475000000000136,2022-03-08 19:05:00,1.0,True,close_q25
1036,T2/S04,2022-03-08 19:16:00,2,0.4875000000000682,2022-03-08 19:15:00,1.0,True,close_q25
1037,T2/S04,2022-03-30 22:39:00,8,,,,False,close_q25
1038,T2/S04,2022-03-31 19:48:00,6,0.5475000000000136,2022-03-31 19:47:00,1.0,True,close_q25
1039,T2/S04,2022-04-12 19:31:00,2,0.4875000000000682,2022-04-12 19:30:00,1.0,True,close_q25
1040,T2/S04,2022-05-16 19:44:00,4,0.5900000000003729,2022-05-16 19:43:00,1.0,True,close_q25
1041,T2/S04,2022-05-16 19:51:00,2,0.4875000000000682,2022-05-16 19:49:00,2.0,True,close_q25
1042,T2/S04,2022-06-01 20:04:00,4,0.5900000000003729,2022-06-01 20:03:00,1.0,True,close_q25
1043,T2/S04,2022-06-03 03:26:00,2,0.4875000000000682,2022-06-02 19:03:00,503.0,True,close_q25
1044,T2/S04,2022-07-21 19:28:00,4,0.5900000000003729,2022-07-21 19:27:00,1.0,True,close_q25
1045,T2/S04,2022-07-21 20:09:00,4,0.5900000000003729,2022-07-21 20:08:00,1.0,True,close_q25
1046,T2/S04,2022-08-08 19:21:00,2,0.4875000000000682,2022-08-08 19:17:00,4.0,True,close_q25
1047,T2/S04,2022-08-12 20:05:00,2,0.4875000000000682,2022-08-12 20:04:00,1.0,True,close_q25
1048,T2/S04,2022-08-29 21:04:00,9,,,,False,close_q25
1049,T2/S04,2022-09-02 21:31:00,12,,,,False,close_q25
1050,T2/S04,2022-09-28 19:01:00,3,0.4700000000000273,2022-09-28 19:00:00,1.0,True,close_q25
1051,T2/S04,2022-09-28 19:53:00,9,,,,False,close_q25
1052,T2/S04,2022-10-03 19:03:00,3,0.4700000000000273,2022-10-03 19:02:00,1.0,True,close_q25
1053,T2/S04,2022-10-03 19:41:00,6,0.5475000000000136,2022-10-03 19:40:00,1.0,True,close_q25
1054,T2/S04,2022-10-03 19:50:00,3,0.4700000000000273,2022-10-03 19:49:00,1.0,True,close_q25
1055,T2/S04,2022-10-11 19:41:00,3,0.4700000000000273,2022-10-11 19:40:00,1.0,True,close_q25
1056,T2/S04,2022-10-11 19:47:00,3,0.4700000000000273,2022-10-11 19:46:00,1.0,True,close_q25
1057,T2/S04,2022-10-21 19:02:00,3,0.4700000000000273,2022-10-21 19:01:00,1.0,True,close_q25
1058,T2/S04,2022-10-21 19:25:00,6,0.5475000000000136,2022-10-21 19:24:00,1.0,True,close_q25
1059,T2/S04,2022-10-21 19:32:00,3,0.4700000000000273,2022-10-21 19:31:00,1.0,True,close_q25
1060,T2/S04,2022-10-21 19:46:00,3,0.4700000000000273,2022-10-21 19:45:00,1.0,True,close_q25
1061,T2/S04,2022-11-04 19:37:00,3,0.4700000000000273,2022-11-04 19:35:00,2.0,True,close_q25
1062,T2/S04,2022-11-04 19:55:00,3,0.4700000000000273,2022-11-04 19:54:00,1.0,True,close_q25
1063,T2/S04,2022-11-08 19:01:00,3,0.4700000000000273,2022-11-08 19:00:00,1.0,True,close_q25
1064,T2/S04,2022-11-08 19:27:00,3,0.4700000000000273,2022-11-08 19:23:00,4.0,True,close_q25
1065,T2/S04,2022-11-08 19:36:00,3,0.4700000000000273,2022-11-08 19:35:00,1.0,True,close_q25
1066,T2/S04,2022-11-08 19:56:00,3,0.4700000000000273,2022-11-08 19:55:00,1.0,True,close_q25
1067,T2/S04,2022-11-10 19:19:00,6,0.5475000000000136,2022-11-10 19:18:00,1.0,True,close_q25
1068,T2/S04,2022-11-10 19:57:00,6,0.5475000000000136,2022-11-10 19:56:00,1.0,True,close_q25
1069,T2/S04,2022-11-14 19:03:00,3,0.4700000000000273,2022-11-14 19:02:00,1.0,True,close_q25
1070,T2/S04,2022-11-14 19:17:00,3,0.4700000000000273,2022-11-14 19:16:00,1.0,True,close_q25
1071,T2/S04,2022-11-14 19:38:00,3,0.4700000000000273,2022-11-14 19:37:00,1.0,True,close_q25
1072,T2/S04,2022-11-14 19:52:00,3,0.4700000000000273,2022-11-14 19:51:00,1.0,True,close_q25
1073,T2/S04,2022-12-01 19:29:00,6,0.5475000000000136,2022-12-01 19:29:00,0.0,True,close_q25
1074,T2/S04,2022-12-01 21:17:00,6,0.5475000000000136,2022-12-01 21:16:00,1.0,True,close_q25
1075,T2/S04,2022-12-16 19:01:00,3,0.4700000000000273,2022-12-16 19:00:00,1.0,True,close_q25
1076,T2/S04,2022-12-16 19:20:00,3,0.4700000000000273,2022-12-16 19:19:00,1.0,True,close_q25
1077,T2/S04,2022-12-16 20:12:00,6,0.5475000000000136,2022-12-16 20:11:00,1.0,True,close_q25
1078,T2/S04,2022-12-27 19:05:00,3,0.4700000000000273,2022-12-27 19:04:00,1.0,True,close_q25
1079,T2/S04,2022-12-29 07:07:00,39,,,,False,close_q25
1080,T2/S04,2022-12-29 19:51:00,3,0.4700000000000273,2022-12-29 19:50:00,1.0,True,close_q25
1081,T2/S04,2023-01-06 19:01:00,3,0.4700000000000273,2023-01-06 19:00:00,1.0,True,close_q25
1082,T2/S04,2023-01-06 19:37:00,6,0.5475000000000136,2023-01-06 19:36:00,1.0,True,close_q25
1083,T2/S04,2023-01-06 20:06:00,3,0.4700000000000273,2023-01-06 20:05:00,1.0,True,close_q25
1084,T2/S04,2023-01-25 20:03:00,8,,,,False,close_q25
1085,T2/S04,2023-01-31 19:06:00,4,0.5900000000003729,2023-01-31 19:06:00,0.0,True,close_q25
1086,T2/S04,2023-01-31 19:17:00,4,0.5900000000003729,,,False,close_q25
1087,T2/S04,2023-01-31 20:32:00,4,0.5900000000003729,2023-01-31 20:31:00,1.0,True,close_q25
1088,T2/S04,2023-02-17 19:02:00,4,0.5900000000003729,2023-02-17 19:01:00,1.0,True,close_q25
1089,T2/S04,2023-02-17 19:16:00,4,0.5900000000003729,2023-02-17 19:16:00,0.0,True,close_q25
1090,T2/S04,2023-02-17 20:35:00,8,,,,False,close_q25
1091,T2/S04,2023-02-28 19:02:00,4,0.5900000000003729,2023-02-28 19:01:00,1.0,True,close_q25
1092,T2/S04,2023-02-28 19:26:00,4,0.5900000000003729,2023-02-28 19:25:00,1.0,True,close_q25
1093,T2/S04,2023-02-28 19:35:00,4,0.5900000000003729,2023-02-28 19:34:00,1.0,True,close_q25
1094,T2/S04,2023-02-28 19:54:00,4,0.5900000000003729,2023-02-28 19:53:00,1.0,True,close_q25
1095,T2/S04,2023-03-15 19:03:00,4,0.5900000000003729,2023-03-15 19:03:00,0.0,True,close_q25
1096,T2/S04,2023-03-17 19:01:00,4,0.5900000000003729,2023-03-17 19:01:00,0.0,True,close_q25
1097,T2/S04,2023-03-17 19:17:00,4,0.5900000000003729,2023-03-17 19:16:00,1.0,True,close_q25
1098,T2/S04,2023-03-17 19:32:00,4,0.5900000000003729,2023-03-17 19:31:00,1.0,True,close_q25
1099,T2/S04,2023-03-17 19:46:00,4,0.5900000000003729,2023-03-17 19:45:00,1.0,True,close_q25
1100,T2/S04,2023-03-28 19:07:00,4,0.5900000000003729,2023-03-28 19:07:00,0.0,True,close_q25
1101,T2/S04,2023-03-28 19:17:00,4,0.5900000000003729,2023-03-28 19:17:00,0.0,True,close_q25
1102,T2/S04,2023-03-28 19:41:00,4,0.5900000000003729,2023-03-28 19:40:00,1.0,True,close_q25
1103,T2/S04,2023-03-28 20:01:00,4,0.5900000000003729,2023-03-28 20:00:00,1.0,True,close_q25
1104,T2/S04,2023-03-30 19:35:00,4,0.5900000000003729,2023-03-30 19:34:00,1.0,True,close_q25
1105,T2/S04,2023-03-30 19:49:00,4,0.5900000000003729,2023-03-30 19:49:00,0.0,True,close_q25
1106,T2/S04,2023-04-03 19:07:00,4,0.5900000000003729,2023-04-03 19:06:00,1.0,True,close_q25
1107,T2/S04,2023-04-03 19:20:00,4,0.5900000000003729,2023-04-03 19:19:00,1.0,True,close_q25
1108,T2/S04,2023-04-04 15:21:00,24,,,,False,close_q25
1109,T2/S04,2023-04-04 19:03:00,4,0.5900000000003729,2023-04-04 19:03:00,0.0,True,close_q25
1110,T2/S04,2023-04-04 22:47:00,15,,,,False,close_q25
1111,T2/S04,2023-05-02 19:02:00,5,0.2749999999998636,2023-05-02 19:01:00,1.0,True,close_q25
1112,T2/S04,2023-05-02 19:16:00,5,0.2749999999998636,2023-05-02 19:15:00,1.0,True,close_q25
1113,T2/S04,2023-05-02 19:46:00,10,,,,False,close_q25
1114,T2/S04,2023-05-23 19:47:00,5,0.2749999999998636,2023-05-23 19:46:00,1.0,True,close_q25
1115,T2/S04,2023-06-05 20:43:00,5,0.2749999999998636,2023-06-05 20:42:00,1.0,True,close_q25
1116,T2/S04,2023-06-08 19:01:00,5,0.2749999999998636,2023-06-08 19:00:00,1.0,True,close_q25
1117,T2/S04,2023-06-08 19:18:00,5,0.2749999999998636,2023-06-08 19:17:00,1.0,True,close_q25
1118,T2/S04,2023-06-09 01:08:00,20,,2023-06-08 19:34:00,334.0,True,close_q25
1119,T2/S04,2023-06-15 19:02:00,5,0.2749999999998636,2023-06-15 19:01:00,1.0,True,close_q25
1120,T2/S04,2023-06-15 19:31:00,5,0.2749999999998636,2023-06-15 19:24:00,7.0,True,close_q25
1121,T2/S04,2023-06-15 19:49:00,5,0.2749999999998636,2023-06-15 19:48:00,1.0,True,close_q25
1122,T2/S04,2023-06-30 19:03:00,5,0.2749999999998636,2023-06-30 19:01:00,2.0,True,close_q25
1123,T2/S04,2023-06-30 19:19:00,5,0.2749999999998636,2023-06-30 19:15:00,4.0,True,close_q25
1124,T2/S04,2023-06-30 19:33:00,5,0.2749999999998636,2023-06-30 19:31:00,2.0,True,close_q25
1125,T2/S04,2023-06-30 19:51:00,5,0.2749999999998636,2023-06-30 19:46:00,5.0,True,close_q25
1126,T2/S04,2023-07-04 09:13:00,20,,,,False,close_q25
1127,T2/S04,2023-07-12 19:19:00,5,0.2749999999998636,2023-07-12 19:09:00,10.0,True,close_q25
1128,T2/S04,2023-07-12 19:44:00,5,0.2749999999998636,2023-07-12 19:33:00,11.0,True,close_q25
1129,T2/S04,2023-07-12 22:47:00,10,,2023-07-12 19:54:00,173.0,True,close_q25
1130,T2/S04,2023-07-18 19:26:00,6,0.5475000000000136,2023-07-18 19:25:00,1.0,True,close_q25
1131,T2/S04,2023-07-28 19:05:00,6,0.5475000000000136,2023-07-28 19:04:00,1.0,True,close_q25
1132,T2/S04,2023-07-28 19:24:00,6,0.5475000000000136,2023-07-28 19:24:00,0.0,True,close_q25
1133,T2/S04,2023-07-31 19:15:00,6,0.5475000000000136,2023-07-31 19:14:00,1.0,True,close_q25
1134,T2/S04,2023-07-31 19:42:00,6,0.5475000000000136,2023-07-31 19:41:00,1.0,True,close_q25
1135,T2/S04,2023-07-31 20:23:00,12,,,,False,close_q25
1136,T2/S04,2023-08-23 19:11:00,6,0.5475000000000136,2023-08-23 19:10:00,1.0,True,close_q25
1137,T2/S04,2023-08-23 19:35:00,6,0.5475000000000136,2023-08-23 19:34:00,1.0,True,close_q25
1138,T2/S04,2023-08-24 03:19:00,12,,,,False,close_q25
1139,T2/S04,2023-08-29 04:05:00,30,,,,False,close_q25
1140,T2/S04,2023-08-29 19:09:00,6,0.5475000000000136,2023-08-29 19:08:00,1.0,True,close_q25
1141,T2/S04,2023-08-29 19:53:00,12,,,,False,close_q25
1142,T2/S04,2023-08-30 19:58:00,12,,,,False,close_q25
1143,T2/S04,2023-09-20 19:04:00,6,0.5475000000000136,,,False,close_q25
1144,T2/S04,2023-09-20 19:21:00,6,0.5475000000000136,2023-09-20 19:21:00,0.0,True,close_q25
1145,T2/S04,2023-09-20 19:54:00,6,0.5475000000000136,2023-09-20 19:53:00,1.0,True,close_q25
1146,T2/S04,2023-10-13 19:02:00,6,0.5475000000000136,2023-10-13 19:01:00,1.0,True,close_q25
1147,T2/S04,2023-10-13 19:46:00,18,,,,False,close_q25
1148,T2/S04,2023-10-16 20:01:00,7,,,,False,close_q25
1149,T2/S04,2023-11-09 19:03:00,7,,,,False,close_q25
1150,T2/S04,2023-11-09 20:17:00,21,,,,False,close_q25
1151,T2/S04,2023-11-14 20:08:00,16,,,,False,close_q25
1152,T2/S04,2023-11-21 19:59:00,16,,,,False,close_q25
1153,T2/S04,2023-11-28 19:03:00,8,,,,False,close_q25
1154,T2/S04,2023-11-28 21:46:00,24,,,,False,close_q25
1155,T2/S04,2023-12-19 19:04:00,9,,,,False,close_q25
1156,T3/S06,2018-01-25 23:42:00,1,0.6825000000000045,2018-01-25 23:31:00,11.0,True,close_q25
1157,T3/S06,2018-02-07 14:18:00,3,,,,False,close_q25
1158,T3/S06,2018-02-16 23:31:00,1,0.6825000000000045,2018-02-16 23:30:00,1.0,True,close_q25
1159,T3/S06,2018-02-16 23:43:00,1,0.6825000000000045,,,False,close_q25
1160,T3/S06,2018-02-19 05:57:00,2,0.8174999999999386,,,False,close_q25
1161,T3/S06,2018-05-15 07:26:00,1,0.6825000000000045,2018-05-14 23:47:00,459.0,True,close_q25
1162,T3/S06,2018-05-31 23:47:00,1,0.6825000000000045,2018-05-31 23:46:00,1.0,True,close_q25
1163,T3/S06,2018-06-01 13:51:00,1,0.6825000000000045,2018-06-01 13:50:00,1.0,True,close_q25
1164,T3/S06,2018-07-03 04:44:00,1,0.6825000000000045,2018-07-03 04:43:00,1.0,True,close_q25
1165,T3/S06,2018-07-12 04:00:00,1,0.6825000000000045,2018-07-11 23:33:00,267.0,True,close_q25
1166,T3/S06,2018-08-02 23:23:00,1,0.6825000000000045,2018-08-02 23:22:00,1.0,True,close_q25
1167,T3/S06,2018-08-02 23:33:00,1,0.6825000000000045,2018-08-02 23:32:00,1.0,True,close_q25
1168,T3/S06,2018-08-03 05:04:00,1,0.6825000000000045,2018-08-03 04:44:00,20.0,True,close_q25
1169,T3/S06,2018-08-07 20:22:00,3,,2018-08-06 23:10:00,1272.0,True,close_q25
1170,T3/S06,2018-08-14 03:01:00,1,0.6825000000000045,2018-08-14 03:00:00,1.0,True,close_q25
1171,T3/S06,2018-08-16 02:50:00,1,0.6825000000000045,2018-08-16 02:49:00,1.0,True,close_q25
1172,T3/S06,2018-08-24 02:29:00,1,0.6825000000000045,2018-08-24 02:26:00,3.0,True,close_q25
1173,T3/S06,2018-09-17 03:01:00,1,0.6825000000000045,2018-09-14 23:51:00,3070.0,True,close_q25
1174,T3/S06,2018-11-12 23:34:00,1,0.6825000000000045,2018-11-12 23:20:00,14.0,True,close_q25
1175,T3/S06,2018-11-13 10:13:00,2,0.8174999999999386,,,False,close_q25
1176,T3/S06,2019-01-11 16:18:00,3,,,,False,close_q25
1177,T3/S06,2019-01-21 10:47:00,1,0.6825000000000045,2019-01-21 10:44:00,3.0,True,close_q25
1178,T3/S06,2019-02-06 23:52:00,1,0.6825000000000045,2019-02-06 23:51:00,1.0,True,close_q25
1179,T3/S06,2019-02-21 23:07:00,1,0.6825000000000045,2019-02-21 23:02:00,5.0,True,close_q25
1180,T3/S06,2019-02-22 11:45:00,2,0.8174999999999386,2019-02-22 11:44:00,1.0,True,close_q25
1181,T3/S06,2019-03-04 09:31:00,3,,,,False,close_q25
1182,T3/S06,2019-04-12 15:33:00,2,0.8174999999999386,2019-04-12 15:32:00,1.0,True,close_q25
1183,T3/S06,2019-07-11 23:33:00,1,0.6825000000000045,2019-07-11 23:32:00,1.0,True,close_q25
1184,T3/S06,2019-07-12 02:41:00,2,0.8174999999999386,2019-07-12 02:40:00,1.0,True,close_q25
1185,T3/S06,2019-08-01 02:11:00,2,0.8174999999999386,2019-08-01 02:10:00,1.0,True,close_q25
1186,T3/S06,2019-09-25 23:52:00,1,0.6825000000000045,2019-09-25 23:51:00,1.0,True,close_q25
1187,T3/S06,2019-10-07 23:20:00,1,0.6825000000000045,2019-10-07 23:19:00,1.0,True,close_q25
1188,T3/S06,2019-10-08 03:04:00,1,0.6825000000000045,2019-10-08 03:03:00,1.0,True,close_q25
1189,T3/S06,2020-03-31 23:11:00,1,0.6825000000000045,2020-03-31 23:09:00,2.0,True,close_q25
1190,T3/S06,2020-03-31 23:24:00,1,0.6825000000000045,2020-03-31 23:23:00,1.0,True,close_q25
1191,T3/S06,2020-03-31 23:34:00,1,0.6825000000000045,2020-03-31 23:30:00,4.0,True,close_q25
1192,T3/S06,2020-03-31 23:48:00,1,0.6825000000000045,2020-03-31 23:42:00,6.0,True,close_q25
1193,T3/S06,2020-04-01 01:05:00,1,0.6825000000000045,2020-04-01 01:05:00,0.0,True,close_q25
1194,T3/S06,2020-05-18 23:44:00,1,0.6825000000000045,2020-05-18 23:26:00,18.0,True,close_q25
1195,T3/S06,2020-08-11 23:02:00,1,0.6825000000000045,2020-08-11 23:01:00,1.0,True,close_q25
1196,T3/S06,2020-08-11 23:17:00,1,0.6825000000000045,2020-08-11 23:10:00,7.0,True,close_q25
1197,T3/S06,2020-08-12 02:15:00,7,,,,False,close_q25
1198,T3/S06,2020-08-19 23:48:00,1,0.6825000000000045,2020-08-19 23:47:00,1.0,True,close_q25
1199,T3/S06,2020-08-20 02:25:00,4,,,,False,close_q25
1200,T3/S06,2020-09-02 03:48:00,2,0.8174999999999386,2020-09-02 03:47:00,1.0,True,close_q25
1201,T3/S06,2020-10-06 23:03:00,1,0.6825000000000045,2020-10-06 23:02:00,1.0,True,close_q25
1202,T3/S06,2020-10-06 23:40:00,1,0.6825000000000045,2020-10-06 23:38:00,2.0,True,close_q25
1203,T3/S06,2020-10-06 23:53:00,2,0.8174999999999386,2020-10-06 23:53:00,0.0,True,close_q25
1204,T3/S06,2021-01-11 01:12:00,2,0.8174999999999386,2021-01-11 01:11:00,1.0,True,close_q25
1205,T3/S06,2021-01-13 23:03:00,1,0.6825000000000045,2021-01-13 23:02:00,1.0,True,close_q25
1206,T3/S06,2021-01-13 23:11:00,1,0.6825000000000045,2021-01-13 23:10:00,1.0,True,close_q25
1207,T3/S06,2021-01-13 23:41:00,1,0.6825000000000045,2021-01-13 23:40:00,1.0,True,close_q25
1208,T3/S06,2021-01-14 04:20:00,3,,,,False,close_q25
1209,T3/S06,2021-02-11 23:05:00,1,0.6825000000000045,,,False,close_q25
1210,T3/S06,2021-02-11 23:50:00,1,0.6825000000000045,2021-02-11 23:50:00,0.0,True,close_q25
1211,T3/S06,2021-03-02 01:21:00,1,0.6825000000000045,2021-03-02 01:20:00,1.0,True,close_q25
1212,T3/S06,2021-03-03 23:38:00,1,0.6825000000000045,,,False,close_q25
1213,T3/S06,2021-03-03 23:48:00,1,0.6825000000000045,2021-03-03 23:47:00,1.0,True,close_q25
1214,T3/S06,2021-03-04 01:05:00,1,0.6825000000000045,2021-03-04 01:05:00,0.0,True,close_q25
1215,T3/S06,2021-03-04 23:46:00,1,0.6825000000000045,2021-03-04 23:45:00,1.0,True,close_q25
1216,T3/S06,2021-03-05 01:06:00,1,0.6825000000000045,2021-03-05 01:05:00,1.0,True,close_q25
1217,T3/S06,2021-06-11 23:17:00,1,0.6825000000000045,2021-06-11 23:17:00,0.0,True,close_q25
1218,T3/S06,2021-06-14 01:54:00,1,0.6825000000000045,2021-06-14 01:53:00,1.0,True,close_q25
1219,T3/S06,2021-06-16 23:23:00,1,0.6825000000000045,2021-06-16 23:22:00,1.0,True,close_q25
1220,T3/S06,2021-06-16 23:31:00,1,0.6825000000000045,2021-06-16 23:30:00,1.0,True,close_q25
1221,T3/S06,2021-06-16 23:41:00,1,0.6825000000000045,2021-06-16 23:41:00,0.0,True,close_q25
1222,T3/S06,2021-06-16 23:52:00,1,0.6825000000000045,2021-06-16 23:51:00,1.0,True,close_q25
1223,T3/S06,2021-07-30 23:02:00,1,0.6825000000000045,2021-07-30 23:01:00,1.0,True,close_q25
1224,T3/S06,2021-08-02 02:24:00,1,0.6825000000000045,2021-08-02 02:23:00,1.0,True,close_q25
1225,T3/S06,2021-09-13 01:06:00,1,0.6825000000000045,,,False,close_q25
1226,T3/S06,2021-09-24 15:23:00,6,,,,False,close_q25
1227,T3/S06,2021-10-15 23:21:00,1,0.6825000000000045,2021-10-15 23:20:00,1.0,True,close_q25
1228,T3/S06,2021-10-18 01:16:00,1,0.6825000000000045,2021-10-18 01:15:00,1.0,True,close_q25
1229,T3/S06,2021-11-19 23:46:00,1,0.6825000000000045,2021-11-19 23:42:00,4.0,True,close_q25
1230,T3/S06,2021-11-22 01:05:00,1,0.6825000000000045,2021-11-22 01:05:00,0.0,True,close_q25
1231,T3/S06,2021-11-23 04:16:00,3,,,,False,close_q25
1232,T3/S06,2022-01-26 23:08:00,1,0.6825000000000045,2022-01-26 23:07:00,1.0,True,close_q25
1233,T3/S06,2022-01-26 23:26:00,1,0.6825000000000045,2022-01-26 23:25:00,1.0,True,close_q25
1234,T3/S06,2022-01-26 23:31:00,1,0.6825000000000045,2022-01-26 23:30:00,1.0,True,close_q25
1235,T3/S06,2022-01-27 03:04:00,2,0.8174999999999386,,,False,close_q25
1236,T3/S06,2022-02-24 23:06:00,1,0.6825000000000045,2022-02-24 23:06:00,0.0,True,close_q25
1237,T3/S06,2022-02-25 13:27:00,6,,,,False,close_q25
1238,T3/S06,2022-05-03 04:15:00,4,,,,False,close_q25
1239,T3/S06,2022-05-12 23:01:00,2,0.8174999999999386,2022-05-12 23:00:00,1.0,True,close_q25
1240,T3/S06,2022-05-13 01:26:00,2,0.8174999999999386,2022-05-13 01:25:00,1.0,True,close_q25
1241,T3/S06,2022-06-01 03:03:00,2,0.8174999999999386,2022-06-01 03:02:00,1.0,True,close_q25
1242,T3/S06,2022-06-03 23:16:00,2,0.8174999999999386,2022-06-03 23:16:00,0.0,True,close_q25
1243,T3/S06,2022-11-21 02:41:00,6,,,,False,close_q25
1244,T3/S06,2022-12-06 07:32:00,12,,,,False,close_q25
1245,T3/S06,2023-02-02 23:07:00,4,,,,False,close_q25
1246,T3/S06,2023-02-02 23:26:00,4,,,,False,close_q25
1247,T3/S06,2023-02-10 02:04:00,4,,,,False,close_q25
1248,T3/S06,2023-05-16 23:15:00,5,,,,False,close_q25
1249,T3/S06,2023-05-17 01:05:00,5,,,,False,close_q25
1250,T3/S06,2023-06-05 01:05:00,5,,,,False,close_q25
1251,T3/S06,2023-08-17 03:51:00,6,,,,False,close_q25
1252,T3/S06,2023-09-27 05:25:00,12,,,,False,close_q25
1253,T3/S06,2023-11-13 05:00:00,16,,,,False,close_q25
1254,T3/S06,2023-12-28 04:00:00,188,,,,False,close_q25
1255,T4/S08,2018-07-04 09:22:00,2,,,,False,close_q25
1256,T4/S08,2018-07-24 14:53:00,8,,,,False,close_q25
1257,T4/S08,2018-12-18 10:15:00,3,1.397499999999809,2018-12-18 10:11:00,4.0,True,close_q25
1258,T4/S08,2019-05-31 09:59:00,1,1.3700000000001182,2019-05-31 09:45:00,14.0,True,close_q25
1259,T4/S08,2019-05-31 12:27:00,1,1.3700000000001182,2019-05-31 12:26:00,1.0,True,close_q25
1260,T4/S08,2019-06-20 06:19:00,1,1.3700000000001182,2019-06-20 06:15:00,4.0,True,close_q25
1261,T4/S08,2019-06-20 08:47:00,3,1.397499999999809,2019-06-20 08:46:00,1.0,True,close_q25
1262,T4/S08,2019-06-20 09:05:00,1,1.3700000000001182,2019-06-20 09:03:00,2.0,True,close_q25
1263,T4/S08,2019-06-20 09:21:00,1,1.3700000000001182,2019-06-20 09:13:00,8.0,True,close_q25
1264,T4/S08,2019-06-20 15:20:00,5,,,,False,close_q25
1265,T4/S08,2019-06-25 09:56:00,6,,,,False,close_q25
1266,T4/S08,2019-12-26 14:16:00,1,1.3700000000001182,2019-12-26 14:01:00,15.0,True,close_q25
1267,T4/S08,2019-12-31 17:26:00,5,,,,False,close_q25
1268,T4/S08,2020-02-24 10:02:00,1,1.3700000000001182,2020-02-24 10:01:00,1.0,True,close_q25
1269,T4/S08,2020-02-24 10:09:00,1,1.3700000000001182,2020-02-24 10:07:00,2.0,True,close_q25
1270,T4/S08,2020-02-24 10:12:00,1,1.3700000000001182,2020-02-24 10:11:00,1.0,True,close_q25
1271,T4/S08,2020-02-24 10:26:00,2,,,,False,close_q25
1272,T4/S08,2020-02-24 10:31:00,1,1.3700000000001182,2020-02-24 10:30:00,1.0,True,close_q25
1273,T4/S08,2020-02-24 11:02:00,2,,,,False,close_q25
1274,T4/S08,2020-02-24 11:16:00,2,,,,False,close_q25
1275,T4/S08,2020-02-24 11:26:00,1,1.3700000000001182,2020-02-24 11:25:00,1.0,True,close_q25
1276,T4/S08,2020-02-24 13:02:00,1,1.3700000000001182,2020-02-24 12:55:00,7.0,True,close_q25
1277,T4/S08,2020-03-24 08:36:00,5,,2020-03-24 06:29:00,127.0,True,close_q25
1278,T4/S08,2020-06-22 15:26:00,5,,,,False,close_q25
1279,T4/S08,2020-07-22 08:49:00,3,1.397499999999809,2020-07-22 08:48:00,1.0,True,close_q25
1280,T4/S08,2020-07-22 10:01:00,2,,,,False,close_q25
1281,T4/S08,2020-07-22 10:44:00,4,,,,False,close_q25
1282,T4/S08,2020-07-27 08:10:00,2,,,,False,close_q25
1283,T4/S08,2020-07-27 11:04:00,1,1.3700000000001182,2020-07-27 11:03:00,1.0,True,close_q25
1284,T4/S08,2020-07-27 11:14:00,1,1.3700000000001182,2020-07-27 11:13:00,1.0,True,close_q25
1285,T4/S08,2020-07-27 11:20:00,2,,,,False,close_q25
1286,T4/S08,2020-07-27 11:37:00,1,1.3700000000001182,2020-07-27 11:36:00,1.0,True,close_q25
1287,T4/S08,2020-07-27 13:01:00,3,1.397499999999809,2020-07-27 12:59:00,2.0,True,close_q25
1288,T4/S08,2021-05-17 08:07:00,1,1.3700000000001182,2021-05-17 08:05:00,2.0,True,close_q25
1289,T4/S08,2021-05-17 16:33:00,6,,,,False,close_q25
1290,T4/S08,2022-02-24 09:21:00,1,1.3700000000001182,2022-02-24 09:20:00,1.0,True,close_q25
1291,T4/S08,2022-02-24 09:55:00,3,1.397499999999809,2022-02-24 09:54:00,1.0,True,close_q25
1292,T4/S08,2022-02-24 10:48:00,4,,,,False,close_q25
1293,T4/S08,2022-02-24 11:18:00,3,1.397499999999809,2022-02-24 11:17:00,1.0,True,close_q25
1294,T4/S08,2022-02-24 11:25:00,1,1.3700000000001182,2022-02-24 11:24:00,1.0,True,close_q25
1295,T4/S08,2022-02-24 11:35:00,1,1.3700000000001182,2022-02-24 11:34:00,1.0,True,close_q25
1296,T4/S08,2022-02-24 11:48:00,1,1.3700000000001182,2022-02-24 11:47:00,1.0,True,close_q25
1297,T4/S08,2022-02-24 11:57:00,1,1.3700000000001182,2022-02-24 11:56:00,1.0,True,close_q25
1298,T4/S08,2022-10-04 10:08:00,3,1.397499999999809,2022-10-04 10:07:00,1.0,True,close_q25
1299,T4/S08,2022-10-04 10:20:00,3,1.397499999999809,2022-10-04 10:19:00,1.0,True,close_q25
1300,T4/S08,2022-10-04 12:03:00,6,,2022-10-04 10:37:00,86.0,True,close_q25
1301,T4/S08,2023-03-20 09:03:00,4,,,,False,close_q25
1302,T4/S08,2023-03-20 09:07:00,4,,,,False,close_q25
1303,T4/S08,2023-03-20 09:18:00,8,,,,False,close_q25
1304,T4/S08,2023-03-20 09:23:00,4,,,,False,close_q25
1305,T4/S08,2023-03-20 09:26:00,4,,,,False,close_q25
1306,T4/S08,2023-03-20 09:32:00,4,,,,False,close_q25
1307,T4/S08,2023-03-20 09:41:00,8,,,,False,close_q25
1308,T4/S08,2023-03-20 10:19:00,20,,,,False,close_q25
1309,T4/S08,2023-03-20 10:35:00,8,,,,False,close_q25
1310,T4/S08,2023-07-13 09:22:00,15,,,,False,close_q25
1311,T4/S08,2023-10-20 08:31:00,21,,,,False,close_q25
1312,T4/S08,2023-10-20 09:10:00,14,,,,False,close_q25
1313,T5/S09,2018-01-10 12:50:00,1,2.125000000000057,,,False,close_q25
1314,T5/S09,2018-01-10 13:04:00,1,2.125000000000057,2018-01-10 13:03:00,1.0,True,close_q25
1315,T5/S09,2018-01-11 16:59:00,2,1.86749999999995,2018-01-11 16:57:00,2.0,True,close_q25
1316,T5/S09,2018-01-24 12:31:00,1,2.125000000000057,2018-01-24 12:31:00,0.0,True,close_q25
1317,T5/S09,2018-01-24 15:01:00,1,2.125000000000057,2018-01-24 15:00:00,1.0,True,close_q25
1318,T5/S09,2018-01-30 16:14:00,5,,,,False,close_q25
1319,T5/S09,2018-02-05 22:08:00,1,2.125000000000057,2018-02-05 22:07:00,1.0,True,close_q25
1320,T5/S09,2018-09-11 23:40:00,4,,,,False,close_q25
1321,T5/S09,2018-10-16 15:35:00,2,1.86749999999995,2018-10-16 15:34:00,1.0,True,close_q25
1322,T5/S09,2018-10-23 11:04:00,1,2.125000000000057,2018-10-23 11:04:00,0.0,True,close_q25
1323,T5/S09,2018-10-23 11:30:00,1,2.125000000000057,,,False,close_q25
1324,T5/S09,2018-10-23 14:45:00,1,2.125000000000057,2018-10-23 14:44:00,1.0,True,close_q25
1325,T5/S09,2018-12-03 16:18:00,1,2.125000000000057,2018-12-03 16:17:00,1.0,True,close_q25
1326,T5/S09,2018-12-20 11:49:00,1,2.125000000000057,2018-12-20 11:48:00,1.0,True,close_q25
1327,T5/S09,2018-12-20 16:13:00,1,2.125000000000057,2018-12-20 16:12:00,1.0,True,close_q25
1328,T5/S09,2018-12-31 13:25:00,1,2.125000000000057,,,False,close_q25
1329,T5/S09,2019-01-22 20:02:00,2,1.86749999999995,2019-01-22 20:00:00,2.0,True,close_q25
1330,T5/S09,2019-02-07 14:53:00,1,2.125000000000057,2019-02-07 14:52:00,1.0,True,close_q25
1331,T5/S09,2019-02-19 15:10:00,1,2.125000000000057,2019-02-19 15:10:00,0.0,True,close_q25
1332,T5/S09,2019-03-08 15:31:00,1,2.125000000000057,2019-03-08 15:30:00,1.0,True,close_q25
1333,T5/S09,2019-06-05 12:24:00,1,2.125000000000057,2019-06-05 12:23:00,1.0,True,close_q25
1334,T5/S09,2019-07-08 10:14:00,1,2.125000000000057,2019-07-08 10:14:00,0.0,True,close_q25
1335,T5/S09,2019-07-10 15:32:00,4,,,,False,close_q25
1336,T5/S09,2019-10-08 13:10:00,1,2.125000000000057,2019-10-08 13:09:00,1.0,True,close_q25
1337,T5/S09,2019-10-08 14:03:00,1,2.125000000000057,2019-10-08 14:02:00,1.0,True,close_q25
1338,T5/S09,2019-10-31 14:32:00,1,2.125000000000057,2019-10-31 14:31:00,1.0,True,close_q25
1339,T5/S09,2020-01-31 16:33:00,1,2.125000000000057,,,False,close_q25
1340,T5/S09,2020-02-24 11:16:00,1,2.125000000000057,2020-02-24 11:16:00,0.0,True,close_q25
1341,T5/S09,2020-02-24 11:26:00,1,2.125000000000057,2020-02-24 11:25:00,1.0,True,close_q25
1342,T5/S09,2020-02-24 13:02:00,1,2.125000000000057,2020-02-24 12:55:00,7.0,True,close_q25
1343,T5/S09,2020-07-17 15:07:00,1,2.125000000000057,,,False,close_q25
1344,T5/S09,2020-08-05 10:33:00,1,2.125000000000057,2020-08-05 10:32:00,1.0,True,close_q25
1345,T5/S09,2020-08-05 10:42:00,1,2.125000000000057,2020-08-05 10:41:00,1.0,True,close_q25
1346,T5/S09,2020-08-05 11:58:00,2,1.86749999999995,2020-08-05 11:57:00,1.0,True,close_q25
1347,T5/S09,2020-08-12 11:18:00,1,2.125000000000057,2020-08-12 11:17:00,1.0,True,close_q25
1348,T5/S09,2020-08-12 14:14:00,4,,,,False,close_q25
1349,T5/S09,2020-08-17 15:11:00,2,1.86749999999995,2020-08-17 15:10:00,1.0,True,close_q25
1350,T5/S09,2020-09-08 17:30:00,5,,,,False,close_q25
1351,T5/S09,2020-10-08 08:38:00,1,2.125000000000057,2020-10-07 11:04:00,1294.0,True,close_q25
1352,T5/S09,2021-01-11 10:03:00,1,2.125000000000057,2021-01-11 10:02:00,1.0,True,close_q25
1353,T5/S09,2021-01-11 10:15:00,1,2.125000000000057,2021-01-11 10:14:00,1.0,True,close_q25
1354,T5/S09,2021-01-11 10:39:00,1,2.125000000000057,,,False,close_q25
1355,T5/S09,2021-01-11 11:08:00,2,1.86749999999995,2021-01-11 11:07:00,1.0,True,close_q25
1356,T5/S09,2021-01-29 14:08:00,1,2.125000000000057,2021-01-29 14:07:00,1.0,True,close_q25
1357,T5/S09,2021-05-14 12:12:00,1,2.125000000000057,2021-05-14 12:12:00,0.0,True,close_q25
1358,T5/S09,2021-07-06 10:54:00,1,2.125000000000057,2021-07-06 10:53:00,1.0,True,close_q25
1359,T5/S09,2021-07-06 14:48:00,1,2.125000000000057,2021-07-06 14:48:00,0.0,True,close_q25
1360,T5/S09,2021-07-08 13:46:00,2,1.86749999999995,2021-07-08 13:45:00,1.0,True,close_q25
1361,T5/S09,2021-12-17 14:36:00,1,2.125000000000057,2021-12-17 14:35:00,1.0,True,close_q25
1362,T5/S09,2022-01-20 02:20:00,1,2.125000000000057,2022-01-19 15:20:00,660.0,True,close_q25
1363,T5/S09,2022-03-01 17:47:00,4,,2022-03-01 12:49:00,298.0,True,close_q25
1364,T5/S09,2022-03-08 10:03:00,2,1.86749999999995,2022-03-08 10:01:00,2.0,True,close_q25
1365,T5/S09,2022-03-08 10:25:00,6,,,,False,close_q25
1366,T5/S09,2022-03-23 15:08:00,4,,,,False,close_q25
1367,T5/S09,2022-07-20 15:29:00,4,,,,False,close_q25
1368,T5/S09,2022-07-28 15:34:00,6,,,,False,close_q25
1369,T5/S09,2022-09-27 10:04:00,3,,,,False,close_q25
1370,T5/S09,2022-09-27 10:29:00,3,,,,False,close_q25
1371,T5/S09,2022-09-27 13:38:00,6,,,,False,close_q25
1372,T5/S09,2022-11-23 16:47:00,9,,,,False,close_q25
1373,T5/S09,2023-01-13 16:37:00,9,,,,False,close_q25
1374,T5/S09,2023-07-11 11:18:00,10,,,,False,close_q25
1375,T5/S09,2023-09-29 10:39:00,6,,,,False,close_q25
1376,T5/S09,2023-09-29 15:44:00,12,,,,False,close_q25
1377,T5/S09,2023-10-11 13:24:00,6,,,,False,close_q25
1378,T5/S09,2023-10-11 19:04:00,6,,,,False,close_q25
1379,T5/S09,2023-12-06 15:16:00,24,,,,False,close_q25
1380,T5/S09,2023-12-22 13:15:00,9,,,,False,close_q25
1381,T5/S09,2023-12-22 13:26:00,9,,,,False,close_q25
1382,T5/S09,2023-12-22 13:40:00,9,,,,False,close_q25
1383,T5/S09,2023-12-22 14:31:00,9,,,,False,close_q25
1384,T5/S10,2018-01-02 22:55:00,1,0.5549999999998931,2018-01-02 22:32:00,23.0,True,close_q25
1385,T5/S10,2018-01-24 01:36:00,1,0.5549999999998931,2018-01-23 22:49:00,167.0,True,close_q25
1386,T5/S10,2018-02-15 01:55:00,1,0.5549999999998931,2018-02-14 22:05:00,230.0,True,close_q25
1387,T5/S10,2018-03-05 02:46:00,1,0.5549999999998931,2018-03-05 01:01:00,105.0,True,close_q25
1388,T5/S10,2018-04-10 03:09:00,1,0.5549999999998931,,,False,close_q25
1389,T5/S10,2018-04-10 14:33:00,1,0.5549999999998931,2018-04-10 10:20:00,253.0,True,close_q25
1390,T5/S10,2018-04-30 03:42:00,1,0.5549999999998931,2018-04-30 03:41:00,1.0,True,close_q25
1391,T5/S10,2018-04-30 20:18:00,4,,2018-04-30 08:01:00,737.0,True,close_q25
1392,T5/S10,2018-05-09 02:26:00,1,0.5549999999998931,,,False,close_q25
1393,T5/S10,2018-05-09 15:21:00,3,,,,False,close_q25
1394,T5/S10,2018-10-10 22:58:00,1,0.5549999999998931,2018-10-10 22:44:00,14.0,True,close_q25
1395,T5/S10,2018-11-01 09:26:00,6,,2018-10-30 00:01:00,3445.0,True,close_q25
1396,T5/S10,2018-12-10 01:03:00,1,0.5549999999998931,2018-12-10 01:02:00,1.0,True,close_q25
1397,T5/S10,2018-12-11 11:11:00,2,0.2200000000000272,2018-12-10 12:24:00,1367.0,True,close_q25
1398,T5/S10,2019-01-23 18:23:00,3,,2019-01-23 10:20:00,483.0,True,close_q25
1399,T5/S10,2019-02-18 03:08:00,1,0.5549999999998931,2019-02-18 02:31:00,37.0,True,close_q25
1400,T5/S10,2019-03-06 02:05:00,1,0.5549999999998931,2019-03-05 22:17:00,228.0,True,close_q25
1401,T5/S10,2019-03-12 04:47:00,1,0.5549999999998931,2019-03-12 03:12:00,95.0,True,close_q25
1402,T5/S10,2019-03-21 03:28:00,1,0.5549999999998931,2019-03-21 01:37:00,111.0,True,close_q25
1403,T5/S10,2019-04-04 22:29:00,1,0.5549999999998931,2019-04-04 22:28:00,1.0,True,close_q25
1404,T5/S10,2019-04-05 16:04:00,1,0.5549999999998931,2019-04-05 10:30:00,334.0,True,close_q25
1405,T5/S10,2019-04-22 01:25:00,1,0.5549999999998931,2019-04-18 23:30:00,4435.0,True,close_q25
1406,T5/S10,2019-05-23 13:17:00,3,,,,False,close_q25
1407,T5/S10,2019-05-31 22:40:00,1,0.5549999999998931,,,False,close_q25
1408,T5/S10,2019-06-04 04:28:00,1,0.5549999999998931,2019-06-03 22:12:00,376.0,True,close_q25
1409,T5/S10,2019-06-04 10:03:00,1,0.5549999999998931,2019-06-04 08:31:00,92.0,True,close_q25
1410,T5/S10,2019-06-04 22:40:00,1,0.5549999999998931,2019-06-04 22:33:00,7.0,True,close_q25
1411,T5/S10,2019-06-19 22:39:00,1,0.5549999999998931,2019-06-19 22:19:00,20.0,True,close_q25
1412,T5/S10,2019-06-24 01:08:00,1,0.5549999999998931,2019-06-24 01:05:00,3.0,True,close_q25
1413,T5/S10,2019-07-02 23:31:00,1,0.5549999999998931,2019-07-02 22:58:00,33.0,True,close_q25
1414,T5/S10,2019-07-05 22:28:00,1,0.5549999999998931,2019-07-05 22:25:00,3.0,True,close_q25
1415,T5/S10,2019-07-08 08:12:00,1,0.5549999999998931,2019-07-08 01:09:00,423.0,True,close_q25
1416,T5/S10,2019-07-15 01:05:00,1,0.5549999999998931,,,False,close_q25
1417,T5/S10,2019-07-18 22:09:00,1,0.5549999999998931,2019-07-18 22:04:00,5.0,True,close_q25
1418,T5/S10,2019-07-18 22:15:00,1,0.5549999999998931,2019-07-18 22:15:00,0.0,True,close_q25
1419,T5/S10,2019-07-18 22:46:00,1,0.5549999999998931,2019-07-18 22:20:00,26.0,True,close_q25
1420,T5/S10,2019-07-18 23:36:00,1,0.5549999999998931,,,False,close_q25
1421,T5/S10,2019-07-19 01:06:00,1,0.5549999999998931,2019-07-18 23:50:00,76.0,True,close_q25
1422,T5/S10,2019-07-30 09:38:00,2,0.2200000000000272,,,False,close_q25
1423,T5/S10,2019-07-31 09:27:00,1,0.5549999999998931,2019-07-31 08:30:00,57.0,True,close_q25
1424,T5/S10,2019-08-12 22:14:00,1,0.5549999999998931,2019-08-12 22:13:00,1.0,True,close_q25
1425,T5/S10,2019-08-21 17:15:00,4,,2019-08-20 22:46:00,1109.0,True,close_q25
1426,T5/S10,2019-08-23 22:13:00,1,0.5549999999998931,2019-08-23 22:00:00,13.0,True,close_q25
1427,T5/S10,2019-09-20 22:19:00,1,0.5549999999998931,2019-09-20 22:00:00,19.0,True,close_q25
1428,T5/S10,2019-09-23 04:52:00,1,0.5549999999998931,2019-09-20 22:45:00,3247.0,True,close_q25
1429,T5/S10,2019-11-13 02:44:00,1,0.5549999999998931,,,False,close_q25
1430,T5/S10,2020-01-15 01:28:00,1,0.5549999999998931,2020-01-14 22:28:00,180.0,True,close_q25
1431,T5/S10,2020-02-10 01:28:00,1,0.5549999999998931,,,False,close_q25
1432,T5/S10,2020-04-06 22:55:00,2,0.2200000000000272,2020-04-06 22:51:00,4.0,True,close_q25
1433,T5/S10,2020-04-14 03:12:00,1,0.5549999999998931,2020-04-14 02:07:00,65.0,True,close_q25
1434,T5/S10,2020-05-19 23:07:00,1,0.5549999999998931,2020-05-19 22:22:00,45.0,True,close_q25
1435,T5/S10,2020-06-15 22:30:00,1,0.5549999999998931,,,False,close_q25
1436,T5/S10,2020-06-16 01:18:00,1,0.5549999999998931,2020-06-15 22:46:00,152.0,True,close_q25
1437,T5/S10,2020-07-10 11:14:00,2,0.2200000000000272,2020-07-10 04:16:00,418.0,True,close_q25
1438,T5/S10,2020-08-25 22:35:00,1,0.5549999999998931,,,False,close_q25
1439,T5/S10,2020-09-28 22:14:00,1,0.5549999999998931,,,False,close_q25
1440,T5/S10,2020-09-28 22:57:00,1,0.5549999999998931,2020-09-28 22:34:00,23.0,True,close_q25
1441,T5/S10,2020-11-04 22:56:00,1,0.5549999999998931,2020-11-04 22:51:00,5.0,True,close_q25
1442,T5/S10,2021-01-06 22:04:00,1,0.5549999999998931,2021-01-06 22:02:00,2.0,True,close_q25
1443,T5/S10,2021-01-07 01:27:00,1,0.5549999999998931,2021-01-06 23:11:00,136.0,True,close_q25
1444,T5/S10,2021-01-12 22:37:00,1,0.5549999999998931,2021-01-12 22:11:00,26.0,True,close_q25
1445,T5/S10,2021-01-13 11:48:00,1,0.5549999999998931,2021-01-13 11:15:00,33.0,True,close_q25
1446,T5/S10,2021-05-14 23:40:00,1,0.5549999999998931,2021-05-14 22:58:00,42.0,True,close_q25
1447,T5/S10,2021-05-24 02:40:00,1,0.5549999999998931,2021-05-21 23:50:00,3050.0,True,close_q25
1448,T5/S10,2021-05-28 02:44:00,1,0.5549999999998931,2021-05-27 22:12:00,272.0,True,close_q25
1449,T5/S10,2021-05-28 15:48:00,3,,2021-05-28 04:30:00,678.0,True,close_q25
1450,T5/S10,2021-06-08 03:43:00,1,0.5549999999998931,2021-06-07 22:12:00,331.0,True,close_q25
1451,T5/S10,2021-06-11 01:35:00,1,0.5549999999998931,2021-06-10 23:43:00,112.0,True,close_q25
1452,T5/S10,2021-06-16 01:06:00,1,0.5549999999998931,2021-06-16 01:05:00,1.0,True,close_q25
1453,T5/S10,2021-06-16 07:30:00,1,0.5549999999998931,2021-06-16 03:41:00,229.0,True,close_q25
1454,T5/S10,2021-09-01 06:50:00,2,0.2200000000000272,2021-09-01 05:50:00,60.0,True,close_q25
1455,T5/S10,2021-12-22 23:00:00,1,0.5549999999998931,2021-12-22 22:06:00,54.0,True,close_q25
1456,T5/S10,2022-01-11 22:30:00,1,0.5549999999998931,2022-01-11 22:11:00,19.0,True,close_q25
1457,T5/S10,2022-02-08 03:46:00,1,0.5549999999998931,,,False,close_q25
1458,T5/S10,2022-02-08 15:36:00,2,0.2200000000000272,2022-02-08 07:30:00,486.0,True,close_q25
1459,T5/S10,2022-02-28 22:31:00,2,0.2200000000000272,2022-02-28 22:10:00,21.0,True,close_q25
1460,T5/S10,2022-02-28 23:00:00,2,0.2200000000000272,2022-02-28 22:51:00,9.0,True,close_q25
1461,T5/S10,2022-03-03 08:47:00,4,,2022-03-02 22:10:00,637.0,True,close_q25
1462,T5/S10,2022-03-24 01:11:00,2,0.2200000000000272,2022-03-23 22:17:00,174.0,True,close_q25
1463,T5/S10,2022-03-24 10:15:00,4,,2022-03-24 03:24:00,411.0,True,close_q25
1464,T5/S10,2022-05-26 17:17:00,2,0.2200000000000272,2022-05-25 22:27:00,1130.0,True,close_q25
1465,T5/S10,2022-05-27 02:56:00,2,0.2200000000000272,2022-05-27 02:56:00,0.0,True,close_q25
1466,T5/S10,2022-05-27 04:51:00,2,0.2200000000000272,2022-05-27 03:39:00,72.0,True,close_q25
1467,T5/S10,2022-07-21 22:59:00,2,0.2200000000000272,2022-07-21 22:42:00,17.0,True,close_q25
1468,T5/S10,2022-10-06 02:18:00,3,,,,False,close_q25
1469,T5/S10,2022-11-07 11:03:00,3,,,,False,close_q25
1470,T5/S10,2023-01-16 03:20:00,6,,,,False,close_q25
1471,T5/S10,2023-01-20 03:25:00,8,,,,False,close_q25
1472,T5/S10,2023-01-25 22:57:00,4,,,,False,close_q25
1473,T5/S10,2023-03-03 02:01:00,4,,,,False,close_q25
1474,T5/S10,2023-03-06 05:13:00,4,,,,False,close_q25
1475,T5/S10,2023-04-13 02:51:00,5,,,,False,close_q25
1476,T5/S10,2023-04-17 05:03:00,20,,,,False,close_q25
1477,T5/S10,2023-05-10 23:01:00,5,,,,False,close_q25
1478,T5/S10,2023-06-06 05:13:00,5,,,,False,close_q25
1479,T5/S10,2023-08-22 04:31:00,6,,,,False,close_q25
1480,T5/S10,2023-10-09 22:16:00,6,,,,False,close_q25
1481,T5/S10,2023-10-09 22:32:00,6,,,,False,close_q25
1482,T5/S10,2023-10-20 02:32:00,13,,,,False,close_q25
1483,T5/S10,2023-10-27 22:06:00,7,,,,False,close_q25
1484,T5/S10,2023-10-30 16:21:00,28,,,,False,close_q25
1485,T5/S10,2023-12-08 23:51:00,8,,,,False,close_q25
1486,T5/S10,2023-12-13 22:06:00,8,,,,False,close_q25
1487,T5/S10,2023-12-13 22:21:00,8,,,,False,close_q25
1488,T5/S10,2023-12-13 22:36:00,8,,,,False,close_q25
1489,T5/S10,2023-12-13 22:54:00,8,,,,False,close_q25
1490,T5/S10,2023-12-26 22:36:00,9,,,,False,close_q25
1491,T5/S10,2023-12-26 22:59:00,9,,,,False,close_q25
1492,T6/S12,2018-01-05 10:20:00,1,1.1699999999998454,2018-01-05 10:17:00,3.0,True,close_q25
1493,T6/S12,2018-01-17 08:55:00,1,1.1699999999998454,2018-01-17 08:54:00,1.0,True,close_q25
1494,T6/S12,2018-02-01 13:31:00,1,1.1699999999998454,2018-02-01 13:30:00,1.0,True,close_q25
1495,T6/S12,2018-03-01 10:52:00,1,1.1699999999998454,2018-03-01 10:51:00,1.0,True,close_q25
1496,T6/S12,2018-03-29 13:19:00,2,1.099999999999909,2018-03-29 12:43:00,36.0,True,close_q25
1497,T6/S12,2018-04-16 10:10:00,1,1.1699999999998454,2018-04-16 10:09:00,1.0,True,close_q25
1498,T6/S12,2018-05-07 10:05:00,1,1.1699999999998454,2018-05-07 10:04:00,1.0,True,close_q25
1499,T6/S12,2018-05-08 11:37:00,2,1.099999999999909,2018-05-08 11:35:00,2.0,True,close_q25
1500,T6/S12,2018-05-21 09:52:00,1,1.1699999999998454,2018-05-21 09:51:00,1.0,True,close_q25
1501,T6/S12,2018-05-22 09:43:00,2,1.099999999999909,2018-05-22 09:42:00,1.0,True,close_q25
1502,T6/S12,2018-05-23 09:33:00,1,1.1699999999998454,2018-05-23 09:32:00,1.0,True,close_q25
1503,T6/S12,2018-05-23 15:51:00,4,0.9475000000001046,2018-05-23 15:49:00,2.0,True,close_q25
1504,T6/S12,2018-06-15 10:05:00,1,1.1699999999998454,2018-06-15 10:04:00,1.0,True,close_q25
1505,T6/S12,2018-06-21 12:03:00,2,1.099999999999909,2018-06-21 11:56:00,7.0,True,close_q25
1506,T6/S12,2018-07-02 09:13:00,1,1.1699999999998454,2018-07-02 09:11:00,2.0,True,close_q25
1507,T6/S12,2018-07-02 16:08:00,2,1.099999999999909,2018-07-02 16:07:00,1.0,True,close_q25
1508,T6/S12,2018-07-18 11:14:00,2,1.099999999999909,2018-07-18 11:13:00,1.0,True,close_q25
1509,T6/S12,2018-07-19 10:09:00,1,1.1699999999998454,2018-07-19 10:08:00,1.0,True,close_q25
1510,T6/S12,2018-07-26 17:22:00,8,,,,False,close_q25
1511,T6/S12,2018-08-06 10:11:00,1,1.1699999999998454,2018-08-06 10:10:00,1.0,True,close_q25
1512,T6/S12,2018-08-13 03:25:00,5,1.3239999999999554,2018-08-13 03:24:00,1.0,True,close_q25
1513,T6/S12,2018-08-30 16:35:00,3,1.0100000000002185,2018-08-30 16:33:00,2.0,True,close_q25
1514,T6/S12,2018-09-06 18:15:00,5,1.3239999999999554,2018-09-06 18:14:00,1.0,True,close_q25
1515,T6/S12,2018-09-10 14:43:00,2,1.099999999999909,2018-09-10 14:38:00,5.0,True,close_q25
1516,T6/S12,2018-10-19 10:13:00,5,1.3239999999999554,2018-10-18 09:50:00,1463.0,True,close_q25
1517,T6/S12,2018-11-12 08:42:00,1,1.1699999999998454,2018-11-12 08:34:00,8.0,True,close_q25
1518,T6/S12,2018-11-12 09:48:00,1,1.1699999999998454,2018-11-12 09:47:00,1.0,True,close_q25
1519,T6/S12,2018-11-20 17:17:00,5,1.3239999999999554,2018-11-19 14:34:00,1603.0,True,close_q25
1520,T6/S12,2018-11-23 09:14:00,1,1.1699999999998454,2018-11-23 09:13:00,1.0,True,close_q25
1521,T6/S12,2018-11-23 10:31:00,1,1.1699999999998454,2018-11-23 10:30:00,1.0,True,close_q25
1522,T6/S12,2018-12-06 20:44:00,4,0.9475000000001046,2018-12-06 20:29:00,15.0,True,close_q25
1523,T6/S12,2018-12-13 12:47:00,3,1.0100000000002185,2018-12-13 12:45:00,2.0,True,close_q25
1524,T6/S12,2018-12-14 09:37:00,1,1.1699999999998454,2018-12-14 09:36:00,1.0,True,close_q25
1525,T6/S12,2018-12-19 21:01:00,6,1.5199999999999818,2018-12-18 16:29:00,1712.0,True,close_q25
1526,T6/S12,2019-03-01 10:06:00,1,1.1699999999998454,2019-03-01 10:02:00,4.0,True,close_q25
1527,T6/S12,2019-03-07 10:01:00,1,1.1699999999998454,2019-03-07 10:00:00,1.0,True,close_q25
1528,T6/S12,2019-03-26 09:21:00,1,1.1699999999998454,2019-03-26 09:20:00,1.0,True,close_q25
1529,T6/S12,2019-04-23 14:07:00,2,1.099999999999909,2019-04-23 14:05:00,2.0,True,close_q25
1530,T6/S12,2019-07-01 09:57:00,1,1.1699999999998454,2019-07-01 09:56:00,1.0,True,close_q25
1531,T6/S12,2019-07-04 10:54:00,1,1.1699999999998454,2019-07-04 10:53:00,1.0,True,close_q25
1532,T6/S12,2019-07-11 10:41:00,2,1.099999999999909,2019-07-11 10:38:00,3.0,True,close_q25
1533,T6/S12,2019-07-23 08:32:00,1,1.1699999999998454,2019-07-23 08:31:00,1.0,True,close_q25
1534,T6/S12,2019-07-23 18:34:00,7,,,,False,close_q25
1535,T6/S12,2019-08-01 11:00:00,1,1.1699999999998454,2019-08-01 10:59:00,1.0,True,close_q25
1536,T6/S12,2019-08-15 10:49:00,2,1.099999999999909,2019-08-15 10:48:00,1.0,True,close_q25
1537,T6/S12,2019-08-16 09:39:00,1,1.1699999999998454,2019-08-16 09:38:00,1.0,True,close_q25
1538,T6/S12,2019-08-16 10:24:00,1,1.1699999999998454,2019-08-16 10:23:00,1.0,True,close_q25
1539,T6/S12,2019-08-21 08:15:00,1,1.1699999999998454,2019-08-21 08:14:00,1.0,True,close_q25
1540,T6/S12,2019-08-21 09:44:00,2,1.099999999999909,2019-08-21 09:43:00,1.0,True,close_q25
1541,T6/S12,2019-09-27 09:54:00,1,1.1699999999998454,2019-09-27 09:53:00,1.0,True,close_q25
1542,T6/S12,2019-10-07 10:21:00,2,1.099999999999909,2019-10-07 10:20:00,1.0,True,close_q25
1543,T6/S12,2019-10-15 15:06:00,4,0.9475000000001046,2019-10-15 15:05:00,1.0,True,close_q25
1544,T6/S12,2019-11-12 08:11:00,1,1.1699999999998454,2019-11-12 08:10:00,1.0,True,close_q25
1545,T6/S12,2019-11-12 08:20:00,1,1.1699999999998454,2019-11-12 08:19:00,1.0,True,close_q25
1546,T6/S12,2019-11-12 08:29:00,1,1.1699999999998454,2019-11-12 08:28:00,1.0,True,close_q25
1547,T6/S12,2019-11-12 10:21:00,2,1.099999999999909,2019-11-12 10:20:00,1.0,True,close_q25
1548,T6/S12,2019-11-25 10:12:00,1,1.1699999999998454,2019-11-25 10:11:00,1.0,True,close_q25
1549,T6/S12,2019-12-06 08:35:00,1,1.1699999999998454,2019-12-06 08:34:00,1.0,True,close_q25
1550,T6/S12,2019-12-06 15:31:00,4,0.9475000000001046,2019-12-06 15:30:00,1.0,True,close_q25
1551,T6/S12,2019-12-19 10:31:00,1,1.1699999999998454,2019-12-19 10:30:00,1.0,True,close_q25
1552,T6/S12,2020-01-09 08:37:00,1,1.1699999999998454,2020-01-09 08:37:00,0.0,True,close_q25
1553,T6/S12,2020-01-09 16:02:00,6,1.5199999999999818,2020-01-09 16:02:00,0.0,True,close_q25
1554,T6/S12,2020-01-16 16:33:00,3,1.0100000000002185,2020-01-16 16:32:00,1.0,True,close_q25
1555,T6/S12,2020-02-12 09:20:00,1,1.1699999999998454,2020-02-12 09:19:00,1.0,True,close_q25
1556,T6/S12,2020-02-25 08:57:00,1,1.1699999999998454,2020-02-25 08:56:00,1.0,True,close_q25
1557,T6/S12,2020-02-25 09:14:00,1,1.1699999999998454,2020-02-25 09:13:00,1.0,True,close_q25
1558,T6/S12,2020-02-25 13:34:00,9,,,,False,close_q25
1559,T6/S12,2020-03-17 08:36:00,2,1.099999999999909,2020-03-17 08:35:00,1.0,True,close_q25
1560,T6/S12,2020-03-18 08:01:00,1,1.1699999999998454,2020-03-18 08:00:00,1.0,True,close_q25
1561,T6/S12,2020-03-18 08:25:00,2,1.099999999999909,2020-03-18 08:24:00,1.0,True,close_q25
1562,T6/S12,2020-03-18 08:39:00,1,1.1699999999998454,2020-03-18 08:38:00,1.0,True,close_q25
1563,T6/S12,2020-03-18 09:31:00,5,1.3239999999999554,2020-03-18 09:30:00,1.0,True,close_q25
1564,T6/S12,2020-05-01 09:01:00,1,1.1699999999998454,2020-05-01 09:00:00,1.0,True,close_q25
1565,T6/S12,2020-05-01 09:47:00,2,1.099999999999909,2020-05-01 09:46:00,1.0,True,close_q25
1566,T6/S12,2020-05-14 10:57:00,4,0.9475000000001046,2020-05-14 10:54:00,3.0,True,close_q25
1567,T6/S12,2020-05-25 08:46:00,1,1.1699999999998454,2020-05-25 08:45:00,1.0,True,close_q25
1568,T6/S12,2020-06-11 08:34:00,1,1.1699999999998454,2020-06-11 08:33:00,1.0,True,close_q25
1569,T6/S12,2020-06-11 11:52:00,5,1.3239999999999554,2020-06-11 11:51:00,1.0,True,close_q25
1570,T6/S12,2020-06-15 09:09:00,1,1.1699999999998454,2020-06-15 09:08:00,1.0,True,close_q25
1571,T6/S12,2020-06-15 10:11:00,2,1.099999999999909,2020-06-15 10:08:00,3.0,True,close_q25
1572,T6/S12,2020-07-02 15:20:00,4,0.9475000000001046,2020-07-02 15:16:00,4.0,True,close_q25
1573,T6/S12,2020-07-10 09:53:00,2,1.099999999999909,2020-07-10 09:07:00,46.0,True,close_q25
1574,T6/S12,2020-08-11 09:25:00,1,1.1699999999998454,,,False,close_q25
1575,T6/S12,2020-08-11 10:35:00,4,0.9475000000001046,2020-08-11 10:34:00,1.0,True,close_q25
1576,T6/S12,2020-08-19 08:50:00,1,1.1699999999998454,2020-08-19 08:49:00,1.0,True,close_q25
1577,T6/S12,2020-08-19 09:14:00,3,1.0100000000002185,2020-08-19 09:13:00,1.0,True,close_q25
1578,T6/S12,2020-08-26 08:36:00,1,1.1699999999998454,2020-08-26 08:35:00,1.0,True,close_q25
1579,T6/S12,2020-08-26 09:04:00,1,1.1699999999998454,2020-08-26 09:03:00,1.0,True,close_q25
1580,T6/S12,2020-08-31 10:08:00,2,1.099999999999909,2020-08-31 10:07:00,1.0,True,close_q25
1581,T6/S12,2020-09-03 09:29:00,3,1.0100000000002185,2020-09-03 09:25:00,4.0,True,close_q25
1582,T6/S12,2020-09-23 08:05:00,1,1.1699999999998454,2020-09-23 08:05:00,0.0,True,close_q25
1583,T6/S12,2020-09-23 08:35:00,1,1.1699999999998454,2020-09-23 08:34:00,1.0,True,close_q25
1584,T6/S12,2020-10-05 09:12:00,1,1.1699999999998454,2020-10-05 09:11:00,1.0,True,close_q25
1585,T6/S12,2020-11-19 08:31:00,1,1.1699999999998454,2020-11-19 08:30:00,1.0,True,close_q25
1586,T6/S12,2020-11-19 08:37:00,1,1.1699999999998454,2020-11-19 08:36:00,1.0,True,close_q25
1587,T6/S12,2020-11-19 10:07:00,2,1.099999999999909,2020-11-19 10:06:00,1.0,True,close_q25
1588,T6/S12,2020-12-28 10:08:00,3,1.0100000000002185,2020-12-28 10:07:00,1.0,True,close_q25
1589,T6/S12,2021-01-26 09:58:00,1,1.1699999999998454,2021-01-26 09:58:00,0.0,True,close_q25
1590,T6/S12,2021-02-02 09:47:00,2,1.099999999999909,2021-02-02 09:46:00,1.0,True,close_q25
1591,T6/S12,2021-02-04 16:04:00,4,0.9475000000001046,2021-02-04 10:50:00,314.0,True,close_q25
1592,T6/S12,2021-02-26 08:14:00,2,1.099999999999909,2021-02-26 08:13:00,1.0,True,close_q25
1593,T6/S12,2021-03-08 09:54:00,1,1.1699999999998454,2021-03-08 09:53:00,1.0,True,close_q25
1594,T6/S12,2021-03-12 11:19:00,2,1.099999999999909,2021-03-12 09:37:00,102.0,True,close_q25
1595,T6/S12,2021-06-03 15:34:00,1,1.1699999999998454,2021-06-03 09:08:00,386.0,True,close_q25
1596,T6/S12,2021-06-17 10:09:00,1,1.1699999999998454,2021-06-17 10:09:00,0.0,True,close_q25
1597,T6/S12,2021-09-07 11:09:00,1,1.1699999999998454,2021-09-07 08:27:00,162.0,True,close_q25
1598,T6/S12,2021-10-15 10:23:00,1,1.1699999999998454,2021-10-15 10:22:00,1.0,True,close_q25
1599,T6/S12,2021-11-19 09:55:00,1,1.1699999999998454,,,False,close_q25
1600,T6/S12,2022-01-27 08:43:00,1,1.1699999999998454,2022-01-27 08:42:00,1.0,True,close_q25
1601,T6/S12,2022-01-27 09:45:00,2,1.099999999999909,2022-01-27 09:45:00,0.0,True,close_q25
1602,T6/S12,2022-02-28 10:00:00,4,0.9475000000001046,2022-02-28 09:59:00,1.0,True,close_q25
1603,T6/S12,2022-03-15 08:27:00,4,0.9475000000001046,2022-03-15 08:26:00,1.0,True,close_q25
1604,T6/S12,2022-03-15 08:52:00,4,0.9475000000001046,2022-03-15 08:51:00,1.0,True,close_q25
1605,T6/S12,2022-03-25 08:38:00,2,1.099999999999909,2022-03-25 08:37:00,1.0,True,close_q25
1606,T6/S12,2022-03-25 09:03:00,2,1.099999999999909,2022-03-25 09:02:00,1.0,True,close_q25
1607,T6/S12,2022-03-28 08:55:00,2,1.099999999999909,2022-03-28 08:54:00,1.0,True,close_q25
1608,T6/S12,2022-03-28 09:36:00,4,0.9475000000001046,2022-03-28 09:35:00,1.0,True,close_q25
1609,T6/S12,2022-03-31 08:30:00,2,1.099999999999909,2022-03-31 08:29:00,1.0,True,close_q25
1610,T6/S12,2022-03-31 11:36:00,12,,,,False,close_q25
1611,T6/S12,2022-05-25 11:25:00,4,0.9475000000001046,2022-05-25 11:24:00,1.0,True,close_q25
1612,T6/S12,2022-07-20 13:50:00,6,1.5199999999999818,2022-07-20 13:50:00,0.0,True,close_q25
1613,T6/S12,2022-08-10 08:17:00,2,1.099999999999909,2022-08-10 08:16:00,1.0,True,close_q25
1614,T6/S12,2022-08-10 10:23:00,4,0.9475000000001046,2022-08-10 10:22:00,1.0,True,close_q25
1615,T6/S12,2022-08-15 08:25:00,3,1.0100000000002185,2022-08-15 08:24:00,1.0,True,close_q25
1616,T6/S12,2022-08-15 09:14:00,3,1.0100000000002185,2022-08-15 09:10:00,4.0,True,close_q25
1617,T6/S12,2022-08-19 11:05:00,6,1.5199999999999818,2022-08-19 11:04:00,1.0,True,close_q25
1618,T6/S12,2022-08-29 09:17:00,6,1.5199999999999818,2022-08-29 09:17:00,0.0,True,close_q25
1619,T6/S12,2022-09-20 08:58:00,3,1.0100000000002185,2022-09-20 08:57:00,1.0,True,close_q25
1620,T6/S12,2022-09-21 17:33:00,21,,,,False,close_q25
1621,T6/S12,2022-09-29 10:26:00,6,1.5199999999999818,2022-09-29 10:26:00,0.0,True,close_q25
1622,T6/S12,2022-10-19 09:02:00,3,1.0100000000002185,2022-10-19 09:01:00,1.0,True,close_q25
1623,T6/S12,2022-10-25 10:15:00,6,1.5199999999999818,,,False,close_q25
1624,T6/S12,2022-12-05 09:45:00,3,1.0100000000002185,2022-12-05 09:43:00,2.0,True,close_q25
1625,T6/S12,2022-12-22 11:28:00,9,,,,False,close_q25
1626,T6/S12,2023-01-13 13:59:00,21,,,,False,close_q25
1627,T6/S12,2023-01-23 09:28:00,4,0.9475000000001046,2023-01-23 09:17:00,11.0,True,close_q25
1628,T6/S12,2023-01-23 10:03:00,4,0.9475000000001046,2023-01-23 10:02:00,1.0,True,close_q25
1629,T6/S12,2023-01-25 09:33:00,16,,,,False,close_q25
1630,T6/S12,2023-02-15 08:47:00,4,0.9475000000001046,2023-02-15 08:46:00,1.0,True,close_q25
1631,T6/S12,2023-02-15 09:32:00,8,,,,False,close_q25
1632,T6/S12,2023-03-15 09:24:00,8,,,,False,close_q25
1633,T6/S12,2023-03-27 10:06:00,4,0.9475000000001046,2023-03-27 10:05:00,1.0,True,close_q25
1634,T6/S12,2023-04-19 09:25:00,5,1.3239999999999554,2023-04-19 09:25:00,0.0,True,close_q25
1635,T6/S12,2023-04-19 09:59:00,15,,,,False,close_q25
1636,T6/S12,2023-04-21 08:13:00,5,1.3239999999999554,2023-04-21 08:13:00,0.0,True,close_q25
1637,T6/S12,2023-04-21 08:31:00,5,1.3239999999999554,2023-04-21 08:30:00,1.0,True,close_q25
1638,T6/S12,2023-04-21 08:51:00,5,1.3239999999999554,,,False,close_q25
1639,T6/S12,2023-04-21 09:26:00,10,,,,False,close_q25
1640,T6/S12,2023-04-24 16:25:00,25,,,,False,close_q25
1641,T6/S12,2023-05-16 14:34:00,10,,,,False,close_q25
1642,T6/S12,2023-05-17 11:11:00,10,,,,False,close_q25
1643,T6/S12,2023-05-18 09:52:00,10,,,,False,close_q25
1644,T6/S12,2023-05-22 09:10:00,5,1.3239999999999554,2023-05-22 09:09:00,1.0,True,close_q25
1645,T6/S12,2023-05-22 14:33:00,25,,,,False,close_q25
1646,T6/S12,2023-06-21 12:14:00,10,,,,False,close_q25
1647,T6/S12,2023-08-01 09:11:00,6,1.5199999999999818,2023-08-01 09:10:00,1.0,True,close_q25
1648,T6/S12,2023-08-01 10:10:00,6,1.5199999999999818,2023-08-01 10:10:00,0.0,True,close_q25
1649,T6/S12,2023-09-25 09:08:00,6,1.5199999999999818,,,False,close_q25
1650,T6/S12,2023-09-25 11:18:00,18,,,,False,close_q25
1651,T6/S12,2023-10-06 15:21:00,18,,,,False,close_q25
1652,T6/S12,2023-10-16 09:02:00,6,1.5199999999999818,2023-10-16 09:01:00,1.0,True,close_q25
1653,T6/S12,2023-10-16 09:29:00,12,,,,False,close_q25
1654,T6/S12,2023-10-16 09:47:00,6,1.5199999999999818,2023-10-16 09:46:00,1.0,True,close_q25
1655,T6/S12,2023-10-16 09:55:00,6,1.5199999999999818,,,False,close_q25
1656,T6/S12,2023-11-07 10:16:00,7,,,,False,close_q25
1657,T6/S12,2023-12-04 09:52:00,8,,,,False,close_q25
1,T1/S01,2018-01-02 22:33:00,1,0.7599999999999909,2018-01-02 22:33:00,0.0,True,close_median
2,T1/S01,2018-01-02 23:14:00,1,0.7599999999999909,,,False,close_median
3,T1/S01,2018-01-03 01:21:00,1,0.7599999999999909,,,False,close_median
4,T1/S01,2018-01-04 23:25:00,1,0.7599999999999909,2018-01-04 23:25:00,0.0,True,close_median
5,T1/S01,2018-01-09 04:23:00,3,0.7283333333332394,,,False,close_median
6,T1/S01,2018-01-12 22:13:00,1,0.7599999999999909,,,False,close_median
7,T1/S01,2018-01-15 03:01:00,2,0.7499999999997726,2018-01-15 03:00:00,1.0,True,close_median
8,T1/S01,2018-01-23 03:22:00,2,0.7499999999997726,2018-01-23 03:21:00,1.0,True,close_median
9,T1/S01,2018-01-23 22:13:00,1,0.7599999999999909,2018-01-23 22:12:00,1.0,True,close_median
10,T1/S01,2018-01-23 22:54:00,1,0.7599999999999909,,,False,close_median
11,T1/S01,2018-01-24 08:38:00,1,0.7599999999999909,2018-01-24 01:41:00,417.0,True,close_median
12,T1/S01,2018-01-25 03:59:00,2,0.7499999999997726,2018-01-25 03:59:00,0.0,True,close_median
13,T1/S01,2018-02-01 22:27:00,1,0.7599999999999909,2018-02-01 22:25:00,2.0,True,close_median
14,T1/S01,2018-02-01 22:45:00,1,0.7599999999999909,2018-02-01 22:44:00,1.0,True,close_median
15,T1/S01,2018-02-01 22:55:00,1,0.7599999999999909,,,False,close_median
16,T1/S01,2018-02-01 23:04:00,1,0.7599999999999909,,,False,close_median
17,T1/S01,2018-02-02 01:35:00,3,0.7283333333332394,,,False,close_median
18,T1/S01,2018-02-05 22:19:00,1,0.7599999999999909,,,False,close_median
19,T1/S01,2018-02-05 23:38:00,2,0.7499999999997726,,,False,close_median
20,T1/S01,2018-02-14 01:13:00,1,0.7599999999999909,,,False,close_median
21,T1/S01,2018-03-01 22:01:00,1,0.7599999999999909,2018-03-01 22:01:00,0.0,True,close_median
22,T1/S01,2018-03-01 22:20:00,2,0.7499999999997726,,,False,close_median
23,T1/S01,2018-03-01 22:31:00,1,0.7599999999999909,2018-03-01 22:30:00,1.0,True,close_median
24,T1/S01,2018-03-02 07:54:00,2,0.7499999999997726,2018-03-02 03:56:00,238.0,True,close_median
25,T1/S01,2018-03-13 01:12:00,1,0.7599999999999909,,,False,close_median
26,T1/S01,2018-03-29 22:56:00,1,0.7599999999999909,,,False,close_median
27,T1/S01,2018-04-02 02:02:00,2,0.7499999999997726,2018-04-02 02:02:00,0.0,True,close_median
28,T1/S01,2018-04-10 14:33:00,1,0.7599999999999909,2018-04-10 03:08:00,685.0,True,close_median
29,T1/S01,2018-04-18 10:49:00,3,0.7283333333332394,,,False,close_median
30,T1/S01,2018-04-25 02:29:00,2,0.7499999999997726,2018-04-25 02:29:00,0.0,True,close_median
31,T1/S01,2018-04-26 03:04:00,2,0.7499999999997726,,,False,close_median
32,T1/S01,2018-04-30 03:42:00,1,0.7599999999999909,2018-04-30 03:16:00,26.0,True,close_median
33,T1/S01,2018-05-08 22:01:00,1,0.7599999999999909,,,False,close_median
34,T1/S01,2018-05-09 15:21:00,1,0.7599999999999909,2018-05-09 02:27:00,774.0,True,close_median
35,T1/S01,2018-05-11 10:52:00,2,0.7499999999997726,,,False,close_median
36,T1/S01,2018-05-21 22:13:00,1,0.7599999999999909,,,False,close_median
37,T1/S01,2018-05-22 02:21:00,1,0.7599999999999909,,,False,close_median
38,T1/S01,2018-06-11 02:19:00,1,0.7599999999999909,,,False,close_median
39,T1/S01,2018-06-25 01:34:00,1,0.7599999999999909,2018-06-25 01:34:00,0.0,True,close_median
40,T1/S01,2018-07-17 04:52:00,3,0.7283333333332394,,,False,close_median
41,T1/S01,2018-07-23 01:34:00,2,0.7499999999997726,,,False,close_median
42,T1/S01,2018-07-26 02:24:00,1,0.7599999999999909,,,False,close_median
43,T1/S01,2018-08-01 05:07:00,1,0.7599999999999909,2018-08-01 05:04:00,3.0,True,close_median
44,T1/S01,2018-08-09 03:28:00,1,0.7599999999999909,,,False,close_median
45,T1/S01,2018-08-20 05:22:00,1,0.7599999999999909,,,False,close_median
46,T1/S01,2018-08-21 03:08:00,1,0.7599999999999909,,,False,close_median
47,T1/S01,2018-08-21 23:48:00,1,0.7599999999999909,2018-08-21 23:47:00,1.0,True,close_median
48,T1/S01,2018-08-22 03:21:00,1,0.7599999999999909,,,False,close_median
49,T1/S01,2018-09-12 12:34:00,4,0.8600000000003547,,,False,close_median
50,T1/S01,2018-09-13 11:37:00,3,0.7283333333332394,,,False,close_median
51,T1/S01,2018-09-21 03:16:00,1,0.7599999999999909,,,False,close_median
52,T1/S01,2018-09-24 10:17:00,3,0.7283333333332394,2018-09-24 10:16:00,1.0,True,close_median
53,T1/S01,2018-10-08 22:57:00,1,0.7599999999999909,,,False,close_median
54,T1/S01,2018-10-09 02:42:00,1,0.7599999999999909,,,False,close_median
55,T1/S01,2018-10-10 22:11:00,1,0.7599999999999909,2018-10-10 22:10:00,1.0,True,close_median
56,T1/S01,2018-10-10 23:38:00,2,0.7499999999997726,2018-10-10 23:06:00,32.0,True,close_median
57,T1/S01,2018-10-11 09:40:00,2,0.7499999999997726,,,False,close_median
58,T1/S01,2018-10-23 04:25:00,1,0.7599999999999909,,,False,close_median
59,T1/S01,2018-10-24 22:35:00,1,0.7599999999999909,,,False,close_median
60,T1/S01,2018-10-25 01:03:00,1,0.7599999999999909,,,False,close_median
61,T1/S01,2018-10-26 01:07:00,1,0.7599999999999909,,,False,close_median
62,T1/S01,2018-11-28 08:25:00,2,0.7499999999997726,,,False,close_median
63,T1/S01,2018-11-30 22:31:00,1,0.7599999999999909,,,False,close_median
64,T1/S01,2018-12-03 01:06:00,1,0.7599999999999909,,,False,close_median
65,T1/S01,2018-12-10 01:03:00,2,0.7499999999997726,2018-12-10 01:01:00,2.0,True,close_median
66,T1/S01,2018-12-31 09:04:00,3,0.7283333333332394,,,False,close_median
67,T1/S01,2019-01-03 23:00:00,1,0.7599999999999909,2019-01-03 22:59:00,1.0,True,close_median
68,T1/S01,2019-01-04 01:59:00,1,0.7599999999999909,,,False,close_median
69,T1/S01,2019-01-10 04:05:00,2,0.7499999999997726,,,False,close_median
70,T1/S01,2019-01-28 03:05:00,3,0.7283333333332394,2019-01-28 03:04:00,1.0,True,close_median
71,T1/S01,2019-01-30 22:08:00,1,0.7599999999999909,,,False,close_median
72,T1/S01,2019-01-30 22:17:00,1,0.7599999999999909,,,False,close_median
73,T1/S01,2019-01-30 22:41:00,1,0.7599999999999909,,,False,close_median
74,T1/S01,2019-01-31 01:03:00,1,0.7599999999999909,2019-01-30 23:32:00,91.0,True,close_median
75,T1/S01,2019-02-06 04:29:00,2,0.7499999999997726,2019-02-06 04:28:00,1.0,True,close_median
76,T1/S01,2019-02-15 22:58:00,1,0.7599999999999909,,,False,close_median
77,T1/S01,2019-03-05 22:18:00,1,0.7599999999999909,,,False,close_median
78,T1/S01,2019-03-06 02:11:00,1,0.7599999999999909,2019-03-06 02:10:00,1.0,True,close_median
79,T1/S01,2019-03-13 02:27:00,1,0.7599999999999909,2019-03-13 02:26:00,1.0,True,close_median
80,T1/S01,2019-04-04 22:24:00,1,0.7599999999999909,,,False,close_median
81,T1/S01,2019-04-05 16:04:00,1,0.7599999999999909,2019-04-05 16:00:00,4.0,True,close_median
82,T1/S01,2019-04-22 02:53:00,1,0.7599999999999909,2019-04-22 01:46:00,67.0,True,close_median
83,T1/S01,2019-04-30 03:17:00,1,0.7599999999999909,,,False,close_median
84,T1/S01,2019-05-15 02:57:00,1,0.7599999999999909,,,False,close_median
85,T1/S01,2019-05-27 04:15:00,1,0.7599999999999909,,,False,close_median
86,T1/S01,2019-05-29 03:13:00,1,0.7599999999999909,2019-05-29 03:12:00,1.0,True,close_median
87,T1/S01,2019-06-03 01:14:00,1,0.7599999999999909,,,False,close_median
88,T1/S01,2019-06-03 22:13:00,1,0.7599999999999909,2019-06-03 22:12:00,1.0,True,close_median
89,T1/S01,2019-06-04 04:28:00,2,0.7499999999997726,,,False,close_median
90,T1/S01,2019-06-04 22:34:00,1,0.7599999999999909,2019-06-04 22:33:00,1.0,True,close_median
91,T1/S01,2019-06-05 03:07:00,3,0.7283333333332394,,,False,close_median
92,T1/S01,2019-06-19 23:17:00,1,0.7599999999999909,2019-06-19 23:17:00,0.0,True,close_median
93,T1/S01,2019-06-20 03:24:00,3,0.7283333333332394,2019-06-20 03:24:00,0.0,True,close_median
94,T1/S01,2019-06-21 22:26:00,1,0.7599999999999909,,,False,close_median
95,T1/S01,2019-06-24 22:47:00,2,0.7499999999997726,,,False,close_median
96,T1/S01,2019-06-24 23:12:00,1,0.7599999999999909,,,False,close_median
97,T1/S01,2019-06-24 23:32:00,1,0.7599999999999909,2019-06-24 23:31:00,1.0,True,close_median
98,T1/S01,2019-06-27 23:54:00,1,0.7599999999999909,,,False,close_median
99,T1/S01,2019-07-02 22:03:00,1,0.7599999999999909,2019-07-02 22:02:00,1.0,True,close_median
100,T1/S01,2019-07-02 22:07:00,1,0.7599999999999909,,,False,close_median
101,T1/S01,2019-07-02 22:15:00,1,0.7599999999999909,2019-07-02 22:14:00,1.0,True,close_median
102,T1/S01,2019-07-02 22:43:00,1,0.7599999999999909,2019-07-02 22:39:00,4.0,True,close_median
103,T1/S01,2019-07-02 23:32:00,2,0.7499999999997726,2019-07-02 23:21:00,11.0,True,close_median
104,T1/S01,2019-07-03 01:05:00,2,0.7499999999997726,2019-07-03 01:05:00,0.0,True,close_median
105,T1/S01,2019-07-05 22:21:00,1,0.7599999999999909,,,False,close_median
106,T1/S01,2019-07-08 08:12:00,1,0.7599999999999909,2019-07-05 22:29:00,3463.0,True,close_median
107,T1/S01,2019-07-10 22:23:00,1,0.7599999999999909,,,False,close_median
108,T1/S01,2019-07-10 22:31:00,1,0.7599999999999909,2019-07-10 22:30:00,1.0,True,close_median
109,T1/S01,2019-07-10 22:51:00,1,0.7599999999999909,,,False,close_median
110,T1/S01,2019-07-11 01:05:00,2,0.7499999999997726,2019-07-10 22:58:00,127.0,True,close_median
111,T1/S01,2019-07-15 01:05:00,2,0.7499999999997726,,,False,close_median
112,T1/S01,2019-07-16 01:08:00,2,0.7499999999997726,2019-07-16 01:07:00,1.0,True,close_median
113,T1/S01,2019-07-18 01:08:00,1,0.7599999999999909,2019-07-18 01:07:00,1.0,True,close_median
114,T1/S01,2019-07-18 22:05:00,1,0.7599999999999909,,,False,close_median
115,T1/S01,2019-07-18 22:09:00,1,0.7599999999999909,2019-07-18 22:08:00,1.0,True,close_median
116,T1/S01,2019-07-18 22:16:00,1,0.7599999999999909,2019-07-18 22:15:00,1.0,True,close_median
117,T1/S01,2019-07-18 22:46:00,2,0.7499999999997726,2019-07-18 22:45:00,1.0,True,close_median
118,T1/S01,2019-07-18 22:50:00,1,0.7599999999999909,2019-07-18 22:49:00,1.0,True,close_median
119,T1/S01,2019-07-19 01:06:00,1,0.7599999999999909,2019-07-19 01:05:00,1.0,True,close_median
120,T1/S01,2019-07-29 22:01:00,1,0.7599999999999909,2019-07-29 22:00:00,1.0,True,close_median
121,T1/S01,2019-07-29 22:14:00,1,0.7599999999999909,2019-07-29 22:14:00,0.0,True,close_median
122,T1/S01,2019-07-30 13:18:00,2,0.7499999999997726,2019-07-30 09:39:00,219.0,True,close_median
123,T1/S01,2019-07-31 09:27:00,1,0.7599999999999909,2019-07-31 08:32:00,55.0,True,close_median
124,T1/S01,2019-08-01 22:02:00,1,0.7599999999999909,2019-08-01 22:01:00,1.0,True,close_median
125,T1/S01,2019-08-01 22:11:00,1,0.7599999999999909,2019-08-01 22:11:00,0.0,True,close_median
126,T1/S01,2019-08-01 22:16:00,1,0.7599999999999909,2019-08-01 22:15:00,1.0,True,close_median
127,T1/S01,2019-08-01 22:50:00,3,0.7283333333332394,2019-08-01 22:43:00,7.0,True,close_median
128,T1/S01,2019-08-06 01:05:00,5,4.149999999999636,2019-08-06 01:05:00,0.0,True,close_median
129,T1/S01,2019-08-09 01:05:00,4,0.8600000000003547,2019-08-09 01:05:00,0.0,True,close_median
130,T1/S01,2019-08-12 22:14:00,2,0.7499999999997726,2019-08-12 22:13:00,1.0,True,close_median
131,T1/S01,2019-08-12 22:33:00,3,0.7283333333332394,2019-08-12 22:23:00,10.0,True,close_median
132,T1/S01,2019-08-13 04:09:00,1,0.7599999999999909,2019-08-12 23:19:00,290.0,True,close_median
133,T1/S01,2019-08-26 01:05:00,5,4.149999999999636,2019-08-26 01:05:00,0.0,True,close_median
134,T1/S01,2019-09-20 22:01:00,1,0.7599999999999909,2019-09-20 22:00:00,1.0,True,close_median
135,T1/S01,2019-09-20 22:19:00,2,0.7499999999997726,,,False,close_median
136,T1/S01,2019-09-20 22:29:00,2,0.7499999999997726,2019-09-20 22:28:00,1.0,True,close_median
137,T1/S01,2019-09-20 22:46:00,1,0.7599999999999909,2019-09-20 22:46:00,0.0,True,close_median
138,T1/S01,2019-09-23 04:52:00,1,0.7599999999999909,2019-09-23 04:31:00,21.0,True,close_median
139,T1/S01,2019-10-09 01:25:00,1,0.7599999999999909,,,False,close_median
140,T1/S01,2019-11-08 02:32:00,2,0.7499999999997726,,,False,close_median
141,T1/S01,2019-11-13 07:49:00,1,0.7599999999999909,2019-11-13 02:44:00,305.0,True,close_median
142,T1/S01,2019-12-11 09:25:00,2,0.7499999999997726,,,False,close_median
143,T1/S01,2019-12-24 03:47:00,1,0.7599999999999909,2019-12-24 03:46:00,1.0,True,close_median
144,T1/S01,2019-12-27 04:23:00,2,0.7499999999997726,2019-12-27 04:22:00,1.0,True,close_median
145,T1/S01,2020-01-03 23:37:00,1,0.7599999999999909,2020-01-03 23:37:00,0.0,True,close_median
146,T1/S01,2020-01-06 01:05:00,1,0.7599999999999909,2020-01-06 01:05:00,0.0,True,close_median
147,T1/S01,2020-01-13 15:49:00,8,1.2849999999998545,,,False,close_median
148,T1/S01,2020-01-14 22:29:00,1,0.7599999999999909,2020-01-14 22:28:00,1.0,True,close_median
149,T1/S01,2020-01-23 01:18:00,1,0.7599999999999909,2020-01-23 01:18:00,0.0,True,close_median
150,T1/S01,2020-01-29 22:15:00,1,0.7599999999999909,2020-01-29 22:14:00,1.0,True,close_median
151,T1/S01,2020-01-29 22:52:00,2,0.7499999999997726,2020-01-29 22:51:00,1.0,True,close_median
152,T1/S01,2020-01-29 23:02:00,1,0.7599999999999909,2020-01-29 23:02:00,0.0,True,close_median
153,T1/S01,2020-01-30 01:51:00,2,0.7499999999997726,2020-01-30 01:50:00,1.0,True,close_median
154,T1/S01,2020-02-07 02:39:00,2,0.7499999999997726,2020-02-07 02:39:00,0.0,True,close_median
155,T1/S01,2020-02-10 01:34:00,1,0.7599999999999909,2020-02-10 01:28:00,6.0,True,close_median
156,T1/S01,2020-02-11 22:10:00,1,0.7599999999999909,,,False,close_median
157,T1/S01,2020-02-12 06:06:00,3,0.7283333333332394,,,False,close_median
158,T1/S01,2020-02-27 01:41:00,7,1.2600000000002185,2020-02-27 01:41:00,0.0,True,close_median
159,T1/S01,2020-03-05 22:40:00,2,0.7499999999997726,,,False,close_median
160,T1/S01,2020-03-05 22:46:00,1,0.7599999999999909,2020-03-05 22:45:00,1.0,True,close_median
161,T1/S01,2020-03-06 01:10:00,3,0.7283333333332394,,,False,close_median
162,T1/S01,2020-03-06 22:02:00,1,0.7599999999999909,2020-03-06 22:01:00,1.0,True,close_median
163,T1/S01,2020-03-06 22:07:00,1,0.7599999999999909,2020-03-06 22:06:00,1.0,True,close_median
164,T1/S01,2020-03-06 22:14:00,1,0.7599999999999909,2020-03-06 22:13:00,1.0,True,close_median
165,T1/S01,2020-03-09 01:03:00,5,4.149999999999636,2020-03-09 00:05:00,58.0,True,close_median
166,T1/S01,2020-03-20 22:50:00,1,0.7599999999999909,2020-03-20 22:49:00,1.0,True,close_median
167,T1/S01,2020-03-23 01:09:00,2,0.7499999999997726,2020-03-23 00:05:00,64.0,True,close_median
168,T1/S01,2020-04-06 22:04:00,1,0.7599999999999909,2020-04-06 22:03:00,1.0,True,close_median
169,T1/S01,2020-04-06 22:08:00,1,0.7599999999999909,2020-04-06 22:07:00,1.0,True,close_median
170,T1/S01,2020-04-06 22:14:00,1,0.7599999999999909,2020-04-06 22:14:00,0.0,True,close_median
171,T1/S01,2020-04-06 22:26:00,2,0.7499999999997726,2020-04-06 22:25:00,1.0,True,close_median
172,T1/S01,2020-04-06 22:36:00,1,0.7599999999999909,2020-04-06 22:35:00,1.0,True,close_median
173,T1/S01,2020-04-06 22:44:00,1,0.7599999999999909,2020-04-06 22:43:00,1.0,True,close_median
174,T1/S01,2020-04-06 22:55:00,4,0.8600000000003547,2020-04-06 22:54:00,1.0,True,close_median
175,T1/S01,2020-04-14 03:12:00,1,0.7599999999999909,2020-04-14 02:05:00,67.0,True,close_median
176,T1/S01,2020-04-29 23:04:00,1,0.7599999999999909,2020-04-29 23:02:00,2.0,True,close_median
177,T1/S01,2020-04-29 23:07:00,1,0.7599999999999909,2020-04-29 23:06:00,1.0,True,close_median
178,T1/S01,2020-04-29 23:20:00,1,0.7599999999999909,2020-04-29 23:19:00,1.0,True,close_median
179,T1/S01,2020-04-30 02:39:00,3,0.7283333333332394,,,False,close_median
180,T1/S01,2020-05-01 22:12:00,2,0.7499999999997726,2020-05-01 22:11:00,1.0,True,close_median
181,T1/S01,2020-05-01 22:45:00,6,0.5900000000001455,2020-05-01 22:25:00,20.0,True,close_median
182,T1/S01,2020-05-01 22:50:00,1,0.7599999999999909,2020-05-01 22:49:00,1.0,True,close_median
183,T1/S01,2020-05-19 22:23:00,1,0.7599999999999909,2020-05-19 22:22:00,1.0,True,close_median
184,T1/S01,2020-05-20 04:05:00,1,0.7599999999999909,2020-05-19 23:08:00,297.0,True,close_median
185,T1/S01,2020-05-21 23:48:00,2,0.7499999999997726,2020-05-21 23:48:00,0.0,True,close_median
186,T1/S01,2020-06-05 23:10:00,1,0.7599999999999909,2020-06-05 23:09:00,1.0,True,close_median
187,T1/S01,2020-06-05 23:16:00,1,0.7599999999999909,2020-06-05 23:16:00,0.0,True,close_median
188,T1/S01,2020-06-09 01:05:00,2,0.7499999999997726,2020-06-09 01:05:00,0.0,True,close_median
189,T1/S01,2020-06-15 22:06:00,1,0.7599999999999909,,,False,close_median
190,T1/S01,2020-06-15 22:21:00,1,0.7599999999999909,2020-06-15 22:20:00,1.0,True,close_median
191,T1/S01,2020-06-15 23:02:00,1,0.7599999999999909,2020-06-15 22:58:00,4.0,True,close_median
192,T1/S01,2020-06-17 22:51:00,1,0.7599999999999909,2020-06-17 22:50:00,1.0,True,close_median
193,T1/S01,2020-06-25 22:58:00,1,0.7599999999999909,2020-06-25 22:57:00,1.0,True,close_median
194,T1/S01,2020-06-29 01:10:00,2,0.7499999999997726,2020-06-29 01:09:00,1.0,True,close_median
195,T1/S01,2020-07-01 22:58:00,1,0.7599999999999909,,,False,close_median
196,T1/S01,2020-07-02 04:58:00,4,0.8600000000003547,,,False,close_median
197,T1/S01,2020-07-10 11:14:00,1,0.7599999999999909,2020-07-10 04:48:00,386.0,True,close_median
198,T1/S01,2020-07-23 01:05:00,1,0.7599999999999909,2020-07-23 01:05:00,0.0,True,close_median
199,T1/S01,2020-07-30 23:00:00,2,0.7499999999997726,2020-07-30 22:59:00,1.0,True,close_median
200,T1/S01,2020-08-04 23:38:00,1,0.7599999999999909,2020-08-04 23:37:00,1.0,True,close_median
201,T1/S01,2020-08-04 23:53:00,2,0.7499999999997726,2020-08-04 23:52:00,1.0,True,close_median
202,T1/S01,2020-08-05 01:05:00,1,0.7599999999999909,2020-08-05 01:05:00,0.0,True,close_median
203,T1/S01,2020-08-06 23:33:00,1,0.7599999999999909,,,False,close_median
204,T1/S01,2020-08-06 23:50:00,1,0.7599999999999909,,,False,close_median
205,T1/S01,2020-08-26 01:12:00,1,0.7599999999999909,2020-08-25 22:36:00,156.0,True,close_median
206,T1/S01,2020-08-26 22:26:00,1,0.7599999999999909,2020-08-26 22:26:00,0.0,True,close_median
207,T1/S01,2020-08-26 23:49:00,2,0.7499999999997726,,,False,close_median
208,T1/S01,2020-08-27 22:01:00,1,0.7599999999999909,2020-08-27 22:00:00,1.0,True,close_median
209,T1/S01,2020-08-27 22:07:00,1,0.7599999999999909,2020-08-27 22:07:00,0.0,True,close_median
210,T1/S01,2020-08-27 22:21:00,2,0.7499999999997726,,,False,close_median
211,T1/S01,2020-09-02 23:34:00,1,0.7599999999999909,,,False,close_median
212,T1/S01,2020-09-03 02:24:00,3,0.7283333333332394,2020-09-03 02:23:00,1.0,True,close_median
213,T1/S01,2020-09-04 22:10:00,1,0.7599999999999909,,,False,close_median
214,T1/S01,2020-09-04 22:25:00,1,0.7599999999999909,,,False,close_median
215,T1/S01,2020-09-28 22:57:00,1,0.7599999999999909,2020-09-28 22:20:00,37.0,True,close_median
216,T1/S01,2020-10-08 08:38:00,3,0.7283333333332394,2020-10-08 04:50:00,228.0,True,close_median
217,T1/S01,2020-10-12 01:07:00,2,0.7499999999997726,2020-10-12 01:06:00,1.0,True,close_median
218,T1/S01,2020-10-16 01:05:00,1,0.7599999999999909,,,False,close_median
219,T1/S01,2020-10-22 22:28:00,2,0.7499999999997726,,,False,close_median
220,T1/S01,2020-11-04 23:20:00,1,0.7599999999999909,,,False,close_median
221,T1/S01,2020-11-04 23:38:00,1,0.7599999999999909,2020-11-04 23:38:00,0.0,True,close_median
222,T1/S01,2020-11-05 01:12:00,1,0.7599999999999909,2020-11-05 01:11:00,1.0,True,close_median
223,T1/S01,2020-11-12 01:05:00,1,0.7599999999999909,2020-11-12 01:05:00,0.0,True,close_median
224,T1/S01,2020-11-19 22:45:00,1,0.7599999999999909,2020-11-19 22:44:00,1.0,True,close_median
225,T1/S01,2020-11-20 03:13:00,2,0.7499999999997726,2020-11-20 03:12:00,1.0,True,close_median
226,T1/S01,2020-11-24 23:51:00,1,0.7599999999999909,2020-11-24 23:50:00,1.0,True,close_median
227,T1/S01,2020-11-25 01:48:00,2,0.7499999999997726,2020-11-25 01:48:00,0.0,True,close_median
228,T1/S01,2020-12-02 02:49:00,3,0.7283333333332394,2020-12-02 02:49:00,0.0,True,close_median
229,T1/S01,2020-12-02 23:03:00,2,0.7499999999997726,2020-12-02 23:02:00,1.0,True,close_median
230,T1/S01,2020-12-04 23:06:00,2,0.7499999999997726,,,False,close_median
231,T1/S01,2020-12-04 23:39:00,1,0.7599999999999909,,,False,close_median
232,T1/S01,2020-12-07 02:13:00,3,0.7283333333332394,,,False,close_median
233,T1/S01,2020-12-30 23:31:00,1,0.7599999999999909,2020-12-30 23:30:00,1.0,True,close_median
234,T1/S01,2020-12-31 01:12:00,1,0.7599999999999909,2020-12-31 01:11:00,1.0,True,close_median
235,T1/S01,2021-01-04 23:34:00,1,0.7599999999999909,,,False,close_median
236,T1/S01,2021-01-05 01:13:00,2,0.7499999999997726,2021-01-05 01:12:00,1.0,True,close_median
237,T1/S01,2021-01-07 01:27:00,2,0.7499999999997726,2021-01-06 23:11:00,136.0,True,close_median
238,T1/S01,2021-01-13 11:48:00,1,0.7599999999999909,2021-01-12 22:11:00,817.0,True,close_median
239,T1/S01,2021-02-05 10:11:00,2,0.7499999999997726,2021-02-05 01:05:00,546.0,True,close_median
240,T1/S01,2021-03-12 23:40:00,1,0.7599999999999909,2021-03-12 22:39:00,61.0,True,close_median
241,T1/S01,2021-03-15 02:06:00,2,0.7499999999997726,2021-03-15 00:46:00,80.0,True,close_median
242,T1/S01,2021-03-16 03:06:00,2,0.7499999999997726,2021-03-16 03:05:00,1.0,True,close_median
243,T1/S01,2021-04-22 23:46:00,1,0.7599999999999909,2021-04-22 23:46:00,0.0,True,close_median
244,T1/S01,2021-04-29 22:07:00,1,0.7599999999999909,,,False,close_median
245,T1/S01,2021-04-29 22:42:00,1,0.7599999999999909,,,False,close_median
246,T1/S01,2021-04-30 02:45:00,3,0.7283333333332394,,,False,close_median
247,T1/S01,2021-05-05 23:34:00,1,0.7599999999999909,2021-05-05 23:34:00,0.0,True,close_median
248,T1/S01,2021-05-06 04:16:00,4,0.8600000000003547,,,False,close_median
249,T1/S01,2021-05-12 13:13:00,7,1.2600000000002185,2021-05-12 09:58:00,195.0,True,close_median
250,T1/S01,2021-05-14 22:14:00,1,0.7599999999999909,2021-05-14 22:14:00,0.0,True,close_median
251,T1/S01,2021-05-14 22:59:00,1,0.7599999999999909,,,False,close_median
252,T1/S01,2021-05-17 01:06:00,1,0.7599999999999909,2021-05-14 23:41:00,2965.0,True,close_median
253,T1/S01,2021-05-25 23:03:00,1,0.7599999999999909,,,False,close_median
254,T1/S01,2021-05-26 03:23:00,2,0.7499999999997726,,,False,close_median
255,T1/S01,2021-05-27 22:13:00,1,0.7599999999999909,2021-05-27 22:13:00,0.0,True,close_median
256,T1/S01,2021-05-28 15:48:00,1,0.7599999999999909,2021-05-28 02:45:00,783.0,True,close_median
257,T1/S01,2021-05-28 22:53:00,1,0.7599999999999909,,,False,close_median
258,T1/S01,2021-05-31 03:09:00,2,0.7499999999997726,2021-05-31 03:08:00,1.0,True,close_median
259,T1/S01,2021-06-02 22:54:00,1,0.7599999999999909,2021-06-02 22:54:00,0.0,True,close_median
260,T1/S01,2021-06-07 22:13:00,1,0.7599999999999909,,,False,close_median
261,T1/S01,2021-06-08 03:59:00,1,0.7599999999999909,2021-06-08 03:58:00,1.0,True,close_median
262,T1/S01,2021-06-10 22:16:00,1,0.7599999999999909,2021-06-10 22:16:00,0.0,True,close_median
263,T1/S01,2021-06-10 22:22:00,1,0.7599999999999909,,,False,close_median
264,T1/S01,2021-06-10 22:25:00,1,0.7599999999999909,2021-06-10 22:24:00,1.0,True,close_median
265,T1/S01,2021-06-10 23:44:00,1,0.7599999999999909,2021-06-10 23:44:00,0.0,True,close_median
266,T1/S01,2021-06-11 06:07:00,1,0.7599999999999909,2021-06-11 01:36:00,271.0,True,close_median
267,T1/S01,2021-06-15 01:12:00,1,0.7599999999999909,,,False,close_median
268,T1/S01,2021-06-16 07:30:00,1,0.7599999999999909,2021-06-16 01:37:00,353.0,True,close_median
269,T1/S01,2021-06-25 23:49:00,1,0.7599999999999909,,,False,close_median
270,T1/S01,2021-06-28 01:24:00,1,0.7599999999999909,,,False,close_median
271,T1/S01,2021-07-01 08:46:00,4,0.8600000000003547,2021-07-01 04:18:00,268.0,True,close_median
272,T1/S01,2021-07-02 10:19:00,2,0.7499999999997726,2021-07-01 23:41:00,638.0,True,close_median
273,T1/S01,2021-07-02 22:05:00,1,0.7599999999999909,2021-07-02 22:05:00,0.0,True,close_median
274,T1/S01,2021-07-05 04:36:00,4,0.8600000000003547,,,False,close_median
275,T1/S01,2021-07-09 02:49:00,1,0.7599999999999909,,,False,close_median
276,T1/S01,2021-07-19 23:34:00,1,0.7599999999999909,2021-07-19 23:34:00,0.0,True,close_median
277,T1/S01,2021-07-19 23:48:00,1,0.7599999999999909,,,False,close_median
278,T1/S01,2021-07-20 03:05:00,2,0.7499999999997726,2021-07-20 03:04:00,1.0,True,close_median
279,T1/S01,2021-08-17 04:05:00,2,0.7499999999997726,2021-08-17 04:05:00,0.0,True,close_median
280,T1/S01,2021-08-26 14:09:00,6,0.5900000000001455,2021-08-26 14:09:00,0.0,True,close_median
281,T1/S01,2021-08-30 03:21:00,1,0.7599999999999909,2021-08-30 03:21:00,0.0,True,close_median
282,T1/S01,2021-09-21 04:57:00,2,0.7499999999997726,2021-09-21 04:56:00,1.0,True,close_median
283,T1/S01,2021-10-06 22:36:00,1,0.7599999999999909,,,False,close_median
284,T1/S01,2021-10-06 23:01:00,1,0.7599999999999909,,,False,close_median
285,T1/S01,2021-10-07 02:43:00,2,0.7499999999997726,,,False,close_median
286,T1/S01,2021-10-21 22:54:00,1,0.7599999999999909,,,False,close_median
287,T1/S01,2021-10-22 01:37:00,1,0.7599999999999909,,,False,close_median
288,T1/S01,2021-10-27 03:14:00,2,0.7499999999997726,,,False,close_median
289,T1/S01,2021-11-04 01:03:00,3,0.7283333333332394,2021-11-04 00:11:00,52.0,True,close_median
290,T1/S01,2021-11-05 22:27:00,1,0.7599999999999909,2021-11-05 22:27:00,0.0,True,close_median
291,T1/S01,2021-11-08 01:34:00,1,0.7599999999999909,2021-11-08 01:12:00,22.0,True,close_median
292,T1/S01,2021-11-09 22:58:00,1,0.7599999999999909,,,False,close_median
293,T1/S01,2021-11-16 04:05:00,4,0.8600000000003547,2021-11-16 03:08:00,57.0,True,close_median
294,T1/S01,2021-11-24 02:01:00,2,0.7499999999997726,2021-11-24 02:01:00,0.0,True,close_median
295,T1/S01,2021-12-03 01:15:00,1,0.7599999999999909,2021-12-03 01:15:00,0.0,True,close_median
296,T1/S01,2021-12-06 02:05:00,3,0.7283333333332394,,,False,close_median
297,T1/S01,2021-12-09 02:18:00,3,0.7283333333332394,,,False,close_median
298,T1/S01,2021-12-16 23:50:00,1,0.7599999999999909,,,False,close_median
299,T1/S01,2021-12-17 03:17:00,2,0.7499999999997726,2021-12-17 03:16:00,1.0,True,close_median
300,T1/S01,2021-12-22 22:07:00,1,0.7599999999999909,,,False,close_median
301,T1/S01,2021-12-22 23:00:00,2,0.7499999999997726,2021-12-22 22:59:00,1.0,True,close_median
302,T1/S01,2021-12-23 03:56:00,1,0.7599999999999909,2021-12-23 03:05:00,51.0,True,close_median
303,T1/S01,2021-12-30 22:36:00,1,0.7599999999999909,2021-12-30 22:36:00,0.0,True,close_median
304,T1/S01,2021-12-30 22:47:00,1,0.7599999999999909,,,False,close_median
305,T1/S01,2021-12-31 02:11:00,1,0.7599999999999909,2021-12-31 01:55:00,16.0,True,close_median
306,T1/S01,2022-01-04 01:34:00,2,0.7499999999997726,,,False,close_median
307,T1/S01,2022-01-11 22:12:00,1,0.7599999999999909,,,False,close_median
308,T1/S01,2022-01-11 22:57:00,1,0.7599999999999909,2022-01-11 22:30:00,27.0,True,close_median
309,T1/S01,2022-01-12 02:33:00,2,0.7499999999997726,,,False,close_median
310,T1/S01,2022-01-13 22:40:00,1,0.7599999999999909,,,False,close_median
311,T1/S01,2022-01-13 23:37:00,1,0.7599999999999909,,,False,close_median
312,T1/S01,2022-01-25 16:46:00,1,0.7599999999999909,2022-01-25 06:00:00,646.0,True,close_median
313,T1/S01,2022-01-28 23:10:00,1,0.7599999999999909,2022-01-28 23:10:00,0.0,True,close_median
314,T1/S01,2022-01-28 23:35:00,1,0.7599999999999909,2022-01-28 23:34:00,1.0,True,close_median
315,T1/S01,2022-01-31 03:59:00,3,0.7283333333332394,2022-01-31 03:59:00,0.0,True,close_median
316,T1/S01,2022-02-08 15:36:00,1,0.7599999999999909,2022-02-08 03:47:00,709.0,True,close_median
317,T1/S01,2022-02-11 22:03:00,1,0.7599999999999909,2022-02-11 22:02:00,1.0,True,close_median
318,T1/S01,2022-02-11 22:09:00,1,0.7599999999999909,2022-02-11 22:08:00,1.0,True,close_median
319,T1/S01,2022-02-11 22:16:00,1,0.7599999999999909,2022-02-11 22:16:00,0.0,True,close_median
320,T1/S01,2022-02-11 22:19:00,1,0.7599999999999909,2022-02-11 22:18:00,1.0,True,close_median
321,T1/S01,2022-02-11 22:25:00,1,0.7599999999999909,,,False,close_median
322,T1/S01,2022-02-11 23:15:00,2,0.7499999999997726,2022-02-11 23:15:00,0.0,True,close_median
323,T1/S01,2022-02-28 01:05:00,3,0.7283333333332394,2022-02-28 01:05:00,0.0,True,close_median
324,T1/S01,2022-02-28 23:12:00,2,0.7499999999997726,,,False,close_median
325,T1/S01,2022-03-01 10:06:00,12,,,,False,close_median
326,T1/S01,2022-03-01 23:54:00,6,0.5900000000001455,2022-03-01 23:48:00,6.0,True,close_median
327,T1/S01,2022-03-03 08:47:00,4,0.8600000000003547,2022-03-03 01:06:00,461.0,True,close_median
328,T1/S01,2022-03-03 22:19:00,2,0.7499999999997726,2022-03-03 22:18:00,1.0,True,close_median
329,T1/S01,2022-03-03 22:25:00,2,0.7499999999997726,2022-03-03 22:24:00,1.0,True,close_median
330,T1/S01,2022-03-03 22:34:00,2,0.7499999999997726,2022-03-03 22:34:00,0.0,True,close_median
331,T1/S01,2022-03-03 22:38:00,2,0.7499999999997726,,,False,close_median
332,T1/S01,2022-03-04 02:11:00,8,1.2849999999998545,,,False,close_median
333,T1/S01,2022-03-07 22:03:00,2,0.7499999999997726,2022-03-07 22:02:00,1.0,True,close_median
334,T1/S01,2022-03-07 22:35:00,6,0.5900000000001455,2022-03-07 22:34:00,1.0,True,close_median
335,T1/S01,2022-03-09 04:21:00,20,,,,False,close_median
336,T1/S01,2022-03-23 22:18:00,2,0.7499999999997726,,,False,close_median
337,T1/S01,2022-03-24 10:15:00,3,0.7283333333332394,2022-03-24 01:12:00,543.0,True,close_median
338,T1/S01,2022-03-30 01:05:00,2,0.7499999999997726,,,False,close_median
339,T1/S01,2022-04-18 01:16:00,2,0.7499999999997726,2022-04-18 01:16:00,0.0,True,close_median
340,T1/S01,2022-04-20 23:49:00,4,0.8600000000003547,2022-04-20 23:49:00,0.0,True,close_median
341,T1/S01,2022-04-21 02:59:00,4,0.8600000000003547,,,False,close_median
342,T1/S01,2022-04-21 23:02:00,2,0.7499999999997726,,,False,close_median
343,T1/S01,2022-04-21 23:46:00,2,0.7499999999997726,,,False,close_median
344,T1/S01,2022-04-25 22:19:00,2,0.7499999999997726,,,False,close_median
345,T1/S01,2022-04-29 03:00:00,4,0.8600000000003547,2022-04-29 03:00:00,0.0,True,close_median
346,T1/S01,2022-05-16 22:05:00,2,0.7499999999997726,2022-05-16 22:05:00,0.0,True,close_median
347,T1/S01,2022-05-16 22:07:00,2,0.7499999999997726,2022-05-16 22:06:00,1.0,True,close_median
348,T1/S01,2022-05-16 22:26:00,2,0.7499999999997726,2022-05-16 22:25:00,1.0,True,close_median
349,T1/S01,2022-05-16 22:47:00,4,0.8600000000003547,,,False,close_median
350,T1/S01,2022-05-16 22:51:00,2,0.7499999999997726,2022-05-16 22:51:00,0.0,True,close_median
351,T1/S01,2022-05-16 22:59:00,2,0.7499999999997726,,,False,close_median
352,T1/S01,2022-05-17 02:24:00,6,0.5900000000001455,2022-05-17 02:23:00,1.0,True,close_median
353,T1/S01,2022-05-20 23:50:00,2,0.7499999999997726,,,False,close_median
354,T1/S01,2022-05-23 01:05:00,2,0.7499999999997726,2022-05-23 01:05:00,0.0,True,close_median
355,T1/S01,2022-05-26 17:17:00,6,0.5900000000001455,2022-05-26 17:06:00,11.0,True,close_median
356,T1/S01,2022-05-27 04:51:00,2,0.7499999999997726,2022-05-27 02:57:00,114.0,True,close_median
357,T1/S01,2022-06-01 22:23:00,2,0.7499999999997726,,,False,close_median
358,T1/S01,2022-06-02 09:25:00,6,0.5900000000001455,2022-06-02 03:20:00,365.0,True,close_median
359,T1/S01,2022-06-16 22:41:00,2,0.7499999999997726,2022-06-16 22:38:00,3.0,True,close_median
360,T1/S01,2022-06-16 23:45:00,2,0.7499999999997726,2022-06-16 23:44:00,1.0,True,close_median
361,T1/S01,2022-07-07 01:05:00,4,0.8600000000003547,2022-07-07 01:05:00,0.0,True,close_median
362,T1/S01,2022-07-21 22:47:00,2,0.7499999999997726,,,False,close_median
363,T1/S01,2022-07-21 22:59:00,4,0.8600000000003547,2022-07-21 22:58:00,1.0,True,close_median
364,T1/S01,2022-07-22 09:06:00,10,,,,False,close_median
365,T1/S01,2022-07-27 22:04:00,2,0.7499999999997726,2022-07-27 22:03:00,1.0,True,close_median
366,T1/S01,2022-07-27 22:07:00,2,0.7499999999997726,2022-07-27 22:06:00,1.0,True,close_median
367,T1/S01,2022-07-27 22:13:00,2,0.7499999999997726,,,False,close_median
368,T1/S01,2022-07-27 22:33:00,4,0.8600000000003547,,,False,close_median
369,T1/S01,2022-07-27 23:39:00,2,0.7499999999997726,,,False,close_median
370,T1/S01,2022-08-03 22:25:00,2,0.7499999999997726,,,False,close_median
371,T1/S01,2022-08-03 23:52:00,2,0.7499999999997726,2022-08-03 23:52:00,0.0,True,close_median
372,T1/S01,2022-08-04 03:34:00,4,0.8600000000003547,,,False,close_median
373,T1/S01,2022-08-05 03:21:00,4,0.8600000000003547,2022-08-04 22:51:00,270.0,True,close_median
374,T1/S01,2022-08-12 23:54:00,6,0.5900000000001455,2022-08-12 23:54:00,0.0,True,close_median
375,T1/S01,2022-09-07 23:45:00,3,0.7283333333332394,,,False,close_median
376,T1/S01,2022-09-08 04:29:00,6,0.5900000000001455,2022-09-08 04:28:00,1.0,True,close_median
377,T1/S01,2022-09-20 03:01:00,3,0.7283333333332394,2022-09-20 03:00:00,1.0,True,close_median
378,T1/S01,2022-10-03 22:27:00,9,,,,False,close_median
379,T1/S01,2022-10-05 22:17:00,3,0.7283333333332394,2022-10-05 22:17:00,0.0,True,close_median
380,T1/S01,2022-10-06 03:05:00,3,0.7283333333332394,2022-10-06 02:19:00,46.0,True,close_median
381,T1/S01,2022-10-21 22:22:00,3,0.7283333333332394,,,False,close_median
382,T1/S01,2022-10-21 23:42:00,3,0.7283333333332394,2022-10-21 23:41:00,1.0,True,close_median
383,T1/S01,2022-10-31 02:06:00,6,0.5900000000001455,2022-10-31 02:05:00,1.0,True,close_median
384,T1/S01,2022-11-04 22:20:00,3,0.7283333333332394,2022-11-04 22:19:00,1.0,True,close_median
385,T1/S01,2022-11-07 10:31:00,6,0.5900000000001455,2022-11-07 01:12:00,559.0,True,close_median
386,T1/S01,2022-11-10 22:59:00,3,0.7283333333332394,2022-11-10 22:58:00,1.0,True,close_median
387,T1/S01,2022-11-10 23:09:00,3,0.7283333333332394,2022-11-10 23:08:00,1.0,True,close_median
388,T1/S01,2022-11-10 23:26:00,6,0.5900000000001455,2022-11-10 23:25:00,1.0,True,close_median
389,T1/S01,2022-11-14 10:02:00,15,,,,False,close_median
390,T1/S01,2022-11-16 01:13:00,3,0.7283333333332394,,,False,close_median
391,T1/S01,2022-11-24 01:51:00,6,0.5900000000001455,,,False,close_median
392,T1/S01,2022-12-01 01:05:00,6,0.5900000000001455,2022-12-01 01:05:00,0.0,True,close_median
393,T1/S01,2022-12-05 01:32:00,9,,,,False,close_median
394,T1/S01,2022-12-08 15:06:00,15,,,,False,close_median
395,T1/S01,2022-12-16 22:03:00,3,0.7283333333332394,,,False,close_median
396,T1/S01,2022-12-16 22:17:00,3,0.7283333333332394,,,False,close_median
397,T1/S01,2022-12-19 02:38:00,3,0.7283333333332394,2022-12-16 23:35:00,3063.0,True,close_median
398,T1/S01,2023-01-09 01:19:00,6,0.5900000000001455,2023-01-09 01:18:00,1.0,True,close_median
399,T1/S01,2023-01-19 22:03:00,3,0.7283333333332394,2023-01-19 22:02:00,1.0,True,close_median
400,T1/S01,2023-01-19 22:10:00,4,0.8600000000003547,2023-01-19 22:09:00,1.0,True,close_median
401,T1/S01,2023-01-19 22:14:00,4,0.8600000000003547,2023-01-19 22:14:00,0.0,True,close_median
402,T1/S01,2023-01-20 03:25:00,16,,2023-01-19 22:59:00,266.0,True,close_median
403,T1/S01,2023-01-24 01:24:00,4,0.8600000000003547,,,False,close_median
404,T1/S01,2023-01-24 23:00:00,4,0.8600000000003547,,,False,close_median
405,T1/S01,2023-01-25 22:56:00,4,0.8600000000003547,2023-01-25 22:41:00,15.0,True,close_median
406,T1/S01,2023-01-26 01:12:00,4,0.8600000000003547,,,False,close_median
407,T1/S01,2023-02-02 01:05:00,8,1.2849999999998545,2023-02-02 01:05:00,0.0,True,close_median
408,T1/S01,2023-02-20 03:25:00,4,0.8600000000003547,2023-02-17 23:11:00,3134.0,True,close_median
409,T1/S01,2023-03-03 22:04:00,4,0.8600000000003547,2023-03-03 22:04:00,0.0,True,close_median
410,T1/S01,2023-03-03 22:13:00,4,0.8600000000003547,2023-03-03 22:12:00,1.0,True,close_median
411,T1/S01,2023-03-03 22:21:00,4,0.8600000000003547,,,False,close_median
412,T1/S01,2023-03-06 05:13:00,7,1.2600000000002185,2023-03-06 04:58:00,15.0,True,close_median
413,T1/S01,2023-03-31 04:18:00,4,0.8600000000003547,2023-03-31 04:16:00,2.0,True,close_median
414,T1/S01,2023-04-11 02:29:00,4,0.8600000000003547,,,False,close_median
415,T1/S01,2023-04-12 22:02:00,4,0.8600000000003547,2023-04-12 22:01:00,1.0,True,close_median
416,T1/S01,2023-04-12 22:18:00,5,4.149999999999636,,,False,close_median
417,T1/S01,2023-04-13 02:51:00,5,4.149999999999636,2023-04-13 02:51:00,0.0,True,close_median
418,T1/S01,2023-04-24 01:42:00,10,,,,False,close_median
419,T1/S01,2023-05-02 22:47:00,5,4.149999999999636,,,False,close_median
420,T1/S01,2023-05-02 22:56:00,5,4.149999999999636,,,False,close_median
421,T1/S01,2023-05-03 04:17:00,15,,,,False,close_median
422,T1/S01,2023-05-05 22:55:00,5,4.149999999999636,,,False,close_median
423,T1/S01,2023-05-11 03:48:00,5,4.149999999999636,2023-05-11 03:42:00,6.0,True,close_median
424,T1/S01,2023-05-18 01:47:00,10,,,,False,close_median
425,T1/S01,2023-05-24 01:05:00,10,,,,False,close_median
426,T1/S01,2023-06-06 05:13:00,15,,,,False,close_median
427,T1/S01,2023-08-25 22:28:00,6,0.5900000000001455,2023-08-25 22:28:00,0.0,True,close_median
428,T1/S01,2023-09-19 02:31:00,6,0.5900000000001455,,,False,close_median
429,T1/S01,2023-10-09 22:21:00,6,0.5900000000001455,,,False,close_median
430,T1/S01,2023-10-09 22:33:00,11,,,,False,close_median
431,T1/S01,2023-10-10 03:04:00,11,,,,False,close_median
432,T1/S01,2023-10-13 23:51:00,6,0.5900000000001455,2023-10-13 23:50:00,1.0,True,close_median
433,T1/S01,2023-10-16 15:22:00,72,,,,False,close_median
434,T1/S01,2023-10-19 22:01:00,7,1.2600000000002185,,,False,close_median
435,T1/S01,2023-10-19 22:11:00,7,1.2600000000002185,2023-10-19 22:11:00,0.0,True,close_median
436,T1/S01,2023-10-19 22:19:00,7,1.2600000000002185,,,False,close_median
437,T1/S01,2023-10-20 02:09:00,27,,,,False,close_median
438,T1/S01,2023-10-27 22:03:00,7,1.2600000000002185,,,False,close_median
439,T1/S01,2023-10-27 22:09:00,7,1.2600000000002185,,,False,close_median
440,T1/S01,2023-10-30 16:21:00,27,,,,False,close_median
441,T1/S01,2023-11-08 02:02:00,7,1.2600000000002185,,,False,close_median
442,T1/S01,2023-11-28 01:51:00,8,1.2849999999998545,,,False,close_median
443,T1/S01,2023-12-04 01:05:00,8,1.2849999999998545,2023-12-04 01:05:00,0.0,True,close_median
444,T1/S01,2023-12-11 01:05:00,24,,,,False,close_median
445,T1/S01,2023-12-13 22:02:00,8,1.2849999999998545,,,False,close_median
446,T1/S01,2023-12-13 22:17:00,31,,,,False,close_median
447,T1/S01,2023-12-13 22:21:00,8,1.2849999999998545,2023-12-13 22:20:00,1.0,True,close_median
448,T1/S01,2023-12-13 22:36:00,8,1.2849999999998545,2023-12-13 22:35:00,1.0,True,close_median
449,T1/S01,2023-12-13 22:54:00,16,,,,False,close_median
450,T1/S01,2023-12-13 23:06:00,16,,,,False,close_median
451,T1/S01,2023-12-13 23:14:00,8,1.2849999999998545,2023-12-13 23:14:00,0.0,True,close_median
452,T1/S01,2023-12-13 23:23:00,8,1.2849999999998545,,,False,close_median
453,T1/S01,2023-12-13 23:44:00,8,1.2849999999998545,,,False,close_median
454,T1/S01,2023-12-14 01:28:00,8,1.2849999999998545,2023-12-14 01:27:00,1.0,True,close_median
455,T1/S01,2023-12-19 01:50:00,16,,,,False,close_median
456,T1/S01,2023-12-26 22:06:00,9,,,,False,close_median
457,T1/S01,2023-12-26 22:35:00,9,,,,False,close_median
458,T1/S01,2023-12-26 22:42:00,9,,,,False,close_median
459,T1/S01,2023-12-27 01:06:00,18,,,,False,close_median
460,T2/S03,2018-01-04 22:05:00,1,0.6800000000000637,2018-01-04 22:04:00,1.0,True,close_median
461,T2/S03,2018-01-04 23:25:00,1,0.6800000000000637,2018-01-04 23:24:00,1.0,True,close_median
462,T2/S03,2018-01-15 03:01:00,2,0.724999999999909,2018-01-15 03:00:00,1.0,True,close_median
463,T2/S03,2018-01-24 01:36:00,1,0.6800000000000637,,,False,close_median
464,T2/S03,2018-01-24 22:08:00,1,0.6800000000000637,2018-01-24 22:07:00,1.0,True,close_median
465,T2/S03,2018-02-01 22:23:00,1,0.6800000000000637,,,False,close_median
466,T2/S03,2018-02-15 01:55:00,1,0.6800000000000637,2018-02-15 01:42:00,13.0,True,close_median
467,T2/S03,2018-02-22 22:47:00,1,0.6800000000000637,,,False,close_median
468,T2/S03,2018-03-02 07:54:00,2,0.724999999999909,2018-03-02 03:56:00,238.0,True,close_median
469,T2/S03,2018-03-12 03:55:00,2,0.724999999999909,,,False,close_median
470,T2/S03,2018-03-13 01:13:00,1,0.6800000000000637,2018-03-13 01:12:00,1.0,True,close_median
471,T2/S03,2018-03-27 06:23:00,2,0.724999999999909,2018-03-27 06:16:00,7.0,True,close_median
472,T2/S03,2018-04-02 22:58:00,2,0.724999999999909,2018-04-02 22:57:00,1.0,True,close_median
473,T2/S03,2018-04-13 22:16:00,1,0.6800000000000637,2018-04-13 22:16:00,0.0,True,close_median
474,T2/S03,2018-04-16 02:24:00,3,0.7183333333332484,2018-04-16 02:23:00,1.0,True,close_median
475,T2/S03,2018-04-17 22:29:00,1,0.6800000000000637,,,False,close_median
476,T2/S03,2018-04-18 10:49:00,3,0.7183333333332484,,,False,close_median
477,T2/S03,2018-04-25 02:29:00,2,0.724999999999909,2018-04-25 02:29:00,0.0,True,close_median
478,T2/S03,2018-04-30 20:18:00,1,0.6800000000000637,2018-04-30 03:15:00,1023.0,True,close_median
479,T2/S03,2018-05-02 06:41:00,11,,,,False,close_median
480,T2/S03,2018-05-04 23:22:00,1,0.6800000000000637,,,False,close_median
481,T2/S03,2018-05-21 16:21:00,8,0.7274999999995089,2018-05-21 16:20:00,1.0,True,close_median
482,T2/S03,2018-05-24 22:28:00,1,0.6800000000000637,2018-05-24 22:25:00,3.0,True,close_median
483,T2/S03,2018-05-25 11:48:00,3,0.7183333333332484,,,False,close_median
484,T2/S03,2018-07-19 03:14:00,1,0.6800000000000637,2018-07-19 03:14:00,0.0,True,close_median
485,T2/S03,2018-07-19 23:25:00,1,0.6800000000000637,,,False,close_median
486,T2/S03,2018-08-01 05:07:00,2,0.724999999999909,2018-08-01 05:02:00,5.0,True,close_median
487,T2/S03,2018-08-27 01:03:00,1,0.6800000000000637,2018-08-27 01:01:00,2.0,True,close_median
488,T2/S03,2018-09-13 11:37:00,3,0.7183333333332484,,,False,close_median
489,T2/S03,2018-09-28 22:02:00,1,0.6800000000000637,,,False,close_median
490,T2/S03,2018-10-01 15:35:00,5,0.6699999999998454,2018-10-01 15:34:00,1.0,True,close_median
491,T2/S03,2018-10-11 22:39:00,3,0.7183333333332484,2018-10-11 22:39:00,0.0,True,close_median
492,T2/S03,2018-11-15 06:28:00,3,0.7183333333332484,,,False,close_median
493,T2/S03,2018-11-29 03:02:00,2,0.724999999999909,,,False,close_median
494,T2/S03,2018-12-11 11:11:00,1,0.6800000000000637,2018-12-10 01:01:00,2050.0,True,close_median
495,T2/S03,2018-12-17 22:23:00,1,0.6800000000000637,,,False,close_median
496,T2/S03,2018-12-18 03:33:00,1,0.6800000000000637,,,False,close_median
497,T2/S03,2019-01-03 23:00:00,1,0.6800000000000637,2019-01-03 22:59:00,1.0,True,close_median
498,T2/S03,2019-01-25 22:59:00,1,0.6800000000000637,2019-01-25 22:59:00,0.0,True,close_median
499,T2/S03,2019-01-28 23:00:00,1,0.6800000000000637,,,False,close_median
500,T2/S03,2019-01-30 22:08:00,1,0.6800000000000637,2019-01-30 22:08:00,0.0,True,close_median
501,T2/S03,2019-01-30 22:24:00,1,0.6800000000000637,2019-01-30 22:16:00,8.0,True,close_median
502,T2/S03,2019-01-30 23:31:00,1,0.6800000000000637,,,False,close_median
503,T2/S03,2019-02-19 22:12:00,1,0.6800000000000637,2019-02-19 22:12:00,0.0,True,close_median
504,T2/S03,2019-02-20 03:01:00,2,0.724999999999909,2019-02-20 03:00:00,1.0,True,close_median
505,T2/S03,2019-04-05 16:04:00,1,0.6800000000000637,2019-04-04 22:28:00,1056.0,True,close_median
506,T2/S03,2019-05-08 03:56:00,1,0.6800000000000637,2019-05-08 03:56:00,0.0,True,close_median
507,T2/S03,2019-05-14 01:05:00,1,0.6800000000000637,,,False,close_median
508,T2/S03,2019-05-30 22:07:00,1,0.6800000000000637,,,False,close_median
509,T2/S03,2019-05-30 23:00:00,1,0.6800000000000637,,,False,close_median
510,T2/S03,2019-06-03 01:42:00,1,0.6800000000000637,2019-06-03 01:13:00,29.0,True,close_median
511,T2/S03,2019-06-04 10:03:00,1,0.6800000000000637,2019-06-04 04:29:00,334.0,True,close_median
512,T2/S03,2019-06-04 22:34:00,1,0.6800000000000637,2019-06-04 22:33:00,1.0,True,close_median
513,T2/S03,2019-06-05 09:09:00,1,0.6800000000000637,2019-06-05 03:06:00,363.0,True,close_median
514,T2/S03,2019-06-12 04:21:00,1,0.6800000000000637,,,False,close_median
515,T2/S03,2019-06-13 22:48:00,1,0.6800000000000637,,,False,close_median
516,T2/S03,2019-06-19 22:20:00,1,0.6800000000000637,2019-06-19 22:19:00,1.0,True,close_median
517,T2/S03,2019-06-19 23:00:00,1,0.6800000000000637,2019-06-19 22:38:00,22.0,True,close_median
518,T2/S03,2019-06-21 01:42:00,3,0.7183333333332484,,,False,close_median
519,T2/S03,2019-06-24 22:47:00,2,0.724999999999909,,,False,close_median
520,T2/S03,2019-06-27 23:53:00,1,0.6800000000000637,,,False,close_median
521,T2/S03,2019-07-02 22:03:00,1,0.6800000000000637,2019-07-02 22:02:00,1.0,True,close_median
522,T2/S03,2019-07-02 22:17:00,1,0.6800000000000637,2019-07-02 22:16:00,1.0,True,close_median
523,T2/S03,2019-07-02 22:43:00,1,0.6800000000000637,2019-07-02 22:37:00,6.0,True,close_median
524,T2/S03,2019-07-02 22:59:00,1,0.6800000000000637,,,False,close_median
525,T2/S03,2019-07-10 22:59:00,1,0.6800000000000637,,,False,close_median
526,T2/S03,2019-07-15 01:18:00,1,0.6800000000000637,2019-07-15 01:06:00,12.0,True,close_median
527,T2/S03,2019-07-17 22:02:00,1,0.6800000000000637,,,False,close_median
528,T2/S03,2019-07-17 22:31:00,1,0.6800000000000637,2019-07-17 22:31:00,0.0,True,close_median
529,T2/S03,2019-07-18 01:08:00,1,0.6800000000000637,2019-07-18 01:08:00,0.0,True,close_median
530,T2/S03,2019-07-18 22:05:00,1,0.6800000000000637,,,False,close_median
531,T2/S03,2019-07-18 22:17:00,1,0.6800000000000637,2019-07-18 22:16:00,1.0,True,close_median
532,T2/S03,2019-07-18 22:49:00,1,0.6800000000000637,2019-07-18 22:45:00,4.0,True,close_median
533,T2/S03,2019-08-01 22:02:00,1,0.6800000000000637,2019-08-01 22:01:00,1.0,True,close_median
534,T2/S03,2019-08-01 22:17:00,1,0.6800000000000637,,,False,close_median
535,T2/S03,2019-08-01 22:50:00,2,0.724999999999909,2019-08-01 22:37:00,13.0,True,close_median
536,T2/S03,2019-08-09 01:05:00,4,0.775000000000091,2019-08-09 01:05:00,0.0,True,close_median
537,T2/S03,2019-08-12 22:24:00,1,0.6800000000000637,2019-08-12 22:13:00,11.0,True,close_median
538,T2/S03,2019-08-12 23:18:00,2,0.724999999999909,2019-08-12 22:32:00,46.0,True,close_median
539,T2/S03,2019-08-15 22:21:00,1,0.6800000000000637,2019-08-15 22:20:00,1.0,True,close_median
540,T2/S03,2019-08-23 22:01:00,1,0.6800000000000637,2019-08-23 22:00:00,1.0,True,close_median
541,T2/S03,2019-08-26 01:05:00,4,0.775000000000091,2019-08-26 01:05:00,0.0,True,close_median
542,T2/S03,2019-08-27 22:21:00,2,0.724999999999909,2019-08-27 22:21:00,0.0,True,close_median
543,T2/S03,2019-09-04 22:47:00,2,0.724999999999909,2019-09-04 22:46:00,1.0,True,close_median
544,T2/S03,2019-09-20 22:01:00,1,0.6800000000000637,2019-09-20 22:00:00,1.0,True,close_median
545,T2/S03,2019-09-20 22:29:00,1,0.6800000000000637,2019-09-20 22:18:00,11.0,True,close_median
546,T2/S03,2019-09-20 22:46:00,1,0.6800000000000637,2019-09-20 22:46:00,0.0,True,close_median
547,T2/S03,2019-10-02 10:23:00,1,0.6800000000000637,2019-10-01 22:58:00,685.0,True,close_median
548,T2/S03,2019-10-25 07:38:00,2,0.724999999999909,,,False,close_median
549,T2/S03,2019-11-19 02:11:00,1,0.6800000000000637,2019-11-19 02:08:00,3.0,True,close_median
550,T2/S03,2019-12-04 05:01:00,2,0.724999999999909,2019-12-04 05:00:00,1.0,True,close_median
551,T2/S03,2020-01-10 22:21:00,1,0.6800000000000637,2020-01-10 22:20:00,1.0,True,close_median
552,T2/S03,2020-01-10 22:35:00,1,0.6800000000000637,,,False,close_median
553,T2/S03,2020-01-10 23:06:00,1,0.6800000000000637,2020-01-10 23:05:00,1.0,True,close_median
554,T2/S03,2020-01-24 22:09:00,1,0.6800000000000637,2020-01-24 22:08:00,1.0,True,close_median
555,T2/S03,2020-01-24 22:40:00,2,0.724999999999909,,,False,close_median
556,T2/S03,2020-01-27 01:05:00,2,0.724999999999909,2020-01-27 01:05:00,0.0,True,close_median
557,T2/S03,2020-03-03 22:01:00,1,0.6800000000000637,2020-03-03 22:00:00,1.0,True,close_median
558,T2/S03,2020-03-03 22:29:00,3,0.7183333333332484,2020-03-03 22:28:00,1.0,True,close_median
559,T2/S03,2020-03-03 22:35:00,2,0.724999999999909,2020-03-03 22:34:00,1.0,True,close_median
560,T2/S03,2020-03-03 22:51:00,1,0.6800000000000637,,,False,close_median
561,T2/S03,2020-03-05 22:07:00,1,0.6800000000000637,,,False,close_median
562,T2/S03,2020-03-05 22:17:00,1,0.6800000000000637,2020-03-05 22:16:00,1.0,True,close_median
563,T2/S03,2020-03-05 22:40:00,2,0.724999999999909,,,False,close_median
564,T2/S03,2020-03-05 22:46:00,1,0.6800000000000637,2020-03-05 22:45:00,1.0,True,close_median
565,T2/S03,2020-03-17 22:02:00,1,0.6800000000000637,2020-03-17 22:01:00,1.0,True,close_median
566,T2/S03,2020-03-23 22:16:00,2,0.724999999999909,2020-03-23 22:15:00,1.0,True,close_median
567,T2/S03,2020-03-23 22:43:00,1,0.6800000000000637,,,False,close_median
568,T2/S03,2020-03-24 01:03:00,2,0.724999999999909,2020-03-24 00:05:00,58.0,True,close_median
569,T2/S03,2020-04-06 22:04:00,1,0.6800000000000637,2020-04-06 22:03:00,1.0,True,close_median
570,T2/S03,2020-04-06 22:17:00,1,0.6800000000000637,2020-04-06 22:16:00,1.0,True,close_median
571,T2/S03,2020-04-06 22:36:00,1,0.6800000000000637,2020-04-06 22:35:00,1.0,True,close_median
572,T2/S03,2020-04-06 23:02:00,1,0.6800000000000637,2020-04-06 22:54:00,8.0,True,close_median
573,T2/S03,2020-04-14 03:12:00,1,0.6800000000000637,2020-04-14 02:05:00,67.0,True,close_median
574,T2/S03,2020-04-21 22:17:00,1,0.6800000000000637,2020-04-21 22:16:00,1.0,True,close_median
575,T2/S03,2020-04-29 23:00:00,1,0.6800000000000637,,,False,close_median
576,T2/S03,2020-05-01 22:12:00,2,0.724999999999909,2020-05-01 22:11:00,1.0,True,close_median
577,T2/S03,2020-05-01 22:45:00,1,0.6800000000000637,2020-05-01 22:35:00,10.0,True,close_median
578,T2/S03,2020-05-07 22:07:00,1,0.6800000000000637,,,False,close_median
579,T2/S03,2020-05-07 22:29:00,2,0.724999999999909,2020-05-07 22:29:00,0.0,True,close_median
580,T2/S03,2020-05-07 23:08:00,4,0.775000000000091,2020-05-07 23:08:00,0.0,True,close_median
581,T2/S03,2020-05-14 22:54:00,3,0.7183333333332484,,,False,close_median
582,T2/S03,2020-05-27 22:51:00,2,0.724999999999909,2020-05-27 22:50:00,1.0,True,close_median
583,T2/S03,2020-06-15 22:06:00,1,0.6800000000000637,,,False,close_median
584,T2/S03,2020-06-15 22:21:00,1,0.6800000000000637,,,False,close_median
585,T2/S03,2020-06-16 01:18:00,1,0.6800000000000637,2020-06-15 22:56:00,142.0,True,close_median
586,T2/S03,2020-06-17 22:30:00,1,0.6800000000000637,2020-06-17 22:29:00,1.0,True,close_median
587,T2/S03,2020-07-01 01:12:00,2,0.724999999999909,2020-07-01 01:12:00,0.0,True,close_median
588,T2/S03,2020-07-07 22:31:00,1,0.6800000000000637,2020-07-07 22:30:00,1.0,True,close_median
589,T2/S03,2020-07-08 03:09:00,3,0.7183333333332484,2020-07-08 03:08:00,1.0,True,close_median
590,T2/S03,2020-07-22 22:52:00,2,0.724999999999909,,,False,close_median
591,T2/S03,2020-08-04 22:01:00,1,0.6800000000000637,2020-08-04 22:00:00,1.0,True,close_median
592,T2/S03,2020-08-04 22:27:00,2,0.724999999999909,,,False,close_median
593,T2/S03,2020-08-04 22:32:00,1,0.6800000000000637,2020-08-04 22:31:00,1.0,True,close_median
594,T2/S03,2020-08-04 22:47:00,1,0.6800000000000637,2020-08-04 22:46:00,1.0,True,close_median
595,T2/S03,2020-08-17 22:03:00,1,0.6800000000000637,2020-08-17 22:02:00,1.0,True,close_median
596,T2/S03,2020-08-17 22:27:00,1,0.6800000000000637,2020-08-17 22:26:00,1.0,True,close_median
597,T2/S03,2020-08-20 22:46:00,1,0.6800000000000637,2020-08-20 22:45:00,1.0,True,close_median
598,T2/S03,2020-08-26 22:09:00,1,0.6800000000000637,2020-08-26 22:08:00,1.0,True,close_median
599,T2/S03,2020-08-26 22:20:00,1,0.6800000000000637,2020-08-26 22:19:00,1.0,True,close_median
600,T2/S03,2020-08-26 22:44:00,2,0.724999999999909,,,False,close_median
601,T2/S03,2020-08-26 22:47:00,1,0.6800000000000637,,,False,close_median
602,T2/S03,2020-09-09 22:19:00,1,0.6800000000000637,2020-09-09 22:18:00,1.0,True,close_median
603,T2/S03,2020-10-15 22:31:00,1,0.6800000000000637,2020-10-15 22:31:00,0.0,True,close_median
604,T2/S03,2020-10-15 23:09:00,2,0.724999999999909,,,False,close_median
605,T2/S03,2020-11-05 22:02:00,1,0.6800000000000637,2020-11-05 22:02:00,0.0,True,close_median
606,T2/S03,2020-11-05 22:16:00,1,0.6800000000000637,2020-11-05 22:15:00,1.0,True,close_median
607,T2/S03,2020-11-05 22:41:00,2,0.724999999999909,2020-11-05 22:40:00,1.0,True,close_median
608,T2/S03,2020-11-05 22:46:00,1,0.6800000000000637,,,False,close_median
609,T2/S03,2020-12-02 23:03:00,1,0.6800000000000637,2020-12-02 23:02:00,1.0,True,close_median
610,T2/S03,2020-12-07 22:28:00,1,0.6800000000000637,2020-12-07 22:27:00,1.0,True,close_median
611,T2/S03,2020-12-07 22:37:00,1,0.6800000000000637,2020-12-07 22:36:00,1.0,True,close_median
612,T2/S03,2020-12-07 22:58:00,1,0.6800000000000637,2020-12-07 22:58:00,0.0,True,close_median
613,T2/S03,2021-01-20 22:08:00,1,0.6800000000000637,2021-01-20 22:08:00,0.0,True,close_median
614,T2/S03,2021-01-22 22:03:00,1,0.6800000000000637,,,False,close_median
615,T2/S03,2021-01-22 22:18:00,1,0.6800000000000637,,,False,close_median
616,T2/S03,2021-01-25 01:05:00,3,0.7183333333332484,2021-01-25 01:05:00,0.0,True,close_median
617,T2/S03,2021-03-12 23:40:00,1,0.6800000000000637,2021-03-12 22:39:00,61.0,True,close_median
618,T2/S03,2021-03-19 22:25:00,1,0.6800000000000637,,,False,close_median
619,T2/S03,2021-03-19 22:38:00,1,0.6800000000000637,2021-03-19 22:38:00,0.0,True,close_median
620,T2/S03,2021-03-22 05:00:00,5,0.6699999999998454,,,False,close_median
621,T2/S03,2021-03-31 22:01:00,1,0.6800000000000637,2021-03-31 22:00:00,1.0,True,close_median
622,T2/S03,2021-03-31 22:23:00,1,0.6800000000000637,,,False,close_median
623,T2/S03,2021-03-31 22:40:00,1,0.6800000000000637,2021-03-31 22:39:00,1.0,True,close_median
624,T2/S03,2021-03-31 23:35:00,2,0.724999999999909,,,False,close_median
625,T2/S03,2021-04-08 23:18:00,1,0.6800000000000637,2021-04-08 22:59:00,19.0,True,close_median
626,T2/S03,2021-04-16 07:55:00,2,0.724999999999909,2021-04-16 03:06:00,289.0,True,close_median
627,T2/S03,2021-04-20 23:35:00,2,0.724999999999909,,,False,close_median
628,T2/S03,2021-05-03 22:04:00,1,0.6800000000000637,,,False,close_median
629,T2/S03,2021-05-06 22:35:00,1,0.6800000000000637,2021-05-06 22:35:00,0.0,True,close_median
630,T2/S03,2021-05-06 23:00:00,1,0.6800000000000637,,,False,close_median
631,T2/S03,2021-05-13 22:03:00,1,0.6800000000000637,2021-05-13 22:02:00,1.0,True,close_median
632,T2/S03,2021-05-13 22:17:00,1,0.6800000000000637,2021-05-13 22:17:00,0.0,True,close_median
633,T2/S03,2021-05-13 23:15:00,1,0.6800000000000637,2021-05-13 23:14:00,1.0,True,close_median
634,T2/S03,2021-05-18 01:09:00,2,0.724999999999909,,,False,close_median
635,T2/S03,2021-05-25 23:03:00,1,0.6800000000000637,,,False,close_median
636,T2/S03,2021-06-07 22:13:00,1,0.6800000000000637,,,False,close_median
637,T2/S03,2021-06-08 03:43:00,2,0.724999999999909,2021-06-08 03:42:00,1.0,True,close_median
638,T2/S03,2021-06-14 22:19:00,1,0.6800000000000637,,,False,close_median
639,T2/S03,2021-06-14 23:01:00,1,0.6800000000000637,,,False,close_median
640,T2/S03,2021-06-30 22:28:00,1,0.6800000000000637,2021-06-30 22:27:00,1.0,True,close_median
641,T2/S03,2021-06-30 22:38:00,1,0.6800000000000637,,,False,close_median
642,T2/S03,2021-07-01 08:46:00,4,0.775000000000091,2021-07-01 04:18:00,268.0,True,close_median
643,T2/S03,2021-07-12 04:03:00,5,0.6699999999998454,,,False,close_median
644,T2/S03,2021-08-11 22:13:00,1,0.6800000000000637,,,False,close_median
645,T2/S03,2021-08-11 22:59:00,1,0.6800000000000637,,,False,close_median
646,T2/S03,2021-08-13 22:21:00,1,0.6800000000000637,,,False,close_median
647,T2/S03,2021-08-13 22:49:00,1,0.6800000000000637,2021-08-13 22:48:00,1.0,True,close_median
648,T2/S03,2021-08-26 22:56:00,1,0.6800000000000637,,,False,close_median
649,T2/S03,2021-08-27 22:52:00,1,0.6800000000000637,,,False,close_median
650,T2/S03,2021-10-01 04:46:00,5,0.6699999999998454,2021-09-30 22:01:00,405.0,True,close_median
651,T2/S03,2021-10-13 22:18:00,1,0.6800000000000637,,,False,close_median
652,T2/S03,2021-10-13 22:32:00,1,0.6800000000000637,2021-10-13 22:31:00,1.0,True,close_median
653,T2/S03,2021-10-13 23:01:00,1,0.6800000000000637,2021-10-13 23:00:00,1.0,True,close_median
654,T2/S03,2021-11-05 22:27:00,1,0.6800000000000637,2021-11-05 22:26:00,1.0,True,close_median
655,T2/S03,2021-11-05 22:45:00,1,0.6800000000000637,,,False,close_median
656,T2/S03,2021-11-08 01:34:00,1,0.6800000000000637,2021-11-08 01:09:00,25.0,True,close_median
657,T2/S03,2021-11-12 22:45:00,1,0.6800000000000637,,,False,close_median
658,T2/S03,2021-12-08 02:23:00,2,0.724999999999909,,,False,close_median
659,T2/S03,2021-12-16 22:34:00,1,0.6800000000000637,,,False,close_median
660,T2/S03,2021-12-23 03:06:00,1,0.6800000000000637,2021-12-22 22:59:00,247.0,True,close_median
661,T2/S03,2021-12-30 02:41:00,2,0.724999999999909,,,False,close_median
662,T2/S03,2021-12-30 22:02:00,1,0.6800000000000637,2021-12-30 22:02:00,0.0,True,close_median
663,T2/S03,2021-12-30 22:36:00,1,0.6800000000000637,2021-12-30 22:36:00,0.0,True,close_median
664,T2/S03,2021-12-31 02:11:00,1,0.6800000000000637,2021-12-30 22:59:00,192.0,True,close_median
665,T2/S03,2022-01-04 22:57:00,1,0.6800000000000637,2022-01-04 22:57:00,0.0,True,close_median
666,T2/S03,2022-01-11 22:12:00,1,0.6800000000000637,2022-01-11 22:12:00,0.0,True,close_median
667,T2/S03,2022-01-11 22:31:00,1,0.6800000000000637,2022-01-11 22:30:00,1.0,True,close_median
668,T2/S03,2022-01-11 22:57:00,2,0.724999999999909,2022-01-11 22:56:00,1.0,True,close_median
669,T2/S03,2022-01-25 06:01:00,1,0.6800000000000637,2022-01-20 03:00:00,7381.0,True,close_median
670,T2/S03,2022-01-26 15:24:00,6,0.6700000000000728,,,False,close_median
671,T2/S03,2022-02-11 22:03:00,1,0.6800000000000637,2022-02-11 22:02:00,1.0,True,close_median
672,T2/S03,2022-02-11 22:16:00,1,0.6800000000000637,2022-02-11 22:16:00,0.0,True,close_median
673,T2/S03,2022-02-11 23:15:00,2,0.724999999999909,2022-02-11 23:15:00,0.0,True,close_median
674,T2/S03,2022-02-16 22:35:00,1,0.6800000000000637,2022-02-16 22:35:00,0.0,True,close_median
675,T2/S03,2022-03-01 22:37:00,2,0.724999999999909,2022-03-01 22:01:00,36.0,True,close_median
676,T2/S03,2022-03-01 23:03:00,2,0.724999999999909,2022-03-01 22:48:00,15.0,True,close_median
677,T2/S03,2022-03-07 22:35:00,6,0.6700000000000728,2022-03-07 22:34:00,1.0,True,close_median
678,T2/S03,2022-03-29 22:02:00,2,0.724999999999909,2022-03-29 22:02:00,0.0,True,close_median
679,T2/S03,2022-03-29 22:26:00,2,0.724999999999909,,,False,close_median
680,T2/S03,2022-03-29 22:45:00,2,0.724999999999909,2022-03-29 22:45:00,0.0,True,close_median
681,T2/S03,2022-05-16 22:05:00,2,0.724999999999909,2022-05-16 22:05:00,0.0,True,close_median
682,T2/S03,2022-05-16 22:26:00,2,0.724999999999909,2022-05-16 22:25:00,1.0,True,close_median
683,T2/S03,2022-05-16 22:47:00,4,0.775000000000091,2022-05-16 22:47:00,0.0,True,close_median
684,T2/S03,2022-06-03 03:32:00,2,0.724999999999909,2022-06-02 23:08:00,264.0,True,close_median
685,T2/S03,2022-06-07 22:29:00,2,0.724999999999909,2022-06-07 22:28:00,1.0,True,close_median
686,T2/S03,2022-06-07 22:55:00,2,0.724999999999909,2022-06-07 22:55:00,0.0,True,close_median
687,T2/S03,2022-06-10 22:08:00,2,0.724999999999909,,,False,close_median
688,T2/S03,2022-06-13 01:05:00,4,0.775000000000091,2022-06-13 01:05:00,0.0,True,close_median
689,T2/S03,2022-06-16 22:02:00,2,0.724999999999909,2022-06-16 22:01:00,1.0,True,close_median
690,T2/S03,2022-06-16 22:38:00,2,0.724999999999909,,,False,close_median
691,T2/S03,2022-06-16 22:48:00,2,0.724999999999909,,,False,close_median
692,T2/S03,2022-07-01 23:19:00,6,0.6700000000000728,2022-07-01 23:19:00,0.0,True,close_median
693,T2/S03,2022-08-05 03:21:00,2,0.724999999999909,2022-08-04 22:51:00,270.0,True,close_median
694,T2/S03,2022-08-23 22:12:00,3,0.7183333333332484,2022-08-23 22:12:00,0.0,True,close_median
695,T2/S03,2022-08-23 22:19:00,3,0.7183333333332484,2022-08-23 22:18:00,1.0,True,close_median
696,T2/S03,2022-08-23 22:36:00,3,0.7183333333332484,2022-08-23 22:36:00,0.0,True,close_median
697,T2/S03,2022-08-23 22:56:00,3,0.7183333333332484,,,False,close_median
698,T2/S03,2022-09-07 22:05:00,3,0.7183333333332484,,,False,close_median
699,T2/S03,2022-09-07 22:58:00,3,0.7183333333332484,,,False,close_median
700,T2/S03,2022-09-16 23:30:00,3,0.7183333333332484,,,False,close_median
701,T2/S03,2022-09-29 04:31:00,18,,,,False,close_median
702,T2/S03,2022-10-03 22:27:00,9,,,,False,close_median
703,T2/S03,2022-10-03 22:31:00,3,0.7183333333332484,2022-10-03 22:30:00,1.0,True,close_median
704,T2/S03,2022-10-03 22:47:00,3,0.7183333333332484,,,False,close_median
705,T2/S03,2022-10-21 22:11:00,3,0.7183333333332484,,,False,close_median
706,T2/S03,2022-10-21 22:18:00,3,0.7183333333332484,2022-10-21 22:17:00,1.0,True,close_median
707,T2/S03,2022-10-21 23:42:00,3,0.7183333333332484,2022-10-21 23:40:00,2.0,True,close_median
708,T2/S03,2022-11-04 02:04:00,6,0.6700000000000728,2022-11-04 02:04:00,0.0,True,close_median
709,T2/S03,2022-11-04 22:20:00,3,0.7183333333332484,2022-11-04 22:19:00,1.0,True,close_median
710,T2/S03,2022-11-07 11:03:00,14,,,,False,close_median
711,T2/S03,2022-11-08 22:02:00,3,0.7183333333332484,2022-11-08 22:02:00,0.0,True,close_median
712,T2/S03,2022-11-08 22:32:00,3,0.7183333333332484,2022-11-08 22:31:00,1.0,True,close_median
713,T2/S03,2022-11-08 22:47:00,3,0.7183333333332484,,,False,close_median
714,T2/S03,2022-11-10 22:59:00,3,0.7183333333332484,2022-11-10 22:58:00,1.0,True,close_median
715,T2/S03,2022-11-14 22:01:00,3,0.7183333333332484,2022-11-14 22:01:00,0.0,True,close_median
716,T2/S03,2022-11-14 22:21:00,3,0.7183333333332484,,,False,close_median
717,T2/S03,2022-11-14 22:53:00,3,0.7183333333332484,,,False,close_median
718,T2/S03,2022-11-24 01:51:00,6,0.6700000000000728,,,False,close_median
719,T2/S03,2022-12-05 01:32:00,9,,,,False,close_median
720,T2/S03,2022-12-19 02:38:00,3,0.7183333333332484,2022-12-16 22:19:00,3139.0,True,close_median
721,T2/S03,2022-12-20 22:52:00,6,0.6700000000000728,2022-12-20 22:51:00,1.0,True,close_median
722,T2/S03,2023-01-09 01:19:00,6,0.6700000000000728,2023-01-09 01:18:00,1.0,True,close_median
723,T2/S03,2023-01-13 22:55:00,3,0.7183333333332484,2023-01-13 22:54:00,1.0,True,close_median
724,T2/S03,2023-01-19 22:03:00,3,0.7183333333332484,2023-01-19 22:02:00,1.0,True,close_median
725,T2/S03,2023-01-20 03:28:00,7,,,,False,close_median
726,T2/S03,2023-01-25 22:03:00,4,0.775000000000091,2023-01-25 22:02:00,1.0,True,close_median
727,T2/S03,2023-01-25 23:00:00,4,0.775000000000091,2023-01-25 22:37:00,23.0,True,close_median
728,T2/S03,2023-02-01 03:02:00,8,0.7274999999995089,,,False,close_median
729,T2/S03,2023-02-17 22:09:00,4,0.775000000000091,,,False,close_median
730,T2/S03,2023-02-17 22:23:00,4,0.775000000000091,,,False,close_median
731,T2/S03,2023-02-17 23:10:00,4,0.775000000000091,,,False,close_median
732,T2/S03,2023-02-20 03:25:00,12,,,,False,close_median
733,T2/S03,2023-03-01 03:48:00,16,,,,False,close_median
734,T2/S03,2023-03-22 22:03:00,8,0.7274999999995089,2023-03-22 22:02:00,1.0,True,close_median
735,T2/S03,2023-03-23 01:49:00,12,,,,False,close_median
736,T2/S03,2023-03-29 12:33:00,40,,,,False,close_median
737,T2/S03,2023-03-30 22:23:00,4,0.775000000000091,,,False,close_median
738,T2/S03,2023-03-30 22:42:00,4,0.775000000000091,2023-03-30 22:41:00,1.0,True,close_median
739,T2/S03,2023-03-31 04:18:00,11,,,,False,close_median
740,T2/S03,2023-04-04 22:47:00,16,,2023-04-04 22:02:00,45.0,True,close_median
741,T2/S03,2023-04-20 03:26:00,10,,,,False,close_median
742,T2/S03,2023-05-02 22:01:00,5,0.6699999999998454,2023-05-02 22:00:00,1.0,True,close_median
743,T2/S03,2023-05-02 22:21:00,5,0.6699999999998454,2023-05-02 22:20:00,1.0,True,close_median
744,T2/S03,2023-05-02 22:36:00,5,0.6699999999998454,,,False,close_median
745,T2/S03,2023-05-02 22:47:00,5,0.6699999999998454,2023-05-02 22:46:00,1.0,True,close_median
746,T2/S03,2023-05-19 23:21:00,10,,,,False,close_median
747,T2/S03,2023-05-24 01:05:00,10,,,,False,close_median
748,T2/S03,2023-06-05 22:05:00,5,0.6699999999998454,2023-06-05 22:04:00,1.0,True,close_median
749,T2/S03,2023-06-05 22:22:00,5,0.6699999999998454,2023-06-05 22:22:00,0.0,True,close_median
750,T2/S03,2023-06-06 05:13:00,15,,,,False,close_median
751,T2/S03,2023-06-15 22:04:00,5,0.6699999999998454,2023-06-15 22:03:00,1.0,True,close_median
752,T2/S03,2023-06-15 22:31:00,5,0.6699999999998454,,,False,close_median
753,T2/S03,2023-06-15 22:58:00,5,0.6699999999998454,2023-06-15 22:58:00,0.0,True,close_median
754,T2/S03,2023-07-10 22:32:00,5,0.6699999999998454,2023-07-10 22:32:00,0.0,True,close_median
755,T2/S03,2023-07-10 22:52:00,5,0.6699999999998454,2023-07-10 22:51:00,1.0,True,close_median
756,T2/S03,2023-07-13 04:09:00,10,,,,False,close_median
757,T2/S03,2023-08-24 03:19:00,17,,,,False,close_median
758,T2/S03,2023-08-29 22:15:00,6,0.6700000000000728,,,False,close_median
759,T2/S03,2023-08-30 12:26:00,12,,,,False,close_median
760,T2/S03,2023-09-13 01:09:00,6,0.6700000000000728,,,False,close_median
761,T2/S03,2023-10-09 22:18:00,6,0.6700000000000728,2023-10-09 22:17:00,1.0,True,close_median
762,T2/S03,2023-10-09 22:38:00,11,,,,False,close_median
763,T2/S03,2023-10-10 03:02:00,12,,,,False,close_median
764,T2/S03,2023-10-13 23:48:00,6,0.6700000000000728,,,False,close_median
765,T2/S03,2023-10-19 22:21:00,7,,,,False,close_median
766,T2/S03,2023-10-20 02:32:00,7,,,,False,close_median
767,T2/S03,2023-10-30 02:45:00,28,,,,False,close_median
768,T2/S03,2023-11-14 02:02:00,8,0.7274999999995089,,,False,close_median
769,T2/S03,2023-11-17 02:54:00,16,,,,False,close_median
770,T2/S03,2023-11-29 01:15:00,16,,,,False,close_median
771,T2/S03,2023-12-01 22:04:00,8,0.7274999999995089,2023-12-01 22:03:00,1.0,True,close_median
772,T2/S03,2023-12-01 22:32:00,8,0.7274999999995089,,,False,close_median
773,T2/S03,2023-12-01 23:03:00,8,0.7274999999995089,,,False,close_median
774,T2/S03,2023-12-13 22:02:00,8,0.7274999999995089,,,False,close_median
775,T2/S03,2023-12-13 22:17:00,16,,,,False,close_median
776,T2/S03,2023-12-13 22:36:00,8,0.7274999999995089,2023-12-13 22:31:00,5.0,True,close_median
777,T2/S03,2023-12-13 23:00:00,8,0.7274999999995089,2023-12-13 22:55:00,5.0,True,close_median
778,T2/S04,2018-02-08 19:56:00,1,0.6449999999998681,2018-02-08 19:55:00,1.0,True,close_median
779,T2/S04,2018-02-22 19:23:00,1,0.6449999999998681,2018-02-22 19:23:00,0.0,True,close_median
780,T2/S04,2018-02-22 20:34:00,1,0.6449999999998681,,,False,close_median
781,T2/S04,2018-03-07 01:03:00,3,0.599999999999909,2018-03-07 01:01:00,2.0,True,close_median
782,T2/S04,2018-03-19 19:03:00,1,0.6449999999998681,,,False,close_median
783,T2/S04,2018-03-19 20:49:00,1,0.6449999999998681,,,False,close_median
784,T2/S04,2018-03-27 06:23:00,1,0.6449999999998681,2018-03-27 06:17:00,6.0,True,close_median
785,T2/S04,2018-04-02 19:03:00,1,0.6449999999998681,2018-04-02 19:02:00,1.0,True,close_median
786,T2/S04,2018-04-02 19:17:00,1,0.6449999999998681,,,False,close_median
787,T2/S04,2018-04-02 20:09:00,1,0.6449999999998681,2018-04-02 20:08:00,1.0,True,close_median
788,T2/S04,2018-04-06 19:21:00,1,0.6449999999998681,2018-04-06 19:21:00,0.0,True,close_median
789,T2/S04,2018-04-06 20:27:00,1,0.6449999999998681,2018-04-06 20:26:00,1.0,True,close_median
790,T2/S04,2018-04-09 19:36:00,1,0.6449999999998681,2018-04-09 19:35:00,1.0,True,close_median
791,T2/S04,2018-04-09 21:38:00,1,0.6449999999998681,,,False,close_median
792,T2/S04,2018-04-11 19:03:00,1,0.6449999999998681,2018-04-11 19:02:00,1.0,True,close_median
793,T2/S04,2018-04-11 19:48:00,4,0.7974999999999,,,False,close_median
794,T2/S04,2018-05-09 20:17:00,2,0.7624999999999318,,,False,close_median
795,T2/S04,2018-05-24 19:43:00,1,0.6449999999998681,,,False,close_median
796,T2/S04,2018-05-24 22:24:00,1,0.6449999999998681,,,False,close_median
797,T2/S04,2018-05-31 02:44:00,1,0.6449999999998681,2018-05-31 02:44:00,0.0,True,close_median
798,T2/S04,2018-06-06 08:51:00,2,0.7624999999999318,,,False,close_median
799,T2/S04,2018-06-12 16:57:00,5,0.75,2018-06-12 16:56:00,1.0,True,close_median
800,T2/S04,2018-06-13 19:22:00,1,0.6449999999998681,,,False,close_median
801,T2/S04,2018-06-13 21:56:00,3,0.599999999999909,2018-06-13 21:55:00,1.0,True,close_median
802,T2/S04,2018-06-21 20:42:00,1,0.6449999999998681,,,False,close_median
803,T2/S04,2018-07-04 03:11:00,3,0.599999999999909,2018-07-04 03:11:00,0.0,True,close_median
804,T2/S04,2018-07-05 23:54:00,2,0.7624999999999318,,,False,close_median
805,T2/S04,2018-07-20 19:30:00,1,0.6449999999998681,,,False,close_median
806,T2/S04,2018-07-20 20:16:00,1,0.6449999999998681,2018-07-20 20:15:00,1.0,True,close_median
807,T2/S04,2018-07-30 14:54:00,5,0.75,,,False,close_median
808,T2/S04,2018-08-06 04:35:00,3,0.599999999999909,2018-08-06 04:34:00,1.0,True,close_median
809,T2/S04,2018-08-24 20:12:00,3,0.599999999999909,2018-08-24 20:12:00,0.0,True,close_median
810,T2/S04,2018-08-27 23:25:00,2,0.7624999999999318,,,False,close_median
811,T2/S04,2018-09-12 20:03:00,1,0.6449999999998681,2018-09-12 20:02:00,1.0,True,close_median
812,T2/S04,2018-09-18 14:05:00,5,0.75,2018-09-18 14:05:00,0.0,True,close_median
813,T2/S04,2018-09-28 19:19:00,1,0.6449999999998681,,,False,close_median
814,T2/S04,2018-09-28 20:43:00,1,0.6449999999998681,2018-09-28 20:42:00,1.0,True,close_median
815,T2/S04,2018-10-02 19:27:00,1,0.6449999999998681,2018-10-02 19:26:00,1.0,True,close_median
816,T2/S04,2018-10-03 01:34:00,3,0.599999999999909,,,False,close_median
817,T2/S04,2018-10-11 19:07:00,1,0.6449999999998681,2018-10-11 19:06:00,1.0,True,close_median
818,T2/S04,2018-10-11 20:02:00,2,0.7624999999999318,2018-10-11 20:02:00,0.0,True,close_median
819,T2/S04,2018-11-01 19:10:00,1,0.6449999999998681,,,False,close_median
820,T2/S04,2018-11-01 19:22:00,1,0.6449999999998681,,,False,close_median
821,T2/S04,2018-11-02 10:03:00,4,0.7974999999999,,,False,close_median
822,T2/S04,2018-11-28 19:50:00,1,0.6449999999998681,2018-11-28 19:49:00,1.0,True,close_median
823,T2/S04,2018-12-07 19:41:00,2,0.7624999999999318,,,False,close_median
824,T2/S04,2018-12-07 19:48:00,1,0.6449999999998681,2018-12-07 19:48:00,0.0,True,close_median
825,T2/S04,2018-12-17 19:11:00,1,0.6449999999998681,,,False,close_median
826,T2/S04,2018-12-17 19:24:00,1,0.6449999999998681,2018-12-17 19:24:00,0.0,True,close_median
827,T2/S04,2018-12-17 19:35:00,1,0.6449999999998681,2018-12-17 19:34:00,1.0,True,close_median
828,T2/S04,2018-12-17 19:57:00,1,0.6449999999998681,2018-12-17 19:56:00,1.0,True,close_median
829,T2/S04,2019-01-09 19:50:00,1,0.6449999999998681,,,False,close_median
830,T2/S04,2019-01-17 03:18:00,2,0.7624999999999318,,,False,close_median
831,T2/S04,2019-01-25 19:23:00,2,0.7624999999999318,,,False,close_median
832,T2/S04,2019-01-25 20:24:00,1,0.6449999999998681,,,False,close_median
833,T2/S04,2019-02-19 19:10:00,1,0.6449999999998681,2019-02-19 19:09:00,1.0,True,close_median
834,T2/S04,2019-02-19 19:26:00,1,0.6449999999998681,2019-02-19 19:25:00,1.0,True,close_median
835,T2/S04,2019-02-19 19:32:00,1,0.6449999999998681,,,False,close_median
836,T2/S04,2019-02-19 20:02:00,1,0.6449999999998681,,,False,close_median
837,T2/S04,2019-02-22 19:01:00,1,0.6449999999998681,2019-02-22 19:00:00,1.0,True,close_median
838,T2/S04,2019-02-22 19:49:00,1,0.6449999999998681,,,False,close_median
839,T2/S04,2019-05-13 19:08:00,1,0.6449999999998681,,,False,close_median
840,T2/S04,2019-05-13 19:51:00,1,0.6449999999998681,,,False,close_median
841,T2/S04,2019-05-24 19:39:00,4,0.7974999999999,2019-05-24 19:39:00,0.0,True,close_median
842,T2/S04,2019-05-30 20:36:00,1,0.6449999999998681,2019-05-30 20:36:00,0.0,True,close_median
843,T2/S04,2019-06-12 04:31:00,1,0.6449999999998681,2019-06-12 04:22:00,9.0,True,close_median
844,T2/S04,2019-06-19 21:01:00,1,0.6449999999998681,2019-06-19 21:00:00,1.0,True,close_median
845,T2/S04,2019-06-20 19:45:00,1,0.6449999999998681,2019-06-20 19:45:00,0.0,True,close_median
846,T2/S04,2019-07-02 19:03:00,1,0.6449999999998681,2019-07-02 19:02:00,1.0,True,close_median
847,T2/S04,2019-07-02 19:16:00,1,0.6449999999998681,2019-07-02 19:15:00,1.0,True,close_median
848,T2/S04,2019-07-02 19:42:00,2,0.7624999999999318,,,False,close_median
849,T2/S04,2019-07-02 19:47:00,1,0.6449999999998681,2019-07-02 19:46:00,1.0,True,close_median
850,T2/S04,2019-07-10 19:55:00,1,0.6449999999998681,2019-07-10 19:54:00,1.0,True,close_median
851,T2/S04,2019-07-17 21:00:00,2,0.7624999999999318,2019-07-17 20:59:00,1.0,True,close_median
852,T2/S04,2019-08-06 19:48:00,1,0.6449999999998681,,,False,close_median
853,T2/S04,2019-08-07 19:05:00,2,0.7624999999999318,,,False,close_median
854,T2/S04,2019-08-07 19:16:00,1,0.6449999999998681,2019-08-07 19:15:00,1.0,True,close_median
855,T2/S04,2019-08-07 19:36:00,1,0.6449999999998681,,,False,close_median
856,T2/S04,2019-08-07 20:26:00,3,0.599999999999909,2019-08-07 20:25:00,1.0,True,close_median
857,T2/S04,2019-08-23 19:53:00,3,0.599999999999909,2019-08-23 19:52:00,1.0,True,close_median
858,T2/S04,2019-08-27 19:05:00,1,0.6449999999998681,2019-08-27 19:04:00,1.0,True,close_median
859,T2/S04,2019-08-27 19:22:00,1,0.6449999999998681,2019-08-27 19:21:00,1.0,True,close_median
860,T2/S04,2019-08-27 19:35:00,1,0.6449999999998681,2019-08-27 19:34:00,1.0,True,close_median
861,T2/S04,2019-08-27 21:16:00,2,0.7624999999999318,,,False,close_median
862,T2/S04,2019-09-03 20:04:00,3,0.599999999999909,2019-09-03 20:03:00,1.0,True,close_median
863,T2/S04,2019-09-18 19:02:00,1,0.6449999999998681,,,False,close_median
864,T2/S04,2019-09-18 19:37:00,1,0.6449999999998681,2019-09-18 19:36:00,1.0,True,close_median
865,T2/S04,2019-09-18 20:57:00,2,0.7624999999999318,2019-09-18 20:56:00,1.0,True,close_median
866,T2/S04,2019-10-01 19:14:00,2,0.7624999999999318,2019-10-01 19:14:00,0.0,True,close_median
867,T2/S04,2019-10-01 19:16:00,1,0.6449999999998681,2019-10-01 19:15:00,1.0,True,close_median
868,T2/S04,2019-10-02 10:23:00,6,0.6374999999998181,2019-10-02 10:20:00,3.0,True,close_median
869,T2/S04,2019-10-02 19:02:00,1,0.6449999999998681,2019-10-02 19:01:00,1.0,True,close_median
870,T2/S04,2019-10-02 19:56:00,2,0.7624999999999318,,,False,close_median
871,T2/S04,2019-10-24 19:06:00,1,0.6449999999998681,2019-10-24 19:05:00,1.0,True,close_median
872,T2/S04,2019-10-24 19:17:00,1,0.6449999999998681,,,False,close_median
873,T2/S04,2019-10-24 20:43:00,1,0.6449999999998681,,,False,close_median
874,T2/S04,2019-11-18 19:06:00,1,0.6449999999998681,2019-11-18 19:05:00,1.0,True,close_median
875,T2/S04,2019-11-18 19:23:00,1,0.6449999999998681,,,False,close_median
876,T2/S04,2019-11-19 02:11:00,1,0.6449999999998681,2019-11-19 02:10:00,1.0,True,close_median
877,T2/S04,2019-12-02 15:36:00,8,,,,False,close_median
878,T2/S04,2019-12-02 20:41:00,1,0.6449999999998681,,,False,close_median
879,T2/S04,2019-12-04 05:01:00,1,0.6449999999998681,2019-12-04 04:56:00,5.0,True,close_median
880,T2/S04,2019-12-11 21:11:00,2,0.7624999999999318,2019-12-11 21:11:00,0.0,True,close_median
881,T2/S04,2019-12-24 19:17:00,1,0.6449999999998681,2019-12-24 19:16:00,1.0,True,close_median
882,T2/S04,2019-12-26 06:00:00,1,0.6449999999998681,2019-12-26 06:00:00,0.0,True,close_median
883,T2/S04,2020-01-10 19:01:00,1,0.6449999999998681,,,False,close_median
884,T2/S04,2020-01-10 22:21:00,1,0.6449999999998681,2020-01-10 22:17:00,4.0,True,close_median
885,T2/S04,2020-01-23 19:20:00,1,0.6449999999998681,,,False,close_median
886,T2/S04,2020-01-23 19:35:00,1,0.6449999999998681,,,False,close_median
887,T2/S04,2020-01-24 16:46:00,7,,,,False,close_median
888,T2/S04,2020-01-24 19:03:00,1,0.6449999999998681,2020-01-24 19:02:00,1.0,True,close_median
889,T2/S04,2020-01-24 19:17:00,1,0.6449999999998681,2020-01-24 19:16:00,1.0,True,close_median
890,T2/S04,2020-01-24 20:21:00,2,0.7624999999999318,,,False,close_median
891,T2/S04,2020-02-18 22:50:00,3,0.599999999999909,,,False,close_median
892,T2/S04,2020-02-21 19:48:00,1,0.6449999999998681,2020-02-21 19:47:00,1.0,True,close_median
893,T2/S04,2020-03-03 19:03:00,1,0.6449999999998681,2020-03-03 19:02:00,1.0,True,close_median
894,T2/S04,2020-03-03 19:16:00,1,0.6449999999998681,2020-03-03 19:15:00,1.0,True,close_median
895,T2/S04,2020-03-03 19:35:00,1,0.6449999999998681,2020-03-03 19:34:00,1.0,True,close_median
896,T2/S04,2020-03-03 19:52:00,2,0.7624999999999318,2020-03-03 19:51:00,1.0,True,close_median
897,T2/S04,2020-03-05 19:03:00,1,0.6449999999998681,2020-03-05 19:02:00,1.0,True,close_median
898,T2/S04,2020-03-05 19:22:00,1,0.6449999999998681,2020-03-05 19:21:00,1.0,True,close_median
899,T2/S04,2020-03-05 19:38:00,1,0.6449999999998681,,,False,close_median
900,T2/S04,2020-03-05 19:49:00,1,0.6449999999998681,2020-03-05 19:48:00,1.0,True,close_median
901,T2/S04,2020-03-17 19:01:00,1,0.6449999999998681,2020-03-17 19:00:00,1.0,True,close_median
902,T2/S04,2020-03-17 19:16:00,1,0.6449999999998681,2020-03-17 19:15:00,1.0,True,close_median
903,T2/S04,2020-03-17 19:33:00,2,0.7624999999999318,2020-03-17 19:32:00,1.0,True,close_median
904,T2/S04,2020-03-17 19:47:00,1,0.6449999999998681,2020-03-17 19:46:00,1.0,True,close_median
905,T2/S04,2020-03-23 19:01:00,1,0.6449999999998681,2020-03-23 19:00:00,1.0,True,close_median
906,T2/S04,2020-03-23 19:18:00,1,0.6449999999998681,2020-03-23 19:17:00,1.0,True,close_median
907,T2/S04,2020-03-23 19:43:00,2,0.7624999999999318,,,False,close_median
908,T2/S04,2020-03-23 19:47:00,1,0.6449999999998681,2020-03-23 19:46:00,1.0,True,close_median
909,T2/S04,2020-03-26 19:24:00,1,0.6449999999998681,2020-03-26 19:18:00,6.0,True,close_median
910,T2/S04,2020-03-26 19:36:00,1,0.6449999999998681,2020-03-26 19:35:00,1.0,True,close_median
911,T2/S04,2020-03-26 21:48:00,7,,,,False,close_median
912,T2/S04,2020-04-02 19:03:00,1,0.6449999999998681,2020-04-02 19:02:00,1.0,True,close_median
913,T2/S04,2020-04-02 19:16:00,1,0.6449999999998681,2020-04-02 19:15:00,1.0,True,close_median
914,T2/S04,2020-04-02 19:37:00,1,0.6449999999998681,2020-04-02 19:36:00,1.0,True,close_median
915,T2/S04,2020-04-02 19:59:00,1,0.6449999999998681,2020-04-02 19:58:00,1.0,True,close_median
916,T2/S04,2020-04-06 19:03:00,1,0.6449999999998681,,,False,close_median
917,T2/S04,2020-04-06 19:25:00,1,0.6449999999998681,2020-04-06 19:24:00,1.0,True,close_median
918,T2/S04,2020-04-06 19:35:00,2,0.7624999999999318,2020-04-06 19:34:00,1.0,True,close_median
919,T2/S04,2020-04-06 19:54:00,1,0.6449999999998681,2020-04-06 19:53:00,1.0,True,close_median
920,T2/S04,2020-04-09 19:49:00,1,0.6449999999998681,2020-04-09 19:48:00,1.0,True,close_median
921,T2/S04,2020-04-13 19:04:00,2,0.7624999999999318,2020-04-13 19:03:00,1.0,True,close_median
922,T2/S04,2020-04-13 19:23:00,2,0.7624999999999318,2020-04-13 19:22:00,1.0,True,close_median
923,T2/S04,2020-04-13 19:32:00,1,0.6449999999998681,2020-04-13 19:31:00,1.0,True,close_median
924,T2/S04,2020-04-13 19:48:00,1,0.6449999999998681,,,False,close_median
925,T2/S04,2020-04-22 19:31:00,1,0.6449999999998681,2020-04-22 19:30:00,1.0,True,close_median
926,T2/S04,2020-04-22 20:02:00,2,0.7624999999999318,2020-04-22 20:02:00,0.0,True,close_median
927,T2/S04,2020-05-01 19:08:00,1,0.6449999999998681,2020-05-01 19:07:00,1.0,True,close_median
928,T2/S04,2020-05-07 19:10:00,1,0.6449999999998681,,,False,close_median
929,T2/S04,2020-05-07 19:24:00,1,0.6449999999998681,,,False,close_median
930,T2/S04,2020-05-07 19:31:00,1,0.6449999999998681,2020-05-07 19:30:00,1.0,True,close_median
931,T2/S04,2020-05-07 19:47:00,1,0.6449999999998681,2020-05-07 19:46:00,1.0,True,close_median
932,T2/S04,2020-05-14 19:01:00,1,0.6449999999998681,2020-05-14 19:00:00,1.0,True,close_median
933,T2/S04,2020-05-14 19:20:00,1,0.6449999999998681,2020-05-14 19:19:00,1.0,True,close_median
934,T2/S04,2020-05-14 21:49:00,4,0.7974999999999,2020-05-14 21:49:00,0.0,True,close_median
935,T2/S04,2020-06-19 19:34:00,2,0.7624999999999318,2020-06-19 19:33:00,1.0,True,close_median
936,T2/S04,2020-06-19 19:54:00,1,0.6449999999998681,2020-06-19 19:53:00,1.0,True,close_median
937,T2/S04,2020-06-23 19:07:00,1,0.6449999999998681,2020-06-23 19:06:00,1.0,True,close_median
938,T2/S04,2020-06-23 19:16:00,1,0.6449999999998681,2020-06-23 19:15:00,1.0,True,close_median
939,T2/S04,2020-06-23 21:55:00,2,0.7624999999999318,2020-06-23 21:54:00,1.0,True,close_median
940,T2/S04,2020-07-07 19:02:00,1,0.6449999999998681,,,False,close_median
941,T2/S04,2020-07-07 19:29:00,2,0.7624999999999318,2020-07-07 19:29:00,0.0,True,close_median
942,T2/S04,2020-07-07 20:17:00,1,0.6449999999998681,,,False,close_median
943,T2/S04,2020-07-08 20:13:00,2,0.7624999999999318,2020-07-08 20:13:00,0.0,True,close_median
944,T2/S04,2020-07-21 19:24:00,1,0.6449999999998681,2020-07-21 19:23:00,1.0,True,close_median
945,T2/S04,2020-07-21 19:32:00,1,0.6449999999998681,,,False,close_median
946,T2/S04,2020-07-21 19:57:00,1,0.6449999999998681,2020-07-21 19:56:00,1.0,True,close_median
947,T2/S04,2020-07-28 20:41:00,5,0.75,,,False,close_median
948,T2/S04,2020-08-17 19:15:00,1,0.6449999999998681,2020-08-17 19:14:00,1.0,True,close_median
949,T2/S04,2020-08-17 19:31:00,1,0.6449999999998681,,,False,close_median
950,T2/S04,2020-08-17 19:54:00,1,0.6449999999998681,,,False,close_median
951,T2/S04,2020-09-28 19:21:00,1,0.6449999999998681,2020-09-28 19:20:00,1.0,True,close_median
952,T2/S04,2020-09-28 19:37:00,1,0.6449999999998681,2020-09-28 19:36:00,1.0,True,close_median
953,T2/S04,2020-10-05 19:03:00,1,0.6449999999998681,2020-10-05 19:02:00,1.0,True,close_median
954,T2/S04,2020-10-05 19:23:00,1,0.6449999999998681,2020-10-05 19:22:00,1.0,True,close_median
955,T2/S04,2020-10-05 19:34:00,1,0.6449999999998681,2020-10-05 19:33:00,1.0,True,close_median
956,T2/S04,2020-10-05 19:49:00,1,0.6449999999998681,,,False,close_median
957,T2/S04,2020-11-05 19:10:00,2,0.7624999999999318,2020-11-05 19:09:00,1.0,True,close_median
958,T2/S04,2020-11-05 19:17:00,1,0.6449999999998681,2020-11-05 19:17:00,0.0,True,close_median
959,T2/S04,2020-11-05 19:31:00,1,0.6449999999998681,2020-11-05 19:30:00,1.0,True,close_median
960,T2/S04,2020-11-05 20:04:00,1,0.6449999999998681,,,False,close_median
961,T2/S04,2020-11-13 19:09:00,1,0.6449999999998681,2020-11-13 19:08:00,1.0,True,close_median
962,T2/S04,2020-11-13 19:18:00,1,0.6449999999998681,,,False,close_median
963,T2/S04,2020-12-07 19:06:00,1,0.6449999999998681,2020-12-07 19:05:00,1.0,True,close_median
964,T2/S04,2020-12-07 19:51:00,1,0.6449999999998681,2020-12-07 19:50:00,1.0,True,close_median
965,T2/S04,2021-02-09 02:55:00,6,0.6374999999998181,2021-02-09 02:54:00,1.0,True,close_median
966,T2/S04,2021-02-22 19:09:00,1,0.6449999999998681,2021-02-22 19:08:00,1.0,True,close_median
967,T2/S04,2021-02-22 19:17:00,1,0.6449999999998681,,,False,close_median
968,T2/S04,2021-02-22 20:06:00,2,0.7624999999999318,,,False,close_median
969,T2/S04,2021-03-09 19:40:00,1,0.6449999999998681,2021-03-09 19:40:00,0.0,True,close_median
970,T2/S04,2021-03-09 20:03:00,1,0.6449999999998681,2021-03-09 20:02:00,1.0,True,close_median
971,T2/S04,2021-03-31 19:07:00,1,0.6449999999998681,2021-03-31 19:06:00,1.0,True,close_median
972,T2/S04,2021-03-31 19:18:00,1,0.6449999999998681,2021-03-31 19:17:00,1.0,True,close_median
973,T2/S04,2021-03-31 19:31:00,1,0.6449999999998681,2021-03-31 19:31:00,0.0,True,close_median
974,T2/S04,2021-03-31 19:55:00,1,0.6449999999998681,,,False,close_median
975,T2/S04,2021-04-06 21:25:00,3,0.599999999999909,2021-04-06 21:24:00,1.0,True,close_median
976,T2/S04,2021-04-08 19:09:00,1,0.6449999999998681,2021-04-08 19:08:00,1.0,True,close_median
977,T2/S04,2021-04-08 19:16:00,1,0.6449999999998681,,,False,close_median
978,T2/S04,2021-04-08 23:18:00,1,0.6449999999998681,2021-04-08 23:10:00,8.0,True,close_median
979,T2/S04,2021-04-13 19:14:00,1,0.6449999999998681,,,False,close_median
980,T2/S04,2021-04-15 19:01:00,1,0.6449999999998681,2021-04-15 19:00:00,1.0,True,close_median
981,T2/S04,2021-04-15 19:17:00,1,0.6449999999998681,,,False,close_median
982,T2/S04,2021-04-16 07:55:00,4,0.7974999999999,2021-04-16 03:05:00,290.0,True,close_median
983,T2/S04,2021-04-21 19:33:00,1,0.6449999999998681,,,False,close_median
984,T2/S04,2021-04-21 19:51:00,1,0.6449999999998681,2021-04-21 19:50:00,1.0,True,close_median
985,T2/S04,2021-05-03 19:05:00,1,0.6449999999998681,2021-05-03 19:04:00,1.0,True,close_median
986,T2/S04,2021-05-03 19:19:00,1,0.6449999999998681,2021-05-03 19:19:00,0.0,True,close_median
987,T2/S04,2021-05-03 19:32:00,1,0.6449999999998681,,,False,close_median
988,T2/S04,2021-05-03 21:48:00,2,0.7624999999999318,,,False,close_median
989,T2/S04,2021-05-06 19:06:00,1,0.6449999999998681,,,False,close_median
990,T2/S04,2021-05-06 20:48:00,2,0.7624999999999318,,,False,close_median
991,T2/S04,2021-05-13 19:46:00,1,0.6449999999998681,,,False,close_median
992,T2/S04,2021-05-17 19:49:00,1,0.6449999999998681,,,False,close_median
993,T2/S04,2021-05-25 19:52:00,1,0.6449999999998681,2021-05-25 19:51:00,1.0,True,close_median
994,T2/S04,2021-06-02 19:03:00,1,0.6449999999998681,2021-06-02 19:02:00,1.0,True,close_median
995,T2/S04,2021-06-02 19:45:00,1,0.6449999999998681,,,False,close_median
996,T2/S04,2021-06-04 22:13:00,3,0.599999999999909,2021-06-04 22:12:00,1.0,True,close_median
997,T2/S04,2021-06-07 19:39:00,1,0.6449999999998681,2021-06-07 19:38:00,1.0,True,close_median
998,T2/S04,2021-06-07 20:18:00,1,0.6449999999998681,,,False,close_median
999,T2/S04,2021-08-11 20:03:00,3,0.599999999999909,2021-08-11 20:02:00,1.0,True,close_median
1000,T2/S04,2021-08-13 19:02:00,1,0.6449999999998681,2021-08-13 19:01:00,1.0,True,close_median
1001,T2/S04,2021-08-13 21:11:00,2,0.7624999999999318,2021-08-13 21:11:00,0.0,True,close_median
1002,T2/S04,2021-09-03 19:49:00,1,0.6449999999998681,2021-09-03 19:49:00,0.0,True,close_median
1003,T2/S04,2021-09-21 19:41:00,2,0.7624999999999318,,,False,close_median
1004,T2/S04,2021-09-21 20:30:00,1,0.6449999999998681,2021-09-21 20:29:00,1.0,True,close_median
1005,T2/S04,2021-09-30 19:04:00,1,0.6449999999998681,2021-09-30 19:03:00,1.0,True,close_median
1006,T2/S04,2021-09-30 19:22:00,1,0.6449999999998681,2021-09-30 19:22:00,0.0,True,close_median
1007,T2/S04,2021-09-30 19:31:00,1,0.6449999999998681,2021-09-30 19:30:00,1.0,True,close_median
1008,T2/S04,2021-09-30 23:11:00,3,0.599999999999909,2021-09-30 22:03:00,68.0,True,close_median
1009,T2/S04,2021-10-01 04:46:00,3,0.599999999999909,2021-10-01 04:16:00,30.0,True,close_median
1010,T2/S04,2021-10-04 19:40:00,1,0.6449999999998681,,,False,close_median
1011,T2/S04,2021-10-04 22:49:00,4,0.7974999999999,2021-10-04 22:49:00,0.0,True,close_median
1012,T2/S04,2021-10-06 19:38:00,1,0.6449999999998681,,,False,close_median
1013,T2/S04,2021-10-25 21:31:00,2,0.7624999999999318,,,False,close_median
1014,T2/S04,2021-11-04 19:18:00,1,0.6449999999998681,,,False,close_median
1015,T2/S04,2021-11-05 19:26:00,1,0.6449999999998681,2021-11-05 19:26:00,0.0,True,close_median
1016,T2/S04,2021-11-05 20:21:00,2,0.7624999999999318,2021-11-05 20:20:00,1.0,True,close_median
1017,T2/S04,2021-11-08 20:19:00,1,0.6449999999998681,2021-11-08 20:19:00,0.0,True,close_median
1018,T2/S04,2021-11-10 21:43:00,7,,,,False,close_median
1019,T2/S04,2021-11-12 19:46:00,2,0.7624999999999318,2021-11-12 19:46:00,0.0,True,close_median
1020,T2/S04,2021-12-10 20:13:00,2,0.7624999999999318,2021-12-10 20:13:00,0.0,True,close_median
1021,T2/S04,2021-12-16 22:01:00,3,0.599999999999909,2021-12-16 22:01:00,0.0,True,close_median
1022,T2/S04,2021-12-31 19:29:00,1,0.6449999999998681,2021-12-31 19:28:00,1.0,True,close_median
1023,T2/S04,2021-12-31 20:29:00,2,0.7624999999999318,2021-12-31 20:28:00,1.0,True,close_median
1024,T2/S04,2022-01-20 02:59:00,1,0.6449999999998681,2022-01-19 19:04:00,475.0,True,close_median
1025,T2/S04,2022-01-25 19:25:00,2,0.7624999999999318,2022-01-25 19:25:00,0.0,True,close_median
1026,T2/S04,2022-01-25 19:36:00,1,0.6449999999998681,2022-01-25 19:35:00,1.0,True,close_median
1027,T2/S04,2022-01-25 19:58:00,1,0.6449999999998681,,,False,close_median
1028,T2/S04,2022-02-02 19:08:00,1,0.6449999999998681,,,False,close_median
1029,T2/S04,2022-02-02 20:00:00,2,0.7624999999999318,,,False,close_median
1030,T2/S04,2022-02-08 19:09:00,1,0.6449999999998681,2022-02-08 19:08:00,1.0,True,close_median
1031,T2/S04,2022-02-08 20:36:00,2,0.7624999999999318,2022-02-08 20:36:00,0.0,True,close_median
1032,T2/S04,2022-02-23 19:01:00,1,0.6449999999998681,2022-02-23 19:00:00,1.0,True,close_median
1033,T2/S04,2022-02-23 19:26:00,1,0.6449999999998681,2022-02-23 19:26:00,0.0,True,close_median
1034,T2/S04,2022-02-23 20:59:00,3,0.599999999999909,,,False,close_median
1035,T2/S04,2022-03-08 19:06:00,6,0.6374999999998181,2022-03-08 19:05:00,1.0,True,close_median
1036,T2/S04,2022-03-08 19:16:00,2,0.7624999999999318,2022-03-08 19:15:00,1.0,True,close_median
1037,T2/S04,2022-03-30 22:39:00,8,,,,False,close_median
1038,T2/S04,2022-03-31 19:48:00,6,0.6374999999998181,,,False,close_median
1039,T2/S04,2022-04-12 19:31:00,2,0.7624999999999318,2022-04-12 19:31:00,0.0,True,close_median
1040,T2/S04,2022-05-16 19:44:00,4,0.7974999999999,,,False,close_median
1041,T2/S04,2022-05-16 19:51:00,2,0.7624999999999318,2022-05-16 19:50:00,1.0,True,close_median
1042,T2/S04,2022-06-01 20:04:00,4,0.7974999999999,2022-06-01 20:04:00,0.0,True,close_median
1043,T2/S04,2022-06-03 03:26:00,2,0.7624999999999318,2022-06-02 19:04:00,502.0,True,close_median
1044,T2/S04,2022-07-21 19:28:00,4,0.7974999999999,,,False,close_median
1045,T2/S04,2022-07-21 20:09:00,4,0.7974999999999,2022-07-21 20:09:00,0.0,True,close_median
1046,T2/S04,2022-08-08 19:21:00,2,0.7624999999999318,,,False,close_median
1047,T2/S04,2022-08-12 20:05:00,2,0.7624999999999318,2022-08-12 20:04:00,1.0,True,close_median
1048,T2/S04,2022-08-29 21:04:00,9,,,,False,close_median
1049,T2/S04,2022-09-02 21:31:00,12,,,,False,close_median
1050,T2/S04,2022-09-28 19:01:00,3,0.599999999999909,2022-09-28 19:00:00,1.0,True,close_median
1051,T2/S04,2022-09-28 19:53:00,9,,,,False,close_median
1052,T2/S04,2022-10-03 19:03:00,3,0.599999999999909,2022-10-03 19:02:00,1.0,True,close_median
1053,T2/S04,2022-10-03 19:41:00,6,0.6374999999998181,,,False,close_median
1054,T2/S04,2022-10-03 19:50:00,3,0.599999999999909,,,False,close_median
1055,T2/S04,2022-10-11 19:41:00,3,0.599999999999909,2022-10-11 19:40:00,1.0,True,close_median
1056,T2/S04,2022-10-11 19:47:00,3,0.599999999999909,,,False,close_median
1057,T2/S04,2022-10-21 19:02:00,3,0.599999999999909,2022-10-21 19:01:00,1.0,True,close_median
1058,T2/S04,2022-10-21 19:25:00,6,0.6374999999998181,2022-10-21 19:24:00,1.0,True,close_median
1059,T2/S04,2022-10-21 19:32:00,3,0.599999999999909,2022-10-21 19:31:00,1.0,True,close_median
1060,T2/S04,2022-10-21 19:46:00,3,0.599999999999909,2022-10-21 19:45:00,1.0,True,close_median
1061,T2/S04,2022-11-04 19:37:00,3,0.599999999999909,2022-11-04 19:37:00,0.0,True,close_median
1062,T2/S04,2022-11-04 19:55:00,3,0.599999999999909,,,False,close_median
1063,T2/S04,2022-11-08 19:01:00,3,0.599999999999909,2022-11-08 19:00:00,1.0,True,close_median
1064,T2/S04,2022-11-08 19:27:00,3,0.599999999999909,2022-11-08 19:26:00,1.0,True,close_median
1065,T2/S04,2022-11-08 19:36:00,3,0.599999999999909,,,False,close_median
1066,T2/S04,2022-11-08 19:56:00,3,0.599999999999909,2022-11-08 19:56:00,0.0,True,close_median
1067,T2/S04,2022-11-10 19:19:00,6,0.6374999999998181,2022-11-10 19:19:00,0.0,True,close_median
1068,T2/S04,2022-11-10 19:57:00,6,0.6374999999998181,2022-11-10 19:56:00,1.0,True,close_median
1069,T2/S04,2022-11-14 19:03:00,3,0.599999999999909,2022-11-14 19:02:00,1.0,True,close_median
1070,T2/S04,2022-11-14 19:17:00,3,0.599999999999909,2022-11-14 19:16:00,1.0,True,close_median
1071,T2/S04,2022-11-14 19:38:00,3,0.599999999999909,2022-11-14 19:37:00,1.0,True,close_median
1072,T2/S04,2022-11-14 19:52:00,3,0.599999999999909,2022-11-14 19:51:00,1.0,True,close_median
1073,T2/S04,2022-12-01 19:29:00,6,0.6374999999998181,2022-12-01 19:29:00,0.0,True,close_median
1074,T2/S04,2022-12-01 21:17:00,6,0.6374999999998181,,,False,close_median
1075,T2/S04,2022-12-16 19:01:00,3,0.599999999999909,2022-12-16 19:01:00,0.0,True,close_median
1076,T2/S04,2022-12-16 19:20:00,3,0.599999999999909,2022-12-16 19:19:00,1.0,True,close_median
1077,T2/S04,2022-12-16 20:12:00,6,0.6374999999998181,2022-12-16 20:12:00,0.0,True,close_median
1078,T2/S04,2022-12-27 19:05:00,3,0.599999999999909,2022-12-27 19:04:00,1.0,True,close_median
1079,T2/S04,2022-12-29 07:07:00,39,,,,False,close_median
1080,T2/S04,2022-12-29 19:51:00,3,0.599999999999909,2022-12-29 19:51:00,0.0,True,close_median
1081,T2/S04,2023-01-06 19:01:00,3,0.599999999999909,2023-01-06 19:00:00,1.0,True,close_median
1082,T2/S04,2023-01-06 19:37:00,6,0.6374999999998181,2023-01-06 19:36:00,1.0,True,close_median
1083,T2/S04,2023-01-06 20:06:00,3,0.599999999999909,2023-01-06 20:05:00,1.0,True,close_median
1084,T2/S04,2023-01-25 20:03:00,8,,,,False,close_median
1085,T2/S04,2023-01-31 19:06:00,4,0.7974999999999,2023-01-31 19:06:00,0.0,True,close_median
1086,T2/S04,2023-01-31 19:17:00,4,0.7974999999999,,,False,close_median
1087,T2/S04,2023-01-31 20:32:00,4,0.7974999999999,,,False,close_median
1088,T2/S04,2023-02-17 19:02:00,4,0.7974999999999,2023-02-17 19:01:00,1.0,True,close_median
1089,T2/S04,2023-02-17 19:16:00,4,0.7974999999999,,,False,close_median
1090,T2/S04,2023-02-17 20:35:00,8,,,,False,close_median
1091,T2/S04,2023-02-28 19:02:00,4,0.7974999999999,2023-02-28 19:01:00,1.0,True,close_median
1092,T2/S04,2023-02-28 19:26:00,4,0.7974999999999,2023-02-28 19:26:00,0.0,True,close_median
1093,T2/S04,2023-02-28 19:35:00,4,0.7974999999999,,,False,close_median
1094,T2/S04,2023-02-28 19:54:00,4,0.7974999999999,,,False,close_median
1095,T2/S04,2023-03-15 19:03:00,4,0.7974999999999,2023-03-15 19:03:00,0.0,True,close_median
1096,T2/S04,2023-03-17 19:01:00,4,0.7974999999999,2023-03-17 19:01:00,0.0,True,close_median
1097,T2/S04,2023-03-17 19:17:00,4,0.7974999999999,2023-03-17 19:16:00,1.0,True,close_median
1098,T2/S04,2023-03-17 19:32:00,4,0.7974999999999,2023-03-17 19:31:00,1.0,True,close_median
1099,T2/S04,2023-03-17 19:46:00,4,0.7974999999999,,,False,close_median
1100,T2/S04,2023-03-28 19:07:00,4,0.7974999999999,2023-03-28 19:07:00,0.0,True,close_median
1101,T2/S04,2023-03-28 19:17:00,4,0.7974999999999,,,False,close_median
1102,T2/S04,2023-03-28 19:41:00,4,0.7974999999999,,,False,close_median
1103,T2/S04,2023-03-28 20:01:00,4,0.7974999999999,2023-03-28 20:00:00,1.0,True,close_median
1104,T2/S04,2023-03-30 19:35:00,4,0.7974999999999,,,False,close_median
1105,T2/S04,2023-03-30 19:49:00,4,0.7974999999999,2023-03-30 19:49:00,0.0,True,close_median
1106,T2/S04,2023-04-03 19:07:00,4,0.7974999999999,,,False,close_median
1107,T2/S04,2023-04-03 19:20:00,4,0.7974999999999,,,False,close_median
1108,T2/S04,2023-04-04 15:21:00,24,,,,False,close_median
1109,T2/S04,2023-04-04 19:03:00,4,0.7974999999999,2023-04-04 19:03:00,0.0,True,close_median
1110,T2/S04,2023-04-04 22:47:00,15,,,,False,close_median
1111,T2/S04,2023-05-02 19:02:00,5,0.75,2023-05-02 19:01:00,1.0,True,close_median
1112,T2/S04,2023-05-02 19:16:00,5,0.75,2023-05-02 19:15:00,1.0,True,close_median
1113,T2/S04,2023-05-02 19:46:00,10,,,,False,close_median
1114,T2/S04,2023-05-23 19:47:00,5,0.75,,,False,close_median
1115,T2/S04,2023-06-05 20:43:00,5,0.75,,,False,close_median
1116,T2/S04,2023-06-08 19:01:00,5,0.75,2023-06-08 19:00:00,1.0,True,close_median
1117,T2/S04,2023-06-08 19:18:00,5,0.75,2023-06-08 19:18:00,0.0,True,close_median
1118,T2/S04,2023-06-09 01:08:00,20,,,,False,close_median
1119,T2/S04,2023-06-15 19:02:00,5,0.75,2023-06-15 19:02:00,0.0,True,close_median
1120,T2/S04,2023-06-15 19:31:00,5,0.75,2023-06-15 19:31:00,0.0,True,close_median
1121,T2/S04,2023-06-15 19:49:00,5,0.75,2023-06-15 19:49:00,0.0,True,close_median
1122,T2/S04,2023-06-30 19:03:00,5,0.75,2023-06-30 19:02:00,1.0,True,close_median
1123,T2/S04,2023-06-30 19:19:00,5,0.75,,,False,close_median
1124,T2/S04,2023-06-30 19:33:00,5,0.75,,,False,close_median
1125,T2/S04,2023-06-30 19:51:00,5,0.75,2023-06-30 19:51:00,0.0,True,close_median
1126,T2/S04,2023-07-04 09:13:00,20,,,,False,close_median
1127,T2/S04,2023-07-12 19:19:00,5,0.75,2023-07-12 19:18:00,1.0,True,close_median
1128,T2/S04,2023-07-12 19:44:00,5,0.75,,,False,close_median
1129,T2/S04,2023-07-12 22:47:00,10,,,,False,close_median
1130,T2/S04,2023-07-18 19:26:00,6,0.6374999999998181,2023-07-18 19:25:00,1.0,True,close_median
1131,T2/S04,2023-07-28 19:05:00,6,0.6374999999998181,2023-07-28 19:04:00,1.0,True,close_median
1132,T2/S04,2023-07-28 19:24:00,6,0.6374999999998181,2023-07-28 19:24:00,0.0,True,close_median
1133,T2/S04,2023-07-31 19:15:00,6,0.6374999999998181,2023-07-31 19:14:00,1.0,True,close_median
1134,T2/S04,2023-07-31 19:42:00,6,0.6374999999998181,2023-07-31 19:42:00,0.0,True,close_median
1135,T2/S04,2023-07-31 20:23:00,12,,,,False,close_median
1136,T2/S04,2023-08-23 19:11:00,6,0.6374999999998181,,,False,close_median
1137,T2/S04,2023-08-23 19:35:00,6,0.6374999999998181,2023-08-23 19:34:00,1.0,True,close_median
1138,T2/S04,2023-08-24 03:19:00,12,,,,False,close_median
1139,T2/S04,2023-08-29 04:05:00,30,,,,False,close_median
1140,T2/S04,2023-08-29 19:09:00,6,0.6374999999998181,2023-08-29 19:08:00,1.0,True,close_median
1141,T2/S04,2023-08-29 19:53:00,12,,,,False,close_median
1142,T2/S04,2023-08-30 19:58:00,12,,,,False,close_median
1143,T2/S04,2023-09-20 19:04:00,6,0.6374999999998181,,,False,close_median
1144,T2/S04,2023-09-20 19:21:00,6,0.6374999999998181,2023-09-20 19:21:00,0.0,True,close_median
1145,T2/S04,2023-09-20 19:54:00,6,0.6374999999998181,2023-09-20 19:53:00,1.0,True,close_median
1146,T2/S04,2023-10-13 19:02:00,6,0.6374999999998181,,,False,close_median
1147,T2/S04,2023-10-13 19:46:00,18,,,,False,close_median
1148,T2/S04,2023-10-16 20:01:00,7,,,,False,close_median
1149,T2/S04,2023-11-09 19:03:00,7,,,,False,close_median
1150,T2/S04,2023-11-09 20:17:00,21,,,,False,close_median
1151,T2/S04,2023-11-14 20:08:00,16,,,,False,close_median
1152,T2/S04,2023-11-21 19:59:00,16,,,,False,close_median
1153,T2/S04,2023-11-28 19:03:00,8,,,,False,close_median
1154,T2/S04,2023-11-28 21:46:00,24,,,,False,close_median
1155,T2/S04,2023-12-19 19:04:00,9,,,,False,close_median
1156,T3/S06,2018-01-25 23:42:00,1,0.8349999999999227,2018-01-25 23:41:00,1.0,True,close_median
1157,T3/S06,2018-02-07 14:18:00,3,,,,False,close_median
1158,T3/S06,2018-02-16 23:31:00,1,0.8349999999999227,2018-02-16 23:30:00,1.0,True,close_median
1159,T3/S06,2018-02-16 23:43:00,1,0.8349999999999227,,,False,close_median
1160,T3/S06,2018-02-19 05:57:00,2,1.1875,,,False,close_median
1161,T3/S06,2018-05-15 07:26:00,1,0.8349999999999227,2018-05-15 07:26:00,0.0,True,close_median
1162,T3/S06,2018-05-31 23:47:00,1,0.8349999999999227,,,False,close_median
1163,T3/S06,2018-06-01 13:51:00,1,0.8349999999999227,,,False,close_median
1164,T3/S06,2018-07-03 04:44:00,1,0.8349999999999227,2018-07-03 04:43:00,1.0,True,close_median
1165,T3/S06,2018-07-12 04:00:00,1,0.8349999999999227,2018-07-12 03:59:00,1.0,True,close_median
1166,T3/S06,2018-08-02 23:23:00,1,0.8349999999999227,,,False,close_median
1167,T3/S06,2018-08-02 23:33:00,1,0.8349999999999227,,,False,close_median
1168,T3/S06,2018-08-03 05:04:00,1,0.8349999999999227,2018-08-03 05:03:00,1.0,True,close_median
1169,T3/S06,2018-08-07 20:22:00,3,,,,False,close_median
1170,T3/S06,2018-08-14 03:01:00,1,0.8349999999999227,,,False,close_median
1171,T3/S06,2018-08-16 02:50:00,1,0.8349999999999227,2018-08-16 02:49:00,1.0,True,close_median
1172,T3/S06,2018-08-24 02:29:00,1,0.8349999999999227,,,False,close_median
1173,T3/S06,2018-09-17 03:01:00,1,0.8349999999999227,,,False,close_median
1174,T3/S06,2018-11-12 23:34:00,1,0.8349999999999227,,,False,close_median
1175,T3/S06,2018-11-13 10:13:00,2,1.1875,,,False,close_median
1176,T3/S06,2019-01-11 16:18:00,3,,,,False,close_median
1177,T3/S06,2019-01-21 10:47:00,1,0.8349999999999227,2019-01-21 10:47:00,0.0,True,close_median
1178,T3/S06,2019-02-06 23:52:00,1,0.8349999999999227,2019-02-06 23:51:00,1.0,True,close_median
1179,T3/S06,2019-02-21 23:07:00,1,0.8349999999999227,2019-02-21 23:06:00,1.0,True,close_median
1180,T3/S06,2019-02-22 11:45:00,2,1.1875,2019-02-22 11:45:00,0.0,True,close_median
1181,T3/S06,2019-03-04 09:31:00,3,,,,False,close_median
1182,T3/S06,2019-04-12 15:33:00,2,1.1875,2019-04-12 15:32:00,1.0,True,close_median
1183,T3/S06,2019-07-11 23:33:00,1,0.8349999999999227,2019-07-11 23:32:00,1.0,True,close_median
1184,T3/S06,2019-07-12 02:41:00,2,1.1875,,,False,close_median
1185,T3/S06,2019-08-01 02:11:00,2,1.1875,2019-08-01 02:11:00,0.0,True,close_median
1186,T3/S06,2019-09-25 23:52:00,1,0.8349999999999227,2019-09-25 23:51:00,1.0,True,close_median
1187,T3/S06,2019-10-07 23:20:00,1,0.8349999999999227,2019-10-07 23:19:00,1.0,True,close_median
1188,T3/S06,2019-10-08 03:04:00,1,0.8349999999999227,2019-10-08 03:04:00,0.0,True,close_median
1189,T3/S06,2020-03-31 23:11:00,1,0.8349999999999227,2020-03-31 23:09:00,2.0,True,close_median
1190,T3/S06,2020-03-31 23:24:00,1,0.8349999999999227,2020-03-31 23:23:00,1.0,True,close_median
1191,T3/S06,2020-03-31 23:34:00,1,0.8349999999999227,2020-03-31 23:30:00,4.0,True,close_median
1192,T3/S06,2020-03-31 23:48:00,1,0.8349999999999227,2020-03-31 23:42:00,6.0,True,close_median
1193,T3/S06,2020-04-01 01:05:00,1,0.8349999999999227,2020-04-01 01:05:00,0.0,True,close_median
1194,T3/S06,2020-05-18 23:44:00,1,0.8349999999999227,2020-05-18 23:26:00,18.0,True,close_median
1195,T3/S06,2020-08-11 23:02:00,1,0.8349999999999227,,,False,close_median
1196,T3/S06,2020-08-11 23:17:00,1,0.8349999999999227,2020-08-11 23:16:00,1.0,True,close_median
1197,T3/S06,2020-08-12 02:15:00,7,,,,False,close_median
1198,T3/S06,2020-08-19 23:48:00,1,0.8349999999999227,2020-08-19 23:47:00,1.0,True,close_median
1199,T3/S06,2020-08-20 02:25:00,4,,,,False,close_median
1200,T3/S06,2020-09-02 03:48:00,2,1.1875,2020-09-02 03:47:00,1.0,True,close_median
1201,T3/S06,2020-10-06 23:03:00,1,0.8349999999999227,2020-10-06 23:02:00,1.0,True,close_median
1202,T3/S06,2020-10-06 23:40:00,1,0.8349999999999227,2020-10-06 23:39:00,1.0,True,close_median
1203,T3/S06,2020-10-06 23:53:00,2,1.1875,2020-10-06 23:53:00,0.0,True,close_median
1204,T3/S06,2021-01-11 01:12:00,2,1.1875,2021-01-11 01:11:00,1.0,True,close_median
1205,T3/S06,2021-01-13 23:03:00,1,0.8349999999999227,2021-01-13 23:02:00,1.0,True,close_median
1206,T3/S06,2021-01-13 23:11:00,1,0.8349999999999227,2021-01-13 23:10:00,1.0,True,close_median
1207,T3/S06,2021-01-13 23:41:00,1,0.8349999999999227,2021-01-13 23:40:00,1.0,True,close_median
1208,T3/S06,2021-01-14 04:20:00,3,,,,False,close_median
1209,T3/S06,2021-02-11 23:05:00,1,0.8349999999999227,,,False,close_median
1210,T3/S06,2021-02-11 23:50:00,1,0.8349999999999227,,,False,close_median
1211,T3/S06,2021-03-02 01:21:00,1,0.8349999999999227,2021-03-02 01:20:00,1.0,True,close_median
1212,T3/S06,2021-03-03 23:38:00,1,0.8349999999999227,,,False,close_median
1213,T3/S06,2021-03-03 23:48:00,1,0.8349999999999227,2021-03-03 23:47:00,1.0,True,close_median
1214,T3/S06,2021-03-04 01:05:00,1,0.8349999999999227,,,False,close_median
1215,T3/S06,2021-03-04 23:46:00,1,0.8349999999999227,,,False,close_median
1216,T3/S06,2021-03-05 01:06:00,1,0.8349999999999227,2021-03-05 01:05:00,1.0,True,close_median
1217,T3/S06,2021-06-11 23:17:00,1,0.8349999999999227,,,False,close_median
1218,T3/S06,2021-06-14 01:54:00,1,0.8349999999999227,2021-06-14 01:54:00,0.0,True,close_median
1219,T3/S06,2021-06-16 23:23:00,1,0.8349999999999227,2021-06-16 23:22:00,1.0,True,close_median
1220,T3/S06,2021-06-16 23:31:00,1,0.8349999999999227,2021-06-16 23:30:00,1.0,True,close_median
1221,T3/S06,2021-06-16 23:41:00,1,0.8349999999999227,2021-06-16 23:41:00,0.0,True,close_median
1222,T3/S06,2021-06-16 23:52:00,1,0.8349999999999227,2021-06-16 23:51:00,1.0,True,close_median
1223,T3/S06,2021-07-30 23:02:00,1,0.8349999999999227,2021-07-30 23:01:00,1.0,True,close_median
1224,T3/S06,2021-08-02 02:24:00,1,0.8349999999999227,,,False,close_median
1225,T3/S06,2021-09-13 01:06:00,1,0.8349999999999227,,,False,close_median
1226,T3/S06,2021-09-24 15:23:00,6,,,,False,close_median
1227,T3/S06,2021-10-15 23:21:00,1,0.8349999999999227,,,False,close_median
1228,T3/S06,2021-10-18 01:16:00,1,0.8349999999999227,2021-10-18 01:15:00,1.0,True,close_median
1229,T3/S06,2021-11-19 23:46:00,1,0.8349999999999227,2021-11-19 23:45:00,1.0,True,close_median
1230,T3/S06,2021-11-22 01:05:00,1,0.8349999999999227,2021-11-22 01:05:00,0.0,True,close_median
1231,T3/S06,2021-11-23 04:16:00,3,,,,False,close_median
1232,T3/S06,2022-01-26 23:08:00,1,0.8349999999999227,,,False,close_median
1233,T3/S06,2022-01-26 23:26:00,1,0.8349999999999227,,,False,close_median
1234,T3/S06,2022-01-26 23:31:00,1,0.8349999999999227,,,False,close_median
1235,T3/S06,2022-01-27 03:04:00,2,1.1875,,,False,close_median
1236,T3/S06,2022-02-24 23:06:00,1,0.8349999999999227,2022-02-24 23:06:00,0.0,True,close_median
1237,T3/S06,2022-02-25 13:27:00,6,,,,False,close_median
1238,T3/S06,2022-05-03 04:15:00,4,,,,False,close_median
1239,T3/S06,2022-05-12 23:01:00,2,1.1875,,,False,close_median
1240,T3/S06,2022-05-13 01:26:00,2,1.1875,,,False,close_median
1241,T3/S06,2022-06-01 03:03:00,2,1.1875,2022-06-01 03:03:00,0.0,True,close_median
1242,T3/S06,2022-06-03 23:16:00,2,1.1875,,,False,close_median
1243,T3/S06,2022-11-21 02:41:00,6,,,,False,close_median
1244,T3/S06,2022-12-06 07:32:00,12,,,,False,close_median
1245,T3/S06,2023-02-02 23:07:00,4,,,,False,close_median
1246,T3/S06,2023-02-02 23:26:00,4,,,,False,close_median
1247,T3/S06,2023-02-10 02:04:00,4,,,,False,close_median
1248,T3/S06,2023-05-16 23:15:00,5,,,,False,close_median
1249,T3/S06,2023-05-17 01:05:00,5,,,,False,close_median
1250,T3/S06,2023-06-05 01:05:00,5,,,,False,close_median
1251,T3/S06,2023-08-17 03:51:00,6,,,,False,close_median
1252,T3/S06,2023-09-27 05:25:00,12,,,,False,close_median
1253,T3/S06,2023-11-13 05:00:00,16,,,,False,close_median
1254,T3/S06,2023-12-28 04:00:00,188,,,,False,close_median
1255,T4/S08,2018-07-04 09:22:00,2,,,,False,close_median
1256,T4/S08,2018-07-24 14:53:00,8,,,,False,close_median
1257,T4/S08,2018-12-18 10:15:00,3,1.5199999999999818,2018-12-18 10:14:00,1.0,True,close_median
1258,T4/S08,2019-05-31 09:59:00,1,1.7799999999999727,2019-05-31 09:59:00,0.0,True,close_median
1259,T4/S08,2019-05-31 12:27:00,1,1.7799999999999727,,,False,close_median
1260,T4/S08,2019-06-20 06:19:00,1,1.7799999999999727,2019-06-20 06:18:00,1.0,True,close_median
1261,T4/S08,2019-06-20 08:47:00,3,1.5199999999999818,2019-06-20 08:46:00,1.0,True,close_median
1262,T4/S08,2019-06-20 09:05:00,1,1.7799999999999727,2019-06-20 09:05:00,0.0,True,close_median
1263,T4/S08,2019-06-20 09:21:00,1,1.7799999999999727,2019-06-20 09:20:00,1.0,True,close_median
1264,T4/S08,2019-06-20 15:20:00,5,,,,False,close_median
1265,T4/S08,2019-06-25 09:56:00,6,,,,False,close_median
1266,T4/S08,2019-12-26 14:16:00,1,1.7799999999999727,2019-12-26 14:15:00,1.0,True,close_median
1267,T4/S08,2019-12-31 17:26:00,5,,,,False,close_median
1268,T4/S08,2020-02-24 10:02:00,1,1.7799999999999727,2020-02-24 10:02:00,0.0,True,close_median
1269,T4/S08,2020-02-24 10:09:00,1,1.7799999999999727,,,False,close_median
1270,T4/S08,2020-02-24 10:12:00,1,1.7799999999999727,2020-02-24 10:12:00,0.0,True,close_median
1271,T4/S08,2020-02-24 10:26:00,2,,,,False,close_median
1272,T4/S08,2020-02-24 10:31:00,1,1.7799999999999727,2020-02-24 10:31:00,0.0,True,close_median
1273,T4/S08,2020-02-24 11:02:00,2,,,,False,close_median
1274,T4/S08,2020-02-24 11:16:00,2,,,,False,close_median
1275,T4/S08,2020-02-24 11:26:00,1,1.7799999999999727,2020-02-24 11:25:00,1.0,True,close_median
1276,T4/S08,2020-02-24 13:02:00,1,1.7799999999999727,2020-02-24 12:55:00,7.0,True,close_median
1277,T4/S08,2020-03-24 08:36:00,5,,,,False,close_median
1278,T4/S08,2020-06-22 15:26:00,5,,,,False,close_median
1279,T4/S08,2020-07-22 08:49:00,3,1.5199999999999818,2020-07-22 08:48:00,1.0,True,close_median
1280,T4/S08,2020-07-22 10:01:00,2,,,,False,close_median
1281,T4/S08,2020-07-22 10:44:00,4,,,,False,close_median
1282,T4/S08,2020-07-27 08:10:00,2,,,,False,close_median
1283,T4/S08,2020-07-27 11:04:00,1,1.7799999999999727,,,False,close_median
1284,T4/S08,2020-07-27 11:14:00,1,1.7799999999999727,2020-07-27 11:13:00,1.0,True,close_median
1285,T4/S08,2020-07-27 11:20:00,2,,,,False,close_median
1286,T4/S08,2020-07-27 11:37:00,1,1.7799999999999727,,,False,close_median
1287,T4/S08,2020-07-27 13:01:00,3,1.5199999999999818,2020-07-27 13:00:00,1.0,True,close_median
1288,T4/S08,2021-05-17 08:07:00,1,1.7799999999999727,,,False,close_median
1289,T4/S08,2021-05-17 16:33:00,6,,,,False,close_median
1290,T4/S08,2022-02-24 09:21:00,1,1.7799999999999727,,,False,close_median
1291,T4/S08,2022-02-24 09:55:00,3,1.5199999999999818,2022-02-24 09:54:00,1.0,True,close_median
1292,T4/S08,2022-02-24 10:48:00,4,,,,False,close_median
1293,T4/S08,2022-02-24 11:18:00,3,1.5199999999999818,2022-02-24 11:17:00,1.0,True,close_median
1294,T4/S08,2022-02-24 11:25:00,1,1.7799999999999727,2022-02-24 11:24:00,1.0,True,close_median
1295,T4/S08,2022-02-24 11:35:00,1,1.7799999999999727,2022-02-24 11:34:00,1.0,True,close_median
1296,T4/S08,2022-02-24 11:48:00,1,1.7799999999999727,,,False,close_median
1297,T4/S08,2022-02-24 11:57:00,1,1.7799999999999727,2022-02-24 11:56:00,1.0,True,close_median
1298,T4/S08,2022-10-04 10:08:00,3,1.5199999999999818,2022-10-04 10:07:00,1.0,True,close_median
1299,T4/S08,2022-10-04 10:20:00,3,1.5199999999999818,2022-10-04 10:19:00,1.0,True,close_median
1300,T4/S08,2022-10-04 12:03:00,6,,,,False,close_median
1301,T4/S08,2023-03-20 09:03:00,4,,,,False,close_median
1302,T4/S08,2023-03-20 09:07:00,4,,,,False,close_median
1303,T4/S08,2023-03-20 09:18:00,8,,,,False,close_median
1304,T4/S08,2023-03-20 09:23:00,4,,,,False,close_median
1305,T4/S08,2023-03-20 09:26:00,4,,,,False,close_median
1306,T4/S08,2023-03-20 09:32:00,4,,,,False,close_median
1307,T4/S08,2023-03-20 09:41:00,8,,,,False,close_median
1308,T4/S08,2023-03-20 10:19:00,20,,,,False,close_median
1309,T4/S08,2023-03-20 10:35:00,8,,,,False,close_median
1310,T4/S08,2023-07-13 09:22:00,15,,,,False,close_median
1311,T4/S08,2023-10-20 08:31:00,21,,,,False,close_median
1312,T4/S08,2023-10-20 09:10:00,14,,,,False,close_median
1313,T5/S09,2018-01-10 12:50:00,1,2.455000000000041,,,False,close_median
1314,T5/S09,2018-01-10 13:04:00,1,2.455000000000041,2018-01-10 13:03:00,1.0,True,close_median
1315,T5/S09,2018-01-11 16:59:00,2,2.292500000000132,,,False,close_median
1316,T5/S09,2018-01-24 12:31:00,1,2.455000000000041,,,False,close_median
1317,T5/S09,2018-01-24 15:01:00,1,2.455000000000041,2018-01-24 15:01:00,0.0,True,close_median
1318,T5/S09,2018-01-30 16:14:00,5,,,,False,close_median
1319,T5/S09,2018-02-05 22:08:00,1,2.455000000000041,2018-02-05 22:07:00,1.0,True,close_median
1320,T5/S09,2018-09-11 23:40:00,4,,,,False,close_median
1321,T5/S09,2018-10-16 15:35:00,2,2.292500000000132,,,False,close_median
1322,T5/S09,2018-10-23 11:04:00,1,2.455000000000041,2018-10-23 11:04:00,0.0,True,close_median
1323,T5/S09,2018-10-23 11:30:00,1,2.455000000000041,,,False,close_median
1324,T5/S09,2018-10-23 14:45:00,1,2.455000000000041,2018-10-23 14:45:00,0.0,True,close_median
1325,T5/S09,2018-12-03 16:18:00,1,2.455000000000041,,,False,close_median
1326,T5/S09,2018-12-20 11:49:00,1,2.455000000000041,2018-12-20 11:49:00,0.0,True,close_median
1327,T5/S09,2018-12-20 16:13:00,1,2.455000000000041,2018-12-20 16:12:00,1.0,True,close_median
1328,T5/S09,2018-12-31 13:25:00,1,2.455000000000041,,,False,close_median
1329,T5/S09,2019-01-22 20:02:00,2,2.292500000000132,2019-01-22 20:01:00,1.0,True,close_median
1330,T5/S09,2019-02-07 14:53:00,1,2.455000000000041,2019-02-07 14:53:00,0.0,True,close_median
1331,T5/S09,2019-02-19 15:10:00,1,2.455000000000041,,,False,close_median
1332,T5/S09,2019-03-08 15:31:00,1,2.455000000000041,2019-03-08 15:30:00,1.0,True,close_median
1333,T5/S09,2019-06-05 12:24:00,1,2.455000000000041,2019-06-05 12:23:00,1.0,True,close_median
1334,T5/S09,2019-07-08 10:14:00,1,2.455000000000041,,,False,close_median
1335,T5/S09,2019-07-10 15:32:00,4,,,,False,close_median
1336,T5/S09,2019-10-08 13:10:00,1,2.455000000000041,,,False,close_median
1337,T5/S09,2019-10-08 14:03:00,1,2.455000000000041,,,False,close_median
1338,T5/S09,2019-10-31 14:32:00,1,2.455000000000041,2019-10-31 14:31:00,1.0,True,close_median
1339,T5/S09,2020-01-31 16:33:00,1,2.455000000000041,,,False,close_median
1340,T5/S09,2020-02-24 11:16:00,1,2.455000000000041,2020-02-24 11:16:00,0.0,True,close_median
1341,T5/S09,2020-02-24 11:26:00,1,2.455000000000041,2020-02-24 11:25:00,1.0,True,close_median
1342,T5/S09,2020-02-24 13:02:00,1,2.455000000000041,2020-02-24 12:55:00,7.0,True,close_median
1343,T5/S09,2020-07-17 15:07:00,1,2.455000000000041,,,False,close_median
1344,T5/S09,2020-08-05 10:33:00,1,2.455000000000041,2020-08-05 10:33:00,0.0,True,close_median
1345,T5/S09,2020-08-05 10:42:00,1,2.455000000000041,2020-08-05 10:42:00,0.0,True,close_median
1346,T5/S09,2020-08-05 11:58:00,2,2.292500000000132,2020-08-05 11:57:00,1.0,True,close_median
1347,T5/S09,2020-08-12 11:18:00,1,2.455000000000041,2020-08-12 11:17:00,1.0,True,close_median
1348,T5/S09,2020-08-12 14:14:00,4,,,,False,close_median
1349,T5/S09,2020-08-17 15:11:00,2,2.292500000000132,2020-08-17 15:10:00,1.0,True,close_median
1350,T5/S09,2020-09-08 17:30:00,5,,,,False,close_median
1351,T5/S09,2020-10-08 08:38:00,1,2.455000000000041,2020-10-08 04:48:00,230.0,True,close_median
1352,T5/S09,2021-01-11 10:03:00,1,2.455000000000041,2021-01-11 10:02:00,1.0,True,close_median
1353,T5/S09,2021-01-11 10:15:00,1,2.455000000000041,,,False,close_median
1354,T5/S09,2021-01-11 10:39:00,1,2.455000000000041,,,False,close_median
1355,T5/S09,2021-01-11 11:08:00,2,2.292500000000132,,,False,close_median
1356,T5/S09,2021-01-29 14:08:00,1,2.455000000000041,2021-01-29 14:08:00,0.0,True,close_median
1357,T5/S09,2021-05-14 12:12:00,1,2.455000000000041,,,False,close_median
1358,T5/S09,2021-07-06 10:54:00,1,2.455000000000041,2021-07-06 10:53:00,1.0,True,close_median
1359,T5/S09,2021-07-06 14:48:00,1,2.455000000000041,2021-07-06 14:48:00,0.0,True,close_median
1360,T5/S09,2021-07-08 13:46:00,2,2.292500000000132,,,False,close_median
1361,T5/S09,2021-12-17 14:36:00,1,2.455000000000041,2021-12-17 14:35:00,1.0,True,close_median
1362,T5/S09,2022-01-20 02:20:00,1,2.455000000000041,2022-01-19 15:20:00,660.0,True,close_median
1363,T5/S09,2022-03-01 17:47:00,4,,2022-03-01 12:49:00,298.0,True,close_median
1364,T5/S09,2022-03-08 10:03:00,2,2.292500000000132,2022-03-08 10:03:00,0.0,True,close_median
1365,T5/S09,2022-03-08 10:25:00,6,,,,False,close_median
1366,T5/S09,2022-03-23 15:08:00,4,,,,False,close_median
1367,T5/S09,2022-07-20 15:29:00,4,,,,False,close_median
1368,T5/S09,2022-07-28 15:34:00,6,,,,False,close_median
1369,T5/S09,2022-09-27 10:04:00,3,,,,False,close_median
1370,T5/S09,2022-09-27 10:29:00,3,,,,False,close_median
1371,T5/S09,2022-09-27 13:38:00,6,,,,False,close_median
1372,T5/S09,2022-11-23 16:47:00,9,,,,False,close_median
1373,T5/S09,2023-01-13 16:37:00,9,,,,False,close_median
1374,T5/S09,2023-07-11 11:18:00,10,,,,False,close_median
1375,T5/S09,2023-09-29 10:39:00,6,,,,False,close_median
1376,T5/S09,2023-09-29 15:44:00,12,,,,False,close_median
1377,T5/S09,2023-10-11 13:24:00,6,,,,False,close_median
1378,T5/S09,2023-10-11 19:04:00,6,,,,False,close_median
1379,T5/S09,2023-12-06 15:16:00,24,,,,False,close_median
1380,T5/S09,2023-12-22 13:15:00,9,,,,False,close_median
1381,T5/S09,2023-12-22 13:26:00,9,,,,False,close_median
1382,T5/S09,2023-12-22 13:40:00,9,,,,False,close_median
1383,T5/S09,2023-12-22 14:31:00,9,,,,False,close_median
1384,T5/S10,2018-01-02 22:55:00,1,1.275000000000091,2018-01-02 22:35:00,20.0,True,close_median
1385,T5/S10,2018-01-24 01:36:00,1,1.275000000000091,2018-01-24 01:35:00,1.0,True,close_median
1386,T5/S10,2018-02-15 01:55:00,1,1.275000000000091,2018-02-15 01:44:00,11.0,True,close_median
1387,T5/S10,2018-03-05 02:46:00,1,1.275000000000091,2018-03-05 01:01:00,105.0,True,close_median
1388,T5/S10,2018-04-10 03:09:00,1,1.275000000000091,,,False,close_median
1389,T5/S10,2018-04-10 14:33:00,1,1.275000000000091,2018-04-10 10:33:00,240.0,True,close_median
1390,T5/S10,2018-04-30 03:42:00,1,1.275000000000091,,,False,close_median
1391,T5/S10,2018-04-30 20:18:00,4,,,,False,close_median
1392,T5/S10,2018-05-09 02:26:00,1,1.275000000000091,,,False,close_median
1393,T5/S10,2018-05-09 15:21:00,3,,,,False,close_median
1394,T5/S10,2018-10-10 22:58:00,1,1.275000000000091,,,False,close_median
1395,T5/S10,2018-11-01 09:26:00,6,,,,False,close_median
1396,T5/S10,2018-12-10 01:03:00,1,1.275000000000091,,,False,close_median
1397,T5/S10,2018-12-11 11:11:00,2,2.25,2018-12-11 10:01:00,70.0,True,close_median
1398,T5/S10,2019-01-23 18:23:00,3,,,,False,close_median
1399,T5/S10,2019-02-18 03:08:00,1,1.275000000000091,2019-02-18 03:03:00,5.0,True,close_median
1400,T5/S10,2019-03-06 02:05:00,1,1.275000000000091,2019-03-05 22:59:00,186.0,True,close_median
1401,T5/S10,2019-03-12 04:47:00,1,1.275000000000091,2019-03-12 03:24:00,83.0,True,close_median
1402,T5/S10,2019-03-21 03:28:00,1,1.275000000000091,2019-03-21 02:04:00,84.0,True,close_median
1403,T5/S10,2019-04-04 22:29:00,1,1.275000000000091,2019-04-04 22:28:00,1.0,True,close_median
1404,T5/S10,2019-04-05 16:04:00,1,1.275000000000091,2019-04-05 15:56:00,8.0,True,close_median
1405,T5/S10,2019-04-22 01:25:00,1,1.275000000000091,,,False,close_median
1406,T5/S10,2019-05-23 13:17:00,3,,,,False,close_median
1407,T5/S10,2019-05-31 22:40:00,1,1.275000000000091,,,False,close_median
1408,T5/S10,2019-06-04 04:28:00,1,1.275000000000091,2019-06-03 22:12:00,376.0,True,close_median
1409,T5/S10,2019-06-04 10:03:00,1,1.275000000000091,2019-06-04 08:38:00,85.0,True,close_median
1410,T5/S10,2019-06-04 22:40:00,1,1.275000000000091,2019-06-04 22:37:00,3.0,True,close_median
1411,T5/S10,2019-06-19 22:39:00,1,1.275000000000091,,,False,close_median
1412,T5/S10,2019-06-24 01:08:00,1,1.275000000000091,2019-06-24 01:07:00,1.0,True,close_median
1413,T5/S10,2019-07-02 23:31:00,1,1.275000000000091,2019-07-02 23:21:00,10.0,True,close_median
1414,T5/S10,2019-07-05 22:28:00,1,1.275000000000091,,,False,close_median
1415,T5/S10,2019-07-08 08:12:00,1,1.275000000000091,2019-07-08 03:21:00,291.0,True,close_median
1416,T5/S10,2019-07-15 01:05:00,1,1.275000000000091,,,False,close_median
1417,T5/S10,2019-07-18 22:09:00,1,1.275000000000091,2019-07-18 22:08:00,1.0,True,close_median
1418,T5/S10,2019-07-18 22:15:00,1,1.275000000000091,,,False,close_median
1419,T5/S10,2019-07-18 22:46:00,1,1.275000000000091,,,False,close_median
1420,T5/S10,2019-07-18 23:36:00,1,1.275000000000091,,,False,close_median
1421,T5/S10,2019-07-19 01:06:00,1,1.275000000000091,2019-07-19 01:05:00,1.0,True,close_median
1422,T5/S10,2019-07-30 09:38:00,2,2.25,,,False,close_median
1423,T5/S10,2019-07-31 09:27:00,1,1.275000000000091,2019-07-31 08:32:00,55.0,True,close_median
1424,T5/S10,2019-08-12 22:14:00,1,1.275000000000091,,,False,close_median
1425,T5/S10,2019-08-21 17:15:00,4,,2019-08-20 22:55:00,1100.0,True,close_median
1426,T5/S10,2019-08-23 22:13:00,1,1.275000000000091,2019-08-23 22:02:00,11.0,True,close_median
1427,T5/S10,2019-09-20 22:19:00,1,1.275000000000091,2019-09-20 22:18:00,1.0,True,close_median
1428,T5/S10,2019-09-23 04:52:00,1,1.275000000000091,2019-09-23 04:31:00,21.0,True,close_median
1429,T5/S10,2019-11-13 02:44:00,1,1.275000000000091,,,False,close_median
1430,T5/S10,2020-01-15 01:28:00,1,1.275000000000091,2020-01-15 01:25:00,3.0,True,close_median
1431,T5/S10,2020-02-10 01:28:00,1,1.275000000000091,,,False,close_median
1432,T5/S10,2020-04-06 22:55:00,2,2.25,,,False,close_median
1433,T5/S10,2020-04-14 03:12:00,1,1.275000000000091,2020-04-14 02:07:00,65.0,True,close_median
1434,T5/S10,2020-05-19 23:07:00,1,1.275000000000091,2020-05-19 22:24:00,43.0,True,close_median
1435,T5/S10,2020-06-15 22:30:00,1,1.275000000000091,,,False,close_median
1436,T5/S10,2020-06-16 01:18:00,1,1.275000000000091,2020-06-15 22:56:00,142.0,True,close_median
1437,T5/S10,2020-07-10 11:14:00,2,2.25,2020-07-10 04:48:00,386.0,True,close_median
1438,T5/S10,2020-08-25 22:35:00,1,1.275000000000091,,,False,close_median
1439,T5/S10,2020-09-28 22:14:00,1,1.275000000000091,,,False,close_median
1440,T5/S10,2020-09-28 22:57:00,1,1.275000000000091,2020-09-28 22:35:00,22.0,True,close_median
1441,T5/S10,2020-11-04 22:56:00,1,1.275000000000091,2020-11-04 22:52:00,4.0,True,close_median
1442,T5/S10,2021-01-06 22:04:00,1,1.275000000000091,2021-01-06 22:02:00,2.0,True,close_median
1443,T5/S10,2021-01-07 01:27:00,1,1.275000000000091,2021-01-06 23:11:00,136.0,True,close_median
1444,T5/S10,2021-01-12 22:37:00,1,1.275000000000091,2021-01-12 22:19:00,18.0,True,close_median
1445,T5/S10,2021-01-13 11:48:00,1,1.275000000000091,2021-01-13 11:17:00,31.0,True,close_median
1446,T5/S10,2021-05-14 23:40:00,1,1.275000000000091,,,False,close_median
1447,T5/S10,2021-05-24 02:40:00,1,1.275000000000091,2021-05-24 02:22:00,18.0,True,close_median
1448,T5/S10,2021-05-28 02:44:00,1,1.275000000000091,,,False,close_median
1449,T5/S10,2021-05-28 15:48:00,3,,2021-05-28 04:38:00,670.0,True,close_median
1450,T5/S10,2021-06-08 03:43:00,1,1.275000000000091,2021-06-08 03:42:00,1.0,True,close_median
1451,T5/S10,2021-06-11 01:35:00,1,1.275000000000091,,,False,close_median
1452,T5/S10,2021-06-16 01:06:00,1,1.275000000000091,,,False,close_median
1453,T5/S10,2021-06-16 07:30:00,1,1.275000000000091,2021-06-16 06:16:00,74.0,True,close_median
1454,T5/S10,2021-09-01 06:50:00,2,2.25,,,False,close_median
1455,T5/S10,2021-12-22 23:00:00,1,1.275000000000091,,,False,close_median
1456,T5/S10,2022-01-11 22:30:00,1,1.275000000000091,2022-01-11 22:30:00,0.0,True,close_median
1457,T5/S10,2022-02-08 03:46:00,1,1.275000000000091,,,False,close_median
1458,T5/S10,2022-02-08 15:36:00,2,2.25,2022-02-08 07:41:00,475.0,True,close_median
1459,T5/S10,2022-02-28 22:31:00,2,2.25,,,False,close_median
1460,T5/S10,2022-02-28 23:00:00,2,2.25,2022-02-28 23:00:00,0.0,True,close_median
1461,T5/S10,2022-03-03 08:47:00,4,,2022-03-03 01:06:00,461.0,True,close_median
1462,T5/S10,2022-03-24 01:11:00,2,2.25,,,False,close_median
1463,T5/S10,2022-03-24 10:15:00,4,,,,False,close_median
1464,T5/S10,2022-05-26 17:17:00,2,2.25,2022-05-26 17:06:00,11.0,True,close_median
1465,T5/S10,2022-05-27 02:56:00,2,2.25,,,False,close_median
1466,T5/S10,2022-05-27 04:51:00,2,2.25,2022-05-27 04:48:00,3.0,True,close_median
1467,T5/S10,2022-07-21 22:59:00,2,2.25,2022-07-21 22:59:00,0.0,True,close_median
1468,T5/S10,2022-10-06 02:18:00,3,,,,False,close_median
1469,T5/S10,2022-11-07 11:03:00,3,,,,False,close_median
1470,T5/S10,2023-01-16 03:20:00,6,,,,False,close_median
1471,T5/S10,2023-01-20 03:25:00,8,,,,False,close_median
1472,T5/S10,2023-01-25 22:57:00,4,,,,False,close_median
1473,T5/S10,2023-03-03 02:01:00,4,,,,False,close_median
1474,T5/S10,2023-03-06 05:13:00,4,,,,False,close_median
1475,T5/S10,2023-04-13 02:51:00,5,,,,False,close_median
1476,T5/S10,2023-04-17 05:03:00,20,,,,False,close_median
1477,T5/S10,2023-05-10 23:01:00,5,,,,False,close_median
1478,T5/S10,2023-06-06 05:13:00,5,,,,False,close_median
1479,T5/S10,2023-08-22 04:31:00,6,,,,False,close_median
1480,T5/S10,2023-10-09 22:16:00,6,,,,False,close_median
1481,T5/S10,2023-10-09 22:32:00,6,,,,False,close_median
1482,T5/S10,2023-10-20 02:32:00,13,,,,False,close_median
1483,T5/S10,2023-10-27 22:06:00,7,,,,False,close_median
1484,T5/S10,2023-10-30 16:21:00,28,,,,False,close_median
1485,T5/S10,2023-12-08 23:51:00,8,,,,False,close_median
1486,T5/S10,2023-12-13 22:06:00,8,,,,False,close_median
1487,T5/S10,2023-12-13 22:21:00,8,,,,False,close_median
1488,T5/S10,2023-12-13 22:36:00,8,,,,False,close_median
1489,T5/S10,2023-12-13 22:54:00,8,,,,False,close_median
1490,T5/S10,2023-12-26 22:36:00,9,,,,False,close_median
1491,T5/S10,2023-12-26 22:59:00,9,,,,False,close_median
1492,T6/S12,2018-01-05 10:20:00,1,1.389999999999873,2018-01-05 10:19:00,1.0,True,close_median
1493,T6/S12,2018-01-17 08:55:00,1,1.389999999999873,2018-01-17 08:54:00,1.0,True,close_median
1494,T6/S12,2018-02-01 13:31:00,1,1.389999999999873,2018-02-01 13:30:00,1.0,True,close_median
1495,T6/S12,2018-03-01 10:52:00,1,1.389999999999873,,,False,close_median
1496,T6/S12,2018-03-29 13:19:00,2,1.4750000000001364,,,False,close_median
1497,T6/S12,2018-04-16 10:10:00,1,1.389999999999873,2018-04-16 10:09:00,1.0,True,close_median
1498,T6/S12,2018-05-07 10:05:00,1,1.389999999999873,,,False,close_median
1499,T6/S12,2018-05-08 11:37:00,2,1.4750000000001364,,,False,close_median
1500,T6/S12,2018-05-21 09:52:00,1,1.389999999999873,,,False,close_median
1501,T6/S12,2018-05-22 09:43:00,2,1.4750000000001364,,,False,close_median
1502,T6/S12,2018-05-23 09:33:00,1,1.389999999999873,,,False,close_median
1503,T6/S12,2018-05-23 15:51:00,4,1.452499999999759,2018-05-23 15:50:00,1.0,True,close_median
1504,T6/S12,2018-06-15 10:05:00,1,1.389999999999873,,,False,close_median
1505,T6/S12,2018-06-21 12:03:00,2,1.4750000000001364,,,False,close_median
1506,T6/S12,2018-07-02 09:13:00,1,1.389999999999873,,,False,close_median
1507,T6/S12,2018-07-02 16:08:00,2,1.4750000000001364,,,False,close_median
1508,T6/S12,2018-07-18 11:14:00,2,1.4750000000001364,2018-07-18 11:14:00,0.0,True,close_median
1509,T6/S12,2018-07-19 10:09:00,1,1.389999999999873,,,False,close_median
1510,T6/S12,2018-07-26 17:22:00,8,,,,False,close_median
1511,T6/S12,2018-08-06 10:11:00,1,1.389999999999873,,,False,close_median
1512,T6/S12,2018-08-13 03:25:00,5,1.3880000000001471,2018-08-13 03:24:00,1.0,True,close_median
1513,T6/S12,2018-08-30 16:35:00,3,1.2633333333333212,2018-08-30 16:34:00,1.0,True,close_median
1514,T6/S12,2018-09-06 18:15:00,5,1.3880000000001471,2018-09-06 18:15:00,0.0,True,close_median
1515,T6/S12,2018-09-10 14:43:00,2,1.4750000000001364,,,False,close_median
1516,T6/S12,2018-10-19 10:13:00,5,1.3880000000001471,2018-10-19 10:12:00,1.0,True,close_median
1517,T6/S12,2018-11-12 08:42:00,1,1.389999999999873,2018-11-12 08:41:00,1.0,True,close_median
1518,T6/S12,2018-11-12 09:48:00,1,1.389999999999873,,,False,close_median
1519,T6/S12,2018-11-20 17:17:00,5,1.3880000000001471,2018-11-20 17:16:00,1.0,True,close_median
1520,T6/S12,2018-11-23 09:14:00,1,1.389999999999873,,,False,close_median
1521,T6/S12,2018-11-23 10:31:00,1,1.389999999999873,2018-11-23 10:31:00,0.0,True,close_median
1522,T6/S12,2018-12-06 20:44:00,4,1.452499999999759,2018-12-06 20:43:00,1.0,True,close_median
1523,T6/S12,2018-12-13 12:47:00,3,1.2633333333333212,2018-12-13 12:46:00,1.0,True,close_median
1524,T6/S12,2018-12-14 09:37:00,1,1.389999999999873,2018-12-14 09:37:00,0.0,True,close_median
1525,T6/S12,2018-12-19 21:01:00,6,1.639999999999873,2018-12-19 21:00:00,1.0,True,close_median
1526,T6/S12,2019-03-01 10:06:00,1,1.389999999999873,2019-03-01 10:06:00,0.0,True,close_median
1527,T6/S12,2019-03-07 10:01:00,1,1.389999999999873,2019-03-07 10:00:00,1.0,True,close_median
1528,T6/S12,2019-03-26 09:21:00,1,1.389999999999873,,,False,close_median
1529,T6/S12,2019-04-23 14:07:00,2,1.4750000000001364,2019-04-23 14:07:00,0.0,True,close_median
1530,T6/S12,2019-07-01 09:57:00,1,1.389999999999873,2019-07-01 09:56:00,1.0,True,close_median
1531,T6/S12,2019-07-04 10:54:00,1,1.389999999999873,2019-07-04 10:54:00,0.0,True,close_median
1532,T6/S12,2019-07-11 10:41:00,2,1.4750000000001364,,,False,close_median
1533,T6/S12,2019-07-23 08:32:00,1,1.389999999999873,2019-07-23 08:31:00,1.0,True,close_median
1534,T6/S12,2019-07-23 18:34:00,7,,,,False,close_median
1535,T6/S12,2019-08-01 11:00:00,1,1.389999999999873,2019-08-01 10:59:00,1.0,True,close_median
1536,T6/S12,2019-08-15 10:49:00,2,1.4750000000001364,,,False,close_median
1537,T6/S12,2019-08-16 09:39:00,1,1.389999999999873,2019-08-16 09:38:00,1.0,True,close_median
1538,T6/S12,2019-08-16 10:24:00,1,1.389999999999873,,,False,close_median
1539,T6/S12,2019-08-21 08:15:00,1,1.389999999999873,2019-08-21 08:14:00,1.0,True,close_median
1540,T6/S12,2019-08-21 09:44:00,2,1.4750000000001364,2019-08-21 09:43:00,1.0,True,close_median
1541,T6/S12,2019-09-27 09:54:00,1,1.389999999999873,2019-09-27 09:53:00,1.0,True,close_median
1542,T6/S12,2019-10-07 10:21:00,2,1.4750000000001364,2019-10-07 10:20:00,1.0,True,close_median
1543,T6/S12,2019-10-15 15:06:00,4,1.452499999999759,,,False,close_median
1544,T6/S12,2019-11-12 08:11:00,1,1.389999999999873,2019-11-12 08:11:00,0.0,True,close_median
1545,T6/S12,2019-11-12 08:20:00,1,1.389999999999873,2019-11-12 08:19:00,1.0,True,close_median
1546,T6/S12,2019-11-12 08:29:00,1,1.389999999999873,,,False,close_median
1547,T6/S12,2019-11-12 10:21:00,2,1.4750000000001364,2019-11-12 10:20:00,1.0,True,close_median
1548,T6/S12,2019-11-25 10:12:00,1,1.389999999999873,2019-11-25 10:11:00,1.0,True,close_median
1549,T6/S12,2019-12-06 08:35:00,1,1.389999999999873,,,False,close_median
1550,T6/S12,2019-12-06 15:31:00,4,1.452499999999759,2019-12-06 15:30:00,1.0,True,close_median
1551,T6/S12,2019-12-19 10:31:00,1,1.389999999999873,,,False,close_median
1552,T6/S12,2020-01-09 08:37:00,1,1.389999999999873,2020-01-09 08:37:00,0.0,True,close_median
1553,T6/S12,2020-01-09 16:02:00,6,1.639999999999873,,,False,close_median
1554,T6/S12,2020-01-16 16:33:00,3,1.2633333333333212,2020-01-16 16:32:00,1.0,True,close_median
1555,T6/S12,2020-02-12 09:20:00,1,1.389999999999873,,,False,close_median
1556,T6/S12,2020-02-25 08:57:00,1,1.389999999999873,2020-02-25 08:56:00,1.0,True,close_median
1557,T6/S12,2020-02-25 09:14:00,1,1.389999999999873,2020-02-25 09:13:00,1.0,True,close_median
1558,T6/S12,2020-02-25 13:34:00,9,,,,False,close_median
1559,T6/S12,2020-03-17 08:36:00,2,1.4750000000001364,2020-03-17 08:36:00,0.0,True,close_median
1560,T6/S12,2020-03-18 08:01:00,1,1.389999999999873,2020-03-18 08:00:00,1.0,True,close_median
1561,T6/S12,2020-03-18 08:25:00,2,1.4750000000001364,2020-03-18 08:25:00,0.0,True,close_median
1562,T6/S12,2020-03-18 08:39:00,1,1.389999999999873,2020-03-18 08:38:00,1.0,True,close_median
1563,T6/S12,2020-03-18 09:31:00,5,1.3880000000001471,2020-03-18 09:30:00,1.0,True,close_median
1564,T6/S12,2020-05-01 09:01:00,1,1.389999999999873,2020-05-01 09:00:00,1.0,True,close_median
1565,T6/S12,2020-05-01 09:47:00,2,1.4750000000001364,2020-05-01 09:46:00,1.0,True,close_median
1566,T6/S12,2020-05-14 10:57:00,4,1.452499999999759,,,False,close_median
1567,T6/S12,2020-05-25 08:46:00,1,1.389999999999873,2020-05-25 08:45:00,1.0,True,close_median
1568,T6/S12,2020-06-11 08:34:00,1,1.389999999999873,2020-06-11 08:34:00,0.0,True,close_median
1569,T6/S12,2020-06-11 11:52:00,5,1.3880000000001471,2020-06-11 11:51:00,1.0,True,close_median
1570,T6/S12,2020-06-15 09:09:00,1,1.389999999999873,2020-06-15 09:08:00,1.0,True,close_median
1571,T6/S12,2020-06-15 10:11:00,2,1.4750000000001364,2020-06-15 10:10:00,1.0,True,close_median
1572,T6/S12,2020-07-02 15:20:00,4,1.452499999999759,2020-07-02 15:20:00,0.0,True,close_median
1573,T6/S12,2020-07-10 09:53:00,2,1.4750000000001364,,,False,close_median
1574,T6/S12,2020-08-11 09:25:00,1,1.389999999999873,,,False,close_median
1575,T6/S12,2020-08-11 10:35:00,4,1.452499999999759,2020-08-11 10:34:00,1.0,True,close_median
1576,T6/S12,2020-08-19 08:50:00,1,1.389999999999873,2020-08-19 08:49:00,1.0,True,close_median
1577,T6/S12,2020-08-19 09:14:00,3,1.2633333333333212,,,False,close_median
1578,T6/S12,2020-08-26 08:36:00,1,1.389999999999873,2020-08-26 08:35:00,1.0,True,close_median
1579,T6/S12,2020-08-26 09:04:00,1,1.389999999999873,2020-08-26 09:04:00,0.0,True,close_median
1580,T6/S12,2020-08-31 10:08:00,2,1.4750000000001364,2020-08-31 10:08:00,0.0,True,close_median
1581,T6/S12,2020-09-03 09:29:00,3,1.2633333333333212,,,False,close_median
1582,T6/S12,2020-09-23 08:05:00,1,1.389999999999873,,,False,close_median
1583,T6/S12,2020-09-23 08:35:00,1,1.389999999999873,2020-09-23 08:34:00,1.0,True,close_median
1584,T6/S12,2020-10-05 09:12:00,1,1.389999999999873,2020-10-05 09:12:00,0.0,True,close_median
1585,T6/S12,2020-11-19 08:31:00,1,1.389999999999873,2020-11-19 08:30:00,1.0,True,close_median
1586,T6/S12,2020-11-19 08:37:00,1,1.389999999999873,,,False,close_median
1587,T6/S12,2020-11-19 10:07:00,2,1.4750000000001364,2020-11-19 10:07:00,0.0,True,close_median
1588,T6/S12,2020-12-28 10:08:00,3,1.2633333333333212,2020-12-28 10:07:00,1.0,True,close_median
1589,T6/S12,2021-01-26 09:58:00,1,1.389999999999873,,,False,close_median
1590,T6/S12,2021-02-02 09:47:00,2,1.4750000000001364,2021-02-02 09:47:00,0.0,True,close_median
1591,T6/S12,2021-02-04 16:04:00,4,1.452499999999759,2021-02-04 11:03:00,301.0,True,close_median
1592,T6/S12,2021-02-26 08:14:00,2,1.4750000000001364,2021-02-26 08:13:00,1.0,True,close_median
1593,T6/S12,2021-03-08 09:54:00,1,1.389999999999873,2021-03-08 09:54:00,0.0,True,close_median
1594,T6/S12,2021-03-12 11:19:00,2,1.4750000000001364,2021-03-12 09:38:00,101.0,True,close_median
1595,T6/S12,2021-06-03 15:34:00,1,1.389999999999873,2021-06-03 09:09:00,385.0,True,close_median
1596,T6/S12,2021-06-17 10:09:00,1,1.389999999999873,,,False,close_median
1597,T6/S12,2021-09-07 11:09:00,1,1.389999999999873,2021-09-07 08:30:00,159.0,True,close_median
1598,T6/S12,2021-10-15 10:23:00,1,1.389999999999873,2021-10-15 10:22:00,1.0,True,close_median
1599,T6/S12,2021-11-19 09:55:00,1,1.389999999999873,,,False,close_median
1600,T6/S12,2022-01-27 08:43:00,1,1.389999999999873,2022-01-27 08:42:00,1.0,True,close_median
1601,T6/S12,2022-01-27 09:45:00,2,1.4750000000001364,2022-01-27 09:45:00,0.0,True,close_median
1602,T6/S12,2022-02-28 10:00:00,4,1.452499999999759,2022-02-28 09:59:00,1.0,True,close_median
1603,T6/S12,2022-03-15 08:27:00,4,1.452499999999759,2022-03-15 08:27:00,0.0,True,close_median
1604,T6/S12,2022-03-15 08:52:00,4,1.452499999999759,2022-03-15 08:51:00,1.0,True,close_median
1605,T6/S12,2022-03-25 08:38:00,2,1.4750000000001364,,,False,close_median
1606,T6/S12,2022-03-25 09:03:00,2,1.4750000000001364,2022-03-25 09:03:00,0.0,True,close_median
1607,T6/S12,2022-03-28 08:55:00,2,1.4750000000001364,2022-03-28 08:54:00,1.0,True,close_median
1608,T6/S12,2022-03-28 09:36:00,4,1.452499999999759,2022-03-28 09:36:00,0.0,True,close_median
1609,T6/S12,2022-03-31 08:30:00,2,1.4750000000001364,2022-03-31 08:30:00,0.0,True,close_median
1610,T6/S12,2022-03-31 11:36:00,12,,,,False,close_median
1611,T6/S12,2022-05-25 11:25:00,4,1.452499999999759,2022-05-25 11:25:00,0.0,True,close_median
1612,T6/S12,2022-07-20 13:50:00,6,1.639999999999873,2022-07-20 13:50:00,0.0,True,close_median
1613,T6/S12,2022-08-10 08:17:00,2,1.4750000000001364,2022-08-10 08:16:00,1.0,True,close_median
1614,T6/S12,2022-08-10 10:23:00,4,1.452499999999759,,,False,close_median
1615,T6/S12,2022-08-15 08:25:00,3,1.2633333333333212,2022-08-15 08:24:00,1.0,True,close_median
1616,T6/S12,2022-08-15 09:14:00,3,1.2633333333333212,2022-08-15 09:13:00,1.0,True,close_median
1617,T6/S12,2022-08-19 11:05:00,6,1.639999999999873,2022-08-19 11:04:00,1.0,True,close_median
1618,T6/S12,2022-08-29 09:17:00,6,1.639999999999873,,,False,close_median
1619,T6/S12,2022-09-20 08:58:00,3,1.2633333333333212,2022-09-20 08:58:00,0.0,True,close_median
1620,T6/S12,2022-09-21 17:33:00,21,,,,False,close_median
1621,T6/S12,2022-09-29 10:26:00,6,1.639999999999873,2022-09-29 10:26:00,0.0,True,close_median
1622,T6/S12,2022-10-19 09:02:00,3,1.2633333333333212,,,False,close_median
1623,T6/S12,2022-10-25 10:15:00,6,1.639999999999873,,,False,close_median
1624,T6/S12,2022-12-05 09:45:00,3,1.2633333333333212,2022-12-05 09:44:00,1.0,True,close_median
1625,T6/S12,2022-12-22 11:28:00,9,,,,False,close_median
1626,T6/S12,2023-01-13 13:59:00,21,,,,False,close_median
1627,T6/S12,2023-01-23 09:28:00,4,1.452499999999759,2023-01-23 09:27:00,1.0,True,close_median
1628,T6/S12,2023-01-23 10:03:00,4,1.452499999999759,,,False,close_median
1629,T6/S12,2023-01-25 09:33:00,16,,,,False,close_median
1630,T6/S12,2023-02-15 08:47:00,4,1.452499999999759,,,False,close_median
1631,T6/S12,2023-02-15 09:32:00,8,,,,False,close_median
1632,T6/S12,2023-03-15 09:24:00,8,,,,False,close_median
1633,T6/S12,2023-03-27 10:06:00,4,1.452499999999759,,,False,close_median
1634,T6/S12,2023-04-19 09:25:00,5,1.3880000000001471,2023-04-19 09:25:00,0.0,True,close_median
1635,T6/S12,2023-04-19 09:59:00,15,,,,False,close_median
1636,T6/S12,2023-04-21 08:13:00,5,1.3880000000001471,,,False,close_median
1637,T6/S12,2023-04-21 08:31:00,5,1.3880000000001471,2023-04-21 08:30:00,1.0,True,close_median
1638,T6/S12,2023-04-21 08:51:00,5,1.3880000000001471,,,False,close_median
1639,T6/S12,2023-04-21 09:26:00,10,,,,False,close_median
1640,T6/S12,2023-04-24 16:25:00,25,,,,False,close_median
1641,T6/S12,2023-05-16 14:34:00,10,,,,False,close_median
1642,T6/S12,2023-05-17 11:11:00,10,,,,False,close_median
1643,T6/S12,2023-05-18 09:52:00,10,,,,False,close_median
1644,T6/S12,2023-05-22 09:10:00,5,1.3880000000001471,2023-05-22 09:09:00,1.0,True,close_median
1645,T6/S12,2023-05-22 14:33:00,25,,,,False,close_median
1646,T6/S12,2023-06-21 12:14:00,10,,,,False,close_median
1647,T6/S12,2023-08-01 09:11:00,6,1.639999999999873,2023-08-01 09:11:00,0.0,True,close_median
1648,T6/S12,2023-08-01 10:10:00,6,1.639999999999873,,,False,close_median
1649,T6/S12,2023-09-25 09:08:00,6,1.639999999999873,,,False,close_median
1650,T6/S12,2023-09-25 11:18:00,18,,,,False,close_median
1651,T6/S12,2023-10-06 15:21:00,18,,,,False,close_median
1652,T6/S12,2023-10-16 09:02:00,6,1.639999999999873,2023-10-16 09:01:00,1.0,True,close_median
1653,T6/S12,2023-10-16 09:29:00,12,,,,False,close_median
1654,T6/S12,2023-10-16 09:47:00,6,1.639999999999873,,,False,close_median
1655,T6/S12,2023-10-16 09:55:00,6,1.639999999999873,,,False,close_median
1656,T6/S12,2023-11-07 10:16:00,7,,,,False,close_median
1657,T6/S12,2023-12-04 09:52:00,8,,,,False,close_median
1,T1/S01,2018-01-02 22:33:00,1,0.5599999999999454,2018-01-02 22:32:00,1.0,True,touch_q25
2,T1/S01,2018-01-02 23:14:00,1,0.5599999999999454,2018-01-02 23:13:00,1.0,True,touch_q25
3,T1/S01,2018-01-03 01:21:00,1,0.5599999999999454,,,False,touch_q25
4,T1/S01,2018-01-04 23:25:00,1,0.5599999999999454,2018-01-04 23:24:00,1.0,True,touch_q25
5,T1/S01,2018-01-09 04:23:00,3,0.5066666666667743,2018-01-09 04:22:00,1.0,True,touch_q25
6,T1/S01,2018-01-12 22:13:00,1,0.5599999999999454,2018-01-12 22:12:00,1.0,True,touch_q25
7,T1/S01,2018-01-15 03:01:00,2,0.5049999999998818,2018-01-15 02:59:00,2.0,True,touch_q25
8,T1/S01,2018-01-23 03:22:00,2,0.5049999999998818,2018-01-23 02:49:00,33.0,True,touch_q25
9,T1/S01,2018-01-23 22:13:00,1,0.5599999999999454,2018-01-23 22:12:00,1.0,True,touch_q25
10,T1/S01,2018-01-23 22:54:00,1,0.5599999999999454,2018-01-23 22:52:00,2.0,True,touch_q25
11,T1/S01,2018-01-24 08:38:00,1,0.5599999999999454,2018-01-24 01:35:00,423.0,True,touch_q25
12,T1/S01,2018-01-25 03:59:00,2,0.5049999999998818,2018-01-25 03:58:00,1.0,True,touch_q25
13,T1/S01,2018-02-01 22:27:00,1,0.5599999999999454,2018-02-01 22:22:00,5.0,True,touch_q25
14,T1/S01,2018-02-01 22:45:00,1,0.5599999999999454,2018-02-01 22:44:00,1.0,True,touch_q25
15,T1/S01,2018-02-01 22:55:00,1,0.5599999999999454,2018-02-01 22:54:00,1.0,True,touch_q25
16,T1/S01,2018-02-01 23:04:00,1,0.5599999999999454,2018-02-01 23:02:00,2.0,True,touch_q25
17,T1/S01,2018-02-02 01:35:00,3,0.5066666666667743,2018-02-02 01:33:00,2.0,True,touch_q25
18,T1/S01,2018-02-05 22:19:00,1,0.5599999999999454,2018-02-05 22:18:00,1.0,True,touch_q25
19,T1/S01,2018-02-05 23:38:00,2,0.5049999999998818,2018-02-05 22:42:00,56.0,True,touch_q25
20,T1/S01,2018-02-14 01:13:00,1,0.5599999999999454,2018-02-14 01:12:00,1.0,True,touch_q25
21,T1/S01,2018-03-01 22:01:00,1,0.5599999999999454,2018-03-01 22:00:00,1.0,True,touch_q25
22,T1/S01,2018-03-01 22:20:00,2,0.5049999999998818,2018-03-01 22:14:00,6.0,True,touch_q25
23,T1/S01,2018-03-01 22:31:00,1,0.5599999999999454,2018-03-01 22:24:00,7.0,True,touch_q25
24,T1/S01,2018-03-02 07:54:00,2,0.5049999999998818,2018-03-02 03:54:00,240.0,True,touch_q25
25,T1/S01,2018-03-13 01:12:00,1,0.5599999999999454,2018-03-13 01:11:00,1.0,True,touch_q25
26,T1/S01,2018-03-29 22:56:00,1,0.5599999999999454,2018-03-29 22:55:00,1.0,True,touch_q25
27,T1/S01,2018-04-02 02:02:00,2,0.5049999999998818,2018-04-02 01:01:00,61.0,True,touch_q25
28,T1/S01,2018-04-10 14:33:00,1,0.5599999999999454,2018-04-10 03:08:00,685.0,True,touch_q25
29,T1/S01,2018-04-18 10:49:00,3,0.5066666666667743,2018-04-18 10:48:00,1.0,True,touch_q25
30,T1/S01,2018-04-25 02:29:00,2,0.5049999999998818,2018-04-25 02:28:00,1.0,True,touch_q25
31,T1/S01,2018-04-26 03:04:00,2,0.5049999999998818,2018-04-26 03:00:00,4.0,True,touch_q25
32,T1/S01,2018-04-30 03:42:00,1,0.5599999999999454,2018-04-30 03:16:00,26.0,True,touch_q25
33,T1/S01,2018-05-08 22:01:00,1,0.5599999999999454,2018-05-08 22:00:00,1.0,True,touch_q25
34,T1/S01,2018-05-09 15:21:00,1,0.5599999999999454,2018-05-09 02:25:00,776.0,True,touch_q25
35,T1/S01,2018-05-11 10:52:00,2,0.5049999999998818,2018-05-11 10:51:00,1.0,True,touch_q25
36,T1/S01,2018-05-21 22:13:00,1,0.5599999999999454,2018-05-21 22:01:00,12.0,True,touch_q25
37,T1/S01,2018-05-22 02:21:00,1,0.5599999999999454,2018-05-22 02:03:00,18.0,True,touch_q25
38,T1/S01,2018-06-11 02:19:00,1,0.5599999999999454,2018-06-11 01:01:00,78.0,True,touch_q25
39,T1/S01,2018-06-25 01:34:00,1,0.5599999999999454,2018-06-25 01:34:00,0.0,True,touch_q25
40,T1/S01,2018-07-17 04:52:00,3,0.5066666666667743,2018-07-17 04:43:00,9.0,True,touch_q25
41,T1/S01,2018-07-23 01:34:00,2,0.5049999999998818,2018-07-23 01:33:00,1.0,True,touch_q25
42,T1/S01,2018-07-26 02:24:00,1,0.5599999999999454,2018-07-26 02:23:00,1.0,True,touch_q25
43,T1/S01,2018-08-01 05:07:00,1,0.5599999999999454,2018-08-01 05:02:00,5.0,True,touch_q25
44,T1/S01,2018-08-09 03:28:00,1,0.5599999999999454,2018-08-09 03:27:00,1.0,True,touch_q25
45,T1/S01,2018-08-20 05:22:00,1,0.5599999999999454,2018-08-20 05:22:00,0.0,True,touch_q25
46,T1/S01,2018-08-21 03:08:00,1,0.5599999999999454,2018-08-21 03:07:00,1.0,True,touch_q25
47,T1/S01,2018-08-21 23:48:00,1,0.5599999999999454,2018-08-21 23:46:00,2.0,True,touch_q25
48,T1/S01,2018-08-22 03:21:00,1,0.5599999999999454,2018-08-22 03:20:00,1.0,True,touch_q25
49,T1/S01,2018-09-12 12:34:00,4,0.4829925650557243,2018-09-12 12:32:00,2.0,True,touch_q25
50,T1/S01,2018-09-13 11:37:00,3,0.5066666666667743,2018-09-13 11:35:00,2.0,True,touch_q25
51,T1/S01,2018-09-21 03:16:00,1,0.5599999999999454,2018-09-21 03:16:00,0.0,True,touch_q25
52,T1/S01,2018-09-24 10:17:00,3,0.5066666666667743,2018-09-24 10:07:00,10.0,True,touch_q25
53,T1/S01,2018-10-08 22:57:00,1,0.5599999999999454,2018-10-08 22:55:00,2.0,True,touch_q25
54,T1/S01,2018-10-09 02:42:00,1,0.5599999999999454,2018-10-09 02:41:00,1.0,True,touch_q25
55,T1/S01,2018-10-10 22:11:00,1,0.5599999999999454,2018-10-10 22:10:00,1.0,True,touch_q25
56,T1/S01,2018-10-10 23:38:00,2,0.5049999999998818,2018-10-10 22:55:00,43.0,True,touch_q25
57,T1/S01,2018-10-11 09:40:00,2,0.5049999999998818,2018-10-11 09:39:00,1.0,True,touch_q25
58,T1/S01,2018-10-23 04:25:00,1,0.5599999999999454,2018-10-23 03:19:00,66.0,True,touch_q25
59,T1/S01,2018-10-24 22:35:00,1,0.5599999999999454,2018-10-24 22:34:00,1.0,True,touch_q25
60,T1/S01,2018-10-25 01:03:00,1,0.5599999999999454,2018-10-25 01:01:00,2.0,True,touch_q25
61,T1/S01,2018-10-26 01:07:00,1,0.5599999999999454,2018-10-26 01:06:00,1.0,True,touch_q25
62,T1/S01,2018-11-28 08:25:00,2,0.5049999999998818,2018-11-28 08:24:00,1.0,True,touch_q25
63,T1/S01,2018-11-30 22:31:00,1,0.5599999999999454,2018-11-30 22:14:00,17.0,True,touch_q25
64,T1/S01,2018-12-03 01:06:00,1,0.5599999999999454,2018-12-03 01:04:00,2.0,True,touch_q25
65,T1/S01,2018-12-10 01:03:00,2,0.5049999999998818,2018-12-10 01:01:00,2.0,True,touch_q25
66,T1/S01,2018-12-31 09:04:00,3,0.5066666666667743,2018-12-31 08:43:00,21.0,True,touch_q25
67,T1/S01,2019-01-03 23:00:00,1,0.5599999999999454,2019-01-03 22:59:00,1.0,True,touch_q25
68,T1/S01,2019-01-04 01:59:00,1,0.5599999999999454,2019-01-04 01:45:00,14.0,True,touch_q25
69,T1/S01,2019-01-10 04:05:00,2,0.5049999999998818,2019-01-10 03:48:00,17.0,True,touch_q25
70,T1/S01,2019-01-28 03:05:00,3,0.5066666666667743,2019-01-28 03:04:00,1.0,True,touch_q25
71,T1/S01,2019-01-30 22:08:00,1,0.5599999999999454,2019-01-30 22:07:00,1.0,True,touch_q25
72,T1/S01,2019-01-30 22:17:00,1,0.5599999999999454,,,False,touch_q25
73,T1/S01,2019-01-30 22:41:00,1,0.5599999999999454,2019-01-30 22:40:00,1.0,True,touch_q25
74,T1/S01,2019-01-31 01:03:00,1,0.5599999999999454,2019-01-30 23:22:00,101.0,True,touch_q25
75,T1/S01,2019-02-06 04:29:00,2,0.5049999999998818,2019-02-06 04:28:00,1.0,True,touch_q25
76,T1/S01,2019-02-15 22:58:00,1,0.5599999999999454,2019-02-15 22:57:00,1.0,True,touch_q25
77,T1/S01,2019-03-05 22:18:00,1,0.5599999999999454,2019-03-05 22:17:00,1.0,True,touch_q25
78,T1/S01,2019-03-06 02:11:00,1,0.5599999999999454,2019-03-06 02:04:00,7.0,True,touch_q25
79,T1/S01,2019-03-13 02:27:00,1,0.5599999999999454,2019-03-13 02:26:00,1.0,True,touch_q25
80,T1/S01,2019-04-04 22:24:00,1,0.5599999999999454,2019-04-04 22:23:00,1.0,True,touch_q25
81,T1/S01,2019-04-05 16:04:00,1,0.5599999999999454,2019-04-05 15:29:00,35.0,True,touch_q25
82,T1/S01,2019-04-22 02:53:00,1,0.5599999999999454,2019-04-22 01:24:00,89.0,True,touch_q25
83,T1/S01,2019-04-30 03:17:00,1,0.5599999999999454,2019-04-30 03:16:00,1.0,True,touch_q25
84,T1/S01,2019-05-15 02:57:00,1,0.5599999999999454,2019-05-14 23:03:00,234.0,True,touch_q25
85,T1/S01,2019-05-27 04:15:00,1,0.5599999999999454,2019-05-27 04:12:00,3.0,True,touch_q25
86,T1/S01,2019-05-29 03:13:00,1,0.5599999999999454,2019-05-29 03:10:00,3.0,True,touch_q25
87,T1/S01,2019-06-03 01:14:00,1,0.5599999999999454,2019-06-03 01:13:00,1.0,True,touch_q25
88,T1/S01,2019-06-03 22:13:00,1,0.5599999999999454,2019-06-03 22:12:00,1.0,True,touch_q25
89,T1/S01,2019-06-04 04:28:00,2,0.5049999999998818,2019-06-04 04:00:00,28.0,True,touch_q25
90,T1/S01,2019-06-04 22:34:00,1,0.5599999999999454,2019-06-04 22:33:00,1.0,True,touch_q25
91,T1/S01,2019-06-05 03:07:00,3,0.5066666666667743,2019-06-04 22:39:00,268.0,True,touch_q25
92,T1/S01,2019-06-19 23:17:00,1,0.5599999999999454,2019-06-19 23:16:00,1.0,True,touch_q25
93,T1/S01,2019-06-20 03:24:00,3,0.5066666666667743,2019-06-20 03:23:00,1.0,True,touch_q25
94,T1/S01,2019-06-21 22:26:00,1,0.5599999999999454,2019-06-21 22:25:00,1.0,True,touch_q25
95,T1/S01,2019-06-24 22:47:00,2,0.5049999999998818,2019-06-24 22:42:00,5.0,True,touch_q25
96,T1/S01,2019-06-24 23:12:00,1,0.5599999999999454,2019-06-24 23:06:00,6.0,True,touch_q25
97,T1/S01,2019-06-24 23:32:00,1,0.5599999999999454,2019-06-24 23:30:00,2.0,True,touch_q25
98,T1/S01,2019-06-27 23:54:00,1,0.5599999999999454,2019-06-27 23:54:00,0.0,True,touch_q25
99,T1/S01,2019-07-02 22:03:00,1,0.5599999999999454,2019-07-02 22:02:00,1.0,True,touch_q25
100,T1/S01,2019-07-02 22:07:00,1,0.5599999999999454,2019-07-02 22:06:00,1.0,True,touch_q25
101,T1/S01,2019-07-02 22:15:00,1,0.5599999999999454,2019-07-02 22:14:00,1.0,True,touch_q25
102,T1/S01,2019-07-02 22:43:00,1,0.5599999999999454,2019-07-02 22:36:00,7.0,True,touch_q25
103,T1/S01,2019-07-02 23:32:00,2,0.5049999999998818,2019-07-02 22:58:00,34.0,True,touch_q25
104,T1/S01,2019-07-03 01:05:00,2,0.5049999999998818,2019-07-02 23:36:00,89.0,True,touch_q25
105,T1/S01,2019-07-05 22:21:00,1,0.5599999999999454,2019-07-05 22:20:00,1.0,True,touch_q25
106,T1/S01,2019-07-08 08:12:00,1,0.5599999999999454,2019-07-05 22:28:00,3464.0,True,touch_q25
107,T1/S01,2019-07-10 22:23:00,1,0.5599999999999454,2019-07-10 22:22:00,1.0,True,touch_q25
108,T1/S01,2019-07-10 22:31:00,1,0.5599999999999454,2019-07-10 22:30:00,1.0,True,touch_q25
109,T1/S01,2019-07-10 22:51:00,1,0.5599999999999454,2019-07-10 22:47:00,4.0,True,touch_q25
110,T1/S01,2019-07-11 01:05:00,2,0.5049999999998818,2019-07-10 22:58:00,127.0,True,touch_q25
111,T1/S01,2019-07-15 01:05:00,2,0.5049999999998818,2019-07-15 01:05:00,0.0,True,touch_q25
112,T1/S01,2019-07-16 01:08:00,2,0.5049999999998818,2019-07-16 01:06:00,2.0,True,touch_q25
113,T1/S01,2019-07-18 01:08:00,1,0.5599999999999454,2019-07-17 23:39:00,89.0,True,touch_q25
114,T1/S01,2019-07-18 22:05:00,1,0.5599999999999454,2019-07-18 22:03:00,2.0,True,touch_q25
115,T1/S01,2019-07-18 22:09:00,1,0.5599999999999454,2019-07-18 22:08:00,1.0,True,touch_q25
116,T1/S01,2019-07-18 22:16:00,1,0.5599999999999454,2019-07-18 22:12:00,4.0,True,touch_q25
117,T1/S01,2019-07-18 22:46:00,2,0.5049999999998818,2019-07-18 22:45:00,1.0,True,touch_q25
118,T1/S01,2019-07-18 22:50:00,1,0.5599999999999454,2019-07-18 22:49:00,1.0,True,touch_q25
119,T1/S01,2019-07-19 01:06:00,1,0.5599999999999454,2019-07-18 22:59:00,127.0,True,touch_q25
120,T1/S01,2019-07-29 22:01:00,1,0.5599999999999454,2019-07-29 22:00:00,1.0,True,touch_q25
121,T1/S01,2019-07-29 22:14:00,1,0.5599999999999454,2019-07-29 22:13:00,1.0,True,touch_q25
122,T1/S01,2019-07-30 13:18:00,2,0.5049999999998818,2019-07-29 23:45:00,813.0,True,touch_q25
123,T1/S01,2019-07-31 09:27:00,1,0.5599999999999454,2019-07-31 08:30:00,57.0,True,touch_q25
124,T1/S01,2019-08-01 22:02:00,1,0.5599999999999454,2019-08-01 22:01:00,1.0,True,touch_q25
125,T1/S01,2019-08-01 22:11:00,1,0.5599999999999454,2019-08-01 22:10:00,1.0,True,touch_q25
126,T1/S01,2019-08-01 22:16:00,1,0.5599999999999454,2019-08-01 22:14:00,2.0,True,touch_q25
127,T1/S01,2019-08-01 22:50:00,3,0.5066666666667743,2019-08-01 22:43:00,7.0,True,touch_q25
128,T1/S01,2019-08-06 01:05:00,5,0.7999999999997272,2019-08-06 01:05:00,0.0,True,touch_q25
129,T1/S01,2019-08-09 01:05:00,4,0.4829925650557243,2019-08-09 01:05:00,0.0,True,touch_q25
130,T1/S01,2019-08-12 22:14:00,2,0.5049999999998818,2019-08-12 22:07:00,7.0,True,touch_q25
131,T1/S01,2019-08-12 22:33:00,3,0.5066666666667743,2019-08-12 22:22:00,11.0,True,touch_q25
132,T1/S01,2019-08-13 04:09:00,1,0.5599999999999454,2019-08-12 23:17:00,292.0,True,touch_q25
133,T1/S01,2019-08-26 01:05:00,5,0.7999999999997272,2019-08-23 22:12:00,3053.0,True,touch_q25
134,T1/S01,2019-09-20 22:01:00,1,0.5599999999999454,2019-09-20 22:00:00,1.0,True,touch_q25
135,T1/S01,2019-09-20 22:19:00,2,0.5049999999998818,2019-09-20 22:18:00,1.0,True,touch_q25
136,T1/S01,2019-09-20 22:29:00,2,0.5049999999998818,2019-09-20 22:28:00,1.0,True,touch_q25
137,T1/S01,2019-09-20 22:46:00,1,0.5599999999999454,2019-09-20 22:45:00,1.0,True,touch_q25
138,T1/S01,2019-09-23 04:52:00,1,0.5599999999999454,2019-09-20 23:51:00,3181.0,True,touch_q25
139,T1/S01,2019-10-09 01:25:00,1,0.5599999999999454,2019-10-09 01:24:00,1.0,True,touch_q25
140,T1/S01,2019-11-08 02:32:00,2,0.5049999999998818,2019-11-08 02:31:00,1.0,True,touch_q25
141,T1/S01,2019-11-13 07:49:00,1,0.5599999999999454,2019-11-12 23:32:00,497.0,True,touch_q25
142,T1/S01,2019-12-11 09:25:00,2,0.5049999999998818,2019-12-11 09:24:00,1.0,True,touch_q25
143,T1/S01,2019-12-24 03:47:00,1,0.5599999999999454,2019-12-24 03:46:00,1.0,True,touch_q25
144,T1/S01,2019-12-27 04:23:00,2,0.5049999999998818,2019-12-27 04:22:00,1.0,True,touch_q25
145,T1/S01,2020-01-03 23:37:00,1,0.5599999999999454,2020-01-03 23:36:00,1.0,True,touch_q25
146,T1/S01,2020-01-06 01:05:00,1,0.5599999999999454,2020-01-06 01:05:00,0.0,True,touch_q25
147,T1/S01,2020-01-13 15:49:00,8,0.8049999999997226,,,False,touch_q25
148,T1/S01,2020-01-14 22:29:00,1,0.5599999999999454,2020-01-14 22:27:00,2.0,True,touch_q25
149,T1/S01,2020-01-23 01:18:00,1,0.5599999999999454,2020-01-23 01:17:00,1.0,True,touch_q25
150,T1/S01,2020-01-29 22:15:00,1,0.5599999999999454,2020-01-29 22:14:00,1.0,True,touch_q25
151,T1/S01,2020-01-29 22:52:00,2,0.5049999999998818,2020-01-29 22:49:00,3.0,True,touch_q25
152,T1/S01,2020-01-29 23:02:00,1,0.5599999999999454,2020-01-29 23:01:00,1.0,True,touch_q25
153,T1/S01,2020-01-30 01:51:00,2,0.5049999999998818,2020-01-30 01:50:00,1.0,True,touch_q25
154,T1/S01,2020-02-07 02:39:00,2,0.5049999999998818,2020-02-07 02:38:00,1.0,True,touch_q25
155,T1/S01,2020-02-10 01:34:00,1,0.5599999999999454,2020-02-10 01:25:00,9.0,True,touch_q25
156,T1/S01,2020-02-11 22:10:00,1,0.5599999999999454,2020-02-11 22:09:00,1.0,True,touch_q25
157,T1/S01,2020-02-12 06:06:00,3,0.5066666666667743,2020-02-12 05:16:00,50.0,True,touch_q25
158,T1/S01,2020-02-27 01:41:00,7,0.6300000000001091,2020-02-26 22:07:00,214.0,True,touch_q25
159,T1/S01,2020-03-05 22:40:00,2,0.5049999999998818,2020-03-05 22:39:00,1.0,True,touch_q25
160,T1/S01,2020-03-05 22:46:00,1,0.5599999999999454,2020-03-05 22:45:00,1.0,True,touch_q25
161,T1/S01,2020-03-06 01:10:00,3,0.5066666666667743,2020-03-05 23:54:00,76.0,True,touch_q25
162,T1/S01,2020-03-06 22:02:00,1,0.5599999999999454,2020-03-06 22:01:00,1.0,True,touch_q25
163,T1/S01,2020-03-06 22:07:00,1,0.5599999999999454,2020-03-06 22:06:00,1.0,True,touch_q25
164,T1/S01,2020-03-06 22:14:00,1,0.5599999999999454,2020-03-06 22:12:00,2.0,True,touch_q25
165,T1/S01,2020-03-09 01:03:00,5,0.7999999999997272,2020-03-09 00:05:00,58.0,True,touch_q25
166,T1/S01,2020-03-20 22:50:00,1,0.5599999999999454,2020-03-20 22:49:00,1.0,True,touch_q25
167,T1/S01,2020-03-23 01:09:00,2,0.5049999999998818,2020-03-20 22:54:00,3015.0,True,touch_q25
168,T1/S01,2020-04-06 22:04:00,1,0.5599999999999454,2020-04-06 22:03:00,1.0,True,touch_q25
169,T1/S01,2020-04-06 22:08:00,1,0.5599999999999454,2020-04-06 22:07:00,1.0,True,touch_q25
170,T1/S01,2020-04-06 22:14:00,1,0.5599999999999454,2020-04-06 22:12:00,2.0,True,touch_q25
171,T1/S01,2020-04-06 22:26:00,2,0.5049999999998818,2020-04-06 22:21:00,5.0,True,touch_q25
172,T1/S01,2020-04-06 22:36:00,1,0.5599999999999454,2020-04-06 22:30:00,6.0,True,touch_q25
173,T1/S01,2020-04-06 22:44:00,1,0.5599999999999454,2020-04-06 22:42:00,2.0,True,touch_q25
174,T1/S01,2020-04-06 22:55:00,4,0.4829925650557243,2020-04-06 22:51:00,4.0,True,touch_q25
175,T1/S01,2020-04-14 03:12:00,1,0.5599999999999454,2020-04-14 02:02:00,70.0,True,touch_q25
176,T1/S01,2020-04-29 23:04:00,1,0.5599999999999454,2020-04-29 22:59:00,5.0,True,touch_q25
177,T1/S01,2020-04-29 23:07:00,1,0.5599999999999454,2020-04-29 23:06:00,1.0,True,touch_q25
178,T1/S01,2020-04-29 23:20:00,1,0.5599999999999454,2020-04-29 23:19:00,1.0,True,touch_q25
179,T1/S01,2020-04-30 02:39:00,3,0.5066666666667743,2020-04-30 02:08:00,31.0,True,touch_q25
180,T1/S01,2020-05-01 22:12:00,2,0.5049999999998818,2020-05-01 22:00:00,12.0,True,touch_q25
181,T1/S01,2020-05-01 22:45:00,6,0.5199999999999818,2020-05-01 22:18:00,27.0,True,touch_q25
182,T1/S01,2020-05-01 22:50:00,1,0.5599999999999454,2020-05-01 22:49:00,1.0,True,touch_q25
183,T1/S01,2020-05-19 22:23:00,1,0.5599999999999454,2020-05-19 22:22:00,1.0,True,touch_q25
184,T1/S01,2020-05-20 04:05:00,1,0.5599999999999454,2020-05-19 23:06:00,299.0,True,touch_q25
185,T1/S01,2020-05-21 23:48:00,2,0.5049999999998818,2020-05-21 23:45:00,3.0,True,touch_q25
186,T1/S01,2020-06-05 23:10:00,1,0.5599999999999454,2020-06-05 23:09:00,1.0,True,touch_q25
187,T1/S01,2020-06-05 23:16:00,1,0.5599999999999454,2020-06-05 23:15:00,1.0,True,touch_q25
188,T1/S01,2020-06-09 01:05:00,2,0.5049999999998818,2020-06-08 23:01:00,124.0,True,touch_q25
189,T1/S01,2020-06-15 22:06:00,1,0.5599999999999454,2020-06-15 22:02:00,4.0,True,touch_q25
190,T1/S01,2020-06-15 22:21:00,1,0.5599999999999454,2020-06-15 22:12:00,9.0,True,touch_q25
191,T1/S01,2020-06-15 23:02:00,1,0.5599999999999454,2020-06-15 22:58:00,4.0,True,touch_q25
192,T1/S01,2020-06-17 22:51:00,1,0.5599999999999454,2020-06-17 22:50:00,1.0,True,touch_q25
193,T1/S01,2020-06-25 22:58:00,1,0.5599999999999454,2020-06-25 22:40:00,18.0,True,touch_q25
194,T1/S01,2020-06-29 01:10:00,2,0.5049999999998818,2020-06-29 01:05:00,5.0,True,touch_q25
195,T1/S01,2020-07-01 22:58:00,1,0.5599999999999454,2020-07-01 22:57:00,1.0,True,touch_q25
196,T1/S01,2020-07-02 04:58:00,4,0.4829925650557243,2020-07-02 01:05:00,233.0,True,touch_q25
197,T1/S01,2020-07-10 11:14:00,1,0.5599999999999454,2020-07-10 01:25:00,589.0,True,touch_q25
198,T1/S01,2020-07-23 01:05:00,1,0.5599999999999454,2020-07-23 01:05:00,0.0,True,touch_q25
199,T1/S01,2020-07-30 23:00:00,2,0.5049999999998818,2020-07-30 22:59:00,1.0,True,touch_q25
200,T1/S01,2020-08-04 23:38:00,1,0.5599999999999454,2020-08-04 23:37:00,1.0,True,touch_q25
201,T1/S01,2020-08-04 23:53:00,2,0.5049999999998818,2020-08-04 23:50:00,3.0,True,touch_q25
202,T1/S01,2020-08-05 01:05:00,1,0.5599999999999454,2020-08-05 01:05:00,0.0,True,touch_q25
203,T1/S01,2020-08-06 23:33:00,1,0.5599999999999454,2020-08-06 23:10:00,23.0,True,touch_q25
204,T1/S01,2020-08-06 23:50:00,1,0.5599999999999454,2020-08-06 23:49:00,1.0,True,touch_q25
205,T1/S01,2020-08-26 01:12:00,1,0.5599999999999454,2020-08-25 22:31:00,161.0,True,touch_q25
206,T1/S01,2020-08-26 22:26:00,1,0.5599999999999454,2020-08-26 22:25:00,1.0,True,touch_q25
207,T1/S01,2020-08-26 23:49:00,2,0.5049999999998818,2020-08-26 23:46:00,3.0,True,touch_q25
208,T1/S01,2020-08-27 22:01:00,1,0.5599999999999454,2020-08-27 22:00:00,1.0,True,touch_q25
209,T1/S01,2020-08-27 22:07:00,1,0.5599999999999454,2020-08-27 22:06:00,1.0,True,touch_q25
210,T1/S01,2020-08-27 22:21:00,2,0.5049999999998818,2020-08-27 22:20:00,1.0,True,touch_q25
211,T1/S01,2020-09-02 23:34:00,1,0.5599999999999454,2020-09-02 23:33:00,1.0,True,touch_q25
212,T1/S01,2020-09-03 02:24:00,3,0.5066666666667743,2020-09-03 02:22:00,2.0,True,touch_q25
213,T1/S01,2020-09-04 22:10:00,1,0.5599999999999454,2020-09-04 22:07:00,3.0,True,touch_q25
214,T1/S01,2020-09-04 22:25:00,1,0.5599999999999454,2020-09-04 22:24:00,1.0,True,touch_q25
215,T1/S01,2020-09-28 22:57:00,1,0.5599999999999454,2020-09-28 22:13:00,44.0,True,touch_q25
216,T1/S01,2020-10-08 08:38:00,3,0.5066666666667743,2020-10-08 04:46:00,232.0,True,touch_q25
217,T1/S01,2020-10-12 01:07:00,2,0.5049999999998818,2020-10-12 01:06:00,1.0,True,touch_q25
218,T1/S01,2020-10-16 01:05:00,1,0.5599999999999454,2020-10-16 01:05:00,0.0,True,touch_q25
219,T1/S01,2020-10-22 22:28:00,2,0.5049999999998818,2020-10-22 22:01:00,27.0,True,touch_q25
220,T1/S01,2020-11-04 23:20:00,1,0.5599999999999454,,,False,touch_q25
221,T1/S01,2020-11-04 23:38:00,1,0.5599999999999454,2020-11-04 23:37:00,1.0,True,touch_q25
222,T1/S01,2020-11-05 01:12:00,1,0.5599999999999454,2020-11-05 01:11:00,1.0,True,touch_q25
223,T1/S01,2020-11-12 01:05:00,1,0.5599999999999454,2020-11-12 01:05:00,0.0,True,touch_q25
224,T1/S01,2020-11-19 22:45:00,1,0.5599999999999454,2020-11-19 22:41:00,4.0,True,touch_q25
225,T1/S01,2020-11-20 03:13:00,2,0.5049999999998818,2020-11-20 02:06:00,67.0,True,touch_q25
226,T1/S01,2020-11-24 23:51:00,1,0.5599999999999454,2020-11-24 23:49:00,2.0,True,touch_q25
227,T1/S01,2020-11-25 01:48:00,2,0.5049999999998818,2020-11-25 01:47:00,1.0,True,touch_q25
228,T1/S01,2020-12-02 02:49:00,3,0.5066666666667743,2020-12-02 02:48:00,1.0,True,touch_q25
229,T1/S01,2020-12-02 23:03:00,2,0.5049999999998818,2020-12-02 22:09:00,54.0,True,touch_q25
230,T1/S01,2020-12-04 23:06:00,2,0.5049999999998818,2020-12-04 23:05:00,1.0,True,touch_q25
231,T1/S01,2020-12-04 23:39:00,1,0.5599999999999454,2020-12-04 23:36:00,3.0,True,touch_q25
232,T1/S01,2020-12-07 02:13:00,3,0.5066666666667743,2020-12-07 02:11:00,2.0,True,touch_q25
233,T1/S01,2020-12-30 23:31:00,1,0.5599999999999454,2020-12-30 23:30:00,1.0,True,touch_q25
234,T1/S01,2020-12-31 01:12:00,1,0.5599999999999454,2020-12-31 01:11:00,1.0,True,touch_q25
235,T1/S01,2021-01-04 23:34:00,1,0.5599999999999454,2021-01-04 23:33:00,1.0,True,touch_q25
236,T1/S01,2021-01-05 01:13:00,2,0.5049999999998818,2021-01-05 01:12:00,1.0,True,touch_q25
237,T1/S01,2021-01-07 01:27:00,2,0.5049999999998818,2021-01-06 23:10:00,137.0,True,touch_q25
238,T1/S01,2021-01-13 11:48:00,1,0.5599999999999454,2021-01-12 22:07:00,821.0,True,touch_q25
239,T1/S01,2021-02-05 10:11:00,2,0.5049999999998818,2021-02-05 01:05:00,546.0,True,touch_q25
240,T1/S01,2021-03-12 23:40:00,1,0.5599999999999454,2021-03-12 22:38:00,62.0,True,touch_q25
241,T1/S01,2021-03-15 02:06:00,2,0.5049999999998818,2021-03-15 00:05:00,121.0,True,touch_q25
242,T1/S01,2021-03-16 03:06:00,2,0.5049999999998818,2021-03-16 03:05:00,1.0,True,touch_q25
243,T1/S01,2021-04-22 23:46:00,1,0.5599999999999454,2021-04-22 23:45:00,1.0,True,touch_q25
244,T1/S01,2021-04-29 22:07:00,1,0.5599999999999454,2021-04-29 22:04:00,3.0,True,touch_q25
245,T1/S01,2021-04-29 22:42:00,1,0.5599999999999454,2021-04-29 22:33:00,9.0,True,touch_q25
246,T1/S01,2021-04-30 02:45:00,3,0.5066666666667743,2021-04-30 02:43:00,2.0,True,touch_q25
247,T1/S01,2021-05-05 23:34:00,1,0.5599999999999454,2021-05-05 23:33:00,1.0,True,touch_q25
248,T1/S01,2021-05-06 04:16:00,4,0.4829925650557243,2021-05-06 04:15:00,1.0,True,touch_q25
249,T1/S01,2021-05-12 13:13:00,7,0.6300000000001091,2021-05-11 23:03:00,850.0,True,touch_q25
250,T1/S01,2021-05-14 22:14:00,1,0.5599999999999454,2021-05-14 22:13:00,1.0,True,touch_q25
251,T1/S01,2021-05-14 22:59:00,1,0.5599999999999454,2021-05-14 22:55:00,4.0,True,touch_q25
252,T1/S01,2021-05-17 01:06:00,1,0.5599999999999454,2021-05-14 23:22:00,2984.0,True,touch_q25
253,T1/S01,2021-05-25 23:03:00,1,0.5599999999999454,2021-05-25 22:59:00,4.0,True,touch_q25
254,T1/S01,2021-05-26 03:23:00,2,0.5049999999998818,2021-05-26 03:22:00,1.0,True,touch_q25
255,T1/S01,2021-05-27 22:13:00,1,0.5599999999999454,2021-05-27 22:12:00,1.0,True,touch_q25
256,T1/S01,2021-05-28 15:48:00,1,0.5599999999999454,2021-05-27 22:49:00,1019.0,True,touch_q25
257,T1/S01,2021-05-28 22:53:00,1,0.5599999999999454,2021-05-28 22:51:00,2.0,True,touch_q25
258,T1/S01,2021-05-31 03:09:00,2,0.5049999999998818,2021-05-28 23:00:00,3129.0,True,touch_q25
259,T1/S01,2021-06-02 22:54:00,1,0.5599999999999454,2021-06-02 22:48:00,6.0,True,touch_q25
260,T1/S01,2021-06-07 22:13:00,1,0.5599999999999454,2021-06-07 22:01:00,12.0,True,touch_q25
261,T1/S01,2021-06-08 03:59:00,1,0.5599999999999454,2021-06-08 03:42:00,17.0,True,touch_q25
262,T1/S01,2021-06-10 22:16:00,1,0.5599999999999454,2021-06-10 22:13:00,3.0,True,touch_q25
263,T1/S01,2021-06-10 22:22:00,1,0.5599999999999454,2021-06-10 22:21:00,1.0,True,touch_q25
264,T1/S01,2021-06-10 22:25:00,1,0.5599999999999454,2021-06-10 22:24:00,1.0,True,touch_q25
265,T1/S01,2021-06-10 23:44:00,1,0.5599999999999454,2021-06-10 23:43:00,1.0,True,touch_q25
266,T1/S01,2021-06-11 06:07:00,1,0.5599999999999454,2021-06-11 01:34:00,273.0,True,touch_q25
267,T1/S01,2021-06-15 01:12:00,1,0.5599999999999454,2021-06-15 01:09:00,3.0,True,touch_q25
268,T1/S01,2021-06-16 07:30:00,1,0.5599999999999454,2021-06-16 01:06:00,384.0,True,touch_q25
269,T1/S01,2021-06-25 23:49:00,1,0.5599999999999454,2021-06-25 23:49:00,0.0,True,touch_q25
270,T1/S01,2021-06-28 01:24:00,1,0.5599999999999454,2021-06-28 01:23:00,1.0,True,touch_q25
271,T1/S01,2021-07-01 08:46:00,4,0.4829925650557243,2021-06-30 22:49:00,597.0,True,touch_q25
272,T1/S01,2021-07-02 10:19:00,2,0.5049999999998818,2021-07-01 23:32:00,647.0,True,touch_q25
273,T1/S01,2021-07-02 22:05:00,1,0.5599999999999454,2021-07-02 22:04:00,1.0,True,touch_q25
274,T1/S01,2021-07-05 04:36:00,4,0.4829925650557243,2021-07-05 04:17:00,19.0,True,touch_q25
275,T1/S01,2021-07-09 02:49:00,1,0.5599999999999454,2021-07-09 02:00:00,49.0,True,touch_q25
276,T1/S01,2021-07-19 23:34:00,1,0.5599999999999454,2021-07-19 23:33:00,1.0,True,touch_q25
277,T1/S01,2021-07-19 23:48:00,1,0.5599999999999454,2021-07-19 23:47:00,1.0,True,touch_q25
278,T1/S01,2021-07-20 03:05:00,2,0.5049999999998818,2021-07-20 03:03:00,2.0,True,touch_q25
279,T1/S01,2021-08-17 04:05:00,2,0.5049999999998818,2021-08-17 04:00:00,5.0,True,touch_q25
280,T1/S01,2021-08-26 14:09:00,6,0.5199999999999818,2021-08-26 14:04:00,5.0,True,touch_q25
281,T1/S01,2021-08-30 03:21:00,1,0.5599999999999454,2021-08-30 01:12:00,129.0,True,touch_q25
282,T1/S01,2021-09-21 04:57:00,2,0.5049999999998818,2021-09-21 04:54:00,3.0,True,touch_q25
283,T1/S01,2021-10-06 22:36:00,1,0.5599999999999454,2021-10-06 22:35:00,1.0,True,touch_q25
284,T1/S01,2021-10-06 23:01:00,1,0.5599999999999454,2021-10-06 22:59:00,2.0,True,touch_q25
285,T1/S01,2021-10-07 02:43:00,2,0.5049999999998818,2021-10-07 02:42:00,1.0,True,touch_q25
286,T1/S01,2021-10-21 22:54:00,1,0.5599999999999454,2021-10-21 22:53:00,1.0,True,touch_q25
287,T1/S01,2021-10-22 01:37:00,1,0.5599999999999454,2021-10-22 01:36:00,1.0,True,touch_q25
288,T1/S01,2021-10-27 03:14:00,2,0.5049999999998818,2021-10-27 03:13:00,1.0,True,touch_q25
289,T1/S01,2021-11-04 01:03:00,3,0.5066666666667743,2021-11-03 22:00:00,183.0,True,touch_q25
290,T1/S01,2021-11-05 22:27:00,1,0.5599999999999454,2021-11-05 22:26:00,1.0,True,touch_q25
291,T1/S01,2021-11-08 01:34:00,1,0.5599999999999454,2021-11-08 01:11:00,23.0,True,touch_q25
292,T1/S01,2021-11-09 22:58:00,1,0.5599999999999454,2021-11-09 22:57:00,1.0,True,touch_q25
293,T1/S01,2021-11-16 04:05:00,4,0.4829925650557243,2021-11-16 03:05:00,60.0,True,touch_q25
294,T1/S01,2021-11-24 02:01:00,2,0.5049999999998818,2021-11-23 23:35:00,146.0,True,touch_q25
295,T1/S01,2021-12-03 01:15:00,1,0.5599999999999454,2021-12-03 01:14:00,1.0,True,touch_q25
296,T1/S01,2021-12-06 02:05:00,3,0.5066666666667743,2021-12-03 22:12:00,3113.0,True,touch_q25
297,T1/S01,2021-12-09 02:18:00,3,0.5066666666667743,2021-12-09 02:17:00,1.0,True,touch_q25
298,T1/S01,2021-12-16 23:50:00,1,0.5599999999999454,2021-12-16 23:49:00,1.0,True,touch_q25
299,T1/S01,2021-12-17 03:17:00,2,0.5049999999998818,2021-12-17 03:16:00,1.0,True,touch_q25
300,T1/S01,2021-12-22 22:07:00,1,0.5599999999999454,2021-12-22 22:00:00,7.0,True,touch_q25
301,T1/S01,2021-12-22 23:00:00,2,0.5049999999998818,2021-12-22 22:58:00,2.0,True,touch_q25
302,T1/S01,2021-12-23 03:56:00,1,0.5599999999999454,2021-12-23 03:04:00,52.0,True,touch_q25
303,T1/S01,2021-12-30 22:36:00,1,0.5599999999999454,2021-12-30 22:31:00,5.0,True,touch_q25
304,T1/S01,2021-12-30 22:47:00,1,0.5599999999999454,,,False,touch_q25
305,T1/S01,2021-12-31 02:11:00,1,0.5599999999999454,2021-12-30 23:25:00,166.0,True,touch_q25
306,T1/S01,2022-01-04 01:34:00,2,0.5049999999998818,2022-01-04 01:33:00,1.0,True,touch_q25
307,T1/S01,2022-01-11 22:12:00,1,0.5599999999999454,2022-01-11 22:09:00,3.0,True,touch_q25
308,T1/S01,2022-01-11 22:57:00,1,0.5599999999999454,2022-01-11 22:19:00,38.0,True,touch_q25
309,T1/S01,2022-01-12 02:33:00,2,0.5049999999998818,2022-01-12 02:31:00,2.0,True,touch_q25
310,T1/S01,2022-01-13 22:40:00,1,0.5599999999999454,,,False,touch_q25
311,T1/S01,2022-01-13 23:37:00,1,0.5599999999999454,2022-01-13 23:37:00,0.0,True,touch_q25
312,T1/S01,2022-01-25 16:46:00,1,0.5599999999999454,2022-01-25 06:00:00,646.0,True,touch_q25
313,T1/S01,2022-01-28 23:10:00,1,0.5599999999999454,2022-01-28 23:09:00,1.0,True,touch_q25
314,T1/S01,2022-01-28 23:35:00,1,0.5599999999999454,2022-01-28 23:34:00,1.0,True,touch_q25
315,T1/S01,2022-01-31 03:59:00,3,0.5066666666667743,2022-01-28 23:53:00,3126.0,True,touch_q25
316,T1/S01,2022-02-08 15:36:00,1,0.5599999999999454,2022-02-07 22:56:00,1000.0,True,touch_q25
317,T1/S01,2022-02-11 22:03:00,1,0.5599999999999454,2022-02-11 22:00:00,3.0,True,touch_q25
318,T1/S01,2022-02-11 22:09:00,1,0.5599999999999454,2022-02-11 22:06:00,3.0,True,touch_q25
319,T1/S01,2022-02-11 22:16:00,1,0.5599999999999454,2022-02-11 22:15:00,1.0,True,touch_q25
320,T1/S01,2022-02-11 22:19:00,1,0.5599999999999454,2022-02-11 22:18:00,1.0,True,touch_q25
321,T1/S01,2022-02-11 22:25:00,1,0.5599999999999454,2022-02-11 22:24:00,1.0,True,touch_q25
322,T1/S01,2022-02-11 23:15:00,2,0.5049999999998818,2022-02-11 22:50:00,25.0,True,touch_q25
323,T1/S01,2022-02-28 01:05:00,3,0.5066666666667743,2022-02-28 01:05:00,0.0,True,touch_q25
324,T1/S01,2022-02-28 23:12:00,2,0.5049999999998818,2022-02-28 23:11:00,1.0,True,touch_q25
325,T1/S01,2022-03-01 10:06:00,12,,,,False,touch_q25
326,T1/S01,2022-03-01 23:54:00,6,0.5199999999999818,2022-03-01 23:19:00,35.0,True,touch_q25
327,T1/S01,2022-03-03 08:47:00,4,0.4829925650557243,2022-03-02 22:34:00,613.0,True,touch_q25
328,T1/S01,2022-03-03 22:19:00,2,0.5049999999998818,2022-03-03 22:18:00,1.0,True,touch_q25
329,T1/S01,2022-03-03 22:25:00,2,0.5049999999998818,2022-03-03 22:24:00,1.0,True,touch_q25
330,T1/S01,2022-03-03 22:34:00,2,0.5049999999998818,2022-03-03 22:31:00,3.0,True,touch_q25
331,T1/S01,2022-03-03 22:38:00,2,0.5049999999998818,2022-03-03 22:36:00,2.0,True,touch_q25
332,T1/S01,2022-03-04 02:11:00,8,0.8049999999997226,2022-03-04 02:10:00,1.0,True,touch_q25
333,T1/S01,2022-03-07 22:03:00,2,0.5049999999998818,2022-03-07 22:02:00,1.0,True,touch_q25
334,T1/S01,2022-03-07 22:35:00,6,0.5199999999999818,2022-03-07 22:34:00,1.0,True,touch_q25
335,T1/S01,2022-03-09 04:21:00,20,,,,False,touch_q25
336,T1/S01,2022-03-23 22:18:00,2,0.5049999999998818,2022-03-23 22:17:00,1.0,True,touch_q25
337,T1/S01,2022-03-24 10:15:00,3,0.5066666666667743,2022-03-24 01:12:00,543.0,True,touch_q25
338,T1/S01,2022-03-30 01:05:00,2,0.5049999999998818,2022-03-30 01:05:00,0.0,True,touch_q25
339,T1/S01,2022-04-18 01:16:00,2,0.5049999999998818,2022-04-18 01:15:00,1.0,True,touch_q25
340,T1/S01,2022-04-20 23:49:00,4,0.4829925650557243,2022-04-20 23:42:00,7.0,True,touch_q25
341,T1/S01,2022-04-21 02:59:00,4,0.4829925650557243,2022-04-21 02:53:00,6.0,True,touch_q25
342,T1/S01,2022-04-21 23:02:00,2,0.5049999999998818,2022-04-21 23:00:00,2.0,True,touch_q25
343,T1/S01,2022-04-21 23:46:00,2,0.5049999999998818,2022-04-21 23:45:00,1.0,True,touch_q25
344,T1/S01,2022-04-25 22:19:00,2,0.5049999999998818,2022-04-25 22:15:00,4.0,True,touch_q25
345,T1/S01,2022-04-29 03:00:00,4,0.4829925650557243,2022-04-29 02:36:00,24.0,True,touch_q25
346,T1/S01,2022-05-16 22:05:00,2,0.5049999999998818,2022-05-16 22:00:00,5.0,True,touch_q25
347,T1/S01,2022-05-16 22:07:00,2,0.5049999999998818,2022-05-16 22:06:00,1.0,True,touch_q25
348,T1/S01,2022-05-16 22:26:00,2,0.5049999999998818,2022-05-16 22:25:00,1.0,True,touch_q25
349,T1/S01,2022-05-16 22:47:00,4,0.4829925650557243,2022-05-16 22:46:00,1.0,True,touch_q25
350,T1/S01,2022-05-16 22:51:00,2,0.5049999999998818,2022-05-16 22:49:00,2.0,True,touch_q25
351,T1/S01,2022-05-16 22:59:00,2,0.5049999999998818,2022-05-16 22:58:00,1.0,True,touch_q25
352,T1/S01,2022-05-17 02:24:00,6,0.5199999999999818,2022-05-17 02:20:00,4.0,True,touch_q25
353,T1/S01,2022-05-20 23:50:00,2,0.5049999999998818,2022-05-20 23:49:00,1.0,True,touch_q25
354,T1/S01,2022-05-23 01:05:00,2,0.5049999999998818,2022-05-23 01:05:00,0.0,True,touch_q25
355,T1/S01,2022-05-26 17:17:00,6,0.5199999999999818,2022-05-26 17:06:00,11.0,True,touch_q25
356,T1/S01,2022-05-27 04:51:00,2,0.5049999999998818,2022-05-27 02:55:00,116.0,True,touch_q25
357,T1/S01,2022-06-01 22:23:00,2,0.5049999999998818,2022-06-01 22:22:00,1.0,True,touch_q25
358,T1/S01,2022-06-02 09:25:00,6,0.5199999999999818,2022-06-02 03:20:00,365.0,True,touch_q25
359,T1/S01,2022-06-16 22:41:00,2,0.5049999999998818,2022-06-16 22:36:00,5.0,True,touch_q25
360,T1/S01,2022-06-16 23:45:00,2,0.5049999999998818,2022-06-16 23:43:00,2.0,True,touch_q25
361,T1/S01,2022-07-07 01:05:00,4,0.4829925650557243,2022-07-07 01:05:00,0.0,True,touch_q25
362,T1/S01,2022-07-21 22:47:00,2,0.5049999999998818,2022-07-21 22:44:00,3.0,True,touch_q25
363,T1/S01,2022-07-21 22:59:00,4,0.4829925650557243,2022-07-21 22:57:00,2.0,True,touch_q25
364,T1/S01,2022-07-22 09:06:00,10,,2022-07-21 23:23:00,583.0,True,touch_q25
365,T1/S01,2022-07-27 22:04:00,2,0.5049999999998818,2022-07-27 22:00:00,4.0,True,touch_q25
366,T1/S01,2022-07-27 22:07:00,2,0.5049999999998818,2022-07-27 22:06:00,1.0,True,touch_q25
367,T1/S01,2022-07-27 22:13:00,2,0.5049999999998818,2022-07-27 22:12:00,1.0,True,touch_q25
368,T1/S01,2022-07-27 22:33:00,4,0.4829925650557243,2022-07-27 22:29:00,4.0,True,touch_q25
369,T1/S01,2022-07-27 23:39:00,2,0.5049999999998818,2022-07-27 23:38:00,1.0,True,touch_q25
370,T1/S01,2022-08-03 22:25:00,2,0.5049999999998818,2022-08-03 22:24:00,1.0,True,touch_q25
371,T1/S01,2022-08-03 23:52:00,2,0.5049999999998818,2022-08-03 23:49:00,3.0,True,touch_q25
372,T1/S01,2022-08-04 03:34:00,4,0.4829925650557243,2022-08-04 03:33:00,1.0,True,touch_q25
373,T1/S01,2022-08-05 03:21:00,4,0.4829925650557243,2022-08-04 22:51:00,270.0,True,touch_q25
374,T1/S01,2022-08-12 23:54:00,6,0.5199999999999818,2022-08-12 23:53:00,1.0,True,touch_q25
375,T1/S01,2022-09-07 23:45:00,3,0.5066666666667743,2022-09-07 23:41:00,4.0,True,touch_q25
376,T1/S01,2022-09-08 04:29:00,6,0.5199999999999818,2022-09-08 04:27:00,2.0,True,touch_q25
377,T1/S01,2022-09-20 03:01:00,3,0.5066666666667743,2022-09-20 03:00:00,1.0,True,touch_q25
378,T1/S01,2022-10-03 22:27:00,9,,,,False,touch_q25
379,T1/S01,2022-10-05 22:17:00,3,0.5066666666667743,2022-10-05 22:00:00,17.0,True,touch_q25
380,T1/S01,2022-10-06 03:05:00,3,0.5066666666667743,2022-10-06 02:19:00,46.0,True,touch_q25
381,T1/S01,2022-10-21 22:22:00,3,0.5066666666667743,2022-10-21 22:21:00,1.0,True,touch_q25
382,T1/S01,2022-10-21 23:42:00,3,0.5066666666667743,2022-10-21 22:24:00,78.0,True,touch_q25
383,T1/S01,2022-10-31 02:06:00,6,0.5199999999999818,2022-10-28 23:46:00,3020.0,True,touch_q25
384,T1/S01,2022-11-04 22:20:00,3,0.5066666666667743,2022-11-04 22:19:00,1.0,True,touch_q25
385,T1/S01,2022-11-07 10:31:00,6,0.5199999999999818,2022-11-07 01:12:00,559.0,True,touch_q25
386,T1/S01,2022-11-10 22:59:00,3,0.5066666666667743,2022-11-10 22:58:00,1.0,True,touch_q25
387,T1/S01,2022-11-10 23:09:00,3,0.5066666666667743,2022-11-10 23:08:00,1.0,True,touch_q25
388,T1/S01,2022-11-10 23:26:00,6,0.5199999999999818,2022-11-10 23:12:00,14.0,True,touch_q25
389,T1/S01,2022-11-14 10:02:00,15,,,,False,touch_q25
390,T1/S01,2022-11-16 01:13:00,3,0.5066666666667743,2022-11-16 01:12:00,1.0,True,touch_q25
391,T1/S01,2022-11-24 01:51:00,6,0.5199999999999818,2022-11-23 22:15:00,216.0,True,touch_q25
392,T1/S01,2022-12-01 01:05:00,6,0.5199999999999818,2022-12-01 01:05:00,0.0,True,touch_q25
393,T1/S01,2022-12-05 01:32:00,9,,2022-12-02 23:53:00,2979.0,True,touch_q25
394,T1/S01,2022-12-08 15:06:00,15,,,,False,touch_q25
395,T1/S01,2022-12-16 22:03:00,3,0.5066666666667743,2022-12-16 22:01:00,2.0,True,touch_q25
396,T1/S01,2022-12-16 22:17:00,3,0.5066666666667743,,,False,touch_q25
397,T1/S01,2022-12-19 02:38:00,3,0.5066666666667743,2022-12-16 23:30:00,3068.0,True,touch_q25
398,T1/S01,2023-01-09 01:19:00,6,0.5199999999999818,2023-01-09 01:17:00,2.0,True,touch_q25
399,T1/S01,2023-01-19 22:03:00,3,0.5066666666667743,2023-01-19 22:02:00,1.0,True,touch_q25
400,T1/S01,2023-01-19 22:10:00,4,0.4829925650557243,2023-01-19 22:08:00,2.0,True,touch_q25
401,T1/S01,2023-01-19 22:14:00,4,0.4829925650557243,2023-01-19 22:13:00,1.0,True,touch_q25
402,T1/S01,2023-01-20 03:25:00,16,,2023-01-19 22:59:00,266.0,True,touch_q25
403,T1/S01,2023-01-24 01:24:00,4,0.4829925650557243,2023-01-24 01:23:00,1.0,True,touch_q25
404,T1/S01,2023-01-24 23:00:00,4,0.4829925650557243,2023-01-24 22:59:00,1.0,True,touch_q25
405,T1/S01,2023-01-25 22:56:00,4,0.4829925650557243,2023-01-25 22:39:00,17.0,True,touch_q25
406,T1/S01,2023-01-26 01:12:00,4,0.4829925650557243,2023-01-26 01:11:00,1.0,True,touch_q25
407,T1/S01,2023-02-02 01:05:00,8,0.8049999999997226,2023-02-02 01:05:00,0.0,True,touch_q25
408,T1/S01,2023-02-20 03:25:00,4,0.4829925650557243,2023-02-17 23:11:00,3134.0,True,touch_q25
409,T1/S01,2023-03-03 22:04:00,4,0.4829925650557243,2023-03-03 22:03:00,1.0,True,touch_q25
410,T1/S01,2023-03-03 22:13:00,4,0.4829925650557243,2023-03-03 22:10:00,3.0,True,touch_q25
411,T1/S01,2023-03-03 22:21:00,4,0.4829925650557243,2023-03-03 22:20:00,1.0,True,touch_q25
412,T1/S01,2023-03-06 05:13:00,7,0.6300000000001091,2023-03-06 04:58:00,15.0,True,touch_q25
413,T1/S01,2023-03-31 04:18:00,4,0.4829925650557243,2023-03-31 04:16:00,2.0,True,touch_q25
414,T1/S01,2023-04-11 02:29:00,4,0.4829925650557243,2023-04-11 02:27:00,2.0,True,touch_q25
415,T1/S01,2023-04-12 22:02:00,4,0.4829925650557243,2023-04-12 22:01:00,1.0,True,touch_q25
416,T1/S01,2023-04-12 22:18:00,5,0.7999999999997272,2023-04-12 22:17:00,1.0,True,touch_q25
417,T1/S01,2023-04-13 02:51:00,5,0.7999999999997272,2023-04-13 02:28:00,23.0,True,touch_q25
418,T1/S01,2023-04-24 01:42:00,10,,,,False,touch_q25
419,T1/S01,2023-05-02 22:47:00,5,0.7999999999997272,2023-05-02 22:46:00,1.0,True,touch_q25
420,T1/S01,2023-05-02 22:56:00,5,0.7999999999997272,2023-05-02 22:56:00,0.0,True,touch_q25
421,T1/S01,2023-05-03 04:17:00,15,,,,False,touch_q25
422,T1/S01,2023-05-05 22:55:00,5,0.7999999999997272,,,False,touch_q25
423,T1/S01,2023-05-11 03:48:00,5,0.7999999999997272,2023-05-10 23:02:00,286.0,True,touch_q25
424,T1/S01,2023-05-18 01:47:00,10,,,,False,touch_q25
425,T1/S01,2023-05-24 01:05:00,10,,,,False,touch_q25
426,T1/S01,2023-06-06 05:13:00,15,,,,False,touch_q25
427,T1/S01,2023-08-25 22:28:00,6,0.5199999999999818,2023-08-25 22:26:00,2.0,True,touch_q25
428,T1/S01,2023-09-19 02:31:00,6,0.5199999999999818,2023-09-19 02:30:00,1.0,True,touch_q25
429,T1/S01,2023-10-09 22:21:00,6,0.5199999999999818,2023-10-09 22:20:00,1.0,True,touch_q25
430,T1/S01,2023-10-09 22:33:00,11,,,,False,touch_q25
431,T1/S01,2023-10-10 03:04:00,11,,,,False,touch_q25
432,T1/S01,2023-10-13 23:51:00,6,0.5199999999999818,2023-10-13 23:50:00,1.0,True,touch_q25
433,T1/S01,2023-10-16 15:22:00,72,,,,False,touch_q25
434,T1/S01,2023-10-19 22:01:00,7,0.6300000000001091,2023-10-19 22:00:00,1.0,True,touch_q25
435,T1/S01,2023-10-19 22:11:00,7,0.6300000000001091,2023-10-19 22:11:00,0.0,True,touch_q25
436,T1/S01,2023-10-19 22:19:00,7,0.6300000000001091,2023-10-19 22:13:00,6.0,True,touch_q25
437,T1/S01,2023-10-20 02:09:00,27,,,,False,touch_q25
438,T1/S01,2023-10-27 22:03:00,7,0.6300000000001091,2023-10-27 22:02:00,1.0,True,touch_q25
439,T1/S01,2023-10-27 22:09:00,7,0.6300000000001091,2023-10-27 22:08:00,1.0,True,touch_q25
440,T1/S01,2023-10-30 16:21:00,27,,,,False,touch_q25
441,T1/S01,2023-11-08 02:02:00,7,0.6300000000001091,2023-11-08 02:01:00,1.0,True,touch_q25
442,T1/S01,2023-11-28 01:51:00,8,0.8049999999997226,,,False,touch_q25
443,T1/S01,2023-12-04 01:05:00,8,0.8049999999997226,2023-12-04 01:05:00,0.0,True,touch_q25
444,T1/S01,2023-12-11 01:05:00,24,,2023-12-08 23:50:00,2955.0,True,touch_q25
445,T1/S01,2023-12-13 22:02:00,8,0.8049999999997226,2023-12-13 22:01:00,1.0,True,touch_q25
446,T1/S01,2023-12-13 22:17:00,31,,,,False,touch_q25
447,T1/S01,2023-12-13 22:21:00,8,0.8049999999997226,2023-12-13 22:20:00,1.0,True,touch_q25
448,T1/S01,2023-12-13 22:36:00,8,0.8049999999997226,2023-12-13 22:35:00,1.0,True,touch_q25
449,T1/S01,2023-12-13 22:54:00,16,,2023-12-13 22:43:00,11.0,True,touch_q25
450,T1/S01,2023-12-13 23:06:00,16,,,,False,touch_q25
451,T1/S01,2023-12-13 23:14:00,8,0.8049999999997226,2023-12-13 23:14:00,0.0,True,touch_q25
452,T1/S01,2023-12-13 23:23:00,8,0.8049999999997226,2023-12-13 23:23:00,0.0,True,touch_q25
453,T1/S01,2023-12-13 23:44:00,8,0.8049999999997226,2023-12-13 23:36:00,8.0,True,touch_q25
454,T1/S01,2023-12-14 01:28:00,8,0.8049999999997226,2023-12-14 01:25:00,3.0,True,touch_q25
455,T1/S01,2023-12-19 01:50:00,16,,,,False,touch_q25
456,T1/S01,2023-12-26 22:06:00,9,,,,False,touch_q25
457,T1/S01,2023-12-26 22:35:00,9,,,,False,touch_q25
458,T1/S01,2023-12-26 22:42:00,9,,,,False,touch_q25
459,T1/S01,2023-12-27 01:06:00,18,,,,False,touch_q25
460,T2/S03,2018-01-04 22:05:00,1,0.4900000000000091,2018-01-04 22:04:00,1.0,True,touch_q25
461,T2/S03,2018-01-04 23:25:00,1,0.4900000000000091,2018-01-04 23:23:00,2.0,True,touch_q25
462,T2/S03,2018-01-15 03:01:00,2,0.5099999999999909,2018-01-15 02:59:00,2.0,True,touch_q25
463,T2/S03,2018-01-24 01:36:00,1,0.4900000000000091,2018-01-24 01:35:00,1.0,True,touch_q25
464,T2/S03,2018-01-24 22:08:00,1,0.4900000000000091,2018-01-24 22:07:00,1.0,True,touch_q25
465,T2/S03,2018-02-01 22:23:00,1,0.4900000000000091,,,False,touch_q25
466,T2/S03,2018-02-15 01:55:00,1,0.4900000000000091,2018-02-15 01:42:00,13.0,True,touch_q25
467,T2/S03,2018-02-22 22:47:00,1,0.4900000000000091,2018-02-22 22:04:00,43.0,True,touch_q25
468,T2/S03,2018-03-02 07:54:00,2,0.5099999999999909,2018-03-02 03:54:00,240.0,True,touch_q25
469,T2/S03,2018-03-12 03:55:00,2,0.5099999999999909,2018-03-12 00:10:00,225.0,True,touch_q25
470,T2/S03,2018-03-13 01:13:00,1,0.4900000000000091,2018-03-13 01:11:00,2.0,True,touch_q25
471,T2/S03,2018-03-27 06:23:00,2,0.5099999999999909,2018-03-27 05:38:00,45.0,True,touch_q25
472,T2/S03,2018-04-02 22:58:00,2,0.5099999999999909,2018-04-02 22:57:00,1.0,True,touch_q25
473,T2/S03,2018-04-13 22:16:00,1,0.4900000000000091,2018-04-13 22:15:00,1.0,True,touch_q25
474,T2/S03,2018-04-16 02:24:00,3,0.5266666666668129,2018-04-16 02:23:00,1.0,True,touch_q25
475,T2/S03,2018-04-17 22:29:00,1,0.4900000000000091,2018-04-17 22:26:00,3.0,True,touch_q25
476,T2/S03,2018-04-18 10:49:00,3,0.5266666666668129,2018-04-18 10:48:00,1.0,True,touch_q25
477,T2/S03,2018-04-25 02:29:00,2,0.5099999999999909,2018-04-25 02:28:00,1.0,True,touch_q25
478,T2/S03,2018-04-30 20:18:00,1,0.4900000000000091,2018-04-30 03:13:00,1025.0,True,touch_q25
479,T2/S03,2018-05-02 06:41:00,11,,,,False,touch_q25
480,T2/S03,2018-05-04 23:22:00,1,0.4900000000000091,2018-05-04 23:18:00,4.0,True,touch_q25
481,T2/S03,2018-05-21 16:21:00,8,0.349999999999909,2018-05-21 16:20:00,1.0,True,touch_q25
482,T2/S03,2018-05-24 22:28:00,1,0.4900000000000091,2018-05-24 22:23:00,5.0,True,touch_q25
483,T2/S03,2018-05-25 11:48:00,3,0.5266666666668129,2018-05-25 11:47:00,1.0,True,touch_q25
484,T2/S03,2018-07-19 03:14:00,1,0.4900000000000091,2018-07-19 03:10:00,4.0,True,touch_q25
485,T2/S03,2018-07-19 23:25:00,1,0.4900000000000091,2018-07-19 22:17:00,68.0,True,touch_q25
486,T2/S03,2018-08-01 05:07:00,2,0.5099999999999909,2018-08-01 05:02:00,5.0,True,touch_q25
487,T2/S03,2018-08-27 01:03:00,1,0.4900000000000091,2018-08-24 22:17:00,3046.0,True,touch_q25
488,T2/S03,2018-09-13 11:37:00,3,0.5266666666668129,2018-09-13 11:35:00,2.0,True,touch_q25
489,T2/S03,2018-09-28 22:02:00,1,0.4900000000000091,2018-09-28 22:01:00,1.0,True,touch_q25
490,T2/S03,2018-10-01 15:35:00,5,0.3999999999998636,2018-10-01 15:24:00,11.0,True,touch_q25
491,T2/S03,2018-10-11 22:39:00,3,0.5266666666668129,2018-10-11 22:38:00,1.0,True,touch_q25
492,T2/S03,2018-11-15 06:28:00,3,0.5266666666668129,2018-11-15 06:27:00,1.0,True,touch_q25
493,T2/S03,2018-11-29 03:02:00,2,0.5099999999999909,2018-11-29 03:01:00,1.0,True,touch_q25
494,T2/S03,2018-12-11 11:11:00,1,0.4900000000000091,2018-12-10 01:01:00,2050.0,True,touch_q25
495,T2/S03,2018-12-17 22:23:00,1,0.4900000000000091,2018-12-17 22:22:00,1.0,True,touch_q25
496,T2/S03,2018-12-18 03:33:00,1,0.4900000000000091,2018-12-18 03:32:00,1.0,True,touch_q25
497,T2/S03,2019-01-03 23:00:00,1,0.4900000000000091,2019-01-03 22:59:00,1.0,True,touch_q25
498,T2/S03,2019-01-25 22:59:00,1,0.4900000000000091,2019-01-25 22:58:00,1.0,True,touch_q25
499,T2/S03,2019-01-28 23:00:00,1,0.4900000000000091,2019-01-28 22:59:00,1.0,True,touch_q25
500,T2/S03,2019-01-30 22:08:00,1,0.4900000000000091,2019-01-30 22:02:00,6.0,True,touch_q25
501,T2/S03,2019-01-30 22:24:00,1,0.4900000000000091,2019-01-30 22:16:00,8.0,True,touch_q25
502,T2/S03,2019-01-30 23:31:00,1,0.4900000000000091,,,False,touch_q25
503,T2/S03,2019-02-19 22:12:00,1,0.4900000000000091,2019-02-19 22:10:00,2.0,True,touch_q25
504,T2/S03,2019-02-20 03:01:00,2,0.5099999999999909,2019-02-20 03:00:00,1.0,True,touch_q25
505,T2/S03,2019-04-05 16:04:00,1,0.4900000000000091,2019-04-04 22:28:00,1056.0,True,touch_q25
506,T2/S03,2019-05-08 03:56:00,1,0.4900000000000091,2019-05-08 03:55:00,1.0,True,touch_q25
507,T2/S03,2019-05-14 01:05:00,1,0.4900000000000091,2019-05-14 01:05:00,0.0,True,touch_q25
508,T2/S03,2019-05-30 22:07:00,1,0.4900000000000091,2019-05-30 22:06:00,1.0,True,touch_q25
509,T2/S03,2019-05-30 23:00:00,1,0.4900000000000091,2019-05-30 22:59:00,1.0,True,touch_q25
510,T2/S03,2019-06-03 01:42:00,1,0.4900000000000091,2019-05-31 22:37:00,3065.0,True,touch_q25
511,T2/S03,2019-06-04 10:03:00,1,0.4900000000000091,2019-06-04 04:00:00,363.0,True,touch_q25
512,T2/S03,2019-06-04 22:34:00,1,0.4900000000000091,2019-06-04 22:33:00,1.0,True,touch_q25
513,T2/S03,2019-06-05 09:09:00,1,0.4900000000000091,2019-06-05 03:06:00,363.0,True,touch_q25
514,T2/S03,2019-06-12 04:21:00,1,0.4900000000000091,2019-06-12 03:15:00,66.0,True,touch_q25
515,T2/S03,2019-06-13 22:48:00,1,0.4900000000000091,2019-06-13 22:47:00,1.0,True,touch_q25
516,T2/S03,2019-06-19 22:20:00,1,0.4900000000000091,2019-06-19 22:14:00,6.0,True,touch_q25
517,T2/S03,2019-06-19 23:00:00,1,0.4900000000000091,2019-06-19 22:38:00,22.0,True,touch_q25
518,T2/S03,2019-06-21 01:42:00,3,0.5266666666668129,2019-06-21 01:41:00,1.0,True,touch_q25
519,T2/S03,2019-06-24 22:47:00,2,0.5099999999999909,2019-06-24 22:42:00,5.0,True,touch_q25
520,T2/S03,2019-06-27 23:53:00,1,0.4900000000000091,2019-06-27 23:51:00,2.0,True,touch_q25
521,T2/S03,2019-07-02 22:03:00,1,0.4900000000000091,2019-07-02 22:02:00,1.0,True,touch_q25
522,T2/S03,2019-07-02 22:17:00,1,0.4900000000000091,2019-07-02 22:16:00,1.0,True,touch_q25
523,T2/S03,2019-07-02 22:43:00,1,0.4900000000000091,2019-07-02 22:30:00,13.0,True,touch_q25
524,T2/S03,2019-07-02 22:59:00,1,0.4900000000000091,,,False,touch_q25
525,T2/S03,2019-07-10 22:59:00,1,0.4900000000000091,2019-07-10 22:47:00,12.0,True,touch_q25
526,T2/S03,2019-07-15 01:18:00,1,0.4900000000000091,2019-07-15 01:05:00,13.0,True,touch_q25
527,T2/S03,2019-07-17 22:02:00,1,0.4900000000000091,2019-07-17 22:00:00,2.0,True,touch_q25
528,T2/S03,2019-07-17 22:31:00,1,0.4900000000000091,2019-07-17 22:30:00,1.0,True,touch_q25
529,T2/S03,2019-07-18 01:08:00,1,0.4900000000000091,2019-07-17 23:39:00,89.0,True,touch_q25
530,T2/S03,2019-07-18 22:05:00,1,0.4900000000000091,2019-07-18 22:03:00,2.0,True,touch_q25
531,T2/S03,2019-07-18 22:17:00,1,0.4900000000000091,2019-07-18 22:15:00,2.0,True,touch_q25
532,T2/S03,2019-07-18 22:49:00,1,0.4900000000000091,2019-07-18 22:33:00,16.0,True,touch_q25
533,T2/S03,2019-08-01 22:02:00,1,0.4900000000000091,2019-08-01 22:01:00,1.0,True,touch_q25
534,T2/S03,2019-08-01 22:17:00,1,0.4900000000000091,2019-08-01 22:16:00,1.0,True,touch_q25
535,T2/S03,2019-08-01 22:50:00,2,0.5099999999999909,2019-08-01 22:36:00,14.0,True,touch_q25
536,T2/S03,2019-08-09 01:05:00,4,0.3999999999998636,2019-08-09 01:05:00,0.0,True,touch_q25
537,T2/S03,2019-08-12 22:24:00,1,0.4900000000000091,2019-08-12 22:07:00,17.0,True,touch_q25
538,T2/S03,2019-08-12 23:18:00,2,0.5099999999999909,2019-08-12 22:32:00,46.0,True,touch_q25
539,T2/S03,2019-08-15 22:21:00,1,0.4900000000000091,2019-08-15 22:16:00,5.0,True,touch_q25
540,T2/S03,2019-08-23 22:01:00,1,0.4900000000000091,2019-08-23 22:00:00,1.0,True,touch_q25
541,T2/S03,2019-08-26 01:05:00,4,0.3999999999998636,2019-08-23 22:52:00,3013.0,True,touch_q25
542,T2/S03,2019-08-27 22:21:00,2,0.5099999999999909,2019-08-27 22:18:00,3.0,True,touch_q25
543,T2/S03,2019-09-04 22:47:00,2,0.5099999999999909,2019-09-04 22:07:00,40.0,True,touch_q25
544,T2/S03,2019-09-20 22:01:00,1,0.4900000000000091,2019-09-20 22:00:00,1.0,True,touch_q25
545,T2/S03,2019-09-20 22:29:00,1,0.4900000000000091,2019-09-20 22:18:00,11.0,True,touch_q25
546,T2/S03,2019-09-20 22:46:00,1,0.4900000000000091,2019-09-20 22:45:00,1.0,True,touch_q25
547,T2/S03,2019-10-02 10:23:00,1,0.4900000000000091,2019-10-01 22:46:00,697.0,True,touch_q25
548,T2/S03,2019-10-25 07:38:00,2,0.5099999999999909,2019-10-25 07:33:00,5.0,True,touch_q25
549,T2/S03,2019-11-19 02:11:00,1,0.4900000000000091,2019-11-18 22:51:00,200.0,True,touch_q25
550,T2/S03,2019-12-04 05:01:00,2,0.5099999999999909,2019-12-04 02:13:00,168.0,True,touch_q25
551,T2/S03,2020-01-10 22:21:00,1,0.4900000000000091,2020-01-10 22:15:00,6.0,True,touch_q25
552,T2/S03,2020-01-10 22:35:00,1,0.4900000000000091,2020-01-10 22:34:00,1.0,True,touch_q25
553,T2/S03,2020-01-10 23:06:00,1,0.4900000000000091,2020-01-10 23:03:00,3.0,True,touch_q25
554,T2/S03,2020-01-24 22:09:00,1,0.4900000000000091,2020-01-24 22:08:00,1.0,True,touch_q25
555,T2/S03,2020-01-24 22:40:00,2,0.5099999999999909,2020-01-24 22:39:00,1.0,True,touch_q25
556,T2/S03,2020-01-27 01:05:00,2,0.5099999999999909,2020-01-27 01:05:00,0.0,True,touch_q25
557,T2/S03,2020-03-03 22:01:00,1,0.4900000000000091,2020-03-03 22:00:00,1.0,True,touch_q25
558,T2/S03,2020-03-03 22:29:00,3,0.5266666666668129,2020-03-03 22:28:00,1.0,True,touch_q25
559,T2/S03,2020-03-03 22:35:00,2,0.5099999999999909,2020-03-03 22:33:00,2.0,True,touch_q25
560,T2/S03,2020-03-03 22:51:00,1,0.4900000000000091,2020-03-03 22:47:00,4.0,True,touch_q25
561,T2/S03,2020-03-05 22:07:00,1,0.4900000000000091,2020-03-05 22:05:00,2.0,True,touch_q25
562,T2/S03,2020-03-05 22:17:00,1,0.4900000000000091,2020-03-05 22:16:00,1.0,True,touch_q25
563,T2/S03,2020-03-05 22:40:00,2,0.5099999999999909,2020-03-05 22:39:00,1.0,True,touch_q25
564,T2/S03,2020-03-05 22:46:00,1,0.4900000000000091,2020-03-05 22:45:00,1.0,True,touch_q25
565,T2/S03,2020-03-17 22:02:00,1,0.4900000000000091,2020-03-17 22:00:00,2.0,True,touch_q25
566,T2/S03,2020-03-23 22:16:00,2,0.5099999999999909,2020-03-23 22:15:00,1.0,True,touch_q25
567,T2/S03,2020-03-23 22:43:00,1,0.4900000000000091,2020-03-23 22:43:00,0.0,True,touch_q25
568,T2/S03,2020-03-24 01:03:00,2,0.5099999999999909,2020-03-24 00:05:00,58.0,True,touch_q25
569,T2/S03,2020-04-06 22:04:00,1,0.4900000000000091,2020-04-06 22:03:00,1.0,True,touch_q25
570,T2/S03,2020-04-06 22:17:00,1,0.4900000000000091,2020-04-06 22:16:00,1.0,True,touch_q25
571,T2/S03,2020-04-06 22:36:00,1,0.4900000000000091,2020-04-06 22:30:00,6.0,True,touch_q25
572,T2/S03,2020-04-06 23:02:00,1,0.4900000000000091,2020-04-06 22:45:00,17.0,True,touch_q25
573,T2/S03,2020-04-14 03:12:00,1,0.4900000000000091,2020-04-14 02:02:00,70.0,True,touch_q25
574,T2/S03,2020-04-21 22:17:00,1,0.4900000000000091,2020-04-21 22:16:00,1.0,True,touch_q25
575,T2/S03,2020-04-29 23:00:00,1,0.4900000000000091,2020-04-29 22:46:00,14.0,True,touch_q25
576,T2/S03,2020-05-01 22:12:00,2,0.5099999999999909,2020-05-01 22:00:00,12.0,True,touch_q25
577,T2/S03,2020-05-01 22:45:00,1,0.4900000000000091,2020-05-01 22:34:00,11.0,True,touch_q25
578,T2/S03,2020-05-07 22:07:00,1,0.4900000000000091,2020-05-07 22:06:00,1.0,True,touch_q25
579,T2/S03,2020-05-07 22:29:00,2,0.5099999999999909,2020-05-07 22:27:00,2.0,True,touch_q25
580,T2/S03,2020-05-07 23:08:00,4,0.3999999999998636,2020-05-07 23:05:00,3.0,True,touch_q25
581,T2/S03,2020-05-14 22:54:00,3,0.5266666666668129,2020-05-14 22:53:00,1.0,True,touch_q25
582,T2/S03,2020-05-27 22:51:00,2,0.5099999999999909,2020-05-27 22:00:00,51.0,True,touch_q25
583,T2/S03,2020-06-15 22:06:00,1,0.4900000000000091,2020-06-15 22:02:00,4.0,True,touch_q25
584,T2/S03,2020-06-15 22:21:00,1,0.4900000000000091,2020-06-15 22:20:00,1.0,True,touch_q25
585,T2/S03,2020-06-16 01:18:00,1,0.4900000000000091,2020-06-15 22:30:00,168.0,True,touch_q25
586,T2/S03,2020-06-17 22:30:00,1,0.4900000000000091,2020-06-17 22:25:00,5.0,True,touch_q25
587,T2/S03,2020-07-01 01:12:00,2,0.5099999999999909,2020-07-01 01:10:00,2.0,True,touch_q25
588,T2/S03,2020-07-07 22:31:00,1,0.4900000000000091,2020-07-07 22:30:00,1.0,True,touch_q25
589,T2/S03,2020-07-08 03:09:00,3,0.5266666666668129,2020-07-08 03:08:00,1.0,True,touch_q25
590,T2/S03,2020-07-22 22:52:00,2,0.5099999999999909,2020-07-22 22:50:00,2.0,True,touch_q25
591,T2/S03,2020-08-04 22:01:00,1,0.4900000000000091,2020-08-04 22:00:00,1.0,True,touch_q25
592,T2/S03,2020-08-04 22:27:00,2,0.5099999999999909,2020-08-04 22:25:00,2.0,True,touch_q25
593,T2/S03,2020-08-04 22:32:00,1,0.4900000000000091,2020-08-04 22:31:00,1.0,True,touch_q25
594,T2/S03,2020-08-04 22:47:00,1,0.4900000000000091,2020-08-04 22:46:00,1.0,True,touch_q25
595,T2/S03,2020-08-17 22:03:00,1,0.4900000000000091,2020-08-17 22:02:00,1.0,True,touch_q25
596,T2/S03,2020-08-17 22:27:00,1,0.4900000000000091,2020-08-17 22:25:00,2.0,True,touch_q25
597,T2/S03,2020-08-20 22:46:00,1,0.4900000000000091,2020-08-20 22:45:00,1.0,True,touch_q25
598,T2/S03,2020-08-26 22:09:00,1,0.4900000000000091,2020-08-26 22:06:00,3.0,True,touch_q25
599,T2/S03,2020-08-26 22:20:00,1,0.4900000000000091,2020-08-26 22:19:00,1.0,True,touch_q25
600,T2/S03,2020-08-26 22:44:00,2,0.5099999999999909,2020-08-26 22:42:00,2.0,True,touch_q25
601,T2/S03,2020-08-26 22:47:00,1,0.4900000000000091,2020-08-26 22:46:00,1.0,True,touch_q25
602,T2/S03,2020-09-09 22:19:00,1,0.4900000000000091,2020-09-09 22:15:00,4.0,True,touch_q25
603,T2/S03,2020-10-15 22:31:00,1,0.4900000000000091,2020-10-15 22:29:00,2.0,True,touch_q25
604,T2/S03,2020-10-15 23:09:00,2,0.5099999999999909,2020-10-15 23:01:00,8.0,True,touch_q25
605,T2/S03,2020-11-05 22:02:00,1,0.4900000000000091,2020-11-05 22:00:00,2.0,True,touch_q25
606,T2/S03,2020-11-05 22:16:00,1,0.4900000000000091,2020-11-05 22:15:00,1.0,True,touch_q25
607,T2/S03,2020-11-05 22:41:00,2,0.5099999999999909,2020-11-05 22:40:00,1.0,True,touch_q25
608,T2/S03,2020-11-05 22:46:00,1,0.4900000000000091,2020-11-05 22:45:00,1.0,True,touch_q25
609,T2/S03,2020-12-02 23:03:00,1,0.4900000000000091,2020-12-02 23:02:00,1.0,True,touch_q25
610,T2/S03,2020-12-07 22:28:00,1,0.4900000000000091,2020-12-07 22:27:00,1.0,True,touch_q25
611,T2/S03,2020-12-07 22:37:00,1,0.4900000000000091,2020-12-07 22:36:00,1.0,True,touch_q25
612,T2/S03,2020-12-07 22:58:00,1,0.4900000000000091,2020-12-07 22:57:00,1.0,True,touch_q25
613,T2/S03,2021-01-20 22:08:00,1,0.4900000000000091,2021-01-20 22:05:00,3.0,True,touch_q25
614,T2/S03,2021-01-22 22:03:00,1,0.4900000000000091,2021-01-22 22:02:00,1.0,True,touch_q25
615,T2/S03,2021-01-22 22:18:00,1,0.4900000000000091,2021-01-22 22:17:00,1.0,True,touch_q25
616,T2/S03,2021-01-25 01:05:00,3,0.5266666666668129,2021-01-22 23:54:00,2951.0,True,touch_q25
617,T2/S03,2021-03-12 23:40:00,1,0.4900000000000091,2021-03-12 22:08:00,92.0,True,touch_q25
618,T2/S03,2021-03-19 22:25:00,1,0.4900000000000091,2021-03-19 22:23:00,2.0,True,touch_q25
619,T2/S03,2021-03-19 22:38:00,1,0.4900000000000091,2021-03-19 22:31:00,7.0,True,touch_q25
620,T2/S03,2021-03-22 05:00:00,5,0.3999999999998636,2021-03-19 22:45:00,3255.0,True,touch_q25
621,T2/S03,2021-03-31 22:01:00,1,0.4900000000000091,2021-03-31 22:00:00,1.0,True,touch_q25
622,T2/S03,2021-03-31 22:23:00,1,0.4900000000000091,2021-03-31 22:22:00,1.0,True,touch_q25
623,T2/S03,2021-03-31 22:40:00,1,0.4900000000000091,2021-03-31 22:30:00,10.0,True,touch_q25
624,T2/S03,2021-03-31 23:35:00,2,0.5099999999999909,2021-03-31 23:34:00,1.0,True,touch_q25
625,T2/S03,2021-04-08 23:18:00,1,0.4900000000000091,2021-04-08 22:54:00,24.0,True,touch_q25
626,T2/S03,2021-04-16 07:55:00,2,0.5099999999999909,2021-04-16 03:03:00,292.0,True,touch_q25
627,T2/S03,2021-04-20 23:35:00,2,0.5099999999999909,2021-04-20 23:30:00,5.0,True,touch_q25
628,T2/S03,2021-05-03 22:04:00,1,0.4900000000000091,2021-05-03 22:02:00,2.0,True,touch_q25
629,T2/S03,2021-05-06 22:35:00,1,0.4900000000000091,2021-05-06 22:01:00,34.0,True,touch_q25
630,T2/S03,2021-05-06 23:00:00,1,0.4900000000000091,2021-05-06 22:59:00,1.0,True,touch_q25
631,T2/S03,2021-05-13 22:03:00,1,0.4900000000000091,2021-05-13 22:02:00,1.0,True,touch_q25
632,T2/S03,2021-05-13 22:17:00,1,0.4900000000000091,2021-05-13 22:16:00,1.0,True,touch_q25
633,T2/S03,2021-05-13 23:15:00,1,0.4900000000000091,2021-05-13 22:32:00,43.0,True,touch_q25
634,T2/S03,2021-05-18 01:09:00,2,0.5099999999999909,2021-05-18 01:05:00,4.0,True,touch_q25
635,T2/S03,2021-05-25 23:03:00,1,0.4900000000000091,2021-05-25 22:59:00,4.0,True,touch_q25
636,T2/S03,2021-06-07 22:13:00,1,0.4900000000000091,2021-06-07 22:01:00,12.0,True,touch_q25
637,T2/S03,2021-06-08 03:43:00,2,0.5099999999999909,2021-06-07 23:12:00,271.0,True,touch_q25
638,T2/S03,2021-06-14 22:19:00,1,0.4900000000000091,2021-06-14 22:09:00,10.0,True,touch_q25
639,T2/S03,2021-06-14 23:01:00,1,0.4900000000000091,2021-06-14 22:50:00,11.0,True,touch_q25
640,T2/S03,2021-06-30 22:28:00,1,0.4900000000000091,2021-06-30 22:25:00,3.0,True,touch_q25
641,T2/S03,2021-06-30 22:38:00,1,0.4900000000000091,2021-06-30 22:35:00,3.0,True,touch_q25
642,T2/S03,2021-07-01 08:46:00,4,0.3999999999998636,2021-07-01 04:13:00,273.0,True,touch_q25
643,T2/S03,2021-07-12 04:03:00,5,0.3999999999998636,2021-07-12 04:01:00,2.0,True,touch_q25
644,T2/S03,2021-08-11 22:13:00,1,0.4900000000000091,2021-08-11 22:10:00,3.0,True,touch_q25
645,T2/S03,2021-08-11 22:59:00,1,0.4900000000000091,2021-08-11 22:58:00,1.0,True,touch_q25
646,T2/S03,2021-08-13 22:21:00,1,0.4900000000000091,2021-08-13 22:18:00,3.0,True,touch_q25
647,T2/S03,2021-08-13 22:49:00,1,0.4900000000000091,2021-08-13 22:36:00,13.0,True,touch_q25
648,T2/S03,2021-08-26 22:56:00,1,0.4900000000000091,2021-08-26 22:55:00,1.0,True,touch_q25
649,T2/S03,2021-08-27 22:52:00,1,0.4900000000000091,2021-08-27 22:51:00,1.0,True,touch_q25
650,T2/S03,2021-10-01 04:46:00,5,0.3999999999998636,2021-09-30 22:01:00,405.0,True,touch_q25
651,T2/S03,2021-10-13 22:18:00,1,0.4900000000000091,2021-10-13 22:15:00,3.0,True,touch_q25
652,T2/S03,2021-10-13 22:32:00,1,0.4900000000000091,2021-10-13 22:31:00,1.0,True,touch_q25
653,T2/S03,2021-10-13 23:01:00,1,0.4900000000000091,2021-10-13 22:45:00,16.0,True,touch_q25
654,T2/S03,2021-11-05 22:27:00,1,0.4900000000000091,2021-11-05 22:26:00,1.0,True,touch_q25
655,T2/S03,2021-11-05 22:45:00,1,0.4900000000000091,,,False,touch_q25
656,T2/S03,2021-11-08 01:34:00,1,0.4900000000000091,2021-11-08 01:06:00,28.0,True,touch_q25
657,T2/S03,2021-11-12 22:45:00,1,0.4900000000000091,2021-11-12 22:44:00,1.0,True,touch_q25
658,T2/S03,2021-12-08 02:23:00,2,0.5099999999999909,2021-12-08 02:20:00,3.0,True,touch_q25
659,T2/S03,2021-12-16 22:34:00,1,0.4900000000000091,2021-12-16 22:33:00,1.0,True,touch_q25
660,T2/S03,2021-12-23 03:06:00,1,0.4900000000000091,2021-12-22 22:58:00,248.0,True,touch_q25
661,T2/S03,2021-12-30 02:41:00,2,0.5099999999999909,2021-12-30 02:35:00,6.0,True,touch_q25
662,T2/S03,2021-12-30 22:02:00,1,0.4900000000000091,2021-12-30 22:01:00,1.0,True,touch_q25
663,T2/S03,2021-12-30 22:36:00,1,0.4900000000000091,2021-12-30 22:31:00,5.0,True,touch_q25
664,T2/S03,2021-12-31 02:11:00,1,0.4900000000000091,2021-12-30 22:46:00,205.0,True,touch_q25
665,T2/S03,2022-01-04 22:57:00,1,0.4900000000000091,2022-01-04 22:56:00,1.0,True,touch_q25
666,T2/S03,2022-01-11 22:12:00,1,0.4900000000000091,2022-01-11 22:08:00,4.0,True,touch_q25
667,T2/S03,2022-01-11 22:31:00,1,0.4900000000000091,2022-01-11 22:30:00,1.0,True,touch_q25
668,T2/S03,2022-01-11 22:57:00,2,0.5099999999999909,2022-01-11 22:47:00,10.0,True,touch_q25
669,T2/S03,2022-01-25 06:01:00,1,0.4900000000000091,2022-01-19 22:00:00,7681.0,True,touch_q25
670,T2/S03,2022-01-26 15:24:00,6,0.5599999999999454,2022-01-26 15:23:00,1.0,True,touch_q25
671,T2/S03,2022-02-11 22:03:00,1,0.4900000000000091,2022-02-11 22:00:00,3.0,True,touch_q25
672,T2/S03,2022-02-11 22:16:00,1,0.4900000000000091,2022-02-11 22:15:00,1.0,True,touch_q25
673,T2/S03,2022-02-11 23:15:00,2,0.5099999999999909,2022-02-11 22:50:00,25.0,True,touch_q25
674,T2/S03,2022-02-16 22:35:00,1,0.4900000000000091,2022-02-16 22:32:00,3.0,True,touch_q25
675,T2/S03,2022-03-01 22:37:00,2,0.5099999999999909,2022-03-01 22:00:00,37.0,True,touch_q25
676,T2/S03,2022-03-01 23:03:00,2,0.5099999999999909,2022-03-01 22:45:00,18.0,True,touch_q25
677,T2/S03,2022-03-07 22:35:00,6,0.5599999999999454,2022-03-07 22:34:00,1.0,True,touch_q25
678,T2/S03,2022-03-29 22:02:00,2,0.5099999999999909,2022-03-29 22:01:00,1.0,True,touch_q25
679,T2/S03,2022-03-29 22:26:00,2,0.5099999999999909,2022-03-29 22:25:00,1.0,True,touch_q25
680,T2/S03,2022-03-29 22:45:00,2,0.5099999999999909,2022-03-29 22:43:00,2.0,True,touch_q25
681,T2/S03,2022-05-16 22:05:00,2,0.5099999999999909,2022-05-16 22:00:00,5.0,True,touch_q25
682,T2/S03,2022-05-16 22:26:00,2,0.5099999999999909,2022-05-16 22:22:00,4.0,True,touch_q25
683,T2/S03,2022-05-16 22:47:00,4,0.3999999999998636,2022-05-16 22:46:00,1.0,True,touch_q25
684,T2/S03,2022-06-03 03:32:00,2,0.5099999999999909,2022-06-02 22:03:00,329.0,True,touch_q25
685,T2/S03,2022-06-07 22:29:00,2,0.5099999999999909,2022-06-07 22:27:00,2.0,True,touch_q25
686,T2/S03,2022-06-07 22:55:00,2,0.5099999999999909,2022-06-07 22:54:00,1.0,True,touch_q25
687,T2/S03,2022-06-10 22:08:00,2,0.5099999999999909,2022-06-10 22:00:00,8.0,True,touch_q25
688,T2/S03,2022-06-13 01:05:00,4,0.3999999999998636,2022-06-13 01:05:00,0.0,True,touch_q25
689,T2/S03,2022-06-16 22:02:00,2,0.5099999999999909,2022-06-16 22:01:00,1.0,True,touch_q25
690,T2/S03,2022-06-16 22:38:00,2,0.5099999999999909,,,False,touch_q25
691,T2/S03,2022-06-16 22:48:00,2,0.5099999999999909,2022-06-16 22:47:00,1.0,True,touch_q25
692,T2/S03,2022-07-01 23:19:00,6,0.5599999999999454,2022-07-01 23:19:00,0.0,True,touch_q25
693,T2/S03,2022-08-05 03:21:00,2,0.5099999999999909,2022-08-04 22:49:00,272.0,True,touch_q25
694,T2/S03,2022-08-23 22:12:00,3,0.5266666666668129,2022-08-23 22:08:00,4.0,True,touch_q25
695,T2/S03,2022-08-23 22:19:00,3,0.5266666666668129,2022-08-23 22:18:00,1.0,True,touch_q25
696,T2/S03,2022-08-23 22:36:00,3,0.5266666666668129,2022-08-23 22:35:00,1.0,True,touch_q25
697,T2/S03,2022-08-23 22:56:00,3,0.5266666666668129,2022-08-23 22:55:00,1.0,True,touch_q25
698,T2/S03,2022-09-07 22:05:00,3,0.5266666666668129,2022-09-07 22:04:00,1.0,True,touch_q25
699,T2/S03,2022-09-07 22:58:00,3,0.5266666666668129,2022-09-07 22:54:00,4.0,True,touch_q25
700,T2/S03,2022-09-16 23:30:00,3,0.5266666666668129,2022-09-16 22:33:00,57.0,True,touch_q25
701,T2/S03,2022-09-29 04:31:00,18,,,,False,touch_q25
702,T2/S03,2022-10-03 22:27:00,9,,,,False,touch_q25
703,T2/S03,2022-10-03 22:31:00,3,0.5266666666668129,2022-10-03 22:30:00,1.0,True,touch_q25
704,T2/S03,2022-10-03 22:47:00,3,0.5266666666668129,2022-10-03 22:46:00,1.0,True,touch_q25
705,T2/S03,2022-10-21 22:11:00,3,0.5266666666668129,2022-10-21 22:03:00,8.0,True,touch_q25
706,T2/S03,2022-10-21 22:18:00,3,0.5266666666668129,2022-10-21 22:17:00,1.0,True,touch_q25
707,T2/S03,2022-10-21 23:42:00,3,0.5266666666668129,2022-10-21 23:39:00,3.0,True,touch_q25
708,T2/S03,2022-11-04 02:04:00,6,0.5599999999999454,2022-11-04 02:03:00,1.0,True,touch_q25
709,T2/S03,2022-11-04 22:20:00,3,0.5266666666668129,2022-11-04 22:19:00,1.0,True,touch_q25
710,T2/S03,2022-11-07 11:03:00,14,,,,False,touch_q25
711,T2/S03,2022-11-08 22:02:00,3,0.5266666666668129,2022-11-08 22:01:00,1.0,True,touch_q25
712,T2/S03,2022-11-08 22:32:00,3,0.5266666666668129,2022-11-08 22:17:00,15.0,True,touch_q25
713,T2/S03,2022-11-08 22:47:00,3,0.5266666666668129,2022-11-08 22:46:00,1.0,True,touch_q25
714,T2/S03,2022-11-10 22:59:00,3,0.5266666666668129,2022-11-10 22:58:00,1.0,True,touch_q25
715,T2/S03,2022-11-14 22:01:00,3,0.5266666666668129,2022-11-14 22:00:00,1.0,True,touch_q25
716,T2/S03,2022-11-14 22:21:00,3,0.5266666666668129,2022-11-14 22:19:00,2.0,True,touch_q25
717,T2/S03,2022-11-14 22:53:00,3,0.5266666666668129,2022-11-14 22:52:00,1.0,True,touch_q25
718,T2/S03,2022-11-24 01:51:00,6,0.5599999999999454,2022-11-23 22:15:00,216.0,True,touch_q25
719,T2/S03,2022-12-05 01:32:00,9,,,,False,touch_q25
720,T2/S03,2022-12-19 02:38:00,3,0.5266666666668129,2022-12-16 22:16:00,3142.0,True,touch_q25
721,T2/S03,2022-12-20 22:52:00,6,0.5599999999999454,2022-12-20 22:51:00,1.0,True,touch_q25
722,T2/S03,2023-01-09 01:19:00,6,0.5599999999999454,2023-01-09 01:17:00,2.0,True,touch_q25
723,T2/S03,2023-01-13 22:55:00,3,0.5266666666668129,2023-01-13 22:45:00,10.0,True,touch_q25
724,T2/S03,2023-01-19 22:03:00,3,0.5266666666668129,2023-01-19 22:02:00,1.0,True,touch_q25
725,T2/S03,2023-01-20 03:28:00,7,,,,False,touch_q25
726,T2/S03,2023-01-25 22:03:00,4,0.3999999999998636,2023-01-25 22:01:00,2.0,True,touch_q25
727,T2/S03,2023-01-25 23:00:00,4,0.3999999999998636,2023-01-25 22:33:00,27.0,True,touch_q25
728,T2/S03,2023-02-01 03:02:00,8,0.349999999999909,2023-01-31 23:00:00,242.0,True,touch_q25
729,T2/S03,2023-02-17 22:09:00,4,0.3999999999998636,2023-02-17 22:07:00,2.0,True,touch_q25
730,T2/S03,2023-02-17 22:23:00,4,0.3999999999998636,2023-02-17 22:15:00,8.0,True,touch_q25
731,T2/S03,2023-02-17 23:10:00,4,0.3999999999998636,2023-02-17 22:36:00,34.0,True,touch_q25
732,T2/S03,2023-02-20 03:25:00,12,,,,False,touch_q25
733,T2/S03,2023-03-01 03:48:00,16,,,,False,touch_q25
734,T2/S03,2023-03-22 22:03:00,8,0.349999999999909,2023-03-22 22:00:00,3.0,True,touch_q25
735,T2/S03,2023-03-23 01:49:00,12,,,,False,touch_q25
736,T2/S03,2023-03-29 12:33:00,40,,2023-03-28 22:46:00,827.0,True,touch_q25
737,T2/S03,2023-03-30 22:23:00,4,0.3999999999998636,2023-03-30 22:17:00,6.0,True,touch_q25
738,T2/S03,2023-03-30 22:42:00,4,0.3999999999998636,2023-03-30 22:31:00,11.0,True,touch_q25
739,T2/S03,2023-03-31 04:18:00,11,,,,False,touch_q25
740,T2/S03,2023-04-04 22:47:00,16,,2023-04-04 22:00:00,47.0,True,touch_q25
741,T2/S03,2023-04-20 03:26:00,10,,2023-04-19 22:01:00,325.0,True,touch_q25
742,T2/S03,2023-05-02 22:01:00,5,0.3999999999998636,2023-05-02 22:00:00,1.0,True,touch_q25
743,T2/S03,2023-05-02 22:21:00,5,0.3999999999998636,2023-05-02 22:18:00,3.0,True,touch_q25
744,T2/S03,2023-05-02 22:36:00,5,0.3999999999998636,2023-05-02 22:30:00,6.0,True,touch_q25
745,T2/S03,2023-05-02 22:47:00,5,0.3999999999998636,2023-05-02 22:46:00,1.0,True,touch_q25
746,T2/S03,2023-05-19 23:21:00,10,,,,False,touch_q25
747,T2/S03,2023-05-24 01:05:00,10,,,,False,touch_q25
748,T2/S03,2023-06-05 22:05:00,5,0.3999999999998636,2023-06-05 22:01:00,4.0,True,touch_q25
749,T2/S03,2023-06-05 22:22:00,5,0.3999999999998636,2023-06-05 22:21:00,1.0,True,touch_q25
750,T2/S03,2023-06-06 05:13:00,15,,,,False,touch_q25
751,T2/S03,2023-06-15 22:04:00,5,0.3999999999998636,2023-06-15 22:03:00,1.0,True,touch_q25
752,T2/S03,2023-06-15 22:31:00,5,0.3999999999998636,2023-06-15 22:30:00,1.0,True,touch_q25
753,T2/S03,2023-06-15 22:58:00,5,0.3999999999998636,2023-06-15 22:51:00,7.0,True,touch_q25
754,T2/S03,2023-07-10 22:32:00,5,0.3999999999998636,2023-07-10 22:30:00,2.0,True,touch_q25
755,T2/S03,2023-07-10 22:52:00,5,0.3999999999998636,2023-07-10 22:46:00,6.0,True,touch_q25
756,T2/S03,2023-07-13 04:09:00,10,,2023-07-12 22:46:00,323.0,True,touch_q25
757,T2/S03,2023-08-24 03:19:00,17,,,,False,touch_q25
758,T2/S03,2023-08-29 22:15:00,6,0.5599999999999454,2023-08-29 22:14:00,1.0,True,touch_q25
759,T2/S03,2023-08-30 12:26:00,12,,,,False,touch_q25
760,T2/S03,2023-09-13 01:09:00,6,0.5599999999999454,2023-09-13 01:09:00,0.0,True,touch_q25
761,T2/S03,2023-10-09 22:18:00,6,0.5599999999999454,2023-10-09 22:17:00,1.0,True,touch_q25
762,T2/S03,2023-10-09 22:38:00,11,,,,False,touch_q25
763,T2/S03,2023-10-10 03:02:00,12,,,,False,touch_q25
764,T2/S03,2023-10-13 23:48:00,6,0.5599999999999454,2023-10-13 23:47:00,1.0,True,touch_q25
765,T2/S03,2023-10-19 22:21:00,7,,,,False,touch_q25
766,T2/S03,2023-10-20 02:32:00,7,,,,False,touch_q25
767,T2/S03,2023-10-30 02:45:00,28,,,,False,touch_q25
768,T2/S03,2023-11-14 02:02:00,8,0.349999999999909,2023-11-13 22:59:00,183.0,True,touch_q25
769,T2/S03,2023-11-17 02:54:00,16,,2023-11-16 22:02:00,292.0,True,touch_q25
770,T2/S03,2023-11-29 01:15:00,16,,,,False,touch_q25
771,T2/S03,2023-12-01 22:04:00,8,0.349999999999909,2023-12-01 22:01:00,3.0,True,touch_q25
772,T2/S03,2023-12-01 22:32:00,8,0.349999999999909,2023-12-01 22:31:00,1.0,True,touch_q25
773,T2/S03,2023-12-01 23:03:00,8,0.349999999999909,2023-12-01 22:48:00,15.0,True,touch_q25
774,T2/S03,2023-12-13 22:02:00,8,0.349999999999909,2023-12-13 22:00:00,2.0,True,touch_q25
775,T2/S03,2023-12-13 22:17:00,16,,,,False,touch_q25
776,T2/S03,2023-12-13 22:36:00,8,0.349999999999909,2023-12-13 22:30:00,6.0,True,touch_q25
777,T2/S03,2023-12-13 23:00:00,8,0.349999999999909,2023-12-13 22:55:00,5.0,True,touch_q25
778,T2/S04,2018-02-08 19:56:00,1,0.4300000000000636,2018-02-08 19:50:00,6.0,True,touch_q25
779,T2/S04,2018-02-22 19:23:00,1,0.4300000000000636,2018-02-22 19:03:00,20.0,True,touch_q25
780,T2/S04,2018-02-22 20:34:00,1,0.4300000000000636,2018-02-22 19:31:00,63.0,True,touch_q25
781,T2/S04,2018-03-07 01:03:00,3,0.4700000000000273,2018-03-07 01:01:00,2.0,True,touch_q25
782,T2/S04,2018-03-19 19:03:00,1,0.4300000000000636,2018-03-19 19:02:00,1.0,True,touch_q25
783,T2/S04,2018-03-19 20:49:00,1,0.4300000000000636,2018-03-19 19:26:00,83.0,True,touch_q25
784,T2/S04,2018-03-27 06:23:00,1,0.4300000000000636,2018-03-27 06:17:00,6.0,True,touch_q25
785,T2/S04,2018-04-02 19:03:00,1,0.4300000000000636,2018-04-02 19:02:00,1.0,True,touch_q25
786,T2/S04,2018-04-02 19:17:00,1,0.4300000000000636,2018-04-02 19:16:00,1.0,True,touch_q25
787,T2/S04,2018-04-02 20:09:00,1,0.4300000000000636,2018-04-02 20:08:00,1.0,True,touch_q25
788,T2/S04,2018-04-06 19:21:00,1,0.4300000000000636,2018-04-06 19:11:00,10.0,True,touch_q25
789,T2/S04,2018-04-06 20:27:00,1,0.4300000000000636,2018-04-06 20:24:00,3.0,True,touch_q25
790,T2/S04,2018-04-09 19:36:00,1,0.4300000000000636,2018-04-09 19:35:00,1.0,True,touch_q25
791,T2/S04,2018-04-09 21:38:00,1,0.4300000000000636,2018-04-09 20:14:00,84.0,True,touch_q25
792,T2/S04,2018-04-11 19:03:00,1,0.4300000000000636,2018-04-11 19:01:00,2.0,True,touch_q25
793,T2/S04,2018-04-11 19:48:00,4,0.5900000000003729,2018-04-11 19:40:00,8.0,True,touch_q25
794,T2/S04,2018-05-09 20:17:00,2,0.4875000000000682,2018-05-09 20:15:00,2.0,True,touch_q25
795,T2/S04,2018-05-24 19:43:00,1,0.4300000000000636,2018-05-24 19:41:00,2.0,True,touch_q25
796,T2/S04,2018-05-24 22:24:00,1,0.4300000000000636,2018-05-24 20:58:00,86.0,True,touch_q25
797,T2/S04,2018-05-31 02:44:00,1,0.4300000000000636,2018-05-31 01:43:00,61.0,True,touch_q25
798,T2/S04,2018-06-06 08:51:00,2,0.4875000000000682,2018-06-05 20:50:00,721.0,True,touch_q25
799,T2/S04,2018-06-12 16:57:00,5,0.2749999999998636,2018-06-12 16:56:00,1.0,True,touch_q25
800,T2/S04,2018-06-13 19:22:00,1,0.4300000000000636,2018-06-13 19:16:00,6.0,True,touch_q25
801,T2/S04,2018-06-13 21:56:00,3,0.4700000000000273,2018-06-13 21:55:00,1.0,True,touch_q25
802,T2/S04,2018-06-21 20:42:00,1,0.4300000000000636,2018-06-21 20:09:00,33.0,True,touch_q25
803,T2/S04,2018-07-04 03:11:00,3,0.4700000000000273,2018-07-04 03:10:00,1.0,True,touch_q25
804,T2/S04,2018-07-05 23:54:00,2,0.4875000000000682,2018-07-05 20:30:00,204.0,True,touch_q25
805,T2/S04,2018-07-20 19:30:00,1,0.4300000000000636,2018-07-20 19:28:00,2.0,True,touch_q25
806,T2/S04,2018-07-20 20:16:00,1,0.4300000000000636,2018-07-20 20:15:00,1.0,True,touch_q25
807,T2/S04,2018-07-30 14:54:00,5,0.2749999999998636,2018-07-27 19:50:00,4024.0,True,touch_q25
808,T2/S04,2018-08-06 04:35:00,3,0.4700000000000273,2018-08-06 04:33:00,2.0,True,touch_q25
809,T2/S04,2018-08-24 20:12:00,3,0.4700000000000273,2018-08-24 20:09:00,3.0,True,touch_q25
810,T2/S04,2018-08-27 23:25:00,2,0.4875000000000682,2018-08-27 23:01:00,24.0,True,touch_q25
811,T2/S04,2018-09-12 20:03:00,1,0.4300000000000636,2018-09-12 19:32:00,31.0,True,touch_q25
812,T2/S04,2018-09-18 14:05:00,5,0.2749999999998636,2018-09-18 14:00:00,5.0,True,touch_q25
813,T2/S04,2018-09-28 19:19:00,1,0.4300000000000636,2018-09-28 19:14:00,5.0,True,touch_q25
814,T2/S04,2018-09-28 20:43:00,1,0.4300000000000636,2018-09-28 20:42:00,1.0,True,touch_q25
815,T2/S04,2018-10-02 19:27:00,1,0.4300000000000636,2018-10-02 19:25:00,2.0,True,touch_q25
816,T2/S04,2018-10-03 01:34:00,3,0.4700000000000273,2018-10-02 19:36:00,358.0,True,touch_q25
817,T2/S04,2018-10-11 19:07:00,1,0.4300000000000636,2018-10-11 19:03:00,4.0,True,touch_q25
818,T2/S04,2018-10-11 20:02:00,2,0.4875000000000682,2018-10-11 19:58:00,4.0,True,touch_q25
819,T2/S04,2018-11-01 19:10:00,1,0.4300000000000636,2018-11-01 19:09:00,1.0,True,touch_q25
820,T2/S04,2018-11-01 19:22:00,1,0.4300000000000636,2018-11-01 19:21:00,1.0,True,touch_q25
821,T2/S04,2018-11-02 10:03:00,4,0.5900000000003729,2018-11-01 19:34:00,869.0,True,touch_q25
822,T2/S04,2018-11-28 19:50:00,1,0.4300000000000636,2018-11-28 19:49:00,1.0,True,touch_q25
823,T2/S04,2018-12-07 19:41:00,2,0.4875000000000682,2018-12-07 19:39:00,2.0,True,touch_q25
824,T2/S04,2018-12-07 19:48:00,1,0.4300000000000636,2018-12-07 19:46:00,2.0,True,touch_q25
825,T2/S04,2018-12-17 19:11:00,1,0.4300000000000636,2018-12-17 19:11:00,0.0,True,touch_q25
826,T2/S04,2018-12-17 19:24:00,1,0.4300000000000636,2018-12-17 19:21:00,3.0,True,touch_q25
827,T2/S04,2018-12-17 19:35:00,1,0.4300000000000636,2018-12-17 19:34:00,1.0,True,touch_q25
828,T2/S04,2018-12-17 19:57:00,1,0.4300000000000636,2018-12-17 19:51:00,6.0,True,touch_q25
829,T2/S04,2019-01-09 19:50:00,1,0.4300000000000636,2019-01-09 19:42:00,8.0,True,touch_q25
830,T2/S04,2019-01-17 03:18:00,2,0.4875000000000682,2019-01-17 03:01:00,17.0,True,touch_q25
831,T2/S04,2019-01-25 19:23:00,2,0.4875000000000682,2019-01-25 19:18:00,5.0,True,touch_q25
832,T2/S04,2019-01-25 20:24:00,1,0.4300000000000636,2019-01-25 20:19:00,5.0,True,touch_q25
833,T2/S04,2019-02-19 19:10:00,1,0.4300000000000636,2019-02-19 19:07:00,3.0,True,touch_q25
834,T2/S04,2019-02-19 19:26:00,1,0.4300000000000636,2019-02-19 19:18:00,8.0,True,touch_q25
835,T2/S04,2019-02-19 19:32:00,1,0.4300000000000636,2019-02-19 19:30:00,2.0,True,touch_q25
836,T2/S04,2019-02-19 20:02:00,1,0.4300000000000636,2019-02-19 20:00:00,2.0,True,touch_q25
837,T2/S04,2019-02-22 19:01:00,1,0.4300000000000636,2019-02-22 19:00:00,1.0,True,touch_q25
838,T2/S04,2019-02-22 19:49:00,1,0.4300000000000636,2019-02-22 19:48:00,1.0,True,touch_q25
839,T2/S04,2019-05-13 19:08:00,1,0.4300000000000636,2019-05-13 19:05:00,3.0,True,touch_q25
840,T2/S04,2019-05-13 19:51:00,1,0.4300000000000636,2019-05-13 19:19:00,32.0,True,touch_q25
841,T2/S04,2019-05-24 19:39:00,4,0.5900000000003729,2019-05-24 19:38:00,1.0,True,touch_q25
842,T2/S04,2019-05-30 20:36:00,1,0.4300000000000636,2019-05-30 20:29:00,7.0,True,touch_q25
843,T2/S04,2019-06-12 04:31:00,1,0.4300000000000636,2019-06-11 19:58:00,513.0,True,touch_q25
844,T2/S04,2019-06-19 21:01:00,1,0.4300000000000636,2019-06-19 21:00:00,1.0,True,touch_q25
845,T2/S04,2019-06-20 19:45:00,1,0.4300000000000636,2019-06-20 19:35:00,10.0,True,touch_q25
846,T2/S04,2019-07-02 19:03:00,1,0.4300000000000636,2019-07-02 19:00:00,3.0,True,touch_q25
847,T2/S04,2019-07-02 19:16:00,1,0.4300000000000636,2019-07-02 19:15:00,1.0,True,touch_q25
848,T2/S04,2019-07-02 19:42:00,2,0.4875000000000682,2019-07-02 19:41:00,1.0,True,touch_q25
849,T2/S04,2019-07-02 19:47:00,1,0.4300000000000636,2019-07-02 19:46:00,1.0,True,touch_q25
850,T2/S04,2019-07-10 19:55:00,1,0.4300000000000636,2019-07-10 19:54:00,1.0,True,touch_q25
851,T2/S04,2019-07-17 21:00:00,2,0.4875000000000682,2019-07-17 19:01:00,119.0,True,touch_q25
852,T2/S04,2019-08-06 19:48:00,1,0.4300000000000636,2019-08-06 19:46:00,2.0,True,touch_q25
853,T2/S04,2019-08-07 19:05:00,2,0.4875000000000682,2019-08-07 19:04:00,1.0,True,touch_q25
854,T2/S04,2019-08-07 19:16:00,1,0.4300000000000636,2019-08-07 19:15:00,1.0,True,touch_q25
855,T2/S04,2019-08-07 19:36:00,1,0.4300000000000636,2019-08-07 19:32:00,4.0,True,touch_q25
856,T2/S04,2019-08-07 20:26:00,3,0.4700000000000273,2019-08-07 20:25:00,1.0,True,touch_q25
857,T2/S04,2019-08-23 19:53:00,3,0.4700000000000273,2019-08-23 19:00:00,53.0,True,touch_q25
858,T2/S04,2019-08-27 19:05:00,1,0.4300000000000636,2019-08-27 19:03:00,2.0,True,touch_q25
859,T2/S04,2019-08-27 19:22:00,1,0.4300000000000636,2019-08-27 19:16:00,6.0,True,touch_q25
860,T2/S04,2019-08-27 19:35:00,1,0.4300000000000636,2019-08-27 19:33:00,2.0,True,touch_q25
861,T2/S04,2019-08-27 21:16:00,2,0.4875000000000682,2019-08-27 20:16:00,60.0,True,touch_q25
862,T2/S04,2019-09-03 20:04:00,3,0.4700000000000273,2019-09-03 20:03:00,1.0,True,touch_q25
863,T2/S04,2019-09-18 19:02:00,1,0.4300000000000636,2019-09-18 19:01:00,1.0,True,touch_q25
864,T2/S04,2019-09-18 19:37:00,1,0.4300000000000636,2019-09-18 19:27:00,10.0,True,touch_q25
865,T2/S04,2019-09-18 20:57:00,2,0.4875000000000682,2019-09-18 20:56:00,1.0,True,touch_q25
866,T2/S04,2019-10-01 19:14:00,2,0.4875000000000682,2019-10-01 19:00:00,14.0,True,touch_q25
867,T2/S04,2019-10-01 19:16:00,1,0.4300000000000636,2019-10-01 19:15:00,1.0,True,touch_q25
868,T2/S04,2019-10-02 10:23:00,6,0.5475000000000136,2019-10-02 02:52:00,451.0,True,touch_q25
869,T2/S04,2019-10-02 19:02:00,1,0.4300000000000636,2019-10-02 19:00:00,2.0,True,touch_q25
870,T2/S04,2019-10-02 19:56:00,2,0.4875000000000682,2019-10-02 19:23:00,33.0,True,touch_q25
871,T2/S04,2019-10-24 19:06:00,1,0.4300000000000636,2019-10-24 19:05:00,1.0,True,touch_q25
872,T2/S04,2019-10-24 19:17:00,1,0.4300000000000636,2019-10-24 19:16:00,1.0,True,touch_q25
873,T2/S04,2019-10-24 20:43:00,1,0.4300000000000636,2019-10-24 20:18:00,25.0,True,touch_q25
874,T2/S04,2019-11-18 19:06:00,1,0.4300000000000636,2019-11-18 19:04:00,2.0,True,touch_q25
875,T2/S04,2019-11-18 19:23:00,1,0.4300000000000636,2019-11-18 19:22:00,1.0,True,touch_q25
876,T2/S04,2019-11-19 02:11:00,1,0.4300000000000636,2019-11-19 02:10:00,1.0,True,touch_q25
877,T2/S04,2019-12-02 15:36:00,8,,,,False,touch_q25
878,T2/S04,2019-12-02 20:41:00,1,0.4300000000000636,2019-12-02 19:28:00,73.0,True,touch_q25
879,T2/S04,2019-12-04 05:01:00,1,0.4300000000000636,2019-12-03 19:02:00,599.0,True,touch_q25
880,T2/S04,2019-12-11 21:11:00,2,0.4875000000000682,2019-12-11 19:14:00,117.0,True,touch_q25
881,T2/S04,2019-12-24 19:17:00,1,0.4300000000000636,2019-12-24 19:15:00,2.0,True,touch_q25
882,T2/S04,2019-12-26 06:00:00,1,0.4300000000000636,2019-12-26 06:00:00,0.0,True,touch_q25
883,T2/S04,2020-01-10 19:01:00,1,0.4300000000000636,2020-01-10 19:00:00,1.0,True,touch_q25
884,T2/S04,2020-01-10 22:21:00,1,0.4300000000000636,2020-01-10 22:15:00,6.0,True,touch_q25
885,T2/S04,2020-01-23 19:20:00,1,0.4300000000000636,2020-01-23 19:19:00,1.0,True,touch_q25
886,T2/S04,2020-01-23 19:35:00,1,0.4300000000000636,2020-01-23 19:32:00,3.0,True,touch_q25
887,T2/S04,2020-01-24 16:46:00,7,,2020-01-23 20:18:00,1228.0,True,touch_q25
888,T2/S04,2020-01-24 19:03:00,1,0.4300000000000636,2020-01-24 19:00:00,3.0,True,touch_q25
889,T2/S04,2020-01-24 19:17:00,1,0.4300000000000636,2020-01-24 19:15:00,2.0,True,touch_q25
890,T2/S04,2020-01-24 20:21:00,2,0.4875000000000682,2020-01-24 20:18:00,3.0,True,touch_q25
891,T2/S04,2020-02-18 22:50:00,3,0.4700000000000273,2020-02-18 22:47:00,3.0,True,touch_q25
892,T2/S04,2020-02-21 19:48:00,1,0.4300000000000636,2020-02-21 19:46:00,2.0,True,touch_q25
893,T2/S04,2020-03-03 19:03:00,1,0.4300000000000636,2020-03-03 19:02:00,1.0,True,touch_q25
894,T2/S04,2020-03-03 19:16:00,1,0.4300000000000636,2020-03-03 19:15:00,1.0,True,touch_q25
895,T2/S04,2020-03-03 19:35:00,1,0.4300000000000636,2020-03-03 19:32:00,3.0,True,touch_q25
896,T2/S04,2020-03-03 19:52:00,2,0.4875000000000682,2020-03-03 19:51:00,1.0,True,touch_q25
897,T2/S04,2020-03-05 19:03:00,1,0.4300000000000636,2020-03-05 19:02:00,1.0,True,touch_q25
898,T2/S04,2020-03-05 19:22:00,1,0.4300000000000636,2020-03-05 19:21:00,1.0,True,touch_q25
899,T2/S04,2020-03-05 19:38:00,1,0.4300000000000636,2020-03-05 19:37:00,1.0,True,touch_q25
900,T2/S04,2020-03-05 19:49:00,1,0.4300000000000636,2020-03-05 19:45:00,4.0,True,touch_q25
901,T2/S04,2020-03-17 19:01:00,1,0.4300000000000636,2020-03-17 19:00:00,1.0,True,touch_q25
902,T2/S04,2020-03-17 19:16:00,1,0.4300000000000636,2020-03-17 19:15:00,1.0,True,touch_q25
903,T2/S04,2020-03-17 19:33:00,2,0.4875000000000682,2020-03-17 19:32:00,1.0,True,touch_q25
904,T2/S04,2020-03-17 19:47:00,1,0.4300000000000636,2020-03-17 19:46:00,1.0,True,touch_q25
905,T2/S04,2020-03-23 19:01:00,1,0.4300000000000636,2020-03-23 19:00:00,1.0,True,touch_q25
906,T2/S04,2020-03-23 19:18:00,1,0.4300000000000636,2020-03-23 19:15:00,3.0,True,touch_q25
907,T2/S04,2020-03-23 19:43:00,2,0.4875000000000682,2020-03-23 19:42:00,1.0,True,touch_q25
908,T2/S04,2020-03-23 19:47:00,1,0.4300000000000636,2020-03-23 19:45:00,2.0,True,touch_q25
909,T2/S04,2020-03-26 19:24:00,1,0.4300000000000636,2020-03-26 19:18:00,6.0,True,touch_q25
910,T2/S04,2020-03-26 19:36:00,1,0.4300000000000636,2020-03-26 19:35:00,1.0,True,touch_q25
911,T2/S04,2020-03-26 21:48:00,7,,2020-03-26 19:53:00,115.0,True,touch_q25
912,T2/S04,2020-04-02 19:03:00,1,0.4300000000000636,2020-04-02 19:00:00,3.0,True,touch_q25
913,T2/S04,2020-04-02 19:16:00,1,0.4300000000000636,2020-04-02 19:15:00,1.0,True,touch_q25
914,T2/S04,2020-04-02 19:37:00,1,0.4300000000000636,2020-04-02 19:33:00,4.0,True,touch_q25
915,T2/S04,2020-04-02 19:59:00,1,0.4300000000000636,2020-04-02 19:53:00,6.0,True,touch_q25
916,T2/S04,2020-04-06 19:03:00,1,0.4300000000000636,2020-04-06 19:00:00,3.0,True,touch_q25
917,T2/S04,2020-04-06 19:25:00,1,0.4300000000000636,2020-04-06 19:20:00,5.0,True,touch_q25
918,T2/S04,2020-04-06 19:35:00,2,0.4875000000000682,2020-04-06 19:34:00,1.0,True,touch_q25
919,T2/S04,2020-04-06 19:54:00,1,0.4300000000000636,2020-04-06 19:49:00,5.0,True,touch_q25
920,T2/S04,2020-04-09 19:49:00,1,0.4300000000000636,2020-04-09 19:45:00,4.0,True,touch_q25
921,T2/S04,2020-04-13 19:04:00,2,0.4875000000000682,2020-04-13 19:03:00,1.0,True,touch_q25
922,T2/S04,2020-04-13 19:23:00,2,0.4875000000000682,2020-04-13 19:15:00,8.0,True,touch_q25
923,T2/S04,2020-04-13 19:32:00,1,0.4300000000000636,2020-04-13 19:31:00,1.0,True,touch_q25
924,T2/S04,2020-04-13 19:48:00,1,0.4300000000000636,2020-04-13 19:47:00,1.0,True,touch_q25
925,T2/S04,2020-04-22 19:31:00,1,0.4300000000000636,2020-04-22 19:30:00,1.0,True,touch_q25
926,T2/S04,2020-04-22 20:02:00,2,0.4875000000000682,2020-04-22 19:45:00,17.0,True,touch_q25
927,T2/S04,2020-05-01 19:08:00,1,0.4300000000000636,2020-05-01 19:00:00,8.0,True,touch_q25
928,T2/S04,2020-05-07 19:10:00,1,0.4300000000000636,2020-05-07 19:00:00,10.0,True,touch_q25
929,T2/S04,2020-05-07 19:24:00,1,0.4300000000000636,2020-05-07 19:18:00,6.0,True,touch_q25
930,T2/S04,2020-05-07 19:31:00,1,0.4300000000000636,2020-05-07 19:30:00,1.0,True,touch_q25
931,T2/S04,2020-05-07 19:47:00,1,0.4300000000000636,2020-05-07 19:45:00,2.0,True,touch_q25
932,T2/S04,2020-05-14 19:01:00,1,0.4300000000000636,2020-05-14 19:00:00,1.0,True,touch_q25
933,T2/S04,2020-05-14 19:20:00,1,0.4300000000000636,2020-05-14 19:19:00,1.0,True,touch_q25
934,T2/S04,2020-05-14 21:49:00,4,0.5900000000003729,2020-05-14 21:48:00,1.0,True,touch_q25
935,T2/S04,2020-06-19 19:34:00,2,0.4875000000000682,2020-06-19 19:32:00,2.0,True,touch_q25
936,T2/S04,2020-06-19 19:54:00,1,0.4300000000000636,2020-06-19 19:49:00,5.0,True,touch_q25
937,T2/S04,2020-06-23 19:07:00,1,0.4300000000000636,2020-06-23 19:05:00,2.0,True,touch_q25
938,T2/S04,2020-06-23 19:16:00,1,0.4300000000000636,2020-06-23 19:15:00,1.0,True,touch_q25
939,T2/S04,2020-06-23 21:55:00,2,0.4875000000000682,2020-06-23 21:53:00,2.0,True,touch_q25
940,T2/S04,2020-07-07 19:02:00,1,0.4300000000000636,2020-07-07 19:00:00,2.0,True,touch_q25
941,T2/S04,2020-07-07 19:29:00,2,0.4875000000000682,2020-07-07 19:28:00,1.0,True,touch_q25
942,T2/S04,2020-07-07 20:17:00,1,0.4300000000000636,2020-07-07 20:16:00,1.0,True,touch_q25
943,T2/S04,2020-07-08 20:13:00,2,0.4875000000000682,2020-07-08 19:18:00,55.0,True,touch_q25
944,T2/S04,2020-07-21 19:24:00,1,0.4300000000000636,2020-07-21 19:05:00,19.0,True,touch_q25
945,T2/S04,2020-07-21 19:32:00,1,0.4300000000000636,2020-07-21 19:30:00,2.0,True,touch_q25
946,T2/S04,2020-07-21 19:57:00,1,0.4300000000000636,2020-07-21 19:55:00,2.0,True,touch_q25
947,T2/S04,2020-07-28 20:41:00,5,0.2749999999998636,2020-07-28 20:40:00,1.0,True,touch_q25
948,T2/S04,2020-08-17 19:15:00,1,0.4300000000000636,2020-08-17 19:09:00,6.0,True,touch_q25
949,T2/S04,2020-08-17 19:31:00,1,0.4300000000000636,2020-08-17 19:30:00,1.0,True,touch_q25
950,T2/S04,2020-08-17 19:54:00,1,0.4300000000000636,2020-08-17 19:48:00,6.0,True,touch_q25
951,T2/S04,2020-09-28 19:21:00,1,0.4300000000000636,2020-09-28 19:15:00,6.0,True,touch_q25
952,T2/S04,2020-09-28 19:37:00,1,0.4300000000000636,2020-09-28 19:35:00,2.0,True,touch_q25
953,T2/S04,2020-10-05 19:03:00,1,0.4300000000000636,2020-10-05 19:00:00,3.0,True,touch_q25
954,T2/S04,2020-10-05 19:23:00,1,0.4300000000000636,2020-10-05 19:22:00,1.0,True,touch_q25
955,T2/S04,2020-10-05 19:34:00,1,0.4300000000000636,2020-10-05 19:31:00,3.0,True,touch_q25
956,T2/S04,2020-10-05 19:49:00,1,0.4300000000000636,2020-10-05 19:48:00,1.0,True,touch_q25
957,T2/S04,2020-11-05 19:10:00,2,0.4875000000000682,2020-11-05 19:09:00,1.0,True,touch_q25
958,T2/S04,2020-11-05 19:17:00,1,0.4300000000000636,2020-11-05 19:16:00,1.0,True,touch_q25
959,T2/S04,2020-11-05 19:31:00,1,0.4300000000000636,2020-11-05 19:30:00,1.0,True,touch_q25
960,T2/S04,2020-11-05 20:04:00,1,0.4300000000000636,2020-11-05 19:58:00,6.0,True,touch_q25
961,T2/S04,2020-11-13 19:09:00,1,0.4300000000000636,2020-11-13 19:07:00,2.0,True,touch_q25
962,T2/S04,2020-11-13 19:18:00,1,0.4300000000000636,2020-11-13 19:17:00,1.0,True,touch_q25
963,T2/S04,2020-12-07 19:06:00,1,0.4300000000000636,2020-12-07 19:04:00,2.0,True,touch_q25
964,T2/S04,2020-12-07 19:51:00,1,0.4300000000000636,2020-12-07 19:49:00,2.0,True,touch_q25
965,T2/S04,2021-02-09 02:55:00,6,0.5475000000000136,2021-02-08 19:00:00,475.0,True,touch_q25
966,T2/S04,2021-02-22 19:09:00,1,0.4300000000000636,2021-02-22 19:00:00,9.0,True,touch_q25
967,T2/S04,2021-02-22 19:17:00,1,0.4300000000000636,2021-02-22 19:15:00,2.0,True,touch_q25
968,T2/S04,2021-02-22 20:06:00,2,0.4875000000000682,2021-02-22 19:34:00,32.0,True,touch_q25
969,T2/S04,2021-03-09 19:40:00,1,0.4300000000000636,2021-03-09 19:40:00,0.0,True,touch_q25
970,T2/S04,2021-03-09 20:03:00,1,0.4300000000000636,2021-03-09 20:02:00,1.0,True,touch_q25
971,T2/S04,2021-03-31 19:07:00,1,0.4300000000000636,2021-03-31 19:00:00,7.0,True,touch_q25
972,T2/S04,2021-03-31 19:18:00,1,0.4300000000000636,2021-03-31 19:16:00,2.0,True,touch_q25
973,T2/S04,2021-03-31 19:31:00,1,0.4300000000000636,2021-03-31 19:30:00,1.0,True,touch_q25
974,T2/S04,2021-03-31 19:55:00,1,0.4300000000000636,2021-03-31 19:51:00,4.0,True,touch_q25
975,T2/S04,2021-04-06 21:25:00,3,0.4700000000000273,2021-04-06 19:24:00,121.0,True,touch_q25
976,T2/S04,2021-04-08 19:09:00,1,0.4300000000000636,2021-04-08 19:08:00,1.0,True,touch_q25
977,T2/S04,2021-04-08 19:16:00,1,0.4300000000000636,2021-04-08 19:15:00,1.0,True,touch_q25
978,T2/S04,2021-04-08 23:18:00,1,0.4300000000000636,2021-04-08 20:29:00,169.0,True,touch_q25
979,T2/S04,2021-04-13 19:14:00,1,0.4300000000000636,2021-04-13 19:01:00,13.0,True,touch_q25
980,T2/S04,2021-04-15 19:01:00,1,0.4300000000000636,2021-04-15 19:00:00,1.0,True,touch_q25
981,T2/S04,2021-04-15 19:17:00,1,0.4300000000000636,2021-04-15 19:16:00,1.0,True,touch_q25
982,T2/S04,2021-04-16 07:55:00,4,0.5900000000003729,2021-04-15 21:07:00,648.0,True,touch_q25
983,T2/S04,2021-04-21 19:33:00,1,0.4300000000000636,2021-04-21 19:32:00,1.0,True,touch_q25
984,T2/S04,2021-04-21 19:51:00,1,0.4300000000000636,2021-04-21 19:48:00,3.0,True,touch_q25
985,T2/S04,2021-05-03 19:05:00,1,0.4300000000000636,2021-05-03 19:00:00,5.0,True,touch_q25
986,T2/S04,2021-05-03 19:19:00,1,0.4300000000000636,2021-05-03 19:16:00,3.0,True,touch_q25
987,T2/S04,2021-05-03 19:32:00,1,0.4300000000000636,2021-05-03 19:30:00,2.0,True,touch_q25
988,T2/S04,2021-05-03 21:48:00,2,0.4875000000000682,2021-05-03 21:46:00,2.0,True,touch_q25
989,T2/S04,2021-05-06 19:06:00,1,0.4300000000000636,2021-05-06 19:01:00,5.0,True,touch_q25
990,T2/S04,2021-05-06 20:48:00,2,0.4875000000000682,2021-05-06 19:15:00,93.0,True,touch_q25
991,T2/S04,2021-05-13 19:46:00,1,0.4300000000000636,2021-05-13 19:45:00,1.0,True,touch_q25
992,T2/S04,2021-05-17 19:49:00,1,0.4300000000000636,2021-05-17 19:48:00,1.0,True,touch_q25
993,T2/S04,2021-05-25 19:52:00,1,0.4300000000000636,2021-05-25 19:51:00,1.0,True,touch_q25
994,T2/S04,2021-06-02 19:03:00,1,0.4300000000000636,2021-06-02 19:00:00,3.0,True,touch_q25
995,T2/S04,2021-06-02 19:45:00,1,0.4300000000000636,2021-06-02 19:16:00,29.0,True,touch_q25
996,T2/S04,2021-06-04 22:13:00,3,0.4700000000000273,2021-06-04 22:12:00,1.0,True,touch_q25
997,T2/S04,2021-06-07 19:39:00,1,0.4300000000000636,2021-06-07 19:22:00,17.0,True,touch_q25
998,T2/S04,2021-06-07 20:18:00,1,0.4300000000000636,2021-06-07 19:56:00,22.0,True,touch_q25
999,T2/S04,2021-08-11 20:03:00,3,0.4700000000000273,2021-08-11 19:55:00,8.0,True,touch_q25
1000,T2/S04,2021-08-13 19:02:00,1,0.4300000000000636,2021-08-13 19:01:00,1.0,True,touch_q25
1001,T2/S04,2021-08-13 21:11:00,2,0.4875000000000682,2021-08-13 19:16:00,115.0,True,touch_q25
1002,T2/S04,2021-09-03 19:49:00,1,0.4300000000000636,2021-09-03 19:17:00,32.0,True,touch_q25
1003,T2/S04,2021-09-21 19:41:00,2,0.4875000000000682,2021-09-21 19:00:00,41.0,True,touch_q25
1004,T2/S04,2021-09-21 20:30:00,1,0.4300000000000636,2021-09-21 20:29:00,1.0,True,touch_q25
1005,T2/S04,2021-09-30 19:04:00,1,0.4300000000000636,2021-09-30 19:00:00,4.0,True,touch_q25
1006,T2/S04,2021-09-30 19:22:00,1,0.4300000000000636,2021-09-30 19:21:00,1.0,True,touch_q25
1007,T2/S04,2021-09-30 19:31:00,1,0.4300000000000636,2021-09-30 19:30:00,1.0,True,touch_q25
1008,T2/S04,2021-09-30 23:11:00,3,0.4700000000000273,2021-09-30 22:03:00,68.0,True,touch_q25
1009,T2/S04,2021-10-01 04:46:00,3,0.4700000000000273,2021-10-01 02:33:00,133.0,True,touch_q25
1010,T2/S04,2021-10-04 19:40:00,1,0.4300000000000636,2021-10-04 19:33:00,7.0,True,touch_q25
1011,T2/S04,2021-10-04 22:49:00,4,0.5900000000003729,2021-10-04 19:47:00,182.0,True,touch_q25
1012,T2/S04,2021-10-06 19:38:00,1,0.4300000000000636,2021-10-06 19:02:00,36.0,True,touch_q25
1013,T2/S04,2021-10-25 21:31:00,2,0.4875000000000682,2021-10-25 19:01:00,150.0,True,touch_q25
1014,T2/S04,2021-11-04 19:18:00,1,0.4300000000000636,2021-11-04 19:17:00,1.0,True,touch_q25
1015,T2/S04,2021-11-05 19:26:00,1,0.4300000000000636,2021-11-05 19:24:00,2.0,True,touch_q25
1016,T2/S04,2021-11-05 20:21:00,2,0.4875000000000682,2021-11-05 20:20:00,1.0,True,touch_q25
1017,T2/S04,2021-11-08 20:19:00,1,0.4300000000000636,2021-11-08 20:18:00,1.0,True,touch_q25
1018,T2/S04,2021-11-10 21:43:00,7,,,,False,touch_q25
1019,T2/S04,2021-11-12 19:46:00,2,0.4875000000000682,2021-11-12 19:43:00,3.0,True,touch_q25
1020,T2/S04,2021-12-10 20:13:00,2,0.4875000000000682,2021-12-10 19:08:00,65.0,True,touch_q25
1021,T2/S04,2021-12-16 22:01:00,3,0.4700000000000273,2021-12-16 22:00:00,1.0,True,touch_q25
1022,T2/S04,2021-12-31 19:29:00,1,0.4300000000000636,2021-12-31 19:24:00,5.0,True,touch_q25
1023,T2/S04,2021-12-31 20:29:00,2,0.4875000000000682,2021-12-31 19:50:00,39.0,True,touch_q25
1024,T2/S04,2022-01-20 02:59:00,1,0.4300000000000636,2022-01-19 19:04:00,475.0,True,touch_q25
1025,T2/S04,2022-01-25 19:25:00,2,0.4875000000000682,2022-01-25 19:24:00,1.0,True,touch_q25
1026,T2/S04,2022-01-25 19:36:00,1,0.4300000000000636,2022-01-25 19:33:00,3.0,True,touch_q25
1027,T2/S04,2022-01-25 19:58:00,1,0.4300000000000636,2022-01-25 19:57:00,1.0,True,touch_q25
1028,T2/S04,2022-02-02 19:08:00,1,0.4300000000000636,2022-02-02 19:06:00,2.0,True,touch_q25
1029,T2/S04,2022-02-02 20:00:00,2,0.4875000000000682,2022-02-02 19:59:00,1.0,True,touch_q25
1030,T2/S04,2022-02-08 19:09:00,1,0.4300000000000636,2022-02-08 19:06:00,3.0,True,touch_q25
1031,T2/S04,2022-02-08 20:36:00,2,0.4875000000000682,2022-02-08 20:35:00,1.0,True,touch_q25
1032,T2/S04,2022-02-23 19:01:00,1,0.4300000000000636,2022-02-23 19:00:00,1.0,True,touch_q25
1033,T2/S04,2022-02-23 19:26:00,1,0.4300000000000636,2022-02-23 19:24:00,2.0,True,touch_q25
1034,T2/S04,2022-02-23 20:59:00,3,0.4700000000000273,2022-02-23 19:38:00,81.0,True,touch_q25
1035,T2/S04,2022-03-08 19:06:00,6,0.5475000000000136,2022-03-08 19:05:00,1.0,True,touch_q25
1036,T2/S04,2022-03-08 19:16:00,2,0.4875000000000682,2022-03-08 19:15:00,1.0,True,touch_q25
1037,T2/S04,2022-03-30 22:39:00,8,,,,False,touch_q25
1038,T2/S04,2022-03-31 19:48:00,6,0.5475000000000136,2022-03-31 19:47:00,1.0,True,touch_q25
1039,T2/S04,2022-04-12 19:31:00,2,0.4875000000000682,2022-04-12 19:30:00,1.0,True,touch_q25
1040,T2/S04,2022-05-16 19:44:00,4,0.5900000000003729,2022-05-16 19:36:00,8.0,True,touch_q25
1041,T2/S04,2022-05-16 19:51:00,2,0.4875000000000682,2022-05-16 19:49:00,2.0,True,touch_q25
1042,T2/S04,2022-06-01 20:04:00,4,0.5900000000003729,2022-06-01 19:31:00,33.0,True,touch_q25
1043,T2/S04,2022-06-03 03:26:00,2,0.4875000000000682,2022-06-02 19:03:00,503.0,True,touch_q25
1044,T2/S04,2022-07-21 19:28:00,4,0.5900000000003729,2022-07-21 19:27:00,1.0,True,touch_q25
1045,T2/S04,2022-07-21 20:09:00,4,0.5900000000003729,2022-07-21 20:08:00,1.0,True,touch_q25
1046,T2/S04,2022-08-08 19:21:00,2,0.4875000000000682,2022-08-08 19:02:00,19.0,True,touch_q25
1047,T2/S04,2022-08-12 20:05:00,2,0.4875000000000682,2022-08-12 20:04:00,1.0,True,touch_q25
1048,T2/S04,2022-08-29 21:04:00,9,,,,False,touch_q25
1049,T2/S04,2022-09-02 21:31:00,12,,,,False,touch_q25
1050,T2/S04,2022-09-28 19:01:00,3,0.4700000000000273,2022-09-28 19:00:00,1.0,True,touch_q25
1051,T2/S04,2022-09-28 19:53:00,9,,,,False,touch_q25
1052,T2/S04,2022-10-03 19:03:00,3,0.4700000000000273,2022-10-03 19:00:00,3.0,True,touch_q25
1053,T2/S04,2022-10-03 19:41:00,6,0.5475000000000136,2022-10-03 19:40:00,1.0,True,touch_q25
1054,T2/S04,2022-10-03 19:50:00,3,0.4700000000000273,2022-10-03 19:48:00,2.0,True,touch_q25
1055,T2/S04,2022-10-11 19:41:00,3,0.4700000000000273,2022-10-11 19:30:00,11.0,True,touch_q25
1056,T2/S04,2022-10-11 19:47:00,3,0.4700000000000273,2022-10-11 19:46:00,1.0,True,touch_q25
1057,T2/S04,2022-10-21 19:02:00,3,0.4700000000000273,2022-10-21 19:00:00,2.0,True,touch_q25
1058,T2/S04,2022-10-21 19:25:00,6,0.5475000000000136,2022-10-21 19:24:00,1.0,True,touch_q25
1059,T2/S04,2022-10-21 19:32:00,3,0.4700000000000273,2022-10-21 19:30:00,2.0,True,touch_q25
1060,T2/S04,2022-10-21 19:46:00,3,0.4700000000000273,2022-10-21 19:45:00,1.0,True,touch_q25
1061,T2/S04,2022-11-04 19:37:00,3,0.4700000000000273,2022-11-04 19:35:00,2.0,True,touch_q25
1062,T2/S04,2022-11-04 19:55:00,3,0.4700000000000273,2022-11-04 19:54:00,1.0,True,touch_q25
1063,T2/S04,2022-11-08 19:01:00,3,0.4700000000000273,2022-11-08 19:00:00,1.0,True,touch_q25
1064,T2/S04,2022-11-08 19:27:00,3,0.4700000000000273,2022-11-08 19:23:00,4.0,True,touch_q25
1065,T2/S04,2022-11-08 19:36:00,3,0.4700000000000273,2022-11-08 19:32:00,4.0,True,touch_q25
1066,T2/S04,2022-11-08 19:56:00,3,0.4700000000000273,2022-11-08 19:55:00,1.0,True,touch_q25
1067,T2/S04,2022-11-10 19:19:00,6,0.5475000000000136,2022-11-10 19:16:00,3.0,True,touch_q25
1068,T2/S04,2022-11-10 19:57:00,6,0.5475000000000136,2022-11-10 19:56:00,1.0,True,touch_q25
1069,T2/S04,2022-11-14 19:03:00,3,0.4700000000000273,2022-11-14 19:02:00,1.0,True,touch_q25
1070,T2/S04,2022-11-14 19:17:00,3,0.4700000000000273,2022-11-14 19:16:00,1.0,True,touch_q25
1071,T2/S04,2022-11-14 19:38:00,3,0.4700000000000273,2022-11-14 19:37:00,1.0,True,touch_q25
1072,T2/S04,2022-11-14 19:52:00,3,0.4700000000000273,2022-11-14 19:50:00,2.0,True,touch_q25
1073,T2/S04,2022-12-01 19:29:00,6,0.5475000000000136,2022-12-01 19:28:00,1.0,True,touch_q25
1074,T2/S04,2022-12-01 21:17:00,6,0.5475000000000136,2022-12-01 20:06:00,71.0,True,touch_q25
1075,T2/S04,2022-12-16 19:01:00,3,0.4700000000000273,2022-12-16 19:00:00,1.0,True,touch_q25
1076,T2/S04,2022-12-16 19:20:00,3,0.4700000000000273,2022-12-16 19:18:00,2.0,True,touch_q25
1077,T2/S04,2022-12-16 20:12:00,6,0.5475000000000136,2022-12-16 20:11:00,1.0,True,touch_q25
1078,T2/S04,2022-12-27 19:05:00,3,0.4700000000000273,2022-12-27 19:04:00,1.0,True,touch_q25
1079,T2/S04,2022-12-29 07:07:00,39,,,,False,touch_q25
1080,T2/S04,2022-12-29 19:51:00,3,0.4700000000000273,2022-12-29 19:50:00,1.0,True,touch_q25
1081,T2/S04,2023-01-06 19:01:00,3,0.4700000000000273,2023-01-06 19:00:00,1.0,True,touch_q25
1082,T2/S04,2023-01-06 19:37:00,6,0.5475000000000136,2023-01-06 19:36:00,1.0,True,touch_q25
1083,T2/S04,2023-01-06 20:06:00,3,0.4700000000000273,2023-01-06 19:45:00,21.0,True,touch_q25
1084,T2/S04,2023-01-25 20:03:00,8,,,,False,touch_q25
1085,T2/S04,2023-01-31 19:06:00,4,0.5900000000003729,2023-01-31 19:06:00,0.0,True,touch_q25
1086,T2/S04,2023-01-31 19:17:00,4,0.5900000000003729,2023-01-31 19:15:00,2.0,True,touch_q25
1087,T2/S04,2023-01-31 20:32:00,4,0.5900000000003729,2023-01-31 20:20:00,12.0,True,touch_q25
1088,T2/S04,2023-02-17 19:02:00,4,0.5900000000003729,2023-02-17 19:01:00,1.0,True,touch_q25
1089,T2/S04,2023-02-17 19:16:00,4,0.5900000000003729,2023-02-17 19:16:00,0.0,True,touch_q25
1090,T2/S04,2023-02-17 20:35:00,8,,2023-02-17 19:32:00,63.0,True,touch_q25
1091,T2/S04,2023-02-28 19:02:00,4,0.5900000000003729,2023-02-28 19:01:00,1.0,True,touch_q25
1092,T2/S04,2023-02-28 19:26:00,4,0.5900000000003729,2023-02-28 19:20:00,6.0,True,touch_q25
1093,T2/S04,2023-02-28 19:35:00,4,0.5900000000003729,2023-02-28 19:34:00,1.0,True,touch_q25
1094,T2/S04,2023-02-28 19:54:00,4,0.5900000000003729,2023-02-28 19:47:00,7.0,True,touch_q25
1095,T2/S04,2023-03-15 19:03:00,4,0.5900000000003729,2023-03-15 19:02:00,1.0,True,touch_q25
1096,T2/S04,2023-03-17 19:01:00,4,0.5900000000003729,2023-03-17 19:00:00,1.0,True,touch_q25
1097,T2/S04,2023-03-17 19:17:00,4,0.5900000000003729,2023-03-17 19:16:00,1.0,True,touch_q25
1098,T2/S04,2023-03-17 19:32:00,4,0.5900000000003729,2023-03-17 19:31:00,1.0,True,touch_q25
1099,T2/S04,2023-03-17 19:46:00,4,0.5900000000003729,2023-03-17 19:45:00,1.0,True,touch_q25
1100,T2/S04,2023-03-28 19:07:00,4,0.5900000000003729,2023-03-28 19:00:00,7.0,True,touch_q25
1101,T2/S04,2023-03-28 19:17:00,4,0.5900000000003729,2023-03-28 19:16:00,1.0,True,touch_q25
1102,T2/S04,2023-03-28 19:41:00,4,0.5900000000003729,2023-03-28 19:38:00,3.0,True,touch_q25
1103,T2/S04,2023-03-28 20:01:00,4,0.5900000000003729,2023-03-28 19:46:00,15.0,True,touch_q25
1104,T2/S04,2023-03-30 19:35:00,4,0.5900000000003729,2023-03-30 19:33:00,2.0,True,touch_q25
1105,T2/S04,2023-03-30 19:49:00,4,0.5900000000003729,2023-03-30 19:48:00,1.0,True,touch_q25
1106,T2/S04,2023-04-03 19:07:00,4,0.5900000000003729,2023-04-03 19:05:00,2.0,True,touch_q25
1107,T2/S04,2023-04-03 19:20:00,4,0.5900000000003729,2023-04-03 19:19:00,1.0,True,touch_q25
1108,T2/S04,2023-04-04 15:21:00,24,,,,False,touch_q25
1109,T2/S04,2023-04-04 19:03:00,4,0.5900000000003729,2023-04-04 19:02:00,1.0,True,touch_q25
1110,T2/S04,2023-04-04 22:47:00,15,,,,False,touch_q25
1111,T2/S04,2023-05-02 19:02:00,5,0.2749999999998636,2023-05-02 19:01:00,1.0,True,touch_q25
1112,T2/S04,2023-05-02 19:16:00,5,0.2749999999998636,2023-05-02 19:15:00,1.0,True,touch_q25
1113,T2/S04,2023-05-02 19:46:00,10,,2023-05-02 19:30:00,16.0,True,touch_q25
1114,T2/S04,2023-05-23 19:47:00,5,0.2749999999998636,2023-05-23 19:45:00,2.0,True,touch_q25
1115,T2/S04,2023-06-05 20:43:00,5,0.2749999999998636,2023-06-05 19:31:00,72.0,True,touch_q25
1116,T2/S04,2023-06-08 19:01:00,5,0.2749999999998636,2023-06-08 19:00:00,1.0,True,touch_q25
1117,T2/S04,2023-06-08 19:18:00,5,0.2749999999998636,2023-06-08 19:17:00,1.0,True,touch_q25
1118,T2/S04,2023-06-09 01:08:00,20,,2023-06-08 19:34:00,334.0,True,touch_q25
1119,T2/S04,2023-06-15 19:02:00,5,0.2749999999998636,2023-06-15 19:00:00,2.0,True,touch_q25
1120,T2/S04,2023-06-15 19:31:00,5,0.2749999999998636,2023-06-15 19:23:00,8.0,True,touch_q25
1121,T2/S04,2023-06-15 19:49:00,5,0.2749999999998636,2023-06-15 19:45:00,4.0,True,touch_q25
1122,T2/S04,2023-06-30 19:03:00,5,0.2749999999998636,2023-06-30 19:01:00,2.0,True,touch_q25
1123,T2/S04,2023-06-30 19:19:00,5,0.2749999999998636,2023-06-30 19:15:00,4.0,True,touch_q25
1124,T2/S04,2023-06-30 19:33:00,5,0.2749999999998636,2023-06-30 19:31:00,2.0,True,touch_q25
1125,T2/S04,2023-06-30 19:51:00,5,0.2749999999998636,2023-06-30 19:46:00,5.0,True,touch_q25
1126,T2/S04,2023-07-04 09:13:00,20,,,,False,touch_q25
1127,T2/S04,2023-07-12 19:19:00,5,0.2749999999998636,2023-07-12 19:02:00,17.0,True,touch_q25
1128,T2/S04,2023-07-12 19:44:00,5,0.2749999999998636,2023-07-12 19:33:00,11.0,True,touch_q25
1129,T2/S04,2023-07-12 22:47:00,10,,2023-07-12 19:50:00,177.0,True,touch_q25
1130,T2/S04,2023-07-18 19:26:00,6,0.5475000000000136,2023-07-18 19:24:00,2.0,True,touch_q25
1131,T2/S04,2023-07-28 19:05:00,6,0.5475000000000136,2023-07-28 19:04:00,1.0,True,touch_q25
1132,T2/S04,2023-07-28 19:24:00,6,0.5475000000000136,2023-07-28 19:23:00,1.0,True,touch_q25
1133,T2/S04,2023-07-31 19:15:00,6,0.5475000000000136,2023-07-31 19:14:00,1.0,True,touch_q25
1134,T2/S04,2023-07-31 19:42:00,6,0.5475000000000136,2023-07-31 19:41:00,1.0,True,touch_q25
1135,T2/S04,2023-07-31 20:23:00,12,,,,False,touch_q25
1136,T2/S04,2023-08-23 19:11:00,6,0.5475000000000136,2023-08-23 19:10:00,1.0,True,touch_q25
1137,T2/S04,2023-08-23 19:35:00,6,0.5475000000000136,2023-08-23 19:33:00,2.0,True,touch_q25
1138,T2/S04,2023-08-24 03:19:00,12,,,,False,touch_q25
1139,T2/S04,2023-08-29 04:05:00,30,,,,False,touch_q25
1140,T2/S04,2023-08-29 19:09:00,6,0.5475000000000136,2023-08-29 19:07:00,2.0,True,touch_q25
1141,T2/S04,2023-08-29 19:53:00,12,,,,False,touch_q25
1142,T2/S04,2023-08-30 19:58:00,12,,,,False,touch_q25
1143,T2/S04,2023-09-20 19:04:00,6,0.5475000000000136,2023-09-20 19:03:00,1.0,True,touch_q25
1144,T2/S04,2023-09-20 19:21:00,6,0.5475000000000136,2023-09-20 19:21:00,0.0,True,touch_q25
1145,T2/S04,2023-09-20 19:54:00,6,0.5475000000000136,2023-09-20 19:52:00,2.0,True,touch_q25
1146,T2/S04,2023-10-13 19:02:00,6,0.5475000000000136,2023-10-13 19:01:00,1.0,True,touch_q25
1147,T2/S04,2023-10-13 19:46:00,18,,,,False,touch_q25
1148,T2/S04,2023-10-16 20:01:00,7,,,,False,touch_q25
1149,T2/S04,2023-11-09 19:03:00,7,,,,False,touch_q25
1150,T2/S04,2023-11-09 20:17:00,21,,,,False,touch_q25
1151,T2/S04,2023-11-14 20:08:00,16,,,,False,touch_q25
1152,T2/S04,2023-11-21 19:59:00,16,,,,False,touch_q25
1153,T2/S04,2023-11-28 19:03:00,8,,,,False,touch_q25
1154,T2/S04,2023-11-28 21:46:00,24,,,,False,touch_q25
1155,T2/S04,2023-12-19 19:04:00,9,,,,False,touch_q25
1156,T3/S06,2018-01-25 23:42:00,1,0.6825000000000045,2018-01-25 23:31:00,11.0,True,touch_q25
1157,T3/S06,2018-02-07 14:18:00,3,,,,False,touch_q25
1158,T3/S06,2018-02-16 23:31:00,1,0.6825000000000045,2018-02-16 23:27:00,4.0,True,touch_q25
1159,T3/S06,2018-02-16 23:43:00,1,0.6825000000000045,,,False,touch_q25
1160,T3/S06,2018-02-19 05:57:00,2,0.8174999999999386,2018-02-19 05:56:00,1.0,True,touch_q25
1161,T3/S06,2018-05-15 07:26:00,1,0.6825000000000045,2018-05-14 23:47:00,459.0,True,touch_q25
1162,T3/S06,2018-05-31 23:47:00,1,0.6825000000000045,2018-05-31 23:46:00,1.0,True,touch_q25
1163,T3/S06,2018-06-01 13:51:00,1,0.6825000000000045,2018-06-01 13:50:00,1.0,True,touch_q25
1164,T3/S06,2018-07-03 04:44:00,1,0.6825000000000045,2018-07-03 04:43:00,1.0,True,touch_q25
1165,T3/S06,2018-07-12 04:00:00,1,0.6825000000000045,2018-07-11 23:33:00,267.0,True,touch_q25
1166,T3/S06,2018-08-02 23:23:00,1,0.6825000000000045,2018-08-02 23:22:00,1.0,True,touch_q25
1167,T3/S06,2018-08-02 23:33:00,1,0.6825000000000045,2018-08-02 23:32:00,1.0,True,touch_q25
1168,T3/S06,2018-08-03 05:04:00,1,0.6825000000000045,2018-08-03 04:41:00,23.0,True,touch_q25
1169,T3/S06,2018-08-07 20:22:00,3,,2018-08-06 23:01:00,1281.0,True,touch_q25
1170,T3/S06,2018-08-14 03:01:00,1,0.6825000000000045,2018-08-14 02:57:00,4.0,True,touch_q25
1171,T3/S06,2018-08-16 02:50:00,1,0.6825000000000045,2018-08-16 02:48:00,2.0,True,touch_q25
1172,T3/S06,2018-08-24 02:29:00,1,0.6825000000000045,2018-08-23 23:45:00,164.0,True,touch_q25
1173,T3/S06,2018-09-17 03:01:00,1,0.6825000000000045,2018-09-14 23:50:00,3071.0,True,touch_q25
1174,T3/S06,2018-11-12 23:34:00,1,0.6825000000000045,2018-11-12 23:20:00,14.0,True,touch_q25
1175,T3/S06,2018-11-13 10:13:00,2,0.8174999999999386,,,False,touch_q25
1176,T3/S06,2019-01-11 16:18:00,3,,,,False,touch_q25
1177,T3/S06,2019-01-21 10:47:00,1,0.6825000000000045,2019-01-21 10:43:00,4.0,True,touch_q25
1178,T3/S06,2019-02-06 23:52:00,1,0.6825000000000045,2019-02-06 23:50:00,2.0,True,touch_q25
1179,T3/S06,2019-02-21 23:07:00,1,0.6825000000000045,2019-02-21 23:02:00,5.0,True,touch_q25
1180,T3/S06,2019-02-22 11:45:00,2,0.8174999999999386,2019-02-21 23:34:00,731.0,True,touch_q25
1181,T3/S06,2019-03-04 09:31:00,3,,,,False,touch_q25
1182,T3/S06,2019-04-12 15:33:00,2,0.8174999999999386,2019-04-12 15:30:00,3.0,True,touch_q25
1183,T3/S06,2019-07-11 23:33:00,1,0.6825000000000045,2019-07-11 23:31:00,2.0,True,touch_q25
1184,T3/S06,2019-07-12 02:41:00,2,0.8174999999999386,2019-07-12 02:40:00,1.0,True,touch_q25
1185,T3/S06,2019-08-01 02:11:00,2,0.8174999999999386,2019-08-01 02:10:00,1.0,True,touch_q25
1186,T3/S06,2019-09-25 23:52:00,1,0.6825000000000045,2019-09-25 23:51:00,1.0,True,touch_q25
1187,T3/S06,2019-10-07 23:20:00,1,0.6825000000000045,2019-10-07 23:19:00,1.0,True,touch_q25
1188,T3/S06,2019-10-08 03:04:00,1,0.6825000000000045,2019-10-08 03:03:00,1.0,True,touch_q25
1189,T3/S06,2020-03-31 23:11:00,1,0.6825000000000045,2020-03-31 23:01:00,10.0,True,touch_q25
1190,T3/S06,2020-03-31 23:24:00,1,0.6825000000000045,2020-03-31 23:23:00,1.0,True,touch_q25
1191,T3/S06,2020-03-31 23:34:00,1,0.6825000000000045,2020-03-31 23:30:00,4.0,True,touch_q25
1192,T3/S06,2020-03-31 23:48:00,1,0.6825000000000045,2020-03-31 23:42:00,6.0,True,touch_q25
1193,T3/S06,2020-04-01 01:05:00,1,0.6825000000000045,2020-04-01 01:05:00,0.0,True,touch_q25
1194,T3/S06,2020-05-18 23:44:00,1,0.6825000000000045,2020-05-18 23:26:00,18.0,True,touch_q25
1195,T3/S06,2020-08-11 23:02:00,1,0.6825000000000045,2020-08-11 23:01:00,1.0,True,touch_q25
1196,T3/S06,2020-08-11 23:17:00,1,0.6825000000000045,2020-08-11 23:10:00,7.0,True,touch_q25
1197,T3/S06,2020-08-12 02:15:00,7,,2020-08-11 23:20:00,175.0,True,touch_q25
1198,T3/S06,2020-08-19 23:48:00,1,0.6825000000000045,2020-08-19 23:45:00,3.0,True,touch_q25
1199,T3/S06,2020-08-20 02:25:00,4,,,,False,touch_q25
1200,T3/S06,2020-09-02 03:48:00,2,0.8174999999999386,2020-09-02 01:55:00,113.0,True,touch_q25
1201,T3/S06,2020-10-06 23:03:00,1,0.6825000000000045,2020-10-06 23:02:00,1.0,True,touch_q25
1202,T3/S06,2020-10-06 23:40:00,1,0.6825000000000045,2020-10-06 23:11:00,29.0,True,touch_q25
1203,T3/S06,2020-10-06 23:53:00,2,0.8174999999999386,2020-10-06 23:53:00,0.0,True,touch_q25
1204,T3/S06,2021-01-11 01:12:00,2,0.8174999999999386,2021-01-11 01:10:00,2.0,True,touch_q25
1205,T3/S06,2021-01-13 23:03:00,1,0.6825000000000045,2021-01-13 23:02:00,1.0,True,touch_q25
1206,T3/S06,2021-01-13 23:11:00,1,0.6825000000000045,2021-01-13 23:10:00,1.0,True,touch_q25
1207,T3/S06,2021-01-13 23:41:00,1,0.6825000000000045,2021-01-13 23:40:00,1.0,True,touch_q25
1208,T3/S06,2021-01-14 04:20:00,3,,2021-01-14 02:15:00,125.0,True,touch_q25
1209,T3/S06,2021-02-11 23:05:00,1,0.6825000000000045,2021-02-11 23:05:00,0.0,True,touch_q25
1210,T3/S06,2021-02-11 23:50:00,1,0.6825000000000045,2021-02-11 23:49:00,1.0,True,touch_q25
1211,T3/S06,2021-03-02 01:21:00,1,0.6825000000000045,2021-03-02 01:20:00,1.0,True,touch_q25
1212,T3/S06,2021-03-03 23:38:00,1,0.6825000000000045,,,False,touch_q25
1213,T3/S06,2021-03-03 23:48:00,1,0.6825000000000045,2021-03-03 23:44:00,4.0,True,touch_q25
1214,T3/S06,2021-03-04 01:05:00,1,0.6825000000000045,2021-03-04 01:05:00,0.0,True,touch_q25
1215,T3/S06,2021-03-04 23:46:00,1,0.6825000000000045,2021-03-04 23:42:00,4.0,True,touch_q25
1216,T3/S06,2021-03-05 01:06:00,1,0.6825000000000045,2021-03-05 01:05:00,1.0,True,touch_q25
1217,T3/S06,2021-06-11 23:17:00,1,0.6825000000000045,2021-06-11 23:17:00,0.0,True,touch_q25
1218,T3/S06,2021-06-14 01:54:00,1,0.6825000000000045,2021-06-14 01:53:00,1.0,True,touch_q25
1219,T3/S06,2021-06-16 23:23:00,1,0.6825000000000045,2021-06-16 23:22:00,1.0,True,touch_q25
1220,T3/S06,2021-06-16 23:31:00,1,0.6825000000000045,2021-06-16 23:30:00,1.0,True,touch_q25
1221,T3/S06,2021-06-16 23:41:00,1,0.6825000000000045,2021-06-16 23:40:00,1.0,True,touch_q25
1222,T3/S06,2021-06-16 23:52:00,1,0.6825000000000045,2021-06-16 23:51:00,1.0,True,touch_q25
1223,T3/S06,2021-07-30 23:02:00,1,0.6825000000000045,2021-07-30 23:01:00,1.0,True,touch_q25
1224,T3/S06,2021-08-02 02:24:00,1,0.6825000000000045,2021-08-02 02:23:00,1.0,True,touch_q25
1225,T3/S06,2021-09-13 01:06:00,1,0.6825000000000045,2021-09-13 01:05:00,1.0,True,touch_q25
1226,T3/S06,2021-09-24 15:23:00,6,,,,False,touch_q25
1227,T3/S06,2021-10-15 23:21:00,1,0.6825000000000045,2021-10-15 23:20:00,1.0,True,touch_q25
1228,T3/S06,2021-10-18 01:16:00,1,0.6825000000000045,2021-10-18 01:15:00,1.0,True,touch_q25
1229,T3/S06,2021-11-19 23:46:00,1,0.6825000000000045,2021-11-19 23:40:00,6.0,True,touch_q25
1230,T3/S06,2021-11-22 01:05:00,1,0.6825000000000045,2021-11-22 01:05:00,0.0,True,touch_q25
1231,T3/S06,2021-11-23 04:16:00,3,,,,False,touch_q25
1232,T3/S06,2022-01-26 23:08:00,1,0.6825000000000045,2022-01-26 23:03:00,5.0,True,touch_q25
1233,T3/S06,2022-01-26 23:26:00,1,0.6825000000000045,2022-01-26 23:14:00,12.0,True,touch_q25
1234,T3/S06,2022-01-26 23:31:00,1,0.6825000000000045,2022-01-26 23:30:00,1.0,True,touch_q25
1235,T3/S06,2022-01-27 03:04:00,2,0.8174999999999386,2022-01-27 03:03:00,1.0,True,touch_q25
1236,T3/S06,2022-02-24 23:06:00,1,0.6825000000000045,2022-02-24 23:00:00,6.0,True,touch_q25
1237,T3/S06,2022-02-25 13:27:00,6,,,,False,touch_q25
1238,T3/S06,2022-05-03 04:15:00,4,,,,False,touch_q25
1239,T3/S06,2022-05-12 23:01:00,2,0.8174999999999386,2022-05-12 23:00:00,1.0,True,touch_q25
1240,T3/S06,2022-05-13 01:26:00,2,0.8174999999999386,2022-05-13 01:25:00,1.0,True,touch_q25
1241,T3/S06,2022-06-01 03:03:00,2,0.8174999999999386,2022-06-01 03:02:00,1.0,True,touch_q25
1242,T3/S06,2022-06-03 23:16:00,2,0.8174999999999386,2022-06-03 23:15:00,1.0,True,touch_q25
1243,T3/S06,2022-11-21 02:41:00,6,,,,False,touch_q25
1244,T3/S06,2022-12-06 07:32:00,12,,,,False,touch_q25
1245,T3/S06,2023-02-02 23:07:00,4,,,,False,touch_q25
1246,T3/S06,2023-02-02 23:26:00,4,,,,False,touch_q25
1247,T3/S06,2023-02-10 02:04:00,4,,,,False,touch_q25
1248,T3/S06,2023-05-16 23:15:00,5,,,,False,touch_q25
1249,T3/S06,2023-05-17 01:05:00,5,,,,False,touch_q25
1250,T3/S06,2023-06-05 01:05:00,5,,,,False,touch_q25
1251,T3/S06,2023-08-17 03:51:00,6,,,,False,touch_q25
1252,T3/S06,2023-09-27 05:25:00,12,,,,False,touch_q25
1253,T3/S06,2023-11-13 05:00:00,16,,,,False,touch_q25
1254,T3/S06,2023-12-28 04:00:00,188,,,,False,touch_q25
1255,T4/S08,2018-07-04 09:22:00,2,,,,False,touch_q25
1256,T4/S08,2018-07-24 14:53:00,8,,2018-07-23 14:30:00,1463.0,True,touch_q25
1257,T4/S08,2018-12-18 10:15:00,3,1.397499999999809,2018-12-18 10:08:00,7.0,True,touch_q25
1258,T4/S08,2019-05-31 09:59:00,1,1.3700000000001182,2019-05-31 09:45:00,14.0,True,touch_q25
1259,T4/S08,2019-05-31 12:27:00,1,1.3700000000001182,2019-05-31 12:21:00,6.0,True,touch_q25
1260,T4/S08,2019-06-20 06:19:00,1,1.3700000000001182,2019-06-20 06:13:00,6.0,True,touch_q25
1261,T4/S08,2019-06-20 08:47:00,3,1.397499999999809,2019-06-20 08:35:00,12.0,True,touch_q25
1262,T4/S08,2019-06-20 09:05:00,1,1.3700000000001182,2019-06-20 08:52:00,13.0,True,touch_q25
1263,T4/S08,2019-06-20 09:21:00,1,1.3700000000001182,2019-06-20 09:12:00,9.0,True,touch_q25
1264,T4/S08,2019-06-20 15:20:00,5,,,,False,touch_q25
1265,T4/S08,2019-06-25 09:56:00,6,,,,False,touch_q25
1266,T4/S08,2019-12-26 14:16:00,1,1.3700000000001182,2019-12-26 14:01:00,15.0,True,touch_q25
1267,T4/S08,2019-12-31 17:26:00,5,,,,False,touch_q25
1268,T4/S08,2020-02-24 10:02:00,1,1.3700000000001182,2020-02-24 10:01:00,1.0,True,touch_q25
1269,T4/S08,2020-02-24 10:09:00,1,1.3700000000001182,2020-02-24 10:07:00,2.0,True,touch_q25
1270,T4/S08,2020-02-24 10:12:00,1,1.3700000000001182,2020-02-24 10:11:00,1.0,True,touch_q25
1271,T4/S08,2020-02-24 10:26:00,2,,,,False,touch_q25
1272,T4/S08,2020-02-24 10:31:00,1,1.3700000000001182,2020-02-24 10:30:00,1.0,True,touch_q25
1273,T4/S08,2020-02-24 11:02:00,2,,,,False,touch_q25
1274,T4/S08,2020-02-24 11:16:00,2,,,,False,touch_q25
1275,T4/S08,2020-02-24 11:26:00,1,1.3700000000001182,2020-02-24 11:25:00,1.0,True,touch_q25
1276,T4/S08,2020-02-24 13:02:00,1,1.3700000000001182,2020-02-24 12:55:00,7.0,True,touch_q25
1277,T4/S08,2020-03-24 08:36:00,5,,2020-03-24 06:29:00,127.0,True,touch_q25
1278,T4/S08,2020-06-22 15:26:00,5,,,,False,touch_q25
1279,T4/S08,2020-07-22 08:49:00,3,1.397499999999809,2020-07-22 08:48:00,1.0,True,touch_q25
1280,T4/S08,2020-07-22 10:01:00,2,,,,False,touch_q25
1281,T4/S08,2020-07-22 10:44:00,4,,,,False,touch_q25
1282,T4/S08,2020-07-27 08:10:00,2,,,,False,touch_q25
1283,T4/S08,2020-07-27 11:04:00,1,1.3700000000001182,2020-07-27 11:03:00,1.0,True,touch_q25
1284,T4/S08,2020-07-27 11:14:00,1,1.3700000000001182,2020-07-27 11:13:00,1.0,True,touch_q25
1285,T4/S08,2020-07-27 11:20:00,2,,,,False,touch_q25
1286,T4/S08,2020-07-27 11:37:00,1,1.3700000000001182,2020-07-27 11:36:00,1.0,True,touch_q25
1287,T4/S08,2020-07-27 13:01:00,3,1.397499999999809,2020-07-27 12:57:00,4.0,True,touch_q25
1288,T4/S08,2021-05-17 08:07:00,1,1.3700000000001182,2021-05-17 08:05:00,2.0,True,touch_q25
1289,T4/S08,2021-05-17 16:33:00,6,,2021-05-17 08:32:00,481.0,True,touch_q25
1290,T4/S08,2022-02-24 09:21:00,1,1.3700000000001182,2022-02-24 09:05:00,16.0,True,touch_q25
1291,T4/S08,2022-02-24 09:55:00,3,1.397499999999809,2022-02-24 09:54:00,1.0,True,touch_q25
1292,T4/S08,2022-02-24 10:48:00,4,,,,False,touch_q25
1293,T4/S08,2022-02-24 11:18:00,3,1.397499999999809,2022-02-24 11:17:00,1.0,True,touch_q25
1294,T4/S08,2022-02-24 11:25:00,1,1.3700000000001182,2022-02-24 11:24:00,1.0,True,touch_q25
1295,T4/S08,2022-02-24 11:35:00,1,1.3700000000001182,2022-02-24 11:33:00,2.0,True,touch_q25
1296,T4/S08,2022-02-24 11:48:00,1,1.3700000000001182,2022-02-24 11:47:00,1.0,True,touch_q25
1297,T4/S08,2022-02-24 11:57:00,1,1.3700000000001182,2022-02-24 11:56:00,1.0,True,touch_q25
1298,T4/S08,2022-10-04 10:08:00,3,1.397499999999809,2022-10-04 10:07:00,1.0,True,touch_q25
1299,T4/S08,2022-10-04 10:20:00,3,1.397499999999809,2022-10-04 10:18:00,2.0,True,touch_q25
1300,T4/S08,2022-10-04 12:03:00,6,,2022-10-04 10:36:00,87.0,True,touch_q25
1301,T4/S08,2023-03-20 09:03:00,4,,,,False,touch_q25
1302,T4/S08,2023-03-20 09:07:00,4,,,,False,touch_q25
1303,T4/S08,2023-03-20 09:18:00,8,,,,False,touch_q25
1304,T4/S08,2023-03-20 09:23:00,4,,,,False,touch_q25
1305,T4/S08,2023-03-20 09:26:00,4,,,,False,touch_q25
1306,T4/S08,2023-03-20 09:32:00,4,,,,False,touch_q25
1307,T4/S08,2023-03-20 09:41:00,8,,,,False,touch_q25
1308,T4/S08,2023-03-20 10:19:00,20,,,,False,touch_q25
1309,T4/S08,2023-03-20 10:35:00,8,,,,False,touch_q25
1310,T4/S08,2023-07-13 09:22:00,15,,,,False,touch_q25
1311,T4/S08,2023-10-20 08:31:00,21,,,,False,touch_q25
1312,T4/S08,2023-10-20 09:10:00,14,,,,False,touch_q25
1313,T5/S09,2018-01-10 12:50:00,1,2.125000000000057,,,False,touch_q25
1314,T5/S09,2018-01-10 13:04:00,1,2.125000000000057,2018-01-10 13:03:00,1.0,True,touch_q25
1315,T5/S09,2018-01-11 16:59:00,2,1.86749999999995,2018-01-11 15:15:00,104.0,True,touch_q25
1316,T5/S09,2018-01-24 12:31:00,1,2.125000000000057,2018-01-24 12:30:00,1.0,True,touch_q25
1317,T5/S09,2018-01-24 15:01:00,1,2.125000000000057,2018-01-24 15:00:00,1.0,True,touch_q25
1318,T5/S09,2018-01-30 16:14:00,5,,,,False,touch_q25
1319,T5/S09,2018-02-05 22:08:00,1,2.125000000000057,2018-02-05 22:05:00,3.0,True,touch_q25
1320,T5/S09,2018-09-11 23:40:00,4,,,,False,touch_q25
1321,T5/S09,2018-10-16 15:35:00,2,1.86749999999995,2018-10-16 15:32:00,3.0,True,touch_q25
1322,T5/S09,2018-10-23 11:04:00,1,2.125000000000057,2018-10-23 11:03:00,1.0,True,touch_q25
1323,T5/S09,2018-10-23 11:30:00,1,2.125000000000057,2018-10-23 11:30:00,0.0,True,touch_q25
1324,T5/S09,2018-10-23 14:45:00,1,2.125000000000057,2018-10-23 14:44:00,1.0,True,touch_q25
1325,T5/S09,2018-12-03 16:18:00,1,2.125000000000057,2018-12-03 16:17:00,1.0,True,touch_q25
1326,T5/S09,2018-12-20 11:49:00,1,2.125000000000057,2018-12-20 11:48:00,1.0,True,touch_q25
1327,T5/S09,2018-12-20 16:13:00,1,2.125000000000057,2018-12-20 16:08:00,5.0,True,touch_q25
1328,T5/S09,2018-12-31 13:25:00,1,2.125000000000057,2018-12-31 13:13:00,12.0,True,touch_q25
1329,T5/S09,2019-01-22 20:02:00,2,1.86749999999995,2019-01-22 20:00:00,2.0,True,touch_q25
1330,T5/S09,2019-02-07 14:53:00,1,2.125000000000057,2019-02-07 14:52:00,1.0,True,touch_q25
1331,T5/S09,2019-02-19 15:10:00,1,2.125000000000057,2019-02-19 15:09:00,1.0,True,touch_q25
1332,T5/S09,2019-03-08 15:31:00,1,2.125000000000057,2019-03-08 15:30:00,1.0,True,touch_q25
1333,T5/S09,2019-06-05 12:24:00,1,2.125000000000057,2019-06-05 12:23:00,1.0,True,touch_q25
1334,T5/S09,2019-07-08 10:14:00,1,2.125000000000057,2019-07-08 10:13:00,1.0,True,touch_q25
1335,T5/S09,2019-07-10 15:32:00,4,,,,False,touch_q25
1336,T5/S09,2019-10-08 13:10:00,1,2.125000000000057,2019-10-08 13:08:00,2.0,True,touch_q25
1337,T5/S09,2019-10-08 14:03:00,1,2.125000000000057,2019-10-08 14:00:00,3.0,True,touch_q25
1338,T5/S09,2019-10-31 14:32:00,1,2.125000000000057,2019-10-31 13:20:00,72.0,True,touch_q25
1339,T5/S09,2020-01-31 16:33:00,1,2.125000000000057,2020-01-31 16:32:00,1.0,True,touch_q25
1340,T5/S09,2020-02-24 11:16:00,1,2.125000000000057,2020-02-24 11:14:00,2.0,True,touch_q25
1341,T5/S09,2020-02-24 11:26:00,1,2.125000000000057,2020-02-24 11:25:00,1.0,True,touch_q25
1342,T5/S09,2020-02-24 13:02:00,1,2.125000000000057,2020-02-24 12:55:00,7.0,True,touch_q25
1343,T5/S09,2020-07-17 15:07:00,1,2.125000000000057,2020-07-17 15:07:00,0.0,True,touch_q25
1344,T5/S09,2020-08-05 10:33:00,1,2.125000000000057,2020-08-05 10:32:00,1.0,True,touch_q25
1345,T5/S09,2020-08-05 10:42:00,1,2.125000000000057,2020-08-05 10:41:00,1.0,True,touch_q25
1346,T5/S09,2020-08-05 11:58:00,2,1.86749999999995,2020-08-05 11:57:00,1.0,True,touch_q25
1347,T5/S09,2020-08-12 11:18:00,1,2.125000000000057,2020-08-12 11:17:00,1.0,True,touch_q25
1348,T5/S09,2020-08-12 14:14:00,4,,,,False,touch_q25
1349,T5/S09,2020-08-17 15:11:00,2,1.86749999999995,2020-08-17 15:00:00,11.0,True,touch_q25
1350,T5/S09,2020-09-08 17:30:00,5,,,,False,touch_q25
1351,T5/S09,2020-10-08 08:38:00,1,2.125000000000057,2020-10-07 11:04:00,1294.0,True,touch_q25
1352,T5/S09,2021-01-11 10:03:00,1,2.125000000000057,2021-01-11 10:02:00,1.0,True,touch_q25
1353,T5/S09,2021-01-11 10:15:00,1,2.125000000000057,2021-01-11 10:14:00,1.0,True,touch_q25
1354,T5/S09,2021-01-11 10:39:00,1,2.125000000000057,2021-01-11 10:36:00,3.0,True,touch_q25
1355,T5/S09,2021-01-11 11:08:00,2,1.86749999999995,2021-01-11 11:06:00,2.0,True,touch_q25
1356,T5/S09,2021-01-29 14:08:00,1,2.125000000000057,2021-01-29 14:05:00,3.0,True,touch_q25
1357,T5/S09,2021-05-14 12:12:00,1,2.125000000000057,2021-05-14 12:11:00,1.0,True,touch_q25
1358,T5/S09,2021-07-06 10:54:00,1,2.125000000000057,2021-07-06 10:53:00,1.0,True,touch_q25
1359,T5/S09,2021-07-06 14:48:00,1,2.125000000000057,2021-07-06 14:47:00,1.0,True,touch_q25
1360,T5/S09,2021-07-08 13:46:00,2,1.86749999999995,2021-07-08 13:45:00,1.0,True,touch_q25
1361,T5/S09,2021-12-17 14:36:00,1,2.125000000000057,2021-12-17 14:35:00,1.0,True,touch_q25
1362,T5/S09,2022-01-20 02:20:00,1,2.125000000000057,2022-01-19 15:20:00,660.0,True,touch_q25
1363,T5/S09,2022-03-01 17:47:00,4,,2022-03-01 12:49:00,298.0,True,touch_q25
1364,T5/S09,2022-03-08 10:03:00,2,1.86749999999995,2022-03-08 10:01:00,2.0,True,touch_q25
1365,T5/S09,2022-03-08 10:25:00,6,,,,False,touch_q25
1366,T5/S09,2022-03-23 15:08:00,4,,2022-03-23 13:11:00,117.0,True,touch_q25
1367,T5/S09,2022-07-20 15:29:00,4,,,,False,touch_q25
1368,T5/S09,2022-07-28 15:34:00,6,,,,False,touch_q25
1369,T5/S09,2022-09-27 10:04:00,3,,,,False,touch_q25
1370,T5/S09,2022-09-27 10:29:00,3,,,,False,touch_q25
1371,T5/S09,2022-09-27 13:38:00,6,,,,False,touch_q25
1372,T5/S09,2022-11-23 16:47:00,9,,,,False,touch_q25
1373,T5/S09,2023-01-13 16:37:00,9,,,,False,touch_q25
1374,T5/S09,2023-07-11 11:18:00,10,,,,False,touch_q25
1375,T5/S09,2023-09-29 10:39:00,6,,,,False,touch_q25
1376,T5/S09,2023-09-29 15:44:00,12,,,,False,touch_q25
1377,T5/S09,2023-10-11 13:24:00,6,,,,False,touch_q25
1378,T5/S09,2023-10-11 19:04:00,6,,,,False,touch_q25
1379,T5/S09,2023-12-06 15:16:00,24,,,,False,touch_q25
1380,T5/S09,2023-12-22 13:15:00,9,,,,False,touch_q25
1381,T5/S09,2023-12-22 13:26:00,9,,,,False,touch_q25
1382,T5/S09,2023-12-22 13:40:00,9,,,,False,touch_q25
1383,T5/S09,2023-12-22 14:31:00,9,,,,False,touch_q25
1384,T5/S10,2018-01-02 22:55:00,1,0.5549999999998931,2018-01-02 22:32:00,23.0,True,touch_q25
1385,T5/S10,2018-01-24 01:36:00,1,0.5549999999998931,2018-01-23 22:49:00,167.0,True,touch_q25
1386,T5/S10,2018-02-15 01:55:00,1,0.5549999999998931,2018-02-14 22:05:00,230.0,True,touch_q25
1387,T5/S10,2018-03-05 02:46:00,1,0.5549999999998931,2018-03-05 01:01:00,105.0,True,touch_q25
1388,T5/S10,2018-04-10 03:09:00,1,0.5549999999998931,,,False,touch_q25
1389,T5/S10,2018-04-10 14:33:00,1,0.5549999999998931,2018-04-10 10:20:00,253.0,True,touch_q25
1390,T5/S10,2018-04-30 03:42:00,1,0.5549999999998931,2018-04-30 03:24:00,18.0,True,touch_q25
1391,T5/S10,2018-04-30 20:18:00,4,,2018-04-30 07:52:00,746.0,True,touch_q25
1392,T5/S10,2018-05-09 02:26:00,1,0.5549999999998931,,,False,touch_q25
1393,T5/S10,2018-05-09 15:21:00,3,,,,False,touch_q25
1394,T5/S10,2018-10-10 22:58:00,1,0.5549999999998931,2018-10-10 22:41:00,17.0,True,touch_q25
1395,T5/S10,2018-11-01 09:26:00,6,,2018-10-30 00:01:00,3445.0,True,touch_q25
1396,T5/S10,2018-12-10 01:03:00,1,0.5549999999998931,2018-12-10 01:02:00,1.0,True,touch_q25
1397,T5/S10,2018-12-11 11:11:00,2,0.2200000000000272,2018-12-10 12:24:00,1367.0,True,touch_q25
1398,T5/S10,2019-01-23 18:23:00,3,,2019-01-23 10:19:00,484.0,True,touch_q25
1399,T5/S10,2019-02-18 03:08:00,1,0.5549999999998931,2019-02-15 22:57:00,3131.0,True,touch_q25
1400,T5/S10,2019-03-06 02:05:00,1,0.5549999999998931,2019-03-05 22:17:00,228.0,True,touch_q25
1401,T5/S10,2019-03-12 04:47:00,1,0.5549999999998931,2019-03-12 03:12:00,95.0,True,touch_q25
1402,T5/S10,2019-03-21 03:28:00,1,0.5549999999998931,2019-03-21 01:37:00,111.0,True,touch_q25
1403,T5/S10,2019-04-04 22:29:00,1,0.5549999999998931,2019-04-04 22:23:00,6.0,True,touch_q25
1404,T5/S10,2019-04-05 16:04:00,1,0.5549999999998931,2019-04-05 10:21:00,343.0,True,touch_q25
1405,T5/S10,2019-04-22 01:25:00,1,0.5549999999998931,2019-04-18 23:00:00,4465.0,True,touch_q25
1406,T5/S10,2019-05-23 13:17:00,3,,,,False,touch_q25
1407,T5/S10,2019-05-31 22:40:00,1,0.5549999999998931,,,False,touch_q25
1408,T5/S10,2019-06-04 04:28:00,1,0.5549999999998931,2019-06-03 22:12:00,376.0,True,touch_q25
1409,T5/S10,2019-06-04 10:03:00,1,0.5549999999998931,2019-06-04 08:31:00,92.0,True,touch_q25
1410,T5/S10,2019-06-04 22:40:00,1,0.5549999999998931,2019-06-04 22:33:00,7.0,True,touch_q25
1411,T5/S10,2019-06-19 22:39:00,1,0.5549999999998931,2019-06-19 22:14:00,25.0,True,touch_q25
1412,T5/S10,2019-06-24 01:08:00,1,0.5549999999998931,2019-06-24 01:05:00,3.0,True,touch_q25
1413,T5/S10,2019-07-02 23:31:00,1,0.5549999999998931,2019-07-02 22:58:00,33.0,True,touch_q25
1414,T5/S10,2019-07-05 22:28:00,1,0.5549999999998931,2019-07-05 22:20:00,8.0,True,touch_q25
1415,T5/S10,2019-07-08 08:12:00,1,0.5549999999998931,2019-07-08 01:09:00,423.0,True,touch_q25
1416,T5/S10,2019-07-15 01:05:00,1,0.5549999999998931,,,False,touch_q25
1417,T5/S10,2019-07-18 22:09:00,1,0.5549999999998931,2019-07-18 22:03:00,6.0,True,touch_q25
1418,T5/S10,2019-07-18 22:15:00,1,0.5549999999998931,2019-07-18 22:11:00,4.0,True,touch_q25
1419,T5/S10,2019-07-18 22:46:00,1,0.5549999999998931,2019-07-18 22:20:00,26.0,True,touch_q25
1420,T5/S10,2019-07-18 23:36:00,1,0.5549999999998931,,,False,touch_q25
1421,T5/S10,2019-07-19 01:06:00,1,0.5549999999998931,2019-07-18 23:45:00,81.0,True,touch_q25
1422,T5/S10,2019-07-30 09:38:00,2,0.2200000000000272,,,False,touch_q25
1423,T5/S10,2019-07-31 09:27:00,1,0.5549999999998931,2019-07-31 08:30:00,57.0,True,touch_q25
1424,T5/S10,2019-08-12 22:14:00,1,0.5549999999998931,2019-08-12 22:13:00,1.0,True,touch_q25
1425,T5/S10,2019-08-21 17:15:00,4,,2019-08-20 22:41:00,1114.0,True,touch_q25
1426,T5/S10,2019-08-23 22:13:00,1,0.5549999999998931,2019-08-23 22:00:00,13.0,True,touch_q25
1427,T5/S10,2019-09-20 22:19:00,1,0.5549999999998931,2019-09-20 22:00:00,19.0,True,touch_q25
1428,T5/S10,2019-09-23 04:52:00,1,0.5549999999998931,2019-09-20 22:45:00,3247.0,True,touch_q25
1429,T5/S10,2019-11-13 02:44:00,1,0.5549999999998931,,,False,touch_q25
1430,T5/S10,2020-01-15 01:28:00,1,0.5549999999998931,2020-01-14 22:27:00,181.0,True,touch_q25
1431,T5/S10,2020-02-10 01:28:00,1,0.5549999999998931,,,False,touch_q25
1432,T5/S10,2020-04-06 22:55:00,2,0.2200000000000272,2020-04-06 22:50:00,5.0,True,touch_q25
1433,T5/S10,2020-04-14 03:12:00,1,0.5549999999998931,2020-04-13 22:23:00,289.0,True,touch_q25
1434,T5/S10,2020-05-19 23:07:00,1,0.5549999999998931,2020-05-19 22:22:00,45.0,True,touch_q25
1435,T5/S10,2020-06-15 22:30:00,1,0.5549999999998931,2020-06-15 22:20:00,10.0,True,touch_q25
1436,T5/S10,2020-06-16 01:18:00,1,0.5549999999998931,2020-06-15 22:46:00,152.0,True,touch_q25
1437,T5/S10,2020-07-10 11:14:00,2,0.2200000000000272,2020-07-10 03:57:00,437.0,True,touch_q25
1438,T5/S10,2020-08-25 22:35:00,1,0.5549999999998931,2020-08-25 22:31:00,4.0,True,touch_q25
1439,T5/S10,2020-09-28 22:14:00,1,0.5549999999998931,,,False,touch_q25
1440,T5/S10,2020-09-28 22:57:00,1,0.5549999999998931,2020-09-28 22:34:00,23.0,True,touch_q25
1441,T5/S10,2020-11-04 22:56:00,1,0.5549999999998931,2020-11-04 22:50:00,6.0,True,touch_q25
1442,T5/S10,2021-01-06 22:04:00,1,0.5549999999998931,2021-01-06 22:00:00,4.0,True,touch_q25
1443,T5/S10,2021-01-07 01:27:00,1,0.5549999999998931,2021-01-06 23:11:00,136.0,True,touch_q25
1444,T5/S10,2021-01-12 22:37:00,1,0.5549999999998931,2021-01-12 22:11:00,26.0,True,touch_q25
1445,T5/S10,2021-01-13 11:48:00,1,0.5549999999998931,2021-01-13 11:15:00,33.0,True,touch_q25
1446,T5/S10,2021-05-14 23:40:00,1,0.5549999999998931,2021-05-14 22:55:00,45.0,True,touch_q25
1447,T5/S10,2021-05-24 02:40:00,1,0.5549999999998931,2021-05-21 23:49:00,3051.0,True,touch_q25
1448,T5/S10,2021-05-28 02:44:00,1,0.5549999999998931,2021-05-27 22:12:00,272.0,True,touch_q25
1449,T5/S10,2021-05-28 15:48:00,3,,2021-05-28 04:27:00,681.0,True,touch_q25
1450,T5/S10,2021-06-08 03:43:00,1,0.5549999999998931,2021-06-07 22:01:00,342.0,True,touch_q25
1451,T5/S10,2021-06-11 01:35:00,1,0.5549999999998931,2021-06-10 23:43:00,112.0,True,touch_q25
1452,T5/S10,2021-06-16 01:06:00,1,0.5549999999998931,2021-06-15 22:57:00,129.0,True,touch_q25
1453,T5/S10,2021-06-16 07:30:00,1,0.5549999999998931,2021-06-16 03:38:00,232.0,True,touch_q25
1454,T5/S10,2021-09-01 06:50:00,2,0.2200000000000272,2021-09-01 05:50:00,60.0,True,touch_q25
1455,T5/S10,2021-12-22 23:00:00,1,0.5549999999998931,2021-12-22 22:00:00,60.0,True,touch_q25
1456,T5/S10,2022-01-11 22:30:00,1,0.5549999999998931,2022-01-11 22:09:00,21.0,True,touch_q25
1457,T5/S10,2022-02-08 03:46:00,1,0.5549999999998931,,,False,touch_q25
1458,T5/S10,2022-02-08 15:36:00,2,0.2200000000000272,2022-02-08 07:30:00,486.0,True,touch_q25
1459,T5/S10,2022-02-28 22:31:00,2,0.2200000000000272,2022-02-28 22:10:00,21.0,True,touch_q25
1460,T5/S10,2022-02-28 23:00:00,2,0.2200000000000272,2022-02-28 22:50:00,10.0,True,touch_q25
1461,T5/S10,2022-03-03 08:47:00,4,,2022-03-02 22:10:00,637.0,True,touch_q25
1462,T5/S10,2022-03-24 01:11:00,2,0.2200000000000272,2022-03-23 22:00:00,191.0,True,touch_q25
1463,T5/S10,2022-03-24 10:15:00,4,,2022-03-24 03:24:00,411.0,True,touch_q25
1464,T5/S10,2022-05-26 17:17:00,2,0.2200000000000272,2022-05-25 22:27:00,1130.0,True,touch_q25
1465,T5/S10,2022-05-27 02:56:00,2,0.2200000000000272,2022-05-26 22:20:00,276.0,True,touch_q25
1466,T5/S10,2022-05-27 04:51:00,2,0.2200000000000272,2022-05-27 03:39:00,72.0,True,touch_q25
1467,T5/S10,2022-07-21 22:59:00,2,0.2200000000000272,2022-07-21 22:42:00,17.0,True,touch_q25
1468,T5/S10,2022-10-06 02:18:00,3,,,,False,touch_q25
1469,T5/S10,2022-11-07 11:03:00,3,,,,False,touch_q25
1470,T5/S10,2023-01-16 03:20:00,6,,,,False,touch_q25
1471,T5/S10,2023-01-20 03:25:00,8,,,,False,touch_q25
1472,T5/S10,2023-01-25 22:57:00,4,,,,False,touch_q25
1473,T5/S10,2023-03-03 02:01:00,4,,,,False,touch_q25
1474,T5/S10,2023-03-06 05:13:00,4,,,,False,touch_q25
1475,T5/S10,2023-04-13 02:51:00,5,,,,False,touch_q25
1476,T5/S10,2023-04-17 05:03:00,20,,,,False,touch_q25
1477,T5/S10,2023-05-10 23:01:00,5,,,,False,touch_q25
1478,T5/S10,2023-06-06 05:13:00,5,,,,False,touch_q25
1479,T5/S10,2023-08-22 04:31:00,6,,,,False,touch_q25
1480,T5/S10,2023-10-09 22:16:00,6,,,,False,touch_q25
1481,T5/S10,2023-10-09 22:32:00,6,,,,False,touch_q25
1482,T5/S10,2023-10-20 02:32:00,13,,,,False,touch_q25
1483,T5/S10,2023-10-27 22:06:00,7,,,,False,touch_q25
1484,T5/S10,2023-10-30 16:21:00,28,,,,False,touch_q25
1485,T5/S10,2023-12-08 23:51:00,8,,,,False,touch_q25
1486,T5/S10,2023-12-13 22:06:00,8,,,,False,touch_q25
1487,T5/S10,2023-12-13 22:21:00,8,,,,False,touch_q25
1488,T5/S10,2023-12-13 22:36:00,8,,,,False,touch_q25
1489,T5/S10,2023-12-13 22:54:00,8,,,,False,touch_q25
1490,T5/S10,2023-12-26 22:36:00,9,,,,False,touch_q25
1491,T5/S10,2023-12-26 22:59:00,9,,,,False,touch_q25
1492,T6/S12,2018-01-05 10:20:00,1,1.1699999999998454,2018-01-05 10:17:00,3.0,True,touch_q25
1493,T6/S12,2018-01-17 08:55:00,1,1.1699999999998454,2018-01-17 08:53:00,2.0,True,touch_q25
1494,T6/S12,2018-02-01 13:31:00,1,1.1699999999998454,2018-02-01 13:30:00,1.0,True,touch_q25
1495,T6/S12,2018-03-01 10:52:00,1,1.1699999999998454,2018-03-01 10:42:00,10.0,True,touch_q25
1496,T6/S12,2018-03-29 13:19:00,2,1.099999999999909,2018-03-29 12:40:00,39.0,True,touch_q25
1497,T6/S12,2018-04-16 10:10:00,1,1.1699999999998454,2018-04-16 10:01:00,9.0,True,touch_q25
1498,T6/S12,2018-05-07 10:05:00,1,1.1699999999998454,2018-05-07 10:04:00,1.0,True,touch_q25
1499,T6/S12,2018-05-08 11:37:00,2,1.099999999999909,2018-05-08 11:35:00,2.0,True,touch_q25
1500,T6/S12,2018-05-21 09:52:00,1,1.1699999999998454,2018-05-21 09:51:00,1.0,True,touch_q25
1501,T6/S12,2018-05-22 09:43:00,2,1.099999999999909,2018-05-22 09:42:00,1.0,True,touch_q25
1502,T6/S12,2018-05-23 09:33:00,1,1.1699999999998454,2018-05-23 09:32:00,1.0,True,touch_q25
1503,T6/S12,2018-05-23 15:51:00,4,0.9475000000001046,2018-05-23 15:49:00,2.0,True,touch_q25
1504,T6/S12,2018-06-15 10:05:00,1,1.1699999999998454,2018-06-15 10:04:00,1.0,True,touch_q25
1505,T6/S12,2018-06-21 12:03:00,2,1.099999999999909,2018-06-21 11:56:00,7.0,True,touch_q25
1506,T6/S12,2018-07-02 09:13:00,1,1.1699999999998454,2018-07-02 09:11:00,2.0,True,touch_q25
1507,T6/S12,2018-07-02 16:08:00,2,1.099999999999909,2018-07-02 15:58:00,10.0,True,touch_q25
1508,T6/S12,2018-07-18 11:14:00,2,1.099999999999909,2018-07-18 11:13:00,1.0,True,touch_q25
1509,T6/S12,2018-07-19 10:09:00,1,1.1699999999998454,2018-07-19 10:08:00,1.0,True,touch_q25
1510,T6/S12,2018-07-26 17:22:00,8,,,,False,touch_q25
1511,T6/S12,2018-08-06 10:11:00,1,1.1699999999998454,2018-08-06 10:10:00,1.0,True,touch_q25
1512,T6/S12,2018-08-13 03:25:00,5,1.3239999999999554,2018-08-10 10:14:00,3911.0,True,touch_q25
1513,T6/S12,2018-08-30 16:35:00,3,1.0100000000002185,2018-08-30 16:33:00,2.0,True,touch_q25
1514,T6/S12,2018-09-06 18:15:00,5,1.3239999999999554,2018-09-06 18:13:00,2.0,True,touch_q25
1515,T6/S12,2018-09-10 14:43:00,2,1.099999999999909,2018-09-10 14:36:00,7.0,True,touch_q25
1516,T6/S12,2018-10-19 10:13:00,5,1.3239999999999554,2018-10-18 09:43:00,1470.0,True,touch_q25
1517,T6/S12,2018-11-12 08:42:00,1,1.1699999999998454,2018-11-12 08:34:00,8.0,True,touch_q25
1518,T6/S12,2018-11-12 09:48:00,1,1.1699999999998454,2018-11-12 09:41:00,7.0,True,touch_q25
1519,T6/S12,2018-11-20 17:17:00,5,1.3239999999999554,2018-11-19 14:34:00,1603.0,True,touch_q25
1520,T6/S12,2018-11-23 09:14:00,1,1.1699999999998454,2018-11-23 09:13:00,1.0,True,touch_q25
1521,T6/S12,2018-11-23 10:31:00,1,1.1699999999998454,2018-11-23 10:30:00,1.0,True,touch_q25
1522,T6/S12,2018-12-06 20:44:00,4,0.9475000000001046,2018-12-06 09:12:00,692.0,True,touch_q25
1523,T6/S12,2018-12-13 12:47:00,3,1.0100000000002185,2018-12-13 12:45:00,2.0,True,touch_q25
1524,T6/S12,2018-12-14 09:37:00,1,1.1699999999998454,2018-12-14 09:35:00,2.0,True,touch_q25
1525,T6/S12,2018-12-19 21:01:00,6,1.5199999999999818,2018-12-18 16:10:00,1731.0,True,touch_q25
1526,T6/S12,2019-03-01 10:06:00,1,1.1699999999998454,2019-03-01 10:02:00,4.0,True,touch_q25
1527,T6/S12,2019-03-07 10:01:00,1,1.1699999999998454,2019-03-07 10:00:00,1.0,True,touch_q25
1528,T6/S12,2019-03-26 09:21:00,1,1.1699999999998454,2019-03-26 09:19:00,2.0,True,touch_q25
1529,T6/S12,2019-04-23 14:07:00,2,1.099999999999909,2019-04-23 14:05:00,2.0,True,touch_q25
1530,T6/S12,2019-07-01 09:57:00,1,1.1699999999998454,2019-07-01 09:34:00,23.0,True,touch_q25
1531,T6/S12,2019-07-04 10:54:00,1,1.1699999999998454,2019-07-04 10:53:00,1.0,True,touch_q25
1532,T6/S12,2019-07-11 10:41:00,2,1.099999999999909,2019-07-11 10:37:00,4.0,True,touch_q25
1533,T6/S12,2019-07-23 08:32:00,1,1.1699999999998454,2019-07-23 08:30:00,2.0,True,touch_q25
1534,T6/S12,2019-07-23 18:34:00,7,,,,False,touch_q25
1535,T6/S12,2019-08-01 11:00:00,1,1.1699999999998454,2019-08-01 10:58:00,2.0,True,touch_q25
1536,T6/S12,2019-08-15 10:49:00,2,1.099999999999909,2019-08-15 10:03:00,46.0,True,touch_q25
1537,T6/S12,2019-08-16 09:39:00,1,1.1699999999998454,2019-08-16 09:38:00,1.0,True,touch_q25
1538,T6/S12,2019-08-16 10:24:00,1,1.1699999999998454,2019-08-16 10:23:00,1.0,True,touch_q25
1539,T6/S12,2019-08-21 08:15:00,1,1.1699999999998454,2019-08-21 08:12:00,3.0,True,touch_q25
1540,T6/S12,2019-08-21 09:44:00,2,1.099999999999909,2019-08-21 09:43:00,1.0,True,touch_q25
1541,T6/S12,2019-09-27 09:54:00,1,1.1699999999998454,2019-09-27 09:49:00,5.0,True,touch_q25
1542,T6/S12,2019-10-07 10:21:00,2,1.099999999999909,2019-10-07 10:20:00,1.0,True,touch_q25
1543,T6/S12,2019-10-15 15:06:00,4,0.9475000000001046,2019-10-15 10:03:00,303.0,True,touch_q25
1544,T6/S12,2019-11-12 08:11:00,1,1.1699999999998454,2019-11-12 08:10:00,1.0,True,touch_q25
1545,T6/S12,2019-11-12 08:20:00,1,1.1699999999998454,2019-11-12 08:19:00,1.0,True,touch_q25
1546,T6/S12,2019-11-12 08:29:00,1,1.1699999999998454,2019-11-12 08:28:00,1.0,True,touch_q25
1547,T6/S12,2019-11-12 10:21:00,2,1.099999999999909,2019-11-12 10:14:00,7.0,True,touch_q25
1548,T6/S12,2019-11-25 10:12:00,1,1.1699999999998454,2019-11-25 10:03:00,9.0,True,touch_q25
1549,T6/S12,2019-12-06 08:35:00,1,1.1699999999998454,2019-12-06 08:34:00,1.0,True,touch_q25
1550,T6/S12,2019-12-06 15:31:00,4,0.9475000000001046,2019-12-06 15:30:00,1.0,True,touch_q25
1551,T6/S12,2019-12-19 10:31:00,1,1.1699999999998454,2019-12-19 10:30:00,1.0,True,touch_q25
1552,T6/S12,2020-01-09 08:37:00,1,1.1699999999998454,2020-01-09 08:36:00,1.0,True,touch_q25
1553,T6/S12,2020-01-09 16:02:00,6,1.5199999999999818,2020-01-09 16:01:00,1.0,True,touch_q25
1554,T6/S12,2020-01-16 16:33:00,3,1.0100000000002185,2020-01-16 15:41:00,52.0,True,touch_q25
1555,T6/S12,2020-02-12 09:20:00,1,1.1699999999998454,2020-02-12 09:19:00,1.0,True,touch_q25
1556,T6/S12,2020-02-25 08:57:00,1,1.1699999999998454,2020-02-25 08:55:00,2.0,True,touch_q25
1557,T6/S12,2020-02-25 09:14:00,1,1.1699999999998454,2020-02-25 09:13:00,1.0,True,touch_q25
1558,T6/S12,2020-02-25 13:34:00,9,,,,False,touch_q25
1559,T6/S12,2020-03-17 08:36:00,2,1.099999999999909,2020-03-17 08:26:00,10.0,True,touch_q25
1560,T6/S12,2020-03-18 08:01:00,1,1.1699999999998454,2020-03-18 08:00:00,1.0,True,touch_q25
1561,T6/S12,2020-03-18 08:25:00,2,1.099999999999909,2020-03-18 08:17:00,8.0,True,touch_q25
1562,T6/S12,2020-03-18 08:39:00,1,1.1699999999998454,2020-03-18 08:37:00,2.0,True,touch_q25
1563,T6/S12,2020-03-18 09:31:00,5,1.3239999999999554,2020-03-18 09:30:00,1.0,True,touch_q25
1564,T6/S12,2020-05-01 09:01:00,1,1.1699999999998454,2020-05-01 09:00:00,1.0,True,touch_q25
1565,T6/S12,2020-05-01 09:47:00,2,1.099999999999909,2020-05-01 09:37:00,10.0,True,touch_q25
1566,T6/S12,2020-05-14 10:57:00,4,0.9475000000001046,2020-05-14 10:52:00,5.0,True,touch_q25
1567,T6/S12,2020-05-25 08:46:00,1,1.1699999999998454,2020-05-25 08:40:00,6.0,True,touch_q25
1568,T6/S12,2020-06-11 08:34:00,1,1.1699999999998454,2020-06-11 08:30:00,4.0,True,touch_q25
1569,T6/S12,2020-06-11 11:52:00,5,1.3239999999999554,2020-06-11 08:54:00,178.0,True,touch_q25
1570,T6/S12,2020-06-15 09:09:00,1,1.1699999999998454,2020-06-15 09:00:00,9.0,True,touch_q25
1571,T6/S12,2020-06-15 10:11:00,2,1.099999999999909,2020-06-15 09:14:00,57.0,True,touch_q25
1572,T6/S12,2020-07-02 15:20:00,4,0.9475000000001046,2020-07-02 15:16:00,4.0,True,touch_q25
1573,T6/S12,2020-07-10 09:53:00,2,1.099999999999909,2020-07-10 09:07:00,46.0,True,touch_q25
1574,T6/S12,2020-08-11 09:25:00,1,1.1699999999998454,,,False,touch_q25
1575,T6/S12,2020-08-11 10:35:00,4,0.9475000000001046,2020-08-11 10:34:00,1.0,True,touch_q25
1576,T6/S12,2020-08-19 08:50:00,1,1.1699999999998454,2020-08-19 08:48:00,2.0,True,touch_q25
1577,T6/S12,2020-08-19 09:14:00,3,1.0100000000002185,2020-08-19 09:00:00,14.0,True,touch_q25
1578,T6/S12,2020-08-26 08:36:00,1,1.1699999999998454,2020-08-26 08:35:00,1.0,True,touch_q25
1579,T6/S12,2020-08-26 09:04:00,1,1.1699999999998454,2020-08-26 09:03:00,1.0,True,touch_q25
1580,T6/S12,2020-08-31 10:08:00,2,1.099999999999909,2020-08-31 10:00:00,8.0,True,touch_q25
1581,T6/S12,2020-09-03 09:29:00,3,1.0100000000002185,2020-09-03 09:25:00,4.0,True,touch_q25
1582,T6/S12,2020-09-23 08:05:00,1,1.1699999999998454,2020-09-23 08:04:00,1.0,True,touch_q25
1583,T6/S12,2020-09-23 08:35:00,1,1.1699999999998454,2020-09-23 08:34:00,1.0,True,touch_q25
1584,T6/S12,2020-10-05 09:12:00,1,1.1699999999998454,2020-10-05 09:01:00,11.0,True,touch_q25
1585,T6/S12,2020-11-19 08:31:00,1,1.1699999999998454,2020-11-19 08:23:00,8.0,True,touch_q25
1586,T6/S12,2020-11-19 08:37:00,1,1.1699999999998454,2020-11-19 08:36:00,1.0,True,touch_q25
1587,T6/S12,2020-11-19 10:07:00,2,1.099999999999909,2020-11-19 09:11:00,56.0,True,touch_q25
1588,T6/S12,2020-12-28 10:08:00,3,1.0100000000002185,2020-12-28 10:07:00,1.0,True,touch_q25
1589,T6/S12,2021-01-26 09:58:00,1,1.1699999999998454,2021-01-26 09:50:00,8.0,True,touch_q25
1590,T6/S12,2021-02-02 09:47:00,2,1.099999999999909,2021-02-02 09:46:00,1.0,True,touch_q25
1591,T6/S12,2021-02-04 16:04:00,4,0.9475000000001046,2021-02-04 10:50:00,314.0,True,touch_q25
1592,T6/S12,2021-02-26 08:14:00,2,1.099999999999909,2021-02-26 08:01:00,13.0,True,touch_q25
1593,T6/S12,2021-03-08 09:54:00,1,1.1699999999998454,2021-03-08 09:53:00,1.0,True,touch_q25
1594,T6/S12,2021-03-12 11:19:00,2,1.099999999999909,2021-03-12 09:37:00,102.0,True,touch_q25
1595,T6/S12,2021-06-03 15:34:00,1,1.1699999999998454,2021-06-03 09:06:00,388.0,True,touch_q25
1596,T6/S12,2021-06-17 10:09:00,1,1.1699999999998454,2021-06-17 10:09:00,0.0,True,touch_q25
1597,T6/S12,2021-09-07 11:09:00,1,1.1699999999998454,2021-09-07 08:27:00,162.0,True,touch_q25
1598,T6/S12,2021-10-15 10:23:00,1,1.1699999999998454,2021-10-15 10:22:00,1.0,True,touch_q25
1599,T6/S12,2021-11-19 09:55:00,1,1.1699999999998454,,,False,touch_q25
1600,T6/S12,2022-01-27 08:43:00,1,1.1699999999998454,2022-01-27 08:42:00,1.0,True,touch_q25
1601,T6/S12,2022-01-27 09:45:00,2,1.099999999999909,2022-01-27 09:44:00,1.0,True,touch_q25
1602,T6/S12,2022-02-28 10:00:00,4,0.9475000000001046,2022-02-28 09:56:00,4.0,True,touch_q25
1603,T6/S12,2022-03-15 08:27:00,4,0.9475000000001046,2022-03-15 08:00:00,27.0,True,touch_q25
1604,T6/S12,2022-03-15 08:52:00,4,0.9475000000001046,2022-03-15 08:50:00,2.0,True,touch_q25
1605,T6/S12,2022-03-25 08:38:00,2,1.099999999999909,2022-03-25 08:37:00,1.0,True,touch_q25
1606,T6/S12,2022-03-25 09:03:00,2,1.099999999999909,2022-03-25 09:02:00,1.0,True,touch_q25
1607,T6/S12,2022-03-28 08:55:00,2,1.099999999999909,2022-03-28 08:54:00,1.0,True,touch_q25
1608,T6/S12,2022-03-28 09:36:00,4,0.9475000000001046,2022-03-28 09:06:00,30.0,True,touch_q25
1609,T6/S12,2022-03-31 08:30:00,2,1.099999999999909,2022-03-31 08:29:00,1.0,True,touch_q25
1610,T6/S12,2022-03-31 11:36:00,12,,,,False,touch_q25
1611,T6/S12,2022-05-25 11:25:00,4,0.9475000000001046,2022-05-25 11:24:00,1.0,True,touch_q25
1612,T6/S12,2022-07-20 13:50:00,6,1.5199999999999818,2022-07-20 11:25:00,145.0,True,touch_q25
1613,T6/S12,2022-08-10 08:17:00,2,1.099999999999909,2022-08-10 08:16:00,1.0,True,touch_q25
1614,T6/S12,2022-08-10 10:23:00,4,0.9475000000001046,2022-08-10 09:19:00,64.0,True,touch_q25
1615,T6/S12,2022-08-15 08:25:00,3,1.0100000000002185,2022-08-15 08:23:00,2.0,True,touch_q25
1616,T6/S12,2022-08-15 09:14:00,3,1.0100000000002185,2022-08-15 09:10:00,4.0,True,touch_q25
1617,T6/S12,2022-08-19 11:05:00,6,1.5199999999999818,2022-08-19 11:04:00,1.0,True,touch_q25
1618,T6/S12,2022-08-29 09:17:00,6,1.5199999999999818,2022-08-29 08:09:00,68.0,True,touch_q25
1619,T6/S12,2022-09-20 08:58:00,3,1.0100000000002185,2022-09-20 08:55:00,3.0,True,touch_q25
1620,T6/S12,2022-09-21 17:33:00,21,,,,False,touch_q25
1621,T6/S12,2022-09-29 10:26:00,6,1.5199999999999818,2022-09-29 10:26:00,0.0,True,touch_q25
1622,T6/S12,2022-10-19 09:02:00,3,1.0100000000002185,2022-10-19 08:01:00,61.0,True,touch_q25
1623,T6/S12,2022-10-25 10:15:00,6,1.5199999999999818,,,False,touch_q25
1624,T6/S12,2022-12-05 09:45:00,3,1.0100000000002185,2022-12-05 09:43:00,2.0,True,touch_q25
1625,T6/S12,2022-12-22 11:28:00,9,,,,False,touch_q25
1626,T6/S12,2023-01-13 13:59:00,21,,,,False,touch_q25
1627,T6/S12,2023-01-23 09:28:00,4,0.9475000000001046,2023-01-23 09:17:00,11.0,True,touch_q25
1628,T6/S12,2023-01-23 10:03:00,4,0.9475000000001046,2023-01-23 10:02:00,1.0,True,touch_q25
1629,T6/S12,2023-01-25 09:33:00,16,,,,False,touch_q25
1630,T6/S12,2023-02-15 08:47:00,4,0.9475000000001046,2023-02-15 08:44:00,3.0,True,touch_q25
1631,T6/S12,2023-02-15 09:32:00,8,,2023-02-15 09:00:00,32.0,True,touch_q25
1632,T6/S12,2023-03-15 09:24:00,8,,,,False,touch_q25
1633,T6/S12,2023-03-27 10:06:00,4,0.9475000000001046,2023-03-27 10:03:00,3.0,True,touch_q25
1634,T6/S12,2023-04-19 09:25:00,5,1.3239999999999554,2023-04-19 09:24:00,1.0,True,touch_q25
1635,T6/S12,2023-04-19 09:59:00,15,,,,False,touch_q25
1636,T6/S12,2023-04-21 08:13:00,5,1.3239999999999554,2023-04-21 08:13:00,0.0,True,touch_q25
1637,T6/S12,2023-04-21 08:31:00,5,1.3239999999999554,2023-04-21 08:30:00,1.0,True,touch_q25
1638,T6/S12,2023-04-21 08:51:00,5,1.3239999999999554,2023-04-21 08:50:00,1.0,True,touch_q25
1639,T6/S12,2023-04-21 09:26:00,10,,,,False,touch_q25
1640,T6/S12,2023-04-24 16:25:00,25,,,,False,touch_q25
1641,T6/S12,2023-05-16 14:34:00,10,,,,False,touch_q25
1642,T6/S12,2023-05-17 11:11:00,10,,,,False,touch_q25
1643,T6/S12,2023-05-18 09:52:00,10,,,,False,touch_q25
1644,T6/S12,2023-05-22 09:10:00,5,1.3239999999999554,2023-05-22 09:09:00,1.0,True,touch_q25
1645,T6/S12,2023-05-22 14:33:00,25,,,,False,touch_q25
1646,T6/S12,2023-06-21 12:14:00,10,,,,False,touch_q25
1647,T6/S12,2023-08-01 09:11:00,6,1.5199999999999818,2023-08-01 09:10:00,1.0,True,touch_q25
1648,T6/S12,2023-08-01 10:10:00,6,1.5199999999999818,2023-08-01 10:10:00,0.0,True,touch_q25
1649,T6/S12,2023-09-25 09:08:00,6,1.5199999999999818,,,False,touch_q25
1650,T6/S12,2023-09-25 11:18:00,18,,,,False,touch_q25
1651,T6/S12,2023-10-06 15:21:00,18,,,,False,touch_q25
1652,T6/S12,2023-10-16 09:02:00,6,1.5199999999999818,2023-10-16 09:01:00,1.0,True,touch_q25
1653,T6/S12,2023-10-16 09:29:00,12,,,,False,touch_q25
1654,T6/S12,2023-10-16 09:47:00,6,1.5199999999999818,2023-10-16 09:46:00,1.0,True,touch_q25
1655,T6/S12,2023-10-16 09:55:00,6,1.5199999999999818,2023-10-16 09:55:00,0.0,True,touch_q25
1656,T6/S12,2023-11-07 10:16:00,7,,,,False,touch_q25
1657,T6/S12,2023-12-04 09:52:00,8,,,,False,touch_q25
1,T1/S01,2018-01-02 22:33:00,1,0.7599999999999909,2018-01-02 22:33:00,0.0,True,touch_median
2,T1/S01,2018-01-02 23:14:00,1,0.7599999999999909,2018-01-02 23:13:00,1.0,True,touch_median
3,T1/S01,2018-01-03 01:21:00,1,0.7599999999999909,,,False,touch_median
4,T1/S01,2018-01-04 23:25:00,1,0.7599999999999909,2018-01-04 23:25:00,0.0,True,touch_median
5,T1/S01,2018-01-09 04:23:00,3,0.7283333333332394,,,False,touch_median
6,T1/S01,2018-01-12 22:13:00,1,0.7599999999999909,2018-01-12 22:13:00,0.0,True,touch_median
7,T1/S01,2018-01-15 03:01:00,2,0.7499999999997726,2018-01-15 02:59:00,2.0,True,touch_median
8,T1/S01,2018-01-23 03:22:00,2,0.7499999999997726,2018-01-23 03:21:00,1.0,True,touch_median
9,T1/S01,2018-01-23 22:13:00,1,0.7599999999999909,2018-01-23 22:12:00,1.0,True,touch_median
10,T1/S01,2018-01-23 22:54:00,1,0.7599999999999909,,,False,touch_median
11,T1/S01,2018-01-24 08:38:00,1,0.7599999999999909,2018-01-24 01:40:00,418.0,True,touch_median
12,T1/S01,2018-01-25 03:59:00,2,0.7499999999997726,2018-01-25 03:59:00,0.0,True,touch_median
13,T1/S01,2018-02-01 22:27:00,1,0.7599999999999909,2018-02-01 22:23:00,4.0,True,touch_median
14,T1/S01,2018-02-01 22:45:00,1,0.7599999999999909,2018-02-01 22:44:00,1.0,True,touch_median
15,T1/S01,2018-02-01 22:55:00,1,0.7599999999999909,2018-02-01 22:54:00,1.0,True,touch_median
16,T1/S01,2018-02-01 23:04:00,1,0.7599999999999909,,,False,touch_median
17,T1/S01,2018-02-02 01:35:00,3,0.7283333333332394,2018-02-02 01:35:00,0.0,True,touch_median
18,T1/S01,2018-02-05 22:19:00,1,0.7599999999999909,2018-02-05 22:18:00,1.0,True,touch_median
19,T1/S01,2018-02-05 23:38:00,2,0.7499999999997726,2018-02-05 23:37:00,1.0,True,touch_median
20,T1/S01,2018-02-14 01:13:00,1,0.7599999999999909,2018-02-14 01:13:00,0.0,True,touch_median
21,T1/S01,2018-03-01 22:01:00,1,0.7599999999999909,2018-03-01 22:00:00,1.0,True,touch_median
22,T1/S01,2018-03-01 22:20:00,2,0.7499999999997726,2018-03-01 22:18:00,2.0,True,touch_median
23,T1/S01,2018-03-01 22:31:00,1,0.7599999999999909,2018-03-01 22:25:00,6.0,True,touch_median
24,T1/S01,2018-03-02 07:54:00,2,0.7499999999997726,2018-03-02 03:56:00,238.0,True,touch_median
25,T1/S01,2018-03-13 01:12:00,1,0.7599999999999909,2018-03-13 01:11:00,1.0,True,touch_median
26,T1/S01,2018-03-29 22:56:00,1,0.7599999999999909,,,False,touch_median
27,T1/S01,2018-04-02 02:02:00,2,0.7499999999997726,2018-04-02 01:01:00,61.0,True,touch_median
28,T1/S01,2018-04-10 14:33:00,1,0.7599999999999909,2018-04-10 03:08:00,685.0,True,touch_median
29,T1/S01,2018-04-18 10:49:00,3,0.7283333333332394,,,False,touch_median
30,T1/S01,2018-04-25 02:29:00,2,0.7499999999997726,2018-04-25 02:29:00,0.0,True,touch_median
31,T1/S01,2018-04-26 03:04:00,2,0.7499999999997726,,,False,touch_median
32,T1/S01,2018-04-30 03:42:00,1,0.7599999999999909,2018-04-30 03:16:00,26.0,True,touch_median
33,T1/S01,2018-05-08 22:01:00,1,0.7599999999999909,2018-05-08 22:00:00,1.0,True,touch_median
34,T1/S01,2018-05-09 15:21:00,1,0.7599999999999909,2018-05-09 02:27:00,774.0,True,touch_median
35,T1/S01,2018-05-11 10:52:00,2,0.7499999999997726,2018-05-11 10:52:00,0.0,True,touch_median
36,T1/S01,2018-05-21 22:13:00,1,0.7599999999999909,,,False,touch_median
37,T1/S01,2018-05-22 02:21:00,1,0.7599999999999909,,,False,touch_median
38,T1/S01,2018-06-11 02:19:00,1,0.7599999999999909,2018-06-11 01:01:00,78.0,True,touch_median
39,T1/S01,2018-06-25 01:34:00,1,0.7599999999999909,2018-06-25 01:34:00,0.0,True,touch_median
40,T1/S01,2018-07-17 04:52:00,3,0.7283333333332394,,,False,touch_median
41,T1/S01,2018-07-23 01:34:00,2,0.7499999999997726,,,False,touch_median
42,T1/S01,2018-07-26 02:24:00,1,0.7599999999999909,,,False,touch_median
43,T1/S01,2018-08-01 05:07:00,1,0.7599999999999909,2018-08-01 05:04:00,3.0,True,touch_median
44,T1/S01,2018-08-09 03:28:00,1,0.7599999999999909,,,False,touch_median
45,T1/S01,2018-08-20 05:22:00,1,0.7599999999999909,2018-08-20 05:22:00,0.0,True,touch_median
46,T1/S01,2018-08-21 03:08:00,1,0.7599999999999909,2018-08-21 03:08:00,0.0,True,touch_median
47,T1/S01,2018-08-21 23:48:00,1,0.7599999999999909,2018-08-21 23:47:00,1.0,True,touch_median
48,T1/S01,2018-08-22 03:21:00,1,0.7599999999999909,,,False,touch_median
49,T1/S01,2018-09-12 12:34:00,4,0.8600000000003547,2018-09-12 12:33:00,1.0,True,touch_median
50,T1/S01,2018-09-13 11:37:00,3,0.7283333333332394,2018-09-13 11:36:00,1.0,True,touch_median
51,T1/S01,2018-09-21 03:16:00,1,0.7599999999999909,,,False,touch_median
52,T1/S01,2018-09-24 10:17:00,3,0.7283333333332394,2018-09-24 10:16:00,1.0,True,touch_median
53,T1/S01,2018-10-08 22:57:00,1,0.7599999999999909,,,False,touch_median
54,T1/S01,2018-10-09 02:42:00,1,0.7599999999999909,2018-10-09 02:42:00,0.0,True,touch_median
55,T1/S01,2018-10-10 22:11:00,1,0.7599999999999909,2018-10-10 22:10:00,1.0,True,touch_median
56,T1/S01,2018-10-10 23:38:00,2,0.7499999999997726,2018-10-10 22:59:00,39.0,True,touch_median
57,T1/S01,2018-10-11 09:40:00,2,0.7499999999997726,2018-10-11 09:40:00,0.0,True,touch_median
58,T1/S01,2018-10-23 04:25:00,1,0.7599999999999909,,,False,touch_median
59,T1/S01,2018-10-24 22:35:00,1,0.7599999999999909,,,False,touch_median
60,T1/S01,2018-10-25 01:03:00,1,0.7599999999999909,2018-10-25 01:01:00,2.0,True,touch_median
61,T1/S01,2018-10-26 01:07:00,1,0.7599999999999909,,,False,touch_median
62,T1/S01,2018-11-28 08:25:00,2,0.7499999999997726,,,False,touch_median
63,T1/S01,2018-11-30 22:31:00,1,0.7599999999999909,2018-11-30 22:31:00,0.0,True,touch_median
64,T1/S01,2018-12-03 01:06:00,1,0.7599999999999909,,,False,touch_median
65,T1/S01,2018-12-10 01:03:00,2,0.7499999999997726,2018-12-10 01:01:00,2.0,True,touch_median
66,T1/S01,2018-12-31 09:04:00,3,0.7283333333332394,,,False,touch_median
67,T1/S01,2019-01-03 23:00:00,1,0.7599999999999909,2019-01-03 22:59:00,1.0,True,touch_median
68,T1/S01,2019-01-04 01:59:00,1,0.7599999999999909,,,False,touch_median
69,T1/S01,2019-01-10 04:05:00,2,0.7499999999997726,,,False,touch_median
70,T1/S01,2019-01-28 03:05:00,3,0.7283333333332394,2019-01-28 03:04:00,1.0,True,touch_median
71,T1/S01,2019-01-30 22:08:00,1,0.7599999999999909,2019-01-30 22:08:00,0.0,True,touch_median
72,T1/S01,2019-01-30 22:17:00,1,0.7599999999999909,,,False,touch_median
73,T1/S01,2019-01-30 22:41:00,1,0.7599999999999909,2019-01-30 22:40:00,1.0,True,touch_median
74,T1/S01,2019-01-31 01:03:00,1,0.7599999999999909,2019-01-30 23:30:00,93.0,True,touch_median
75,T1/S01,2019-02-06 04:29:00,2,0.7499999999997726,2019-02-06 04:28:00,1.0,True,touch_median
76,T1/S01,2019-02-15 22:58:00,1,0.7599999999999909,2019-02-15 22:58:00,0.0,True,touch_median
77,T1/S01,2019-03-05 22:18:00,1,0.7599999999999909,,,False,touch_median
78,T1/S01,2019-03-06 02:11:00,1,0.7599999999999909,2019-03-06 02:10:00,1.0,True,touch_median
79,T1/S01,2019-03-13 02:27:00,1,0.7599999999999909,2019-03-13 02:26:00,1.0,True,touch_median
80,T1/S01,2019-04-04 22:24:00,1,0.7599999999999909,,,False,touch_median
81,T1/S01,2019-04-05 16:04:00,1,0.7599999999999909,2019-04-05 15:56:00,8.0,True,touch_median
82,T1/S01,2019-04-22 02:53:00,1,0.7599999999999909,2019-04-22 01:46:00,67.0,True,touch_median
83,T1/S01,2019-04-30 03:17:00,1,0.7599999999999909,,,False,touch_median
84,T1/S01,2019-05-15 02:57:00,1,0.7599999999999909,,,False,touch_median
85,T1/S01,2019-05-27 04:15:00,1,0.7599999999999909,,,False,touch_median
86,T1/S01,2019-05-29 03:13:00,1,0.7599999999999909,2019-05-29 03:12:00,1.0,True,touch_median
87,T1/S01,2019-06-03 01:14:00,1,0.7599999999999909,,,False,touch_median
88,T1/S01,2019-06-03 22:13:00,1,0.7599999999999909,2019-06-03 22:12:00,1.0,True,touch_median
89,T1/S01,2019-06-04 04:28:00,2,0.7499999999997726,,,False,touch_median
90,T1/S01,2019-06-04 22:34:00,1,0.7599999999999909,2019-06-04 22:33:00,1.0,True,touch_median
91,T1/S01,2019-06-05 03:07:00,3,0.7283333333332394,,,False,touch_median
92,T1/S01,2019-06-19 23:17:00,1,0.7599999999999909,2019-06-19 23:16:00,1.0,True,touch_median
93,T1/S01,2019-06-20 03:24:00,3,0.7283333333332394,2019-06-20 03:24:00,0.0,True,touch_median
94,T1/S01,2019-06-21 22:26:00,1,0.7599999999999909,2019-06-21 22:26:00,0.0,True,touch_median
95,T1/S01,2019-06-24 22:47:00,2,0.7499999999997726,,,False,touch_median
96,T1/S01,2019-06-24 23:12:00,1,0.7599999999999909,2019-06-24 23:11:00,1.0,True,touch_median
97,T1/S01,2019-06-24 23:32:00,1,0.7599999999999909,2019-06-24 23:31:00,1.0,True,touch_median
98,T1/S01,2019-06-27 23:54:00,1,0.7599999999999909,,,False,touch_median
99,T1/S01,2019-07-02 22:03:00,1,0.7599999999999909,2019-07-02 22:02:00,1.0,True,touch_median
100,T1/S01,2019-07-02 22:07:00,1,0.7599999999999909,2019-07-02 22:06:00,1.0,True,touch_median
101,T1/S01,2019-07-02 22:15:00,1,0.7599999999999909,2019-07-02 22:14:00,1.0,True,touch_median
102,T1/S01,2019-07-02 22:43:00,1,0.7599999999999909,2019-07-02 22:37:00,6.0,True,touch_median
103,T1/S01,2019-07-02 23:32:00,2,0.7499999999997726,2019-07-02 22:58:00,34.0,True,touch_median
104,T1/S01,2019-07-03 01:05:00,2,0.7499999999997726,2019-07-02 23:36:00,89.0,True,touch_median
105,T1/S01,2019-07-05 22:21:00,1,0.7599999999999909,2019-07-05 22:20:00,1.0,True,touch_median
106,T1/S01,2019-07-08 08:12:00,1,0.7599999999999909,2019-07-05 22:29:00,3463.0,True,touch_median
107,T1/S01,2019-07-10 22:23:00,1,0.7599999999999909,2019-07-10 22:23:00,0.0,True,touch_median
108,T1/S01,2019-07-10 22:31:00,1,0.7599999999999909,2019-07-10 22:30:00,1.0,True,touch_median
109,T1/S01,2019-07-10 22:51:00,1,0.7599999999999909,2019-07-10 22:47:00,4.0,True,touch_median
110,T1/S01,2019-07-11 01:05:00,2,0.7499999999997726,2019-07-10 22:58:00,127.0,True,touch_median
111,T1/S01,2019-07-15 01:05:00,2,0.7499999999997726,2019-07-15 01:05:00,0.0,True,touch_median
112,T1/S01,2019-07-16 01:08:00,2,0.7499999999997726,2019-07-16 01:07:00,1.0,True,touch_median
113,T1/S01,2019-07-18 01:08:00,1,0.7599999999999909,2019-07-18 01:07:00,1.0,True,touch_median
114,T1/S01,2019-07-18 22:05:00,1,0.7599999999999909,2019-07-18 22:05:00,0.0,True,touch_median
115,T1/S01,2019-07-18 22:09:00,1,0.7599999999999909,2019-07-18 22:08:00,1.0,True,touch_median
116,T1/S01,2019-07-18 22:16:00,1,0.7599999999999909,2019-07-18 22:12:00,4.0,True,touch_median
117,T1/S01,2019-07-18 22:46:00,2,0.7499999999997726,2019-07-18 22:45:00,1.0,True,touch_median
118,T1/S01,2019-07-18 22:50:00,1,0.7599999999999909,2019-07-18 22:49:00,1.0,True,touch_median
119,T1/S01,2019-07-19 01:06:00,1,0.7599999999999909,2019-07-18 23:00:00,126.0,True,touch_median
120,T1/S01,2019-07-29 22:01:00,1,0.7599999999999909,2019-07-29 22:00:00,1.0,True,touch_median
121,T1/S01,2019-07-29 22:14:00,1,0.7599999999999909,2019-07-29 22:14:00,0.0,True,touch_median
122,T1/S01,2019-07-30 13:18:00,2,0.7499999999997726,2019-07-30 09:39:00,219.0,True,touch_median
123,T1/S01,2019-07-31 09:27:00,1,0.7599999999999909,2019-07-31 08:32:00,55.0,True,touch_median
124,T1/S01,2019-08-01 22:02:00,1,0.7599999999999909,2019-08-01 22:01:00,1.0,True,touch_median
125,T1/S01,2019-08-01 22:11:00,1,0.7599999999999909,2019-08-01 22:10:00,1.0,True,touch_median
126,T1/S01,2019-08-01 22:16:00,1,0.7599999999999909,2019-08-01 22:15:00,1.0,True,touch_median
127,T1/S01,2019-08-01 22:50:00,3,0.7283333333332394,2019-08-01 22:43:00,7.0,True,touch_median
128,T1/S01,2019-08-06 01:05:00,5,4.149999999999636,2019-08-06 01:05:00,0.0,True,touch_median
129,T1/S01,2019-08-09 01:05:00,4,0.8600000000003547,2019-08-09 01:05:00,0.0,True,touch_median
130,T1/S01,2019-08-12 22:14:00,2,0.7499999999997726,2019-08-12 22:13:00,1.0,True,touch_median
131,T1/S01,2019-08-12 22:33:00,3,0.7283333333332394,2019-08-12 22:23:00,10.0,True,touch_median
132,T1/S01,2019-08-13 04:09:00,1,0.7599999999999909,2019-08-12 23:18:00,291.0,True,touch_median
133,T1/S01,2019-08-26 01:05:00,5,4.149999999999636,2019-08-23 22:52:00,3013.0,True,touch_median
134,T1/S01,2019-09-20 22:01:00,1,0.7599999999999909,2019-09-20 22:00:00,1.0,True,touch_median
135,T1/S01,2019-09-20 22:19:00,2,0.7499999999997726,,,False,touch_median
136,T1/S01,2019-09-20 22:29:00,2,0.7499999999997726,2019-09-20 22:28:00,1.0,True,touch_median
137,T1/S01,2019-09-20 22:46:00,1,0.7599999999999909,2019-09-20 22:45:00,1.0,True,touch_median
138,T1/S01,2019-09-23 04:52:00,1,0.7599999999999909,2019-09-23 04:29:00,23.0,True,touch_median
139,T1/S01,2019-10-09 01:25:00,1,0.7599999999999909,,,False,touch_median
140,T1/S01,2019-11-08 02:32:00,2,0.7499999999997726,,,False,touch_median
141,T1/S01,2019-11-13 07:49:00,1,0.7599999999999909,2019-11-13 02:43:00,306.0,True,touch_median
142,T1/S01,2019-12-11 09:25:00,2,0.7499999999997726,2019-12-11 09:24:00,1.0,True,touch_median
143,T1/S01,2019-12-24 03:47:00,1,0.7599999999999909,2019-12-24 03:46:00,1.0,True,touch_median
144,T1/S01,2019-12-27 04:23:00,2,0.7499999999997726,2019-12-27 04:22:00,1.0,True,touch_median
145,T1/S01,2020-01-03 23:37:00,1,0.7599999999999909,2020-01-03 23:36:00,1.0,True,touch_median
146,T1/S01,2020-01-06 01:05:00,1,0.7599999999999909,2020-01-06 01:05:00,0.0,True,touch_median
147,T1/S01,2020-01-13 15:49:00,8,1.2849999999998545,,,False,touch_median
148,T1/S01,2020-01-14 22:29:00,1,0.7599999999999909,2020-01-14 22:27:00,2.0,True,touch_median
149,T1/S01,2020-01-23 01:18:00,1,0.7599999999999909,2020-01-23 01:18:00,0.0,True,touch_median
150,T1/S01,2020-01-29 22:15:00,1,0.7599999999999909,2020-01-29 22:14:00,1.0,True,touch_median
151,T1/S01,2020-01-29 22:52:00,2,0.7499999999997726,2020-01-29 22:51:00,1.0,True,touch_median
152,T1/S01,2020-01-29 23:02:00,1,0.7599999999999909,2020-01-29 23:02:00,0.0,True,touch_median
153,T1/S01,2020-01-30 01:51:00,2,0.7499999999997726,2020-01-30 01:50:00,1.0,True,touch_median
154,T1/S01,2020-02-07 02:39:00,2,0.7499999999997726,2020-02-07 02:39:00,0.0,True,touch_median
155,T1/S01,2020-02-10 01:34:00,1,0.7599999999999909,2020-02-10 01:28:00,6.0,True,touch_median
156,T1/S01,2020-02-11 22:10:00,1,0.7599999999999909,,,False,touch_median
157,T1/S01,2020-02-12 06:06:00,3,0.7283333333332394,,,False,touch_median
158,T1/S01,2020-02-27 01:41:00,7,1.2600000000002185,2020-02-26 22:07:00,214.0,True,touch_median
159,T1/S01,2020-03-05 22:40:00,2,0.7499999999997726,2020-03-05 22:40:00,0.0,True,touch_median
160,T1/S01,2020-03-05 22:46:00,1,0.7599999999999909,2020-03-05 22:45:00,1.0,True,touch_median
161,T1/S01,2020-03-06 01:10:00,3,0.7283333333332394,2020-03-06 01:10:00,0.0,True,touch_median
162,T1/S01,2020-03-06 22:02:00,1,0.7599999999999909,2020-03-06 22:01:00,1.0,True,touch_median
163,T1/S01,2020-03-06 22:07:00,1,0.7599999999999909,2020-03-06 22:06:00,1.0,True,touch_median
164,T1/S01,2020-03-06 22:14:00,1,0.7599999999999909,2020-03-06 22:12:00,2.0,True,touch_median
165,T1/S01,2020-03-09 01:03:00,5,4.149999999999636,2020-03-09 00:05:00,58.0,True,touch_median
166,T1/S01,2020-03-20 22:50:00,1,0.7599999999999909,2020-03-20 22:49:00,1.0,True,touch_median
167,T1/S01,2020-03-23 01:09:00,2,0.7499999999997726,2020-03-20 22:54:00,3015.0,True,touch_median
168,T1/S01,2020-04-06 22:04:00,1,0.7599999999999909,2020-04-06 22:03:00,1.0,True,touch_median
169,T1/S01,2020-04-06 22:08:00,1,0.7599999999999909,2020-04-06 22:07:00,1.0,True,touch_median
170,T1/S01,2020-04-06 22:14:00,1,0.7599999999999909,2020-04-06 22:13:00,1.0,True,touch_median
171,T1/S01,2020-04-06 22:26:00,2,0.7499999999997726,2020-04-06 22:25:00,1.0,True,touch_median
172,T1/S01,2020-04-06 22:36:00,1,0.7599999999999909,2020-04-06 22:30:00,6.0,True,touch_median
173,T1/S01,2020-04-06 22:44:00,1,0.7599999999999909,2020-04-06 22:43:00,1.0,True,touch_median
174,T1/S01,2020-04-06 22:55:00,4,0.8600000000003547,2020-04-06 22:52:00,3.0,True,touch_median
175,T1/S01,2020-04-14 03:12:00,1,0.7599999999999909,2020-04-14 02:05:00,67.0,True,touch_median
176,T1/S01,2020-04-29 23:04:00,1,0.7599999999999909,2020-04-29 22:59:00,5.0,True,touch_median
177,T1/S01,2020-04-29 23:07:00,1,0.7599999999999909,2020-04-29 23:06:00,1.0,True,touch_median
178,T1/S01,2020-04-29 23:20:00,1,0.7599999999999909,2020-04-29 23:19:00,1.0,True,touch_median
179,T1/S01,2020-04-30 02:39:00,3,0.7283333333332394,2020-04-30 02:38:00,1.0,True,touch_median
180,T1/S01,2020-05-01 22:12:00,2,0.7499999999997726,2020-05-01 22:00:00,12.0,True,touch_median
181,T1/S01,2020-05-01 22:45:00,6,0.5900000000001455,2020-05-01 22:19:00,26.0,True,touch_median
182,T1/S01,2020-05-01 22:50:00,1,0.7599999999999909,2020-05-01 22:49:00,1.0,True,touch_median
183,T1/S01,2020-05-19 22:23:00,1,0.7599999999999909,2020-05-19 22:22:00,1.0,True,touch_median
184,T1/S01,2020-05-20 04:05:00,1,0.7599999999999909,2020-05-19 23:08:00,297.0,True,touch_median
185,T1/S01,2020-05-21 23:48:00,2,0.7499999999997726,2020-05-21 23:45:00,3.0,True,touch_median
186,T1/S01,2020-06-05 23:10:00,1,0.7599999999999909,2020-06-05 23:09:00,1.0,True,touch_median
187,T1/S01,2020-06-05 23:16:00,1,0.7599999999999909,2020-06-05 23:15:00,1.0,True,touch_median
188,T1/S01,2020-06-09 01:05:00,2,0.7499999999997726,2020-06-09 01:05:00,0.0,True,touch_median
189,T1/S01,2020-06-15 22:06:00,1,0.7599999999999909,2020-06-15 22:05:00,1.0,True,touch_median
190,T1/S01,2020-06-15 22:21:00,1,0.7599999999999909,2020-06-15 22:20:00,1.0,True,touch_median
191,T1/S01,2020-06-15 23:02:00,1,0.7599999999999909,2020-06-15 22:58:00,4.0,True,touch_median
192,T1/S01,2020-06-17 22:51:00,1,0.7599999999999909,2020-06-17 22:50:00,1.0,True,touch_median
193,T1/S01,2020-06-25 22:58:00,1,0.7599999999999909,2020-06-25 22:57:00,1.0,True,touch_median
194,T1/S01,2020-06-29 01:10:00,2,0.7499999999997726,2020-06-29 01:05:00,5.0,True,touch_median
195,T1/S01,2020-07-01 22:58:00,1,0.7599999999999909,,,False,touch_median
196,T1/S01,2020-07-02 04:58:00,4,0.8600000000003547,2020-07-02 01:07:00,231.0,True,touch_median
197,T1/S01,2020-07-10 11:14:00,1,0.7599999999999909,2020-07-10 04:48:00,386.0,True,touch_median
198,T1/S01,2020-07-23 01:05:00,1,0.7599999999999909,2020-07-23 01:05:00,0.0,True,touch_median
199,T1/S01,2020-07-30 23:00:00,2,0.7499999999997726,2020-07-30 22:59:00,1.0,True,touch_median
200,T1/S01,2020-08-04 23:38:00,1,0.7599999999999909,2020-08-04 23:37:00,1.0,True,touch_median
201,T1/S01,2020-08-04 23:53:00,2,0.7499999999997726,2020-08-04 23:50:00,3.0,True,touch_median
202,T1/S01,2020-08-05 01:05:00,1,0.7599999999999909,2020-08-05 01:05:00,0.0,True,touch_median
203,T1/S01,2020-08-06 23:33:00,1,0.7599999999999909,2020-08-06 23:10:00,23.0,True,touch_median
204,T1/S01,2020-08-06 23:50:00,1,0.7599999999999909,2020-08-06 23:49:00,1.0,True,touch_median
205,T1/S01,2020-08-26 01:12:00,1,0.7599999999999909,2020-08-25 22:31:00,161.0,True,touch_median
206,T1/S01,2020-08-26 22:26:00,1,0.7599999999999909,2020-08-26 22:25:00,1.0,True,touch_median
207,T1/S01,2020-08-26 23:49:00,2,0.7499999999997726,,,False,touch_median
208,T1/S01,2020-08-27 22:01:00,1,0.7599999999999909,2020-08-27 22:00:00,1.0,True,touch_median
209,T1/S01,2020-08-27 22:07:00,1,0.7599999999999909,2020-08-27 22:06:00,1.0,True,touch_median
210,T1/S01,2020-08-27 22:21:00,2,0.7499999999997726,2020-08-27 22:21:00,0.0,True,touch_median
211,T1/S01,2020-09-02 23:34:00,1,0.7599999999999909,2020-09-02 23:33:00,1.0,True,touch_median
212,T1/S01,2020-09-03 02:24:00,3,0.7283333333332394,2020-09-03 02:23:00,1.0,True,touch_median
213,T1/S01,2020-09-04 22:10:00,1,0.7599999999999909,2020-09-04 22:09:00,1.0,True,touch_median
214,T1/S01,2020-09-04 22:25:00,1,0.7599999999999909,2020-09-04 22:24:00,1.0,True,touch_median
215,T1/S01,2020-09-28 22:57:00,1,0.7599999999999909,2020-09-28 22:15:00,42.0,True,touch_median
216,T1/S01,2020-10-08 08:38:00,3,0.7283333333332394,2020-10-08 04:46:00,232.0,True,touch_median
217,T1/S01,2020-10-12 01:07:00,2,0.7499999999997726,2020-10-12 01:06:00,1.0,True,touch_median
218,T1/S01,2020-10-16 01:05:00,1,0.7599999999999909,2020-10-16 01:05:00,0.0,True,touch_median
219,T1/S01,2020-10-22 22:28:00,2,0.7499999999997726,,,False,touch_median
220,T1/S01,2020-11-04 23:20:00,1,0.7599999999999909,,,False,touch_median
221,T1/S01,2020-11-04 23:38:00,1,0.7599999999999909,2020-11-04 23:38:00,0.0,True,touch_median
222,T1/S01,2020-11-05 01:12:00,1,0.7599999999999909,2020-11-05 01:11:00,1.0,True,touch_median
223,T1/S01,2020-11-12 01:05:00,1,0.7599999999999909,2020-11-12 01:05:00,0.0,True,touch_median
224,T1/S01,2020-11-19 22:45:00,1,0.7599999999999909,2020-11-19 22:42:00,3.0,True,touch_median
225,T1/S01,2020-11-20 03:13:00,2,0.7499999999997726,2020-11-20 03:12:00,1.0,True,touch_median
226,T1/S01,2020-11-24 23:51:00,1,0.7599999999999909,2020-11-24 23:50:00,1.0,True,touch_median
227,T1/S01,2020-11-25 01:48:00,2,0.7499999999997726,2020-11-25 01:48:00,0.0,True,touch_median
228,T1/S01,2020-12-02 02:49:00,3,0.7283333333332394,2020-12-02 02:49:00,0.0,True,touch_median
229,T1/S01,2020-12-02 23:03:00,2,0.7499999999997726,2020-12-02 23:02:00,1.0,True,touch_median
230,T1/S01,2020-12-04 23:06:00,2,0.7499999999997726,,,False,touch_median
231,T1/S01,2020-12-04 23:39:00,1,0.7599999999999909,2020-12-04 23:39:00,0.0,True,touch_median
232,T1/S01,2020-12-07 02:13:00,3,0.7283333333332394,2020-12-07 02:13:00,0.0,True,touch_median
233,T1/S01,2020-12-30 23:31:00,1,0.7599999999999909,2020-12-30 23:30:00,1.0,True,touch_median
234,T1/S01,2020-12-31 01:12:00,1,0.7599999999999909,2020-12-31 01:11:00,1.0,True,touch_median
235,T1/S01,2021-01-04 23:34:00,1,0.7599999999999909,,,False,touch_median
236,T1/S01,2021-01-05 01:13:00,2,0.7499999999997726,2021-01-05 01:12:00,1.0,True,touch_median
237,T1/S01,2021-01-07 01:27:00,2,0.7499999999997726,2021-01-06 23:11:00,136.0,True,touch_median
238,T1/S01,2021-01-13 11:48:00,1,0.7599999999999909,2021-01-12 22:09:00,819.0,True,touch_median
239,T1/S01,2021-02-05 10:11:00,2,0.7499999999997726,2021-02-05 01:05:00,546.0,True,touch_median
240,T1/S01,2021-03-12 23:40:00,1,0.7599999999999909,2021-03-12 22:39:00,61.0,True,touch_median
241,T1/S01,2021-03-15 02:06:00,2,0.7499999999997726,2021-03-15 00:05:00,121.0,True,touch_median
242,T1/S01,2021-03-16 03:06:00,2,0.7499999999997726,2021-03-16 03:05:00,1.0,True,touch_median
243,T1/S01,2021-04-22 23:46:00,1,0.7599999999999909,2021-04-22 23:46:00,0.0,True,touch_median
244,T1/S01,2021-04-29 22:07:00,1,0.7599999999999909,,,False,touch_median
245,T1/S01,2021-04-29 22:42:00,1,0.7599999999999909,,,False,touch_median
246,T1/S01,2021-04-30 02:45:00,3,0.7283333333332394,,,False,touch_median
247,T1/S01,2021-05-05 23:34:00,1,0.7599999999999909,2021-05-05 23:34:00,0.0,True,touch_median
248,T1/S01,2021-05-06 04:16:00,4,0.8600000000003547,2021-05-06 04:16:00,0.0,True,touch_median
249,T1/S01,2021-05-12 13:13:00,7,1.2600000000002185,2021-05-12 09:37:00,216.0,True,touch_median
250,T1/S01,2021-05-14 22:14:00,1,0.7599999999999909,2021-05-14 22:14:00,0.0,True,touch_median
251,T1/S01,2021-05-14 22:59:00,1,0.7599999999999909,,,False,touch_median
252,T1/S01,2021-05-17 01:06:00,1,0.7599999999999909,2021-05-14 23:41:00,2965.0,True,touch_median
253,T1/S01,2021-05-25 23:03:00,1,0.7599999999999909,,,False,touch_median
254,T1/S01,2021-05-26 03:23:00,2,0.7499999999997726,2021-05-26 03:22:00,1.0,True,touch_median
255,T1/S01,2021-05-27 22:13:00,1,0.7599999999999909,2021-05-27 22:13:00,0.0,True,touch_median
256,T1/S01,2021-05-28 15:48:00,1,0.7599999999999909,2021-05-28 02:45:00,783.0,True,touch_median
257,T1/S01,2021-05-28 22:53:00,1,0.7599999999999909,2021-05-28 22:53:00,0.0,True,touch_median
258,T1/S01,2021-05-31 03:09:00,2,0.7499999999997726,2021-05-28 23:00:00,3129.0,True,touch_median
259,T1/S01,2021-06-02 22:54:00,1,0.7599999999999909,2021-06-02 22:54:00,0.0,True,touch_median
260,T1/S01,2021-06-07 22:13:00,1,0.7599999999999909,,,False,touch_median
261,T1/S01,2021-06-08 03:59:00,1,0.7599999999999909,2021-06-08 03:56:00,3.0,True,touch_median
262,T1/S01,2021-06-10 22:16:00,1,0.7599999999999909,2021-06-10 22:16:00,0.0,True,touch_median
263,T1/S01,2021-06-10 22:22:00,1,0.7599999999999909,2021-06-10 22:22:00,0.0,True,touch_median
264,T1/S01,2021-06-10 22:25:00,1,0.7599999999999909,2021-06-10 22:24:00,1.0,True,touch_median
265,T1/S01,2021-06-10 23:44:00,1,0.7599999999999909,2021-06-10 23:43:00,1.0,True,touch_median
266,T1/S01,2021-06-11 06:07:00,1,0.7599999999999909,2021-06-11 01:36:00,271.0,True,touch_median
267,T1/S01,2021-06-15 01:12:00,1,0.7599999999999909,,,False,touch_median
268,T1/S01,2021-06-16 07:30:00,1,0.7599999999999909,2021-06-16 01:37:00,353.0,True,touch_median
269,T1/S01,2021-06-25 23:49:00,1,0.7599999999999909,,,False,touch_median
270,T1/S01,2021-06-28 01:24:00,1,0.7599999999999909,,,False,touch_median
271,T1/S01,2021-07-01 08:46:00,4,0.8600000000003547,2021-07-01 04:14:00,272.0,True,touch_median
272,T1/S01,2021-07-02 10:19:00,2,0.7499999999997726,2021-07-01 23:41:00,638.0,True,touch_median
273,T1/S01,2021-07-02 22:05:00,1,0.7599999999999909,2021-07-02 22:05:00,0.0,True,touch_median
274,T1/S01,2021-07-05 04:36:00,4,0.8600000000003547,2021-07-05 04:35:00,1.0,True,touch_median
275,T1/S01,2021-07-09 02:49:00,1,0.7599999999999909,2021-07-09 02:00:00,49.0,True,touch_median
276,T1/S01,2021-07-19 23:34:00,1,0.7599999999999909,2021-07-19 23:34:00,0.0,True,touch_median
277,T1/S01,2021-07-19 23:48:00,1,0.7599999999999909,,,False,touch_median
278,T1/S01,2021-07-20 03:05:00,2,0.7499999999997726,2021-07-20 03:04:00,1.0,True,touch_median
279,T1/S01,2021-08-17 04:05:00,2,0.7499999999997726,2021-08-17 04:05:00,0.0,True,touch_median
280,T1/S01,2021-08-26 14:09:00,6,0.5900000000001455,2021-08-26 14:04:00,5.0,True,touch_median
281,T1/S01,2021-08-30 03:21:00,1,0.7599999999999909,2021-08-30 03:21:00,0.0,True,touch_median
282,T1/S01,2021-09-21 04:57:00,2,0.7499999999997726,2021-09-21 04:56:00,1.0,True,touch_median
283,T1/S01,2021-10-06 22:36:00,1,0.7599999999999909,,,False,touch_median
284,T1/S01,2021-10-06 23:01:00,1,0.7599999999999909,,,False,touch_median
285,T1/S01,2021-10-07 02:43:00,2,0.7499999999997726,,,False,touch_median
286,T1/S01,2021-10-21 22:54:00,1,0.7599999999999909,2021-10-21 22:54:00,0.0,True,touch_median
287,T1/S01,2021-10-22 01:37:00,1,0.7599999999999909,,,False,touch_median
288,T1/S01,2021-10-27 03:14:00,2,0.7499999999997726,2021-10-27 03:14:00,0.0,True,touch_median
289,T1/S01,2021-11-04 01:03:00,3,0.7283333333332394,2021-11-04 00:11:00,52.0,True,touch_median
290,T1/S01,2021-11-05 22:27:00,1,0.7599999999999909,2021-11-05 22:27:00,0.0,True,touch_median
291,T1/S01,2021-11-08 01:34:00,1,0.7599999999999909,2021-11-08 01:12:00,22.0,True,touch_median
292,T1/S01,2021-11-09 22:58:00,1,0.7599999999999909,2021-11-09 22:58:00,0.0,True,touch_median
293,T1/S01,2021-11-16 04:05:00,4,0.8600000000003547,2021-11-16 03:06:00,59.0,True,touch_median
294,T1/S01,2021-11-24 02:01:00,2,0.7499999999997726,2021-11-24 02:00:00,1.0,True,touch_median
295,T1/S01,2021-12-03 01:15:00,1,0.7599999999999909,2021-12-03 01:15:00,0.0,True,touch_median
296,T1/S01,2021-12-06 02:05:00,3,0.7283333333332394,,,False,touch_median
297,T1/S01,2021-12-09 02:18:00,3,0.7283333333332394,2021-12-09 02:17:00,1.0,True,touch_median
298,T1/S01,2021-12-16 23:50:00,1,0.7599999999999909,,,False,touch_median
299,T1/S01,2021-12-17 03:17:00,2,0.7499999999997726,2021-12-17 03:16:00,1.0,True,touch_median
300,T1/S01,2021-12-22 22:07:00,1,0.7599999999999909,,,False,touch_median
301,T1/S01,2021-12-22 23:00:00,2,0.7499999999997726,2021-12-22 22:59:00,1.0,True,touch_median
302,T1/S01,2021-12-23 03:56:00,1,0.7599999999999909,2021-12-23 03:05:00,51.0,True,touch_median
303,T1/S01,2021-12-30 22:36:00,1,0.7599999999999909,2021-12-30 22:36:00,0.0,True,touch_median
304,T1/S01,2021-12-30 22:47:00,1,0.7599999999999909,,,False,touch_median
305,T1/S01,2021-12-31 02:11:00,1,0.7599999999999909,2021-12-31 01:53:00,18.0,True,touch_median
306,T1/S01,2022-01-04 01:34:00,2,0.7499999999997726,,,False,touch_median
307,T1/S01,2022-01-11 22:12:00,1,0.7599999999999909,2022-01-11 22:12:00,0.0,True,touch_median
308,T1/S01,2022-01-11 22:57:00,1,0.7599999999999909,2022-01-11 22:30:00,27.0,True,touch_median
309,T1/S01,2022-01-12 02:33:00,2,0.7499999999997726,,,False,touch_median
310,T1/S01,2022-01-13 22:40:00,1,0.7599999999999909,,,False,touch_median
311,T1/S01,2022-01-13 23:37:00,1,0.7599999999999909,,,False,touch_median
312,T1/S01,2022-01-25 16:46:00,1,0.7599999999999909,2022-01-25 06:00:00,646.0,True,touch_median
313,T1/S01,2022-01-28 23:10:00,1,0.7599999999999909,2022-01-28 23:10:00,0.0,True,touch_median
314,T1/S01,2022-01-28 23:35:00,1,0.7599999999999909,2022-01-28 23:34:00,1.0,True,touch_median
315,T1/S01,2022-01-31 03:59:00,3,0.7283333333332394,2022-01-31 03:59:00,0.0,True,touch_median
316,T1/S01,2022-02-08 15:36:00,1,0.7599999999999909,2022-02-08 03:47:00,709.0,True,touch_median
317,T1/S01,2022-02-11 22:03:00,1,0.7599999999999909,2022-02-11 22:00:00,3.0,True,touch_median
318,T1/S01,2022-02-11 22:09:00,1,0.7599999999999909,2022-02-11 22:06:00,3.0,True,touch_median
319,T1/S01,2022-02-11 22:16:00,1,0.7599999999999909,2022-02-11 22:15:00,1.0,True,touch_median
320,T1/S01,2022-02-11 22:19:00,1,0.7599999999999909,2022-02-11 22:18:00,1.0,True,touch_median
321,T1/S01,2022-02-11 22:25:00,1,0.7599999999999909,2022-02-11 22:25:00,0.0,True,touch_median
322,T1/S01,2022-02-11 23:15:00,2,0.7499999999997726,2022-02-11 23:15:00,0.0,True,touch_median
323,T1/S01,2022-02-28 01:05:00,3,0.7283333333332394,2022-02-28 01:05:00,0.0,True,touch_median
324,T1/S01,2022-02-28 23:12:00,2,0.7499999999997726,,,False,touch_median
325,T1/S01,2022-03-01 10:06:00,12,,,,False,touch_median
326,T1/S01,2022-03-01 23:54:00,6,0.5900000000001455,2022-03-01 23:40:00,14.0,True,touch_median
327,T1/S01,2022-03-03 08:47:00,4,0.8600000000003547,2022-03-02 22:35:00,612.0,True,touch_median
328,T1/S01,2022-03-03 22:19:00,2,0.7499999999997726,2022-03-03 22:18:00,1.0,True,touch_median
329,T1/S01,2022-03-03 22:25:00,2,0.7499999999997726,2022-03-03 22:24:00,1.0,True,touch_median
330,T1/S01,2022-03-03 22:34:00,2,0.7499999999997726,2022-03-03 22:31:00,3.0,True,touch_median
331,T1/S01,2022-03-03 22:38:00,2,0.7499999999997726,2022-03-03 22:37:00,1.0,True,touch_median
332,T1/S01,2022-03-04 02:11:00,8,1.2849999999998545,2022-03-04 02:11:00,0.0,True,touch_median
333,T1/S01,2022-03-07 22:03:00,2,0.7499999999997726,2022-03-07 22:02:00,1.0,True,touch_median
334,T1/S01,2022-03-07 22:35:00,6,0.5900000000001455,2022-03-07 22:34:00,1.0,True,touch_median
335,T1/S01,2022-03-09 04:21:00,20,,,,False,touch_median
336,T1/S01,2022-03-23 22:18:00,2,0.7499999999997726,2022-03-23 22:17:00,1.0,True,touch_median
337,T1/S01,2022-03-24 10:15:00,3,0.7283333333332394,2022-03-24 01:12:00,543.0,True,touch_median
338,T1/S01,2022-03-30 01:05:00,2,0.7499999999997726,2022-03-30 01:05:00,0.0,True,touch_median
339,T1/S01,2022-04-18 01:16:00,2,0.7499999999997726,2022-04-18 01:15:00,1.0,True,touch_median
340,T1/S01,2022-04-20 23:49:00,4,0.8600000000003547,2022-04-20 23:49:00,0.0,True,touch_median
341,T1/S01,2022-04-21 02:59:00,4,0.8600000000003547,,,False,touch_median
342,T1/S01,2022-04-21 23:02:00,2,0.7499999999997726,2022-04-21 23:01:00,1.0,True,touch_median
343,T1/S01,2022-04-21 23:46:00,2,0.7499999999997726,,,False,touch_median
344,T1/S01,2022-04-25 22:19:00,2,0.7499999999997726,2022-04-25 22:18:00,1.0,True,touch_median
345,T1/S01,2022-04-29 03:00:00,4,0.8600000000003547,2022-04-29 03:00:00,0.0,True,touch_median
346,T1/S01,2022-05-16 22:05:00,2,0.7499999999997726,2022-05-16 22:00:00,5.0,True,touch_median
347,T1/S01,2022-05-16 22:07:00,2,0.7499999999997726,2022-05-16 22:06:00,1.0,True,touch_median
348,T1/S01,2022-05-16 22:26:00,2,0.7499999999997726,2022-05-16 22:25:00,1.0,True,touch_median
349,T1/S01,2022-05-16 22:47:00,4,0.8600000000003547,,,False,touch_median
350,T1/S01,2022-05-16 22:51:00,2,0.7499999999997726,2022-05-16 22:49:00,2.0,True,touch_median
351,T1/S01,2022-05-16 22:59:00,2,0.7499999999997726,2022-05-16 22:58:00,1.0,True,touch_median
352,T1/S01,2022-05-17 02:24:00,6,0.5900000000001455,2022-05-17 02:22:00,2.0,True,touch_median
353,T1/S01,2022-05-20 23:50:00,2,0.7499999999997726,2022-05-20 23:49:00,1.0,True,touch_median
354,T1/S01,2022-05-23 01:05:00,2,0.7499999999997726,2022-05-23 01:05:00,0.0,True,touch_median
355,T1/S01,2022-05-26 17:17:00,6,0.5900000000001455,2022-05-26 17:06:00,11.0,True,touch_median
356,T1/S01,2022-05-27 04:51:00,2,0.7499999999997726,2022-05-27 02:56:00,115.0,True,touch_median
357,T1/S01,2022-06-01 22:23:00,2,0.7499999999997726,,,False,touch_median
358,T1/S01,2022-06-02 09:25:00,6,0.5900000000001455,2022-06-02 03:20:00,365.0,True,touch_median
359,T1/S01,2022-06-16 22:41:00,2,0.7499999999997726,2022-06-16 22:38:00,3.0,True,touch_median
360,T1/S01,2022-06-16 23:45:00,2,0.7499999999997726,2022-06-16 23:44:00,1.0,True,touch_median
361,T1/S01,2022-07-07 01:05:00,4,0.8600000000003547,2022-07-07 01:05:00,0.0,True,touch_median
362,T1/S01,2022-07-21 22:47:00,2,0.7499999999997726,,,False,touch_median
363,T1/S01,2022-07-21 22:59:00,4,0.8600000000003547,2022-07-21 22:58:00,1.0,True,touch_median
364,T1/S01,2022-07-22 09:06:00,10,,,,False,touch_median
365,T1/S01,2022-07-27 22:04:00,2,0.7499999999997726,2022-07-27 22:00:00,4.0,True,touch_median
366,T1/S01,2022-07-27 22:07:00,2,0.7499999999997726,2022-07-27 22:06:00,1.0,True,touch_median
367,T1/S01,2022-07-27 22:13:00,2,0.7499999999997726,,,False,touch_median
368,T1/S01,2022-07-27 22:33:00,4,0.8600000000003547,2022-07-27 22:32:00,1.0,True,touch_median
369,T1/S01,2022-07-27 23:39:00,2,0.7499999999997726,,,False,touch_median
370,T1/S01,2022-08-03 22:25:00,2,0.7499999999997726,,,False,touch_median
371,T1/S01,2022-08-03 23:52:00,2,0.7499999999997726,2022-08-03 23:52:00,0.0,True,touch_median
372,T1/S01,2022-08-04 03:34:00,4,0.8600000000003547,,,False,touch_median
373,T1/S01,2022-08-05 03:21:00,4,0.8600000000003547,2022-08-04 22:51:00,270.0,True,touch_median
374,T1/S01,2022-08-12 23:54:00,6,0.5900000000001455,2022-08-12 23:53:00,1.0,True,touch_median
375,T1/S01,2022-09-07 23:45:00,3,0.7283333333332394,2022-09-07 23:44:00,1.0,True,touch_median
376,T1/S01,2022-09-08 04:29:00,6,0.5900000000001455,2022-09-08 04:27:00,2.0,True,touch_median
377,T1/S01,2022-09-20 03:01:00,3,0.7283333333332394,2022-09-20 03:00:00,1.0,True,touch_median
378,T1/S01,2022-10-03 22:27:00,9,,,,False,touch_median
379,T1/S01,2022-10-05 22:17:00,3,0.7283333333332394,2022-10-05 22:00:00,17.0,True,touch_median
380,T1/S01,2022-10-06 03:05:00,3,0.7283333333332394,2022-10-06 02:19:00,46.0,True,touch_median
381,T1/S01,2022-10-21 22:22:00,3,0.7283333333332394,2022-10-21 22:21:00,1.0,True,touch_median
382,T1/S01,2022-10-21 23:42:00,3,0.7283333333332394,2022-10-21 23:40:00,2.0,True,touch_median
383,T1/S01,2022-10-31 02:06:00,6,0.5900000000001455,2022-10-28 23:46:00,3020.0,True,touch_median
384,T1/S01,2022-11-04 22:20:00,3,0.7283333333332394,2022-11-04 22:19:00,1.0,True,touch_median
385,T1/S01,2022-11-07 10:31:00,6,0.5900000000001455,2022-11-07 01:12:00,559.0,True,touch_median
386,T1/S01,2022-11-10 22:59:00,3,0.7283333333332394,2022-11-10 22:58:00,1.0,True,touch_median
387,T1/S01,2022-11-10 23:09:00,3,0.7283333333332394,2022-11-10 23:08:00,1.0,True,touch_median
388,T1/S01,2022-11-10 23:26:00,6,0.5900000000001455,2022-11-10 23:25:00,1.0,True,touch_median
389,T1/S01,2022-11-14 10:02:00,15,,,,False,touch_median
390,T1/S01,2022-11-16 01:13:00,3,0.7283333333332394,2022-11-16 01:13:00,0.0,True,touch_median
391,T1/S01,2022-11-24 01:51:00,6,0.5900000000001455,2022-11-24 01:49:00,2.0,True,touch_median
392,T1/S01,2022-12-01 01:05:00,6,0.5900000000001455,2022-12-01 01:05:00,0.0,True,touch_median
393,T1/S01,2022-12-05 01:32:00,9,,,,False,touch_median
394,T1/S01,2022-12-08 15:06:00,15,,,,False,touch_median
395,T1/S01,2022-12-16 22:03:00,3,0.7283333333332394,,,False,touch_median
396,T1/S01,2022-12-16 22:17:00,3,0.7283333333332394,,,False,touch_median
397,T1/S01,2022-12-19 02:38:00,3,0.7283333333332394,2022-12-16 23:35:00,3063.0,True,touch_median
398,T1/S01,2023-01-09 01:19:00,6,0.5900000000001455,2023-01-09 01:17:00,2.0,True,touch_median
399,T1/S01,2023-01-19 22:03:00,3,0.7283333333332394,2023-01-19 22:02:00,1.0,True,touch_median
400,T1/S01,2023-01-19 22:10:00,4,0.8600000000003547,2023-01-19 22:09:00,1.0,True,touch_median
401,T1/S01,2023-01-19 22:14:00,4,0.8600000000003547,2023-01-19 22:13:00,1.0,True,touch_median
402,T1/S01,2023-01-20 03:25:00,16,,2023-01-19 22:59:00,266.0,True,touch_median
403,T1/S01,2023-01-24 01:24:00,4,0.8600000000003547,,,False,touch_median
404,T1/S01,2023-01-24 23:00:00,4,0.8600000000003547,,,False,touch_median
405,T1/S01,2023-01-25 22:56:00,4,0.8600000000003547,2023-01-25 22:39:00,17.0,True,touch_median
406,T1/S01,2023-01-26 01:12:00,4,0.8600000000003547,2023-01-26 01:11:00,1.0,True,touch_median
407,T1/S01,2023-02-02 01:05:00,8,1.2849999999998545,2023-02-02 01:05:00,0.0,True,touch_median
408,T1/S01,2023-02-20 03:25:00,4,0.8600000000003547,2023-02-17 23:11:00,3134.0,True,touch_median
409,T1/S01,2023-03-03 22:04:00,4,0.8600000000003547,2023-03-03 22:03:00,1.0,True,touch_median
410,T1/S01,2023-03-03 22:13:00,4,0.8600000000003547,2023-03-03 22:12:00,1.0,True,touch_median
411,T1/S01,2023-03-03 22:21:00,4,0.8600000000003547,,,False,touch_median
412,T1/S01,2023-03-06 05:13:00,7,1.2600000000002185,2023-03-06 04:58:00,15.0,True,touch_median
413,T1/S01,2023-03-31 04:18:00,4,0.8600000000003547,2023-03-31 04:16:00,2.0,True,touch_median
414,T1/S01,2023-04-11 02:29:00,4,0.8600000000003547,,,False,touch_median
415,T1/S01,2023-04-12 22:02:00,4,0.8600000000003547,2023-04-12 22:01:00,1.0,True,touch_median
416,T1/S01,2023-04-12 22:18:00,5,4.149999999999636,,,False,touch_median
417,T1/S01,2023-04-13 02:51:00,5,4.149999999999636,2023-04-13 02:51:00,0.0,True,touch_median
418,T1/S01,2023-04-24 01:42:00,10,,,,False,touch_median
419,T1/S01,2023-05-02 22:47:00,5,4.149999999999636,,,False,touch_median
420,T1/S01,2023-05-02 22:56:00,5,4.149999999999636,,,False,touch_median
421,T1/S01,2023-05-03 04:17:00,15,,,,False,touch_median
422,T1/S01,2023-05-05 22:55:00,5,4.149999999999636,,,False,touch_median
423,T1/S01,2023-05-11 03:48:00,5,4.149999999999636,2023-05-11 03:37:00,11.0,True,touch_median
424,T1/S01,2023-05-18 01:47:00,10,,,,False,touch_median
425,T1/S01,2023-05-24 01:05:00,10,,,,False,touch_median
426,T1/S01,2023-06-06 05:13:00,15,,,,False,touch_median
427,T1/S01,2023-08-25 22:28:00,6,0.5900000000001455,2023-08-25 22:28:00,0.0,True,touch_median
428,T1/S01,2023-09-19 02:31:00,6,0.5900000000001455,2023-09-19 02:31:00,0.0,True,touch_median
429,T1/S01,2023-10-09 22:21:00,6,0.5900000000001455,2023-10-09 22:20:00,1.0,True,touch_median
430,T1/S01,2023-10-09 22:33:00,11,,,,False,touch_median
431,T1/S01,2023-10-10 03:04:00,11,,,,False,touch_median
432,T1/S01,2023-10-13 23:51:00,6,0.5900000000001455,2023-10-13 23:50:00,1.0,True,touch_median
433,T1/S01,2023-10-16 15:22:00,72,,,,False,touch_median
434,T1/S01,2023-10-19 22:01:00,7,1.2600000000002185,,,False,touch_median
435,T1/S01,2023-10-19 22:11:00,7,1.2600000000002185,2023-10-19 22:11:00,0.0,True,touch_median
436,T1/S01,2023-10-19 22:19:00,7,1.2600000000002185,,,False,touch_median
437,T1/S01,2023-10-20 02:09:00,27,,,,False,touch_median
438,T1/S01,2023-10-27 22:03:00,7,1.2600000000002185,2023-10-27 22:03:00,0.0,True,touch_median
439,T1/S01,2023-10-27 22:09:00,7,1.2600000000002185,2023-10-27 22:08:00,1.0,True,touch_median
440,T1/S01,2023-10-30 16:21:00,27,,,,False,touch_median
441,T1/S01,2023-11-08 02:02:00,7,1.2600000000002185,,,False,touch_median
442,T1/S01,2023-11-28 01:51:00,8,1.2849999999998545,,,False,touch_median
443,T1/S01,2023-12-04 01:05:00,8,1.2849999999998545,2023-12-04 01:05:00,0.0,True,touch_median
444,T1/S01,2023-12-11 01:05:00,24,,2023-12-08 23:50:00,2955.0,True,touch_median
445,T1/S01,2023-12-13 22:02:00,8,1.2849999999998545,2023-12-13 22:01:00,1.0,True,touch_median
446,T1/S01,2023-12-13 22:17:00,31,,,,False,touch_median
447,T1/S01,2023-12-13 22:21:00,8,1.2849999999998545,2023-12-13 22:20:00,1.0,True,touch_median
448,T1/S01,2023-12-13 22:36:00,8,1.2849999999998545,2023-12-13 22:35:00,1.0,True,touch_median
449,T1/S01,2023-12-13 22:54:00,16,,,,False,touch_median
450,T1/S01,2023-12-13 23:06:00,16,,,,False,touch_median
451,T1/S01,2023-12-13 23:14:00,8,1.2849999999998545,2023-12-13 23:14:00,0.0,True,touch_median
452,T1/S01,2023-12-13 23:23:00,8,1.2849999999998545,2023-12-13 23:23:00,0.0,True,touch_median
453,T1/S01,2023-12-13 23:44:00,8,1.2849999999998545,,,False,touch_median
454,T1/S01,2023-12-14 01:28:00,8,1.2849999999998545,2023-12-14 01:27:00,1.0,True,touch_median
455,T1/S01,2023-12-19 01:50:00,16,,,,False,touch_median
456,T1/S01,2023-12-26 22:06:00,9,,,,False,touch_median
457,T1/S01,2023-12-26 22:35:00,9,,,,False,touch_median
458,T1/S01,2023-12-26 22:42:00,9,,,,False,touch_median
459,T1/S01,2023-12-27 01:06:00,18,,,,False,touch_median
460,T2/S03,2018-01-04 22:05:00,1,0.6800000000000637,2018-01-04 22:04:00,1.0,True,touch_median
461,T2/S03,2018-01-04 23:25:00,1,0.6800000000000637,2018-01-04 23:24:00,1.0,True,touch_median
462,T2/S03,2018-01-15 03:01:00,2,0.724999999999909,2018-01-15 02:59:00,2.0,True,touch_median
463,T2/S03,2018-01-24 01:36:00,1,0.6800000000000637,,,False,touch_median
464,T2/S03,2018-01-24 22:08:00,1,0.6800000000000637,2018-01-24 22:07:00,1.0,True,touch_median
465,T2/S03,2018-02-01 22:23:00,1,0.6800000000000637,,,False,touch_median
466,T2/S03,2018-02-15 01:55:00,1,0.6800000000000637,2018-02-15 01:42:00,13.0,True,touch_median
467,T2/S03,2018-02-22 22:47:00,1,0.6800000000000637,,,False,touch_median
468,T2/S03,2018-03-02 07:54:00,2,0.724999999999909,2018-03-02 03:56:00,238.0,True,touch_median
469,T2/S03,2018-03-12 03:55:00,2,0.724999999999909,2018-03-12 03:55:00,0.0,True,touch_median
470,T2/S03,2018-03-13 01:13:00,1,0.6800000000000637,2018-03-13 01:11:00,2.0,True,touch_median
471,T2/S03,2018-03-27 06:23:00,2,0.724999999999909,2018-03-27 06:15:00,8.0,True,touch_median
472,T2/S03,2018-04-02 22:58:00,2,0.724999999999909,2018-04-02 22:57:00,1.0,True,touch_median
473,T2/S03,2018-04-13 22:16:00,1,0.6800000000000637,2018-04-13 22:16:00,0.0,True,touch_median
474,T2/S03,2018-04-16 02:24:00,3,0.7183333333332484,2018-04-16 02:23:00,1.0,True,touch_median
475,T2/S03,2018-04-17 22:29:00,1,0.6800000000000637,,,False,touch_median
476,T2/S03,2018-04-18 10:49:00,3,0.7183333333332484,,,False,touch_median
477,T2/S03,2018-04-25 02:29:00,2,0.724999999999909,2018-04-25 02:29:00,0.0,True,touch_median
478,T2/S03,2018-04-30 20:18:00,1,0.6800000000000637,2018-04-30 03:15:00,1023.0,True,touch_median
479,T2/S03,2018-05-02 06:41:00,11,,,,False,touch_median
480,T2/S03,2018-05-04 23:22:00,1,0.6800000000000637,,,False,touch_median
481,T2/S03,2018-05-21 16:21:00,8,0.7274999999995089,2018-05-21 16:20:00,1.0,True,touch_median
482,T2/S03,2018-05-24 22:28:00,1,0.6800000000000637,2018-05-24 22:25:00,3.0,True,touch_median
483,T2/S03,2018-05-25 11:48:00,3,0.7183333333332484,2018-05-25 11:47:00,1.0,True,touch_median
484,T2/S03,2018-07-19 03:14:00,1,0.6800000000000637,2018-07-19 03:11:00,3.0,True,touch_median
485,T2/S03,2018-07-19 23:25:00,1,0.6800000000000637,,,False,touch_median
486,T2/S03,2018-08-01 05:07:00,2,0.724999999999909,2018-08-01 05:02:00,5.0,True,touch_median
487,T2/S03,2018-08-27 01:03:00,1,0.6800000000000637,2018-08-27 01:01:00,2.0,True,touch_median
488,T2/S03,2018-09-13 11:37:00,3,0.7183333333332484,2018-09-13 11:36:00,1.0,True,touch_median
489,T2/S03,2018-09-28 22:02:00,1,0.6800000000000637,2018-09-28 22:02:00,0.0,True,touch_median
490,T2/S03,2018-10-01 15:35:00,5,0.6699999999998454,2018-10-01 15:34:00,1.0,True,touch_median
491,T2/S03,2018-10-11 22:39:00,3,0.7183333333332484,2018-10-11 22:39:00,0.0,True,touch_median
492,T2/S03,2018-11-15 06:28:00,3,0.7183333333332484,,,False,touch_median
493,T2/S03,2018-11-29 03:02:00,2,0.724999999999909,,,False,touch_median
494,T2/S03,2018-12-11 11:11:00,1,0.6800000000000637,2018-12-10 01:01:00,2050.0,True,touch_median
495,T2/S03,2018-12-17 22:23:00,1,0.6800000000000637,,,False,touch_median
496,T2/S03,2018-12-18 03:33:00,1,0.6800000000000637,,,False,touch_median
497,T2/S03,2019-01-03 23:00:00,1,0.6800000000000637,2019-01-03 22:59:00,1.0,True,touch_median
498,T2/S03,2019-01-25 22:59:00,1,0.6800000000000637,2019-01-25 22:58:00,1.0,True,touch_median
499,T2/S03,2019-01-28 23:00:00,1,0.6800000000000637,2019-01-28 23:00:00,0.0,True,touch_median
500,T2/S03,2019-01-30 22:08:00,1,0.6800000000000637,2019-01-30 22:08:00,0.0,True,touch_median
501,T2/S03,2019-01-30 22:24:00,1,0.6800000000000637,2019-01-30 22:16:00,8.0,True,touch_median
502,T2/S03,2019-01-30 23:31:00,1,0.6800000000000637,,,False,touch_median
503,T2/S03,2019-02-19 22:12:00,1,0.6800000000000637,2019-02-19 22:12:00,0.0,True,touch_median
504,T2/S03,2019-02-20 03:01:00,2,0.724999999999909,2019-02-20 03:00:00,1.0,True,touch_median
505,T2/S03,2019-04-05 16:04:00,1,0.6800000000000637,2019-04-04 22:28:00,1056.0,True,touch_median
506,T2/S03,2019-05-08 03:56:00,1,0.6800000000000637,2019-05-08 03:56:00,0.0,True,touch_median
507,T2/S03,2019-05-14 01:05:00,1,0.6800000000000637,2019-05-14 01:05:00,0.0,True,touch_median
508,T2/S03,2019-05-30 22:07:00,1,0.6800000000000637,,,False,touch_median
509,T2/S03,2019-05-30 23:00:00,1,0.6800000000000637,,,False,touch_median
510,T2/S03,2019-06-03 01:42:00,1,0.6800000000000637,2019-05-31 22:40:00,3062.0,True,touch_median
511,T2/S03,2019-06-04 10:03:00,1,0.6800000000000637,2019-06-04 04:29:00,334.0,True,touch_median
512,T2/S03,2019-06-04 22:34:00,1,0.6800000000000637,2019-06-04 22:33:00,1.0,True,touch_median
513,T2/S03,2019-06-05 09:09:00,1,0.6800000000000637,2019-06-05 03:06:00,363.0,True,touch_median
514,T2/S03,2019-06-12 04:21:00,1,0.6800000000000637,,,False,touch_median
515,T2/S03,2019-06-13 22:48:00,1,0.6800000000000637,,,False,touch_median
516,T2/S03,2019-06-19 22:20:00,1,0.6800000000000637,2019-06-19 22:19:00,1.0,True,touch_median
517,T2/S03,2019-06-19 23:00:00,1,0.6800000000000637,2019-06-19 22:38:00,22.0,True,touch_median
518,T2/S03,2019-06-21 01:42:00,3,0.7183333333332484,2019-06-21 01:42:00,0.0,True,touch_median
519,T2/S03,2019-06-24 22:47:00,2,0.724999999999909,,,False,touch_median
520,T2/S03,2019-06-27 23:53:00,1,0.6800000000000637,,,False,touch_median
521,T2/S03,2019-07-02 22:03:00,1,0.6800000000000637,2019-07-02 22:02:00,1.0,True,touch_median
522,T2/S03,2019-07-02 22:17:00,1,0.6800000000000637,2019-07-02 22:16:00,1.0,True,touch_median
523,T2/S03,2019-07-02 22:43:00,1,0.6800000000000637,2019-07-02 22:34:00,9.0,True,touch_median
524,T2/S03,2019-07-02 22:59:00,1,0.6800000000000637,,,False,touch_median
525,T2/S03,2019-07-10 22:59:00,1,0.6800000000000637,,,False,touch_median
526,T2/S03,2019-07-15 01:18:00,1,0.6800000000000637,2019-07-15 01:05:00,13.0,True,touch_median
527,T2/S03,2019-07-17 22:02:00,1,0.6800000000000637,2019-07-17 22:01:00,1.0,True,touch_median
528,T2/S03,2019-07-17 22:31:00,1,0.6800000000000637,2019-07-17 22:31:00,0.0,True,touch_median
529,T2/S03,2019-07-18 01:08:00,1,0.6800000000000637,2019-07-18 01:08:00,0.0,True,touch_median
530,T2/S03,2019-07-18 22:05:00,1,0.6800000000000637,2019-07-18 22:05:00,0.0,True,touch_median
531,T2/S03,2019-07-18 22:17:00,1,0.6800000000000637,2019-07-18 22:15:00,2.0,True,touch_median
532,T2/S03,2019-07-18 22:49:00,1,0.6800000000000637,2019-07-18 22:45:00,4.0,True,touch_median
533,T2/S03,2019-08-01 22:02:00,1,0.6800000000000637,2019-08-01 22:01:00,1.0,True,touch_median
534,T2/S03,2019-08-01 22:17:00,1,0.6800000000000637,2019-08-01 22:16:00,1.0,True,touch_median
535,T2/S03,2019-08-01 22:50:00,2,0.724999999999909,2019-08-01 22:37:00,13.0,True,touch_median
536,T2/S03,2019-08-09 01:05:00,4,0.775000000000091,2019-08-09 01:05:00,0.0,True,touch_median
537,T2/S03,2019-08-12 22:24:00,1,0.6800000000000637,2019-08-12 22:13:00,11.0,True,touch_median
538,T2/S03,2019-08-12 23:18:00,2,0.724999999999909,2019-08-12 22:32:00,46.0,True,touch_median
539,T2/S03,2019-08-15 22:21:00,1,0.6800000000000637,2019-08-15 22:19:00,2.0,True,touch_median
540,T2/S03,2019-08-23 22:01:00,1,0.6800000000000637,2019-08-23 22:00:00,1.0,True,touch_median
541,T2/S03,2019-08-26 01:05:00,4,0.775000000000091,2019-08-26 01:05:00,0.0,True,touch_median
542,T2/S03,2019-08-27 22:21:00,2,0.724999999999909,2019-08-27 22:20:00,1.0,True,touch_median
543,T2/S03,2019-09-04 22:47:00,2,0.724999999999909,2019-09-04 22:46:00,1.0,True,touch_median
544,T2/S03,2019-09-20 22:01:00,1,0.6800000000000637,2019-09-20 22:00:00,1.0,True,touch_median
545,T2/S03,2019-09-20 22:29:00,1,0.6800000000000637,2019-09-20 22:18:00,11.0,True,touch_median
546,T2/S03,2019-09-20 22:46:00,1,0.6800000000000637,2019-09-20 22:45:00,1.0,True,touch_median
547,T2/S03,2019-10-02 10:23:00,1,0.6800000000000637,2019-10-01 22:48:00,695.0,True,touch_median
548,T2/S03,2019-10-25 07:38:00,2,0.724999999999909,,,False,touch_median
549,T2/S03,2019-11-19 02:11:00,1,0.6800000000000637,2019-11-19 02:08:00,3.0,True,touch_median
550,T2/S03,2019-12-04 05:01:00,2,0.724999999999909,2019-12-04 02:13:00,168.0,True,touch_median
551,T2/S03,2020-01-10 22:21:00,1,0.6800000000000637,2020-01-10 22:15:00,6.0,True,touch_median
552,T2/S03,2020-01-10 22:35:00,1,0.6800000000000637,,,False,touch_median
553,T2/S03,2020-01-10 23:06:00,1,0.6800000000000637,2020-01-10 23:05:00,1.0,True,touch_median
554,T2/S03,2020-01-24 22:09:00,1,0.6800000000000637,2020-01-24 22:08:00,1.0,True,touch_median
555,T2/S03,2020-01-24 22:40:00,2,0.724999999999909,2020-01-24 22:40:00,0.0,True,touch_median
556,T2/S03,2020-01-27 01:05:00,2,0.724999999999909,2020-01-27 01:05:00,0.0,True,touch_median
557,T2/S03,2020-03-03 22:01:00,1,0.6800000000000637,2020-03-03 22:00:00,1.0,True,touch_median
558,T2/S03,2020-03-03 22:29:00,3,0.7183333333332484,2020-03-03 22:28:00,1.0,True,touch_median
559,T2/S03,2020-03-03 22:35:00,2,0.724999999999909,2020-03-03 22:34:00,1.0,True,touch_median
560,T2/S03,2020-03-03 22:51:00,1,0.6800000000000637,2020-03-03 22:47:00,4.0,True,touch_median
561,T2/S03,2020-03-05 22:07:00,1,0.6800000000000637,2020-03-05 22:05:00,2.0,True,touch_median
562,T2/S03,2020-03-05 22:17:00,1,0.6800000000000637,2020-03-05 22:16:00,1.0,True,touch_median
563,T2/S03,2020-03-05 22:40:00,2,0.724999999999909,2020-03-05 22:40:00,0.0,True,touch_median
564,T2/S03,2020-03-05 22:46:00,1,0.6800000000000637,2020-03-05 22:45:00,1.0,True,touch_median
565,T2/S03,2020-03-17 22:02:00,1,0.6800000000000637,2020-03-17 22:00:00,2.0,True,touch_median
566,T2/S03,2020-03-23 22:16:00,2,0.724999999999909,2020-03-23 22:15:00,1.0,True,touch_median
567,T2/S03,2020-03-23 22:43:00,1,0.6800000000000637,2020-03-23 22:43:00,0.0,True,touch_median
568,T2/S03,2020-03-24 01:03:00,2,0.724999999999909,2020-03-24 00:05:00,58.0,True,touch_median
569,T2/S03,2020-04-06 22:04:00,1,0.6800000000000637,2020-04-06 22:03:00,1.0,True,touch_median
570,T2/S03,2020-04-06 22:17:00,1,0.6800000000000637,2020-04-06 22:16:00,1.0,True,touch_median
571,T2/S03,2020-04-06 22:36:00,1,0.6800000000000637,2020-04-06 22:30:00,6.0,True,touch_median
572,T2/S03,2020-04-06 23:02:00,1,0.6800000000000637,2020-04-06 22:45:00,17.0,True,touch_median
573,T2/S03,2020-04-14 03:12:00,1,0.6800000000000637,2020-04-14 02:05:00,67.0,True,touch_median
574,T2/S03,2020-04-21 22:17:00,1,0.6800000000000637,2020-04-21 22:16:00,1.0,True,touch_median
575,T2/S03,2020-04-29 23:00:00,1,0.6800000000000637,2020-04-29 22:46:00,14.0,True,touch_median
576,T2/S03,2020-05-01 22:12:00,2,0.724999999999909,2020-05-01 22:00:00,12.0,True,touch_median
577,T2/S03,2020-05-01 22:45:00,1,0.6800000000000637,2020-05-01 22:35:00,10.0,True,touch_median
578,T2/S03,2020-05-07 22:07:00,1,0.6800000000000637,2020-05-07 22:07:00,0.0,True,touch_median
579,T2/S03,2020-05-07 22:29:00,2,0.724999999999909,2020-05-07 22:29:00,0.0,True,touch_median
580,T2/S03,2020-05-07 23:08:00,4,0.775000000000091,2020-05-07 23:07:00,1.0,True,touch_median
581,T2/S03,2020-05-14 22:54:00,3,0.7183333333332484,2020-05-14 22:53:00,1.0,True,touch_median
582,T2/S03,2020-05-27 22:51:00,2,0.724999999999909,2020-05-27 22:01:00,50.0,True,touch_median
583,T2/S03,2020-06-15 22:06:00,1,0.6800000000000637,2020-06-15 22:02:00,4.0,True,touch_median
584,T2/S03,2020-06-15 22:21:00,1,0.6800000000000637,2020-06-15 22:20:00,1.0,True,touch_median
585,T2/S03,2020-06-16 01:18:00,1,0.6800000000000637,2020-06-15 22:35:00,163.0,True,touch_median
586,T2/S03,2020-06-17 22:30:00,1,0.6800000000000637,2020-06-17 22:29:00,1.0,True,touch_median
587,T2/S03,2020-07-01 01:12:00,2,0.724999999999909,2020-07-01 01:12:00,0.0,True,touch_median
588,T2/S03,2020-07-07 22:31:00,1,0.6800000000000637,2020-07-07 22:30:00,1.0,True,touch_median
589,T2/S03,2020-07-08 03:09:00,3,0.7183333333332484,2020-07-08 03:08:00,1.0,True,touch_median
590,T2/S03,2020-07-22 22:52:00,2,0.724999999999909,,,False,touch_median
591,T2/S03,2020-08-04 22:01:00,1,0.6800000000000637,2020-08-04 22:00:00,1.0,True,touch_median
592,T2/S03,2020-08-04 22:27:00,2,0.724999999999909,,,False,touch_median
593,T2/S03,2020-08-04 22:32:00,1,0.6800000000000637,2020-08-04 22:31:00,1.0,True,touch_median
594,T2/S03,2020-08-04 22:47:00,1,0.6800000000000637,2020-08-04 22:46:00,1.0,True,touch_median
595,T2/S03,2020-08-17 22:03:00,1,0.6800000000000637,2020-08-17 22:02:00,1.0,True,touch_median
596,T2/S03,2020-08-17 22:27:00,1,0.6800000000000637,2020-08-17 22:26:00,1.0,True,touch_median
597,T2/S03,2020-08-20 22:46:00,1,0.6800000000000637,2020-08-20 22:45:00,1.0,True,touch_median
598,T2/S03,2020-08-26 22:09:00,1,0.6800000000000637,2020-08-26 22:07:00,2.0,True,touch_median
599,T2/S03,2020-08-26 22:20:00,1,0.6800000000000637,2020-08-26 22:19:00,1.0,True,touch_median
600,T2/S03,2020-08-26 22:44:00,2,0.724999999999909,2020-08-26 22:42:00,2.0,True,touch_median
601,T2/S03,2020-08-26 22:47:00,1,0.6800000000000637,2020-08-26 22:46:00,1.0,True,touch_median
602,T2/S03,2020-09-09 22:19:00,1,0.6800000000000637,2020-09-09 22:15:00,4.0,True,touch_median
603,T2/S03,2020-10-15 22:31:00,1,0.6800000000000637,2020-10-15 22:29:00,2.0,True,touch_median
604,T2/S03,2020-10-15 23:09:00,2,0.724999999999909,2020-10-15 23:01:00,8.0,True,touch_median
605,T2/S03,2020-11-05 22:02:00,1,0.6800000000000637,2020-11-05 22:00:00,2.0,True,touch_median
606,T2/S03,2020-11-05 22:16:00,1,0.6800000000000637,2020-11-05 22:15:00,1.0,True,touch_median
607,T2/S03,2020-11-05 22:41:00,2,0.724999999999909,2020-11-05 22:40:00,1.0,True,touch_median
608,T2/S03,2020-11-05 22:46:00,1,0.6800000000000637,2020-11-05 22:45:00,1.0,True,touch_median
609,T2/S03,2020-12-02 23:03:00,1,0.6800000000000637,2020-12-02 23:02:00,1.0,True,touch_median
610,T2/S03,2020-12-07 22:28:00,1,0.6800000000000637,2020-12-07 22:27:00,1.0,True,touch_median
611,T2/S03,2020-12-07 22:37:00,1,0.6800000000000637,2020-12-07 22:36:00,1.0,True,touch_median
612,T2/S03,2020-12-07 22:58:00,1,0.6800000000000637,2020-12-07 22:57:00,1.0,True,touch_median
613,T2/S03,2021-01-20 22:08:00,1,0.6800000000000637,2021-01-20 22:07:00,1.0,True,touch_median
614,T2/S03,2021-01-22 22:03:00,1,0.6800000000000637,,,False,touch_median
615,T2/S03,2021-01-22 22:18:00,1,0.6800000000000637,,,False,touch_median
616,T2/S03,2021-01-25 01:05:00,3,0.7183333333332484,2021-01-25 01:05:00,0.0,True,touch_median
617,T2/S03,2021-03-12 23:40:00,1,0.6800000000000637,2021-03-12 22:38:00,62.0,True,touch_median
618,T2/S03,2021-03-19 22:25:00,1,0.6800000000000637,,,False,touch_median
619,T2/S03,2021-03-19 22:38:00,1,0.6800000000000637,2021-03-19 22:38:00,0.0,True,touch_median
620,T2/S03,2021-03-22 05:00:00,5,0.6699999999998454,2021-03-19 22:45:00,3255.0,True,touch_median
621,T2/S03,2021-03-31 22:01:00,1,0.6800000000000637,2021-03-31 22:00:00,1.0,True,touch_median
622,T2/S03,2021-03-31 22:23:00,1,0.6800000000000637,2021-03-31 22:22:00,1.0,True,touch_median
623,T2/S03,2021-03-31 22:40:00,1,0.6800000000000637,2021-03-31 22:39:00,1.0,True,touch_median
624,T2/S03,2021-03-31 23:35:00,2,0.724999999999909,,,False,touch_median
625,T2/S03,2021-04-08 23:18:00,1,0.6800000000000637,2021-04-08 22:55:00,23.0,True,touch_median
626,T2/S03,2021-04-16 07:55:00,2,0.724999999999909,2021-04-16 03:03:00,292.0,True,touch_median
627,T2/S03,2021-04-20 23:35:00,2,0.724999999999909,,,False,touch_median
628,T2/S03,2021-05-03 22:04:00,1,0.6800000000000637,2021-05-03 22:03:00,1.0,True,touch_median
629,T2/S03,2021-05-06 22:35:00,1,0.6800000000000637,2021-05-06 22:35:00,0.0,True,touch_median
630,T2/S03,2021-05-06 23:00:00,1,0.6800000000000637,,,False,touch_median
631,T2/S03,2021-05-13 22:03:00,1,0.6800000000000637,2021-05-13 22:02:00,1.0,True,touch_median
632,T2/S03,2021-05-13 22:17:00,1,0.6800000000000637,2021-05-13 22:17:00,0.0,True,touch_median
633,T2/S03,2021-05-13 23:15:00,1,0.6800000000000637,2021-05-13 22:32:00,43.0,True,touch_median
634,T2/S03,2021-05-18 01:09:00,2,0.724999999999909,,,False,touch_median
635,T2/S03,2021-05-25 23:03:00,1,0.6800000000000637,2021-05-25 23:02:00,1.0,True,touch_median
636,T2/S03,2021-06-07 22:13:00,1,0.6800000000000637,,,False,touch_median
637,T2/S03,2021-06-08 03:43:00,2,0.724999999999909,2021-06-08 03:42:00,1.0,True,touch_median
638,T2/S03,2021-06-14 22:19:00,1,0.6800000000000637,,,False,touch_median
639,T2/S03,2021-06-14 23:01:00,1,0.6800000000000637,,,False,touch_median
640,T2/S03,2021-06-30 22:28:00,1,0.6800000000000637,2021-06-30 22:27:00,1.0,True,touch_median
641,T2/S03,2021-06-30 22:38:00,1,0.6800000000000637,,,False,touch_median
642,T2/S03,2021-07-01 08:46:00,4,0.775000000000091,2021-07-01 04:14:00,272.0,True,touch_median
643,T2/S03,2021-07-12 04:03:00,5,0.6699999999998454,,,False,touch_median
644,T2/S03,2021-08-11 22:13:00,1,0.6800000000000637,,,False,touch_median
645,T2/S03,2021-08-11 22:59:00,1,0.6800000000000637,2021-08-11 22:58:00,1.0,True,touch_median
646,T2/S03,2021-08-13 22:21:00,1,0.6800000000000637,,,False,touch_median
647,T2/S03,2021-08-13 22:49:00,1,0.6800000000000637,2021-08-13 22:48:00,1.0,True,touch_median
648,T2/S03,2021-08-26 22:56:00,1,0.6800000000000637,,,False,touch_median
649,T2/S03,2021-08-27 22:52:00,1,0.6800000000000637,,,False,touch_median
650,T2/S03,2021-10-01 04:46:00,5,0.6699999999998454,2021-09-30 22:01:00,405.0,True,touch_median
651,T2/S03,2021-10-13 22:18:00,1,0.6800000000000637,,,False,touch_median
652,T2/S03,2021-10-13 22:32:00,1,0.6800000000000637,2021-10-13 22:31:00,1.0,True,touch_median
653,T2/S03,2021-10-13 23:01:00,1,0.6800000000000637,2021-10-13 23:00:00,1.0,True,touch_median
654,T2/S03,2021-11-05 22:27:00,1,0.6800000000000637,2021-11-05 22:26:00,1.0,True,touch_median
655,T2/S03,2021-11-05 22:45:00,1,0.6800000000000637,,,False,touch_median
656,T2/S03,2021-11-08 01:34:00,1,0.6800000000000637,2021-11-08 01:06:00,28.0,True,touch_median
657,T2/S03,2021-11-12 22:45:00,1,0.6800000000000637,,,False,touch_median
658,T2/S03,2021-12-08 02:23:00,2,0.724999999999909,,,False,touch_median
659,T2/S03,2021-12-16 22:34:00,1,0.6800000000000637,2021-12-16 22:34:00,0.0,True,touch_median
660,T2/S03,2021-12-23 03:06:00,1,0.6800000000000637,2021-12-22 22:59:00,247.0,True,touch_median
661,T2/S03,2021-12-30 02:41:00,2,0.724999999999909,,,False,touch_median
662,T2/S03,2021-12-30 22:02:00,1,0.6800000000000637,2021-12-30 22:02:00,0.0,True,touch_median
663,T2/S03,2021-12-30 22:36:00,1,0.6800000000000637,2021-12-30 22:36:00,0.0,True,touch_median
664,T2/S03,2021-12-31 02:11:00,1,0.6800000000000637,2021-12-30 22:59:00,192.0,True,touch_median
665,T2/S03,2022-01-04 22:57:00,1,0.6800000000000637,2022-01-04 22:57:00,0.0,True,touch_median
666,T2/S03,2022-01-11 22:12:00,1,0.6800000000000637,2022-01-11 22:12:00,0.0,True,touch_median
667,T2/S03,2022-01-11 22:31:00,1,0.6800000000000637,2022-01-11 22:30:00,1.0,True,touch_median
668,T2/S03,2022-01-11 22:57:00,2,0.724999999999909,2022-01-11 22:54:00,3.0,True,touch_median
669,T2/S03,2022-01-25 06:01:00,1,0.6800000000000637,2022-01-20 02:59:00,7382.0,True,touch_median
670,T2/S03,2022-01-26 15:24:00,6,0.6700000000000728,,,False,touch_median
671,T2/S03,2022-02-11 22:03:00,1,0.6800000000000637,2022-02-11 22:00:00,3.0,True,touch_median
672,T2/S03,2022-02-11 22:16:00,1,0.6800000000000637,2022-02-11 22:15:00,1.0,True,touch_median
673,T2/S03,2022-02-11 23:15:00,2,0.724999999999909,2022-02-11 23:15:00,0.0,True,touch_median
674,T2/S03,2022-02-16 22:35:00,1,0.6800000000000637,2022-02-16 22:35:00,0.0,True,touch_median
675,T2/S03,2022-03-01 22:37:00,2,0.724999999999909,2022-03-01 22:00:00,37.0,True,touch_median
676,T2/S03,2022-03-01 23:03:00,2,0.724999999999909,2022-03-01 22:48:00,15.0,True,touch_median
677,T2/S03,2022-03-07 22:35:00,6,0.6700000000000728,2022-03-07 22:34:00,1.0,True,touch_median
678,T2/S03,2022-03-29 22:02:00,2,0.724999999999909,2022-03-29 22:01:00,1.0,True,touch_median
679,T2/S03,2022-03-29 22:26:00,2,0.724999999999909,2022-03-29 22:25:00,1.0,True,touch_median
680,T2/S03,2022-03-29 22:45:00,2,0.724999999999909,2022-03-29 22:45:00,0.0,True,touch_median
681,T2/S03,2022-05-16 22:05:00,2,0.724999999999909,2022-05-16 22:00:00,5.0,True,touch_median
682,T2/S03,2022-05-16 22:26:00,2,0.724999999999909,2022-05-16 22:22:00,4.0,True,touch_median
683,T2/S03,2022-05-16 22:47:00,4,0.775000000000091,2022-05-16 22:47:00,0.0,True,touch_median
684,T2/S03,2022-06-03 03:32:00,2,0.724999999999909,2022-06-02 22:04:00,328.0,True,touch_median
685,T2/S03,2022-06-07 22:29:00,2,0.724999999999909,2022-06-07 22:28:00,1.0,True,touch_median
686,T2/S03,2022-06-07 22:55:00,2,0.724999999999909,2022-06-07 22:55:00,0.0,True,touch_median
687,T2/S03,2022-06-10 22:08:00,2,0.724999999999909,2022-06-10 22:07:00,1.0,True,touch_median
688,T2/S03,2022-06-13 01:05:00,4,0.775000000000091,2022-06-13 01:05:00,0.0,True,touch_median
689,T2/S03,2022-06-16 22:02:00,2,0.724999999999909,2022-06-16 22:01:00,1.0,True,touch_median
690,T2/S03,2022-06-16 22:38:00,2,0.724999999999909,,,False,touch_median
691,T2/S03,2022-06-16 22:48:00,2,0.724999999999909,2022-06-16 22:47:00,1.0,True,touch_median
692,T2/S03,2022-07-01 23:19:00,6,0.6700000000000728,2022-07-01 23:19:00,0.0,True,touch_median
693,T2/S03,2022-08-05 03:21:00,2,0.724999999999909,2022-08-04 22:51:00,270.0,True,touch_median
694,T2/S03,2022-08-23 22:12:00,3,0.7183333333332484,2022-08-23 22:12:00,0.0,True,touch_median
695,T2/S03,2022-08-23 22:19:00,3,0.7183333333332484,2022-08-23 22:18:00,1.0,True,touch_median
696,T2/S03,2022-08-23 22:36:00,3,0.7183333333332484,2022-08-23 22:36:00,0.0,True,touch_median
697,T2/S03,2022-08-23 22:56:00,3,0.7183333333332484,,,False,touch_median
698,T2/S03,2022-09-07 22:05:00,3,0.7183333333332484,,,False,touch_median
699,T2/S03,2022-09-07 22:58:00,3,0.7183333333332484,2022-09-07 22:58:00,0.0,True,touch_median
700,T2/S03,2022-09-16 23:30:00,3,0.7183333333332484,,,False,touch_median
701,T2/S03,2022-09-29 04:31:00,18,,,,False,touch_median
702,T2/S03,2022-10-03 22:27:00,9,,,,False,touch_median
703,T2/S03,2022-10-03 22:31:00,3,0.7183333333332484,2022-10-03 22:30:00,1.0,True,touch_median
704,T2/S03,2022-10-03 22:47:00,3,0.7183333333332484,,,False,touch_median
705,T2/S03,2022-10-21 22:11:00,3,0.7183333333332484,2022-10-21 22:10:00,1.0,True,touch_median
706,T2/S03,2022-10-21 22:18:00,3,0.7183333333332484,2022-10-21 22:17:00,1.0,True,touch_median
707,T2/S03,2022-10-21 23:42:00,3,0.7183333333332484,2022-10-21 23:39:00,3.0,True,touch_median
708,T2/S03,2022-11-04 02:04:00,6,0.6700000000000728,2022-11-04 02:03:00,1.0,True,touch_median
709,T2/S03,2022-11-04 22:20:00,3,0.7183333333332484,2022-11-04 22:19:00,1.0,True,touch_median
710,T2/S03,2022-11-07 11:03:00,14,,,,False,touch_median
711,T2/S03,2022-11-08 22:02:00,3,0.7183333333332484,2022-11-08 22:01:00,1.0,True,touch_median
712,T2/S03,2022-11-08 22:32:00,3,0.7183333333332484,2022-11-08 22:31:00,1.0,True,touch_median
713,T2/S03,2022-11-08 22:47:00,3,0.7183333333332484,2022-11-08 22:46:00,1.0,True,touch_median
714,T2/S03,2022-11-10 22:59:00,3,0.7183333333332484,2022-11-10 22:58:00,1.0,True,touch_median
715,T2/S03,2022-11-14 22:01:00,3,0.7183333333332484,2022-11-14 22:01:00,0.0,True,touch_median
716,T2/S03,2022-11-14 22:21:00,3,0.7183333333332484,2022-11-14 22:19:00,2.0,True,touch_median
717,T2/S03,2022-11-14 22:53:00,3,0.7183333333332484,,,False,touch_median
718,T2/S03,2022-11-24 01:51:00,6,0.6700000000000728,,,False,touch_median
719,T2/S03,2022-12-05 01:32:00,9,,,,False,touch_median
720,T2/S03,2022-12-19 02:38:00,3,0.7183333333332484,2022-12-16 22:18:00,3140.0,True,touch_median
721,T2/S03,2022-12-20 22:52:00,6,0.6700000000000728,2022-12-20 22:51:00,1.0,True,touch_median
722,T2/S03,2023-01-09 01:19:00,6,0.6700000000000728,2023-01-09 01:17:00,2.0,True,touch_median
723,T2/S03,2023-01-13 22:55:00,3,0.7183333333332484,2023-01-13 22:54:00,1.0,True,touch_median
724,T2/S03,2023-01-19 22:03:00,3,0.7183333333332484,2023-01-19 22:02:00,1.0,True,touch_median
725,T2/S03,2023-01-20 03:28:00,7,,,,False,touch_median
726,T2/S03,2023-01-25 22:03:00,4,0.775000000000091,2023-01-25 22:02:00,1.0,True,touch_median
727,T2/S03,2023-01-25 23:00:00,4,0.775000000000091,2023-01-25 22:37:00,23.0,True,touch_median
728,T2/S03,2023-02-01 03:02:00,8,0.7274999999995089,,,False,touch_median
729,T2/S03,2023-02-17 22:09:00,4,0.775000000000091,,,False,touch_median
730,T2/S03,2023-02-17 22:23:00,4,0.775000000000091,,,False,touch_median
731,T2/S03,2023-02-17 23:10:00,4,0.775000000000091,,,False,touch_median
732,T2/S03,2023-02-20 03:25:00,12,,,,False,touch_median
733,T2/S03,2023-03-01 03:48:00,16,,,,False,touch_median
734,T2/S03,2023-03-22 22:03:00,8,0.7274999999995089,2023-03-22 22:02:00,1.0,True,touch_median
735,T2/S03,2023-03-23 01:49:00,12,,,,False,touch_median
736,T2/S03,2023-03-29 12:33:00,40,,,,False,touch_median
737,T2/S03,2023-03-30 22:23:00,4,0.775000000000091,,,False,touch_median
738,T2/S03,2023-03-30 22:42:00,4,0.775000000000091,2023-03-30 22:41:00,1.0,True,touch_median
739,T2/S03,2023-03-31 04:18:00,11,,,,False,touch_median
740,T2/S03,2023-04-04 22:47:00,16,,2023-04-04 22:01:00,46.0,True,touch_median
741,T2/S03,2023-04-20 03:26:00,10,,,,False,touch_median
742,T2/S03,2023-05-02 22:01:00,5,0.6699999999998454,2023-05-02 22:00:00,1.0,True,touch_median
743,T2/S03,2023-05-02 22:21:00,5,0.6699999999998454,2023-05-02 22:20:00,1.0,True,touch_median
744,T2/S03,2023-05-02 22:36:00,5,0.6699999999998454,,,False,touch_median
745,T2/S03,2023-05-02 22:47:00,5,0.6699999999998454,2023-05-02 22:46:00,1.0,True,touch_median
746,T2/S03,2023-05-19 23:21:00,10,,,,False,touch_median
747,T2/S03,2023-05-24 01:05:00,10,,,,False,touch_median
748,T2/S03,2023-06-05 22:05:00,5,0.6699999999998454,2023-06-05 22:04:00,1.0,True,touch_median
749,T2/S03,2023-06-05 22:22:00,5,0.6699999999998454,2023-06-05 22:22:00,0.0,True,touch_median
750,T2/S03,2023-06-06 05:13:00,15,,,,False,touch_median
751,T2/S03,2023-06-15 22:04:00,5,0.6699999999998454,2023-06-15 22:03:00,1.0,True,touch_median
752,T2/S03,2023-06-15 22:31:00,5,0.6699999999998454,2023-06-15 22:31:00,0.0,True,touch_median
753,T2/S03,2023-06-15 22:58:00,5,0.6699999999998454,2023-06-15 22:58:00,0.0,True,touch_median
754,T2/S03,2023-07-10 22:32:00,5,0.6699999999998454,2023-07-10 22:32:00,0.0,True,touch_median
755,T2/S03,2023-07-10 22:52:00,5,0.6699999999998454,2023-07-10 22:51:00,1.0,True,touch_median
756,T2/S03,2023-07-13 04:09:00,10,,,,False,touch_median
757,T2/S03,2023-08-24 03:19:00,17,,,,False,touch_median
758,T2/S03,2023-08-29 22:15:00,6,0.6700000000000728,2023-08-29 22:14:00,1.0,True,touch_median
759,T2/S03,2023-08-30 12:26:00,12,,,,False,touch_median
760,T2/S03,2023-09-13 01:09:00,6,0.6700000000000728,,,False,touch_median
761,T2/S03,2023-10-09 22:18:00,6,0.6700000000000728,2023-10-09 22:17:00,1.0,True,touch_median
762,T2/S03,2023-10-09 22:38:00,11,,,,False,touch_median
763,T2/S03,2023-10-10 03:02:00,12,,,,False,touch_median
764,T2/S03,2023-10-13 23:48:00,6,0.6700000000000728,2023-10-13 23:47:00,1.0,True,touch_median
765,T2/S03,2023-10-19 22:21:00,7,,,,False,touch_median
766,T2/S03,2023-10-20 02:32:00,7,,,,False,touch_median
767,T2/S03,2023-10-30 02:45:00,28,,,,False,touch_median
768,T2/S03,2023-11-14 02:02:00,8,0.7274999999995089,2023-11-14 02:01:00,1.0,True,touch_median
769,T2/S03,2023-11-17 02:54:00,16,,,,False,touch_median
770,T2/S03,2023-11-29 01:15:00,16,,,,False,touch_median
771,T2/S03,2023-12-01 22:04:00,8,0.7274999999995089,2023-12-01 22:02:00,2.0,True,touch_median
772,T2/S03,2023-12-01 22:32:00,8,0.7274999999995089,2023-12-01 22:31:00,1.0,True,touch_median
773,T2/S03,2023-12-01 23:03:00,8,0.7274999999995089,2023-12-01 22:58:00,5.0,True,touch_median
774,T2/S03,2023-12-13 22:02:00,8,0.7274999999995089,2023-12-13 22:01:00,1.0,True,touch_median
775,T2/S03,2023-12-13 22:17:00,16,,,,False,touch_median
776,T2/S03,2023-12-13 22:36:00,8,0.7274999999995089,2023-12-13 22:30:00,6.0,True,touch_median
777,T2/S03,2023-12-13 23:00:00,8,0.7274999999995089,2023-12-13 22:55:00,5.0,True,touch_median
778,T2/S04,2018-02-08 19:56:00,1,0.6449999999998681,2018-02-08 19:50:00,6.0,True,touch_median
779,T2/S04,2018-02-22 19:23:00,1,0.6449999999998681,2018-02-22 19:22:00,1.0,True,touch_median
780,T2/S04,2018-02-22 20:34:00,1,0.6449999999998681,2018-02-22 19:31:00,63.0,True,touch_median
781,T2/S04,2018-03-07 01:03:00,3,0.599999999999909,2018-03-07 01:01:00,2.0,True,touch_median
782,T2/S04,2018-03-19 19:03:00,1,0.6449999999998681,,,False,touch_median
783,T2/S04,2018-03-19 20:49:00,1,0.6449999999998681,2018-03-19 19:27:00,82.0,True,touch_median
784,T2/S04,2018-03-27 06:23:00,1,0.6449999999998681,2018-03-27 06:17:00,6.0,True,touch_median
785,T2/S04,2018-04-02 19:03:00,1,0.6449999999998681,2018-04-02 19:02:00,1.0,True,touch_median
786,T2/S04,2018-04-02 19:17:00,1,0.6449999999998681,2018-04-02 19:16:00,1.0,True,touch_median
787,T2/S04,2018-04-02 20:09:00,1,0.6449999999998681,2018-04-02 20:08:00,1.0,True,touch_median
788,T2/S04,2018-04-06 19:21:00,1,0.6449999999998681,2018-04-06 19:21:00,0.0,True,touch_median
789,T2/S04,2018-04-06 20:27:00,1,0.6449999999998681,2018-04-06 20:26:00,1.0,True,touch_median
790,T2/S04,2018-04-09 19:36:00,1,0.6449999999998681,2018-04-09 19:35:00,1.0,True,touch_median
791,T2/S04,2018-04-09 21:38:00,1,0.6449999999998681,2018-04-09 21:38:00,0.0,True,touch_median
792,T2/S04,2018-04-11 19:03:00,1,0.6449999999998681,2018-04-11 19:02:00,1.0,True,touch_median
793,T2/S04,2018-04-11 19:48:00,4,0.7974999999999,2018-04-11 19:47:00,1.0,True,touch_median
794,T2/S04,2018-05-09 20:17:00,2,0.7624999999999318,,,False,touch_median
795,T2/S04,2018-05-24 19:43:00,1,0.6449999999998681,2018-05-24 19:42:00,1.0,True,touch_median
796,T2/S04,2018-05-24 22:24:00,1,0.6449999999998681,,,False,touch_median
797,T2/S04,2018-05-31 02:44:00,1,0.6449999999998681,2018-05-31 02:44:00,0.0,True,touch_median
798,T2/S04,2018-06-06 08:51:00,2,0.7624999999999318,,,False,touch_median
799,T2/S04,2018-06-12 16:57:00,5,0.75,2018-06-12 16:56:00,1.0,True,touch_median
800,T2/S04,2018-06-13 19:22:00,1,0.6449999999998681,,,False,touch_median
801,T2/S04,2018-06-13 21:56:00,3,0.599999999999909,2018-06-13 21:55:00,1.0,True,touch_median
802,T2/S04,2018-06-21 20:42:00,1,0.6449999999998681,,,False,touch_median
803,T2/S04,2018-07-04 03:11:00,3,0.599999999999909,2018-07-04 03:10:00,1.0,True,touch_median
804,T2/S04,2018-07-05 23:54:00,2,0.7624999999999318,,,False,touch_median
805,T2/S04,2018-07-20 19:30:00,1,0.6449999999998681,2018-07-20 19:29:00,1.0,True,touch_median
806,T2/S04,2018-07-20 20:16:00,1,0.6449999999998681,2018-07-20 20:15:00,1.0,True,touch_median
807,T2/S04,2018-07-30 14:54:00,5,0.75,,,False,touch_median
808,T2/S04,2018-08-06 04:35:00,3,0.599999999999909,2018-08-06 04:34:00,1.0,True,touch_median
809,T2/S04,2018-08-24 20:12:00,3,0.599999999999909,2018-08-24 20:09:00,3.0,True,touch_median
810,T2/S04,2018-08-27 23:25:00,2,0.7624999999999318,,,False,touch_median
811,T2/S04,2018-09-12 20:03:00,1,0.6449999999998681,2018-09-12 20:02:00,1.0,True,touch_median
812,T2/S04,2018-09-18 14:05:00,5,0.75,2018-09-18 14:05:00,0.0,True,touch_median
813,T2/S04,2018-09-28 19:19:00,1,0.6449999999998681,2018-09-28 19:18:00,1.0,True,touch_median
814,T2/S04,2018-09-28 20:43:00,1,0.6449999999998681,2018-09-28 20:42:00,1.0,True,touch_median
815,T2/S04,2018-10-02 19:27:00,1,0.6449999999998681,2018-10-02 19:26:00,1.0,True,touch_median
816,T2/S04,2018-10-03 01:34:00,3,0.599999999999909,2018-10-03 01:34:00,0.0,True,touch_median
817,T2/S04,2018-10-11 19:07:00,1,0.6449999999998681,2018-10-11 19:06:00,1.0,True,touch_median
818,T2/S04,2018-10-11 20:02:00,2,0.7624999999999318,2018-10-11 20:02:00,0.0,True,touch_median
819,T2/S04,2018-11-01 19:10:00,1,0.6449999999998681,,,False,touch_median
820,T2/S04,2018-11-01 19:22:00,1,0.6449999999998681,2018-11-01 19:21:00,1.0,True,touch_median
821,T2/S04,2018-11-02 10:03:00,4,0.7974999999999,2018-11-02 10:03:00,0.0,True,touch_median
822,T2/S04,2018-11-28 19:50:00,1,0.6449999999998681,2018-11-28 19:49:00,1.0,True,touch_median
823,T2/S04,2018-12-07 19:41:00,2,0.7624999999999318,2018-12-07 19:40:00,1.0,True,touch_median
824,T2/S04,2018-12-07 19:48:00,1,0.6449999999998681,2018-12-07 19:47:00,1.0,True,touch_median
825,T2/S04,2018-12-17 19:11:00,1,0.6449999999998681,,,False,touch_median
826,T2/S04,2018-12-17 19:24:00,1,0.6449999999998681,2018-12-17 19:23:00,1.0,True,touch_median
827,T2/S04,2018-12-17 19:35:00,1,0.6449999999998681,2018-12-17 19:34:00,1.0,True,touch_median
828,T2/S04,2018-12-17 19:57:00,1,0.6449999999998681,2018-12-17 19:56:00,1.0,True,touch_median
829,T2/S04,2019-01-09 19:50:00,1,0.6449999999998681,,,False,touch_median
830,T2/S04,2019-01-17 03:18:00,2,0.7624999999999318,,,False,touch_median
831,T2/S04,2019-01-25 19:23:00,2,0.7624999999999318,,,False,touch_median
832,T2/S04,2019-01-25 20:24:00,1,0.6449999999998681,2019-01-25 20:24:00,0.0,True,touch_median
833,T2/S04,2019-02-19 19:10:00,1,0.6449999999998681,2019-02-19 19:09:00,1.0,True,touch_median
834,T2/S04,2019-02-19 19:26:00,1,0.6449999999998681,2019-02-19 19:20:00,6.0,True,touch_median
835,T2/S04,2019-02-19 19:32:00,1,0.6449999999998681,2019-02-19 19:32:00,0.0,True,touch_median
836,T2/S04,2019-02-19 20:02:00,1,0.6449999999998681,2019-02-19 20:02:00,0.0,True,touch_median
837,T2/S04,2019-02-22 19:01:00,1,0.6449999999998681,2019-02-22 19:00:00,1.0,True,touch_median
838,T2/S04,2019-02-22 19:49:00,1,0.6449999999998681,,,False,touch_median
839,T2/S04,2019-05-13 19:08:00,1,0.6449999999998681,,,False,touch_median
840,T2/S04,2019-05-13 19:51:00,1,0.6449999999998681,2019-05-13 19:50:00,1.0,True,touch_median
841,T2/S04,2019-05-24 19:39:00,4,0.7974999999999,2019-05-24 19:39:00,0.0,True,touch_median
842,T2/S04,2019-05-30 20:36:00,1,0.6449999999998681,2019-05-30 20:35:00,1.0,True,touch_median
843,T2/S04,2019-06-12 04:31:00,1,0.6449999999998681,2019-06-11 20:00:00,511.0,True,touch_median
844,T2/S04,2019-06-19 21:01:00,1,0.6449999999998681,2019-06-19 21:00:00,1.0,True,touch_median
845,T2/S04,2019-06-20 19:45:00,1,0.6449999999998681,2019-06-20 19:45:00,0.0,True,touch_median
846,T2/S04,2019-07-02 19:03:00,1,0.6449999999998681,2019-07-02 19:00:00,3.0,True,touch_median
847,T2/S04,2019-07-02 19:16:00,1,0.6449999999998681,2019-07-02 19:15:00,1.0,True,touch_median
848,T2/S04,2019-07-02 19:42:00,2,0.7624999999999318,,,False,touch_median
849,T2/S04,2019-07-02 19:47:00,1,0.6449999999998681,2019-07-02 19:46:00,1.0,True,touch_median
850,T2/S04,2019-07-10 19:55:00,1,0.6449999999998681,2019-07-10 19:54:00,1.0,True,touch_median
851,T2/S04,2019-07-17 21:00:00,2,0.7624999999999318,2019-07-17 20:59:00,1.0,True,touch_median
852,T2/S04,2019-08-06 19:48:00,1,0.6449999999998681,,,False,touch_median
853,T2/S04,2019-08-07 19:05:00,2,0.7624999999999318,2019-08-07 19:05:00,0.0,True,touch_median
854,T2/S04,2019-08-07 19:16:00,1,0.6449999999998681,2019-08-07 19:15:00,1.0,True,touch_median
855,T2/S04,2019-08-07 19:36:00,1,0.6449999999998681,2019-08-07 19:32:00,4.0,True,touch_median
856,T2/S04,2019-08-07 20:26:00,3,0.599999999999909,2019-08-07 20:25:00,1.0,True,touch_median
857,T2/S04,2019-08-23 19:53:00,3,0.599999999999909,2019-08-23 19:52:00,1.0,True,touch_median
858,T2/S04,2019-08-27 19:05:00,1,0.6449999999998681,2019-08-27 19:04:00,1.0,True,touch_median
859,T2/S04,2019-08-27 19:22:00,1,0.6449999999998681,2019-08-27 19:21:00,1.0,True,touch_median
860,T2/S04,2019-08-27 19:35:00,1,0.6449999999998681,2019-08-27 19:34:00,1.0,True,touch_median
861,T2/S04,2019-08-27 21:16:00,2,0.7624999999999318,2019-08-27 20:16:00,60.0,True,touch_median
862,T2/S04,2019-09-03 20:04:00,3,0.599999999999909,2019-09-03 20:03:00,1.0,True,touch_median
863,T2/S04,2019-09-18 19:02:00,1,0.6449999999998681,,,False,touch_median
864,T2/S04,2019-09-18 19:37:00,1,0.6449999999998681,2019-09-18 19:36:00,1.0,True,touch_median
865,T2/S04,2019-09-18 20:57:00,2,0.7624999999999318,2019-09-18 20:56:00,1.0,True,touch_median
866,T2/S04,2019-10-01 19:14:00,2,0.7624999999999318,2019-10-01 19:00:00,14.0,True,touch_median
867,T2/S04,2019-10-01 19:16:00,1,0.6449999999998681,2019-10-01 19:15:00,1.0,True,touch_median
868,T2/S04,2019-10-02 10:23:00,6,0.6374999999998181,2019-10-02 02:52:00,451.0,True,touch_median
869,T2/S04,2019-10-02 19:02:00,1,0.6449999999998681,2019-10-02 19:01:00,1.0,True,touch_median
870,T2/S04,2019-10-02 19:56:00,2,0.7624999999999318,2019-10-02 19:55:00,1.0,True,touch_median
871,T2/S04,2019-10-24 19:06:00,1,0.6449999999998681,2019-10-24 19:05:00,1.0,True,touch_median
872,T2/S04,2019-10-24 19:17:00,1,0.6449999999998681,2019-10-24 19:16:00,1.0,True,touch_median
873,T2/S04,2019-10-24 20:43:00,1,0.6449999999998681,,,False,touch_median
874,T2/S04,2019-11-18 19:06:00,1,0.6449999999998681,2019-11-18 19:05:00,1.0,True,touch_median
875,T2/S04,2019-11-18 19:23:00,1,0.6449999999998681,,,False,touch_median
876,T2/S04,2019-11-19 02:11:00,1,0.6449999999998681,2019-11-19 02:10:00,1.0,True,touch_median
877,T2/S04,2019-12-02 15:36:00,8,,,,False,touch_median
878,T2/S04,2019-12-02 20:41:00,1,0.6449999999998681,2019-12-02 19:28:00,73.0,True,touch_median
879,T2/S04,2019-12-04 05:01:00,1,0.6449999999998681,2019-12-04 02:13:00,168.0,True,touch_median
880,T2/S04,2019-12-11 21:11:00,2,0.7624999999999318,2019-12-11 21:10:00,1.0,True,touch_median
881,T2/S04,2019-12-24 19:17:00,1,0.6449999999998681,2019-12-24 19:16:00,1.0,True,touch_median
882,T2/S04,2019-12-26 06:00:00,1,0.6449999999998681,2019-12-26 06:00:00,0.0,True,touch_median
883,T2/S04,2020-01-10 19:01:00,1,0.6449999999998681,2020-01-10 19:01:00,0.0,True,touch_median
884,T2/S04,2020-01-10 22:21:00,1,0.6449999999998681,2020-01-10 22:17:00,4.0,True,touch_median
885,T2/S04,2020-01-23 19:20:00,1,0.6449999999998681,2020-01-23 19:20:00,0.0,True,touch_median
886,T2/S04,2020-01-23 19:35:00,1,0.6449999999998681,2020-01-23 19:34:00,1.0,True,touch_median
887,T2/S04,2020-01-24 16:46:00,7,,,,False,touch_median
888,T2/S04,2020-01-24 19:03:00,1,0.6449999999998681,2020-01-24 19:02:00,1.0,True,touch_median
889,T2/S04,2020-01-24 19:17:00,1,0.6449999999998681,2020-01-24 19:16:00,1.0,True,touch_median
890,T2/S04,2020-01-24 20:21:00,2,0.7624999999999318,2020-01-24 20:20:00,1.0,True,touch_median
891,T2/S04,2020-02-18 22:50:00,3,0.599999999999909,,,False,touch_median
892,T2/S04,2020-02-21 19:48:00,1,0.6449999999998681,2020-02-21 19:47:00,1.0,True,touch_median
893,T2/S04,2020-03-03 19:03:00,1,0.6449999999998681,2020-03-03 19:02:00,1.0,True,touch_median
894,T2/S04,2020-03-03 19:16:00,1,0.6449999999998681,2020-03-03 19:15:00,1.0,True,touch_median
895,T2/S04,2020-03-03 19:35:00,1,0.6449999999998681,2020-03-03 19:34:00,1.0,True,touch_median
896,T2/S04,2020-03-03 19:52:00,2,0.7624999999999318,2020-03-03 19:51:00,1.0,True,touch_median
897,T2/S04,2020-03-05 19:03:00,1,0.6449999999998681,2020-03-05 19:02:00,1.0,True,touch_median
898,T2/S04,2020-03-05 19:22:00,1,0.6449999999998681,2020-03-05 19:21:00,1.0,True,touch_median
899,T2/S04,2020-03-05 19:38:00,1,0.6449999999998681,2020-03-05 19:37:00,1.0,True,touch_median
900,T2/S04,2020-03-05 19:49:00,1,0.6449999999998681,2020-03-05 19:46:00,3.0,True,touch_median
901,T2/S04,2020-03-17 19:01:00,1,0.6449999999998681,2020-03-17 19:00:00,1.0,True,touch_median
902,T2/S04,2020-03-17 19:16:00,1,0.6449999999998681,2020-03-17 19:15:00,1.0,True,touch_median
903,T2/S04,2020-03-17 19:33:00,2,0.7624999999999318,2020-03-17 19:32:00,1.0,True,touch_median
904,T2/S04,2020-03-17 19:47:00,1,0.6449999999998681,2020-03-17 19:46:00,1.0,True,touch_median
905,T2/S04,2020-03-23 19:01:00,1,0.6449999999998681,2020-03-23 19:00:00,1.0,True,touch_median
906,T2/S04,2020-03-23 19:18:00,1,0.6449999999998681,2020-03-23 19:16:00,2.0,True,touch_median
907,T2/S04,2020-03-23 19:43:00,2,0.7624999999999318,2020-03-23 19:42:00,1.0,True,touch_median
908,T2/S04,2020-03-23 19:47:00,1,0.6449999999998681,2020-03-23 19:46:00,1.0,True,touch_median
909,T2/S04,2020-03-26 19:24:00,1,0.6449999999998681,2020-03-26 19:18:00,6.0,True,touch_median
910,T2/S04,2020-03-26 19:36:00,1,0.6449999999998681,2020-03-26 19:35:00,1.0,True,touch_median
911,T2/S04,2020-03-26 21:48:00,7,,2020-03-26 19:53:00,115.0,True,touch_median
912,T2/S04,2020-04-02 19:03:00,1,0.6449999999998681,2020-04-02 19:00:00,3.0,True,touch_median
913,T2/S04,2020-04-02 19:16:00,1,0.6449999999998681,2020-04-02 19:15:00,1.0,True,touch_median
914,T2/S04,2020-04-02 19:37:00,1,0.6449999999998681,2020-04-02 19:33:00,4.0,True,touch_median
915,T2/S04,2020-04-02 19:59:00,1,0.6449999999998681,2020-04-02 19:54:00,5.0,True,touch_median
916,T2/S04,2020-04-06 19:03:00,1,0.6449999999998681,2020-04-06 19:02:00,1.0,True,touch_median
917,T2/S04,2020-04-06 19:25:00,1,0.6449999999998681,2020-04-06 19:24:00,1.0,True,touch_median
918,T2/S04,2020-04-06 19:35:00,2,0.7624999999999318,2020-04-06 19:34:00,1.0,True,touch_median
919,T2/S04,2020-04-06 19:54:00,1,0.6449999999998681,2020-04-06 19:49:00,5.0,True,touch_median
920,T2/S04,2020-04-09 19:49:00,1,0.6449999999998681,2020-04-09 19:46:00,3.0,True,touch_median
921,T2/S04,2020-04-13 19:04:00,2,0.7624999999999318,2020-04-13 19:03:00,1.0,True,touch_median
922,T2/S04,2020-04-13 19:23:00,2,0.7624999999999318,2020-04-13 19:15:00,8.0,True,touch_median
923,T2/S04,2020-04-13 19:32:00,1,0.6449999999998681,2020-04-13 19:31:00,1.0,True,touch_median
924,T2/S04,2020-04-13 19:48:00,1,0.6449999999998681,2020-04-13 19:47:00,1.0,True,touch_median
925,T2/S04,2020-04-22 19:31:00,1,0.6449999999998681,2020-04-22 19:30:00,1.0,True,touch_median
926,T2/S04,2020-04-22 20:02:00,2,0.7624999999999318,2020-04-22 20:00:00,2.0,True,touch_median
927,T2/S04,2020-05-01 19:08:00,1,0.6449999999998681,2020-05-01 19:00:00,8.0,True,touch_median
928,T2/S04,2020-05-07 19:10:00,1,0.6449999999998681,2020-05-07 19:00:00,10.0,True,touch_median
929,T2/S04,2020-05-07 19:24:00,1,0.6449999999998681,2020-05-07 19:23:00,1.0,True,touch_median
930,T2/S04,2020-05-07 19:31:00,1,0.6449999999998681,2020-05-07 19:30:00,1.0,True,touch_median
931,T2/S04,2020-05-07 19:47:00,1,0.6449999999998681,2020-05-07 19:45:00,2.0,True,touch_median
932,T2/S04,2020-05-14 19:01:00,1,0.6449999999998681,2020-05-14 19:00:00,1.0,True,touch_median
933,T2/S04,2020-05-14 19:20:00,1,0.6449999999998681,2020-05-14 19:19:00,1.0,True,touch_median
934,T2/S04,2020-05-14 21:49:00,4,0.7974999999999,2020-05-14 21:49:00,0.0,True,touch_median
935,T2/S04,2020-06-19 19:34:00,2,0.7624999999999318,2020-06-19 19:33:00,1.0,True,touch_median
936,T2/S04,2020-06-19 19:54:00,1,0.6449999999998681,2020-06-19 19:50:00,4.0,True,touch_median
937,T2/S04,2020-06-23 19:07:00,1,0.6449999999998681,2020-06-23 19:06:00,1.0,True,touch_median
938,T2/S04,2020-06-23 19:16:00,1,0.6449999999998681,2020-06-23 19:15:00,1.0,True,touch_median
939,T2/S04,2020-06-23 21:55:00,2,0.7624999999999318,2020-06-23 21:54:00,1.0,True,touch_median
940,T2/S04,2020-07-07 19:02:00,1,0.6449999999998681,2020-07-07 19:00:00,2.0,True,touch_median
941,T2/S04,2020-07-07 19:29:00,2,0.7624999999999318,2020-07-07 19:29:00,0.0,True,touch_median
942,T2/S04,2020-07-07 20:17:00,1,0.6449999999998681,,,False,touch_median
943,T2/S04,2020-07-08 20:13:00,2,0.7624999999999318,2020-07-08 20:12:00,1.0,True,touch_median
944,T2/S04,2020-07-21 19:24:00,1,0.6449999999998681,2020-07-21 19:23:00,1.0,True,touch_median
945,T2/S04,2020-07-21 19:32:00,1,0.6449999999998681,,,False,touch_median
946,T2/S04,2020-07-21 19:57:00,1,0.6449999999998681,2020-07-21 19:56:00,1.0,True,touch_median
947,T2/S04,2020-07-28 20:41:00,5,0.75,2020-07-28 20:40:00,1.0,True,touch_median
948,T2/S04,2020-08-17 19:15:00,1,0.6449999999998681,2020-08-17 19:09:00,6.0,True,touch_median
949,T2/S04,2020-08-17 19:31:00,1,0.6449999999998681,2020-08-17 19:30:00,1.0,True,touch_median
950,T2/S04,2020-08-17 19:54:00,1,0.6449999999998681,2020-08-17 19:48:00,6.0,True,touch_median
951,T2/S04,2020-09-28 19:21:00,1,0.6449999999998681,2020-09-28 19:20:00,1.0,True,touch_median
952,T2/S04,2020-09-28 19:37:00,1,0.6449999999998681,2020-09-28 19:36:00,1.0,True,touch_median
953,T2/S04,2020-10-05 19:03:00,1,0.6449999999998681,2020-10-05 19:00:00,3.0,True,touch_median
954,T2/S04,2020-10-05 19:23:00,1,0.6449999999998681,2020-10-05 19:22:00,1.0,True,touch_median
955,T2/S04,2020-10-05 19:34:00,1,0.6449999999998681,2020-10-05 19:31:00,3.0,True,touch_median
956,T2/S04,2020-10-05 19:49:00,1,0.6449999999998681,2020-10-05 19:48:00,1.0,True,touch_median
957,T2/S04,2020-11-05 19:10:00,2,0.7624999999999318,2020-11-05 19:09:00,1.0,True,touch_median
958,T2/S04,2020-11-05 19:17:00,1,0.6449999999998681,2020-11-05 19:17:00,0.0,True,touch_median
959,T2/S04,2020-11-05 19:31:00,1,0.6449999999998681,2020-11-05 19:30:00,1.0,True,touch_median
960,T2/S04,2020-11-05 20:04:00,1,0.6449999999998681,2020-11-05 20:04:00,0.0,True,touch_median
961,T2/S04,2020-11-13 19:09:00,1,0.6449999999998681,2020-11-13 19:08:00,1.0,True,touch_median
962,T2/S04,2020-11-13 19:18:00,1,0.6449999999998681,2020-11-13 19:17:00,1.0,True,touch_median
963,T2/S04,2020-12-07 19:06:00,1,0.6449999999998681,2020-12-07 19:05:00,1.0,True,touch_median
964,T2/S04,2020-12-07 19:51:00,1,0.6449999999998681,2020-12-07 19:50:00,1.0,True,touch_median
965,T2/S04,2021-02-09 02:55:00,6,0.6374999999998181,2021-02-09 02:54:00,1.0,True,touch_median
966,T2/S04,2021-02-22 19:09:00,1,0.6449999999998681,2021-02-22 19:08:00,1.0,True,touch_median
967,T2/S04,2021-02-22 19:17:00,1,0.6449999999998681,2021-02-22 19:16:00,1.0,True,touch_median
968,T2/S04,2021-02-22 20:06:00,2,0.7624999999999318,2021-02-22 20:05:00,1.0,True,touch_median
969,T2/S04,2021-03-09 19:40:00,1,0.6449999999998681,2021-03-09 19:40:00,0.0,True,touch_median
970,T2/S04,2021-03-09 20:03:00,1,0.6449999999998681,2021-03-09 20:02:00,1.0,True,touch_median
971,T2/S04,2021-03-31 19:07:00,1,0.6449999999998681,2021-03-31 19:00:00,7.0,True,touch_median
972,T2/S04,2021-03-31 19:18:00,1,0.6449999999998681,2021-03-31 19:16:00,2.0,True,touch_median
973,T2/S04,2021-03-31 19:31:00,1,0.6449999999998681,2021-03-31 19:30:00,1.0,True,touch_median
974,T2/S04,2021-03-31 19:55:00,1,0.6449999999998681,2021-03-31 19:51:00,4.0,True,touch_median
975,T2/S04,2021-04-06 21:25:00,3,0.599999999999909,2021-04-06 21:24:00,1.0,True,touch_median
976,T2/S04,2021-04-08 19:09:00,1,0.6449999999998681,2021-04-08 19:08:00,1.0,True,touch_median
977,T2/S04,2021-04-08 19:16:00,1,0.6449999999998681,2021-04-08 19:15:00,1.0,True,touch_median
978,T2/S04,2021-04-08 23:18:00,1,0.6449999999998681,2021-04-08 23:05:00,13.0,True,touch_median
979,T2/S04,2021-04-13 19:14:00,1,0.6449999999998681,,,False,touch_median
980,T2/S04,2021-04-15 19:01:00,1,0.6449999999998681,2021-04-15 19:00:00,1.0,True,touch_median
981,T2/S04,2021-04-15 19:17:00,1,0.6449999999998681,,,False,touch_median
982,T2/S04,2021-04-16 07:55:00,4,0.7974999999999,2021-04-16 03:05:00,290.0,True,touch_median
983,T2/S04,2021-04-21 19:33:00,1,0.6449999999998681,,,False,touch_median
984,T2/S04,2021-04-21 19:51:00,1,0.6449999999998681,2021-04-21 19:50:00,1.0,True,touch_median
985,T2/S04,2021-05-03 19:05:00,1,0.6449999999998681,2021-05-03 19:04:00,1.0,True,touch_median
986,T2/S04,2021-05-03 19:19:00,1,0.6449999999998681,2021-05-03 19:16:00,3.0,True,touch_median
987,T2/S04,2021-05-03 19:32:00,1,0.6449999999998681,,,False,touch_median
988,T2/S04,2021-05-03 21:48:00,2,0.7624999999999318,,,False,touch_median
989,T2/S04,2021-05-06 19:06:00,1,0.6449999999998681,2021-05-06 19:05:00,1.0,True,touch_median
990,T2/S04,2021-05-06 20:48:00,2,0.7624999999999318,,,False,touch_median
991,T2/S04,2021-05-13 19:46:00,1,0.6449999999998681,2021-05-13 19:45:00,1.0,True,touch_median
992,T2/S04,2021-05-17 19:49:00,1,0.6449999999998681,,,False,touch_median
993,T2/S04,2021-05-25 19:52:00,1,0.6449999999998681,2021-05-25 19:51:00,1.0,True,touch_median
994,T2/S04,2021-06-02 19:03:00,1,0.6449999999998681,2021-06-02 19:02:00,1.0,True,touch_median
995,T2/S04,2021-06-02 19:45:00,1,0.6449999999998681,2021-06-02 19:45:00,0.0,True,touch_median
996,T2/S04,2021-06-04 22:13:00,3,0.599999999999909,2021-06-04 22:12:00,1.0,True,touch_median
997,T2/S04,2021-06-07 19:39:00,1,0.6449999999998681,2021-06-07 19:38:00,1.0,True,touch_median
998,T2/S04,2021-06-07 20:18:00,1,0.6449999999998681,,,False,touch_median
999,T2/S04,2021-08-11 20:03:00,3,0.599999999999909,2021-08-11 20:02:00,1.0,True,touch_median
1000,T2/S04,2021-08-13 19:02:00,1,0.6449999999998681,2021-08-13 19:01:00,1.0,True,touch_median
1001,T2/S04,2021-08-13 21:11:00,2,0.7624999999999318,2021-08-13 21:11:00,0.0,True,touch_median
1002,T2/S04,2021-09-03 19:49:00,1,0.6449999999998681,2021-09-03 19:49:00,0.0,True,touch_median
1003,T2/S04,2021-09-21 19:41:00,2,0.7624999999999318,,,False,touch_median
1004,T2/S04,2021-09-21 20:30:00,1,0.6449999999998681,2021-09-21 20:29:00,1.0,True,touch_median
1005,T2/S04,2021-09-30 19:04:00,1,0.6449999999998681,2021-09-30 19:00:00,4.0,True,touch_median
1006,T2/S04,2021-09-30 19:22:00,1,0.6449999999998681,2021-09-30 19:21:00,1.0,True,touch_median
1007,T2/S04,2021-09-30 19:31:00,1,0.6449999999998681,2021-09-30 19:30:00,1.0,True,touch_median
1008,T2/S04,2021-09-30 23:11:00,3,0.599999999999909,2021-09-30 22:03:00,68.0,True,touch_median
1009,T2/S04,2021-10-01 04:46:00,3,0.599999999999909,2021-10-01 02:33:00,133.0,True,touch_median
1010,T2/S04,2021-10-04 19:40:00,1,0.6449999999998681,2021-10-04 19:33:00,7.0,True,touch_median
1011,T2/S04,2021-10-04 22:49:00,4,0.7974999999999,2021-10-04 22:49:00,0.0,True,touch_median
1012,T2/S04,2021-10-06 19:38:00,1,0.6449999999998681,2021-10-06 19:37:00,1.0,True,touch_median
1013,T2/S04,2021-10-25 21:31:00,2,0.7624999999999318,,,False,touch_median
1014,T2/S04,2021-11-04 19:18:00,1,0.6449999999998681,2021-11-04 19:18:00,0.0,True,touch_median
1015,T2/S04,2021-11-05 19:26:00,1,0.6449999999998681,2021-11-05 19:26:00,0.0,True,touch_median
1016,T2/S04,2021-11-05 20:21:00,2,0.7624999999999318,2021-11-05 20:20:00,1.0,True,touch_median
1017,T2/S04,2021-11-08 20:19:00,1,0.6449999999998681,2021-11-08 20:18:00,1.0,True,touch_median
1018,T2/S04,2021-11-10 21:43:00,7,,,,False,touch_median
1019,T2/S04,2021-11-12 19:46:00,2,0.7624999999999318,2021-11-12 19:46:00,0.0,True,touch_median
1020,T2/S04,2021-12-10 20:13:00,2,0.7624999999999318,2021-12-10 20:12:00,1.0,True,touch_median
1021,T2/S04,2021-12-16 22:01:00,3,0.599999999999909,2021-12-16 22:01:00,0.0,True,touch_median
1022,T2/S04,2021-12-31 19:29:00,1,0.6449999999998681,2021-12-31 19:24:00,5.0,True,touch_median
1023,T2/S04,2021-12-31 20:29:00,2,0.7624999999999318,2021-12-31 20:28:00,1.0,True,touch_median
1024,T2/S04,2022-01-20 02:59:00,1,0.6449999999998681,2022-01-19 19:04:00,475.0,True,touch_median
1025,T2/S04,2022-01-25 19:25:00,2,0.7624999999999318,2022-01-25 19:25:00,0.0,True,touch_median
1026,T2/S04,2022-01-25 19:36:00,1,0.6449999999998681,2022-01-25 19:35:00,1.0,True,touch_median
1027,T2/S04,2022-01-25 19:58:00,1,0.6449999999998681,2022-01-25 19:57:00,1.0,True,touch_median
1028,T2/S04,2022-02-02 19:08:00,1,0.6449999999998681,,,False,touch_median
1029,T2/S04,2022-02-02 20:00:00,2,0.7624999999999318,,,False,touch_median
1030,T2/S04,2022-02-08 19:09:00,1,0.6449999999998681,2022-02-08 19:08:00,1.0,True,touch_median
1031,T2/S04,2022-02-08 20:36:00,2,0.7624999999999318,2022-02-08 20:36:00,0.0,True,touch_median
1032,T2/S04,2022-02-23 19:01:00,1,0.6449999999998681,2022-02-23 19:00:00,1.0,True,touch_median
1033,T2/S04,2022-02-23 19:26:00,1,0.6449999999998681,2022-02-23 19:26:00,0.0,True,touch_median
1034,T2/S04,2022-02-23 20:59:00,3,0.599999999999909,,,False,touch_median
1035,T2/S04,2022-03-08 19:06:00,6,0.6374999999998181,2022-03-08 19:05:00,1.0,True,touch_median
1036,T2/S04,2022-03-08 19:16:00,2,0.7624999999999318,2022-03-08 19:15:00,1.0,True,touch_median
1037,T2/S04,2022-03-30 22:39:00,8,,,,False,touch_median
1038,T2/S04,2022-03-31 19:48:00,6,0.6374999999998181,2022-03-31 19:48:00,0.0,True,touch_median
1039,T2/S04,2022-04-12 19:31:00,2,0.7624999999999318,2022-04-12 19:31:00,0.0,True,touch_median
1040,T2/S04,2022-05-16 19:44:00,4,0.7974999999999,,,False,touch_median
1041,T2/S04,2022-05-16 19:51:00,2,0.7624999999999318,2022-05-16 19:50:00,1.0,True,touch_median
1042,T2/S04,2022-06-01 20:04:00,4,0.7974999999999,2022-06-01 20:04:00,0.0,True,touch_median
1043,T2/S04,2022-06-03 03:26:00,2,0.7624999999999318,2022-06-02 19:03:00,503.0,True,touch_median
1044,T2/S04,2022-07-21 19:28:00,4,0.7974999999999,2022-07-21 19:28:00,0.0,True,touch_median
1045,T2/S04,2022-07-21 20:09:00,4,0.7974999999999,2022-07-21 20:08:00,1.0,True,touch_median
1046,T2/S04,2022-08-08 19:21:00,2,0.7624999999999318,2022-08-08 19:21:00,0.0,True,touch_median
1047,T2/S04,2022-08-12 20:05:00,2,0.7624999999999318,2022-08-12 20:04:00,1.0,True,touch_median
1048,T2/S04,2022-08-29 21:04:00,9,,,,False,touch_median
1049,T2/S04,2022-09-02 21:31:00,12,,,,False,touch_median
1050,T2/S04,2022-09-28 19:01:00,3,0.599999999999909,2022-09-28 19:00:00,1.0,True,touch_median
1051,T2/S04,2022-09-28 19:53:00,9,,,,False,touch_median
1052,T2/S04,2022-10-03 19:03:00,3,0.599999999999909,2022-10-03 19:00:00,3.0,True,touch_median
1053,T2/S04,2022-10-03 19:41:00,6,0.6374999999998181,2022-10-03 19:40:00,1.0,True,touch_median
1054,T2/S04,2022-10-03 19:50:00,3,0.599999999999909,2022-10-03 19:48:00,2.0,True,touch_median
1055,T2/S04,2022-10-11 19:41:00,3,0.599999999999909,2022-10-11 19:30:00,11.0,True,touch_median
1056,T2/S04,2022-10-11 19:47:00,3,0.599999999999909,2022-10-11 19:46:00,1.0,True,touch_median
1057,T2/S04,2022-10-21 19:02:00,3,0.599999999999909,2022-10-21 19:00:00,2.0,True,touch_median
1058,T2/S04,2022-10-21 19:25:00,6,0.6374999999998181,2022-10-21 19:24:00,1.0,True,touch_median
1059,T2/S04,2022-10-21 19:32:00,3,0.599999999999909,2022-10-21 19:30:00,2.0,True,touch_median
1060,T2/S04,2022-10-21 19:46:00,3,0.599999999999909,2022-10-21 19:45:00,1.0,True,touch_median
1061,T2/S04,2022-11-04 19:37:00,3,0.599999999999909,2022-11-04 19:37:00,0.0,True,touch_median
1062,T2/S04,2022-11-04 19:55:00,3,0.599999999999909,2022-11-04 19:54:00,1.0,True,touch_median
1063,T2/S04,2022-11-08 19:01:00,3,0.599999999999909,2022-11-08 19:00:00,1.0,True,touch_median
1064,T2/S04,2022-11-08 19:27:00,3,0.599999999999909,2022-11-08 19:26:00,1.0,True,touch_median
1065,T2/S04,2022-11-08 19:36:00,3,0.599999999999909,2022-11-08 19:36:00,0.0,True,touch_median
1066,T2/S04,2022-11-08 19:56:00,3,0.599999999999909,2022-11-08 19:56:00,0.0,True,touch_median
1067,T2/S04,2022-11-10 19:19:00,6,0.6374999999998181,2022-11-10 19:16:00,3.0,True,touch_median
1068,T2/S04,2022-11-10 19:57:00,6,0.6374999999998181,2022-11-10 19:56:00,1.0,True,touch_median
1069,T2/S04,2022-11-14 19:03:00,3,0.599999999999909,2022-11-14 19:02:00,1.0,True,touch_median
1070,T2/S04,2022-11-14 19:17:00,3,0.599999999999909,2022-11-14 19:16:00,1.0,True,touch_median
1071,T2/S04,2022-11-14 19:38:00,3,0.599999999999909,2022-11-14 19:37:00,1.0,True,touch_median
1072,T2/S04,2022-11-14 19:52:00,3,0.599999999999909,2022-11-14 19:50:00,2.0,True,touch_median
1073,T2/S04,2022-12-01 19:29:00,6,0.6374999999998181,2022-12-01 19:28:00,1.0,True,touch_median
1074,T2/S04,2022-12-01 21:17:00,6,0.6374999999998181,2022-12-01 20:06:00,71.0,True,touch_median
1075,T2/S04,2022-12-16 19:01:00,3,0.599999999999909,2022-12-16 19:00:00,1.0,True,touch_median
1076,T2/S04,2022-12-16 19:20:00,3,0.599999999999909,2022-12-16 19:18:00,2.0,True,touch_median
1077,T2/S04,2022-12-16 20:12:00,6,0.6374999999998181,2022-12-16 20:12:00,0.0,True,touch_median
1078,T2/S04,2022-12-27 19:05:00,3,0.599999999999909,2022-12-27 19:04:00,1.0,True,touch_median
1079,T2/S04,2022-12-29 07:07:00,39,,,,False,touch_median
1080,T2/S04,2022-12-29 19:51:00,3,0.599999999999909,2022-12-29 19:50:00,1.0,True,touch_median
1081,T2/S04,2023-01-06 19:01:00,3,0.599999999999909,2023-01-06 19:00:00,1.0,True,touch_median
1082,T2/S04,2023-01-06 19:37:00,6,0.6374999999998181,2023-01-06 19:36:00,1.0,True,touch_median
1083,T2/S04,2023-01-06 20:06:00,3,0.599999999999909,2023-01-06 20:00:00,6.0,True,touch_median
1084,T2/S04,2023-01-25 20:03:00,8,,,,False,touch_median
1085,T2/S04,2023-01-31 19:06:00,4,0.7974999999999,2023-01-31 19:06:00,0.0,True,touch_median
1086,T2/S04,2023-01-31 19:17:00,4,0.7974999999999,2023-01-31 19:17:00,0.0,True,touch_median
1087,T2/S04,2023-01-31 20:32:00,4,0.7974999999999,2023-01-31 20:31:00,1.0,True,touch_median
1088,T2/S04,2023-02-17 19:02:00,4,0.7974999999999,2023-02-17 19:01:00,1.0,True,touch_median
1089,T2/S04,2023-02-17 19:16:00,4,0.7974999999999,2023-02-17 19:16:00,0.0,True,touch_median
1090,T2/S04,2023-02-17 20:35:00,8,,,,False,touch_median
1091,T2/S04,2023-02-28 19:02:00,4,0.7974999999999,2023-02-28 19:01:00,1.0,True,touch_median
1092,T2/S04,2023-02-28 19:26:00,4,0.7974999999999,2023-02-28 19:20:00,6.0,True,touch_median
1093,T2/S04,2023-02-28 19:35:00,4,0.7974999999999,,,False,touch_median
1094,T2/S04,2023-02-28 19:54:00,4,0.7974999999999,2023-02-28 19:53:00,1.0,True,touch_median
1095,T2/S04,2023-03-15 19:03:00,4,0.7974999999999,2023-03-15 19:02:00,1.0,True,touch_median
1096,T2/S04,2023-03-17 19:01:00,4,0.7974999999999,2023-03-17 19:01:00,0.0,True,touch_median
1097,T2/S04,2023-03-17 19:17:00,4,0.7974999999999,2023-03-17 19:16:00,1.0,True,touch_median
1098,T2/S04,2023-03-17 19:32:00,4,0.7974999999999,2023-03-17 19:31:00,1.0,True,touch_median
1099,T2/S04,2023-03-17 19:46:00,4,0.7974999999999,2023-03-17 19:46:00,0.0,True,touch_median
1100,T2/S04,2023-03-28 19:07:00,4,0.7974999999999,2023-03-28 19:07:00,0.0,True,touch_median
1101,T2/S04,2023-03-28 19:17:00,4,0.7974999999999,2023-03-28 19:17:00,0.0,True,touch_median
1102,T2/S04,2023-03-28 19:41:00,4,0.7974999999999,2023-03-28 19:40:00,1.0,True,touch_median
1103,T2/S04,2023-03-28 20:01:00,4,0.7974999999999,2023-03-28 20:00:00,1.0,True,touch_median
1104,T2/S04,2023-03-30 19:35:00,4,0.7974999999999,,,False,touch_median
1105,T2/S04,2023-03-30 19:49:00,4,0.7974999999999,2023-03-30 19:49:00,0.0,True,touch_median
1106,T2/S04,2023-04-03 19:07:00,4,0.7974999999999,2023-04-03 19:06:00,1.0,True,touch_median
1107,T2/S04,2023-04-03 19:20:00,4,0.7974999999999,2023-04-03 19:19:00,1.0,True,touch_median
1108,T2/S04,2023-04-04 15:21:00,24,,,,False,touch_median
1109,T2/S04,2023-04-04 19:03:00,4,0.7974999999999,2023-04-04 19:02:00,1.0,True,touch_median
1110,T2/S04,2023-04-04 22:47:00,15,,,,False,touch_median
1111,T2/S04,2023-05-02 19:02:00,5,0.75,2023-05-02 19:01:00,1.0,True,touch_median
1112,T2/S04,2023-05-02 19:16:00,5,0.75,2023-05-02 19:15:00,1.0,True,touch_median
1113,T2/S04,2023-05-02 19:46:00,10,,,,False,touch_median
1114,T2/S04,2023-05-23 19:47:00,5,0.75,,,False,touch_median
1115,T2/S04,2023-06-05 20:43:00,5,0.75,,,False,touch_median
1116,T2/S04,2023-06-08 19:01:00,5,0.75,2023-06-08 19:00:00,1.0,True,touch_median
1117,T2/S04,2023-06-08 19:18:00,5,0.75,2023-06-08 19:17:00,1.0,True,touch_median
1118,T2/S04,2023-06-09 01:08:00,20,,,,False,touch_median
1119,T2/S04,2023-06-15 19:02:00,5,0.75,2023-06-15 19:01:00,1.0,True,touch_median
1120,T2/S04,2023-06-15 19:31:00,5,0.75,2023-06-15 19:31:00,0.0,True,touch_median
1121,T2/S04,2023-06-15 19:49:00,5,0.75,2023-06-15 19:49:00,0.0,True,touch_median
1122,T2/S04,2023-06-30 19:03:00,5,0.75,2023-06-30 19:02:00,1.0,True,touch_median
1123,T2/S04,2023-06-30 19:19:00,5,0.75,,,False,touch_median
1124,T2/S04,2023-06-30 19:33:00,5,0.75,,,False,touch_median
1125,T2/S04,2023-06-30 19:51:00,5,0.75,2023-06-30 19:51:00,0.0,True,touch_median
1126,T2/S04,2023-07-04 09:13:00,20,,,,False,touch_median
1127,T2/S04,2023-07-12 19:19:00,5,0.75,2023-07-12 19:18:00,1.0,True,touch_median
1128,T2/S04,2023-07-12 19:44:00,5,0.75,2023-07-12 19:44:00,0.0,True,touch_median
1129,T2/S04,2023-07-12 22:47:00,10,,,,False,touch_median
1130,T2/S04,2023-07-18 19:26:00,6,0.6374999999998181,2023-07-18 19:25:00,1.0,True,touch_median
1131,T2/S04,2023-07-28 19:05:00,6,0.6374999999998181,2023-07-28 19:04:00,1.0,True,touch_median
1132,T2/S04,2023-07-28 19:24:00,6,0.6374999999998181,2023-07-28 19:24:00,0.0,True,touch_median
1133,T2/S04,2023-07-31 19:15:00,6,0.6374999999998181,2023-07-31 19:14:00,1.0,True,touch_median
1134,T2/S04,2023-07-31 19:42:00,6,0.6374999999998181,2023-07-31 19:42:00,0.0,True,touch_median
1135,T2/S04,2023-07-31 20:23:00,12,,,,False,touch_median
1136,T2/S04,2023-08-23 19:11:00,6,0.6374999999998181,,,False,touch_median
1137,T2/S04,2023-08-23 19:35:00,6,0.6374999999998181,2023-08-23 19:33:00,2.0,True,touch_median
1138,T2/S04,2023-08-24 03:19:00,12,,,,False,touch_median
1139,T2/S04,2023-08-29 04:05:00,30,,,,False,touch_median
1140,T2/S04,2023-08-29 19:09:00,6,0.6374999999998181,2023-08-29 19:08:00,1.0,True,touch_median
1141,T2/S04,2023-08-29 19:53:00,12,,,,False,touch_median
1142,T2/S04,2023-08-30 19:58:00,12,,,,False,touch_median
1143,T2/S04,2023-09-20 19:04:00,6,0.6374999999998181,2023-09-20 19:04:00,0.0,True,touch_median
1144,T2/S04,2023-09-20 19:21:00,6,0.6374999999998181,2023-09-20 19:21:00,0.0,True,touch_median
1145,T2/S04,2023-09-20 19:54:00,6,0.6374999999998181,2023-09-20 19:53:00,1.0,True,touch_median
1146,T2/S04,2023-10-13 19:02:00,6,0.6374999999998181,2023-10-13 19:02:00,0.0,True,touch_median
1147,T2/S04,2023-10-13 19:46:00,18,,,,False,touch_median
1148,T2/S04,2023-10-16 20:01:00,7,,,,False,touch_median
1149,T2/S04,2023-11-09 19:03:00,7,,,,False,touch_median
1150,T2/S04,2023-11-09 20:17:00,21,,,,False,touch_median
1151,T2/S04,2023-11-14 20:08:00,16,,,,False,touch_median
1152,T2/S04,2023-11-21 19:59:00,16,,,,False,touch_median
1153,T2/S04,2023-11-28 19:03:00,8,,,,False,touch_median
1154,T2/S04,2023-11-28 21:46:00,24,,,,False,touch_median
1155,T2/S04,2023-12-19 19:04:00,9,,,,False,touch_median
1156,T3/S06,2018-01-25 23:42:00,1,0.8349999999999227,2018-01-25 23:40:00,2.0,True,touch_median
1157,T3/S06,2018-02-07 14:18:00,3,,,,False,touch_median
1158,T3/S06,2018-02-16 23:31:00,1,0.8349999999999227,2018-02-16 23:30:00,1.0,True,touch_median
1159,T3/S06,2018-02-16 23:43:00,1,0.8349999999999227,,,False,touch_median
1160,T3/S06,2018-02-19 05:57:00,2,1.1875,,,False,touch_median
1161,T3/S06,2018-05-15 07:26:00,1,0.8349999999999227,2018-05-15 07:26:00,0.0,True,touch_median
1162,T3/S06,2018-05-31 23:47:00,1,0.8349999999999227,,,False,touch_median
1163,T3/S06,2018-06-01 13:51:00,1,0.8349999999999227,2018-06-01 13:50:00,1.0,True,touch_median
1164,T3/S06,2018-07-03 04:44:00,1,0.8349999999999227,2018-07-03 04:43:00,1.0,True,touch_median
1165,T3/S06,2018-07-12 04:00:00,1,0.8349999999999227,2018-07-12 03:59:00,1.0,True,touch_median
1166,T3/S06,2018-08-02 23:23:00,1,0.8349999999999227,2018-08-02 23:23:00,0.0,True,touch_median
1167,T3/S06,2018-08-02 23:33:00,1,0.8349999999999227,,,False,touch_median
1168,T3/S06,2018-08-03 05:04:00,1,0.8349999999999227,2018-08-03 04:41:00,23.0,True,touch_median
1169,T3/S06,2018-08-07 20:22:00,3,,2018-08-06 23:01:00,1281.0,True,touch_median
1170,T3/S06,2018-08-14 03:01:00,1,0.8349999999999227,2018-08-14 03:00:00,1.0,True,touch_median
1171,T3/S06,2018-08-16 02:50:00,1,0.8349999999999227,2018-08-16 02:49:00,1.0,True,touch_median
1172,T3/S06,2018-08-24 02:29:00,1,0.8349999999999227,2018-08-24 02:28:00,1.0,True,touch_median
1173,T3/S06,2018-09-17 03:01:00,1,0.8349999999999227,2018-09-17 01:01:00,120.0,True,touch_median
1174,T3/S06,2018-11-12 23:34:00,1,0.8349999999999227,,,False,touch_median
1175,T3/S06,2018-11-13 10:13:00,2,1.1875,,,False,touch_median
1176,T3/S06,2019-01-11 16:18:00,3,,,,False,touch_median
1177,T3/S06,2019-01-21 10:47:00,1,0.8349999999999227,2019-01-21 10:47:00,0.0,True,touch_median
1178,T3/S06,2019-02-06 23:52:00,1,0.8349999999999227,2019-02-06 23:51:00,1.0,True,touch_median
1179,T3/S06,2019-02-21 23:07:00,1,0.8349999999999227,2019-02-21 23:06:00,1.0,True,touch_median
1180,T3/S06,2019-02-22 11:45:00,2,1.1875,2019-02-21 23:34:00,731.0,True,touch_median
1181,T3/S06,2019-03-04 09:31:00,3,,,,False,touch_median
1182,T3/S06,2019-04-12 15:33:00,2,1.1875,2019-04-12 15:32:00,1.0,True,touch_median
1183,T3/S06,2019-07-11 23:33:00,1,0.8349999999999227,2019-07-11 23:32:00,1.0,True,touch_median
1184,T3/S06,2019-07-12 02:41:00,2,1.1875,,,False,touch_median
1185,T3/S06,2019-08-01 02:11:00,2,1.1875,2019-08-01 02:10:00,1.0,True,touch_median
1186,T3/S06,2019-09-25 23:52:00,1,0.8349999999999227,2019-09-25 23:51:00,1.0,True,touch_median
1187,T3/S06,2019-10-07 23:20:00,1,0.8349999999999227,2019-10-07 23:19:00,1.0,True,touch_median
1188,T3/S06,2019-10-08 03:04:00,1,0.8349999999999227,2019-10-08 03:03:00,1.0,True,touch_median
1189,T3/S06,2020-03-31 23:11:00,1,0.8349999999999227,2020-03-31 23:01:00,10.0,True,touch_median
1190,T3/S06,2020-03-31 23:24:00,1,0.8349999999999227,2020-03-31 23:23:00,1.0,True,touch_median
1191,T3/S06,2020-03-31 23:34:00,1,0.8349999999999227,2020-03-31 23:30:00,4.0,True,touch_median
1192,T3/S06,2020-03-31 23:48:00,1,0.8349999999999227,2020-03-31 23:42:00,6.0,True,touch_median
1193,T3/S06,2020-04-01 01:05:00,1,0.8349999999999227,2020-04-01 01:05:00,0.0,True,touch_median
1194,T3/S06,2020-05-18 23:44:00,1,0.8349999999999227,2020-05-18 23:26:00,18.0,True,touch_median
1195,T3/S06,2020-08-11 23:02:00,1,0.8349999999999227,,,False,touch_median
1196,T3/S06,2020-08-11 23:17:00,1,0.8349999999999227,2020-08-11 23:10:00,7.0,True,touch_median
1197,T3/S06,2020-08-12 02:15:00,7,,2020-08-11 23:20:00,175.0,True,touch_median
1198,T3/S06,2020-08-19 23:48:00,1,0.8349999999999227,2020-08-19 23:45:00,3.0,True,touch_median
1199,T3/S06,2020-08-20 02:25:00,4,,,,False,touch_median
1200,T3/S06,2020-09-02 03:48:00,2,1.1875,2020-09-02 03:47:00,1.0,True,touch_median
1201,T3/S06,2020-10-06 23:03:00,1,0.8349999999999227,2020-10-06 23:02:00,1.0,True,touch_median
1202,T3/S06,2020-10-06 23:40:00,1,0.8349999999999227,2020-10-06 23:11:00,29.0,True,touch_median
1203,T3/S06,2020-10-06 23:53:00,2,1.1875,2020-10-06 23:53:00,0.0,True,touch_median
1204,T3/S06,2021-01-11 01:12:00,2,1.1875,2021-01-11 01:11:00,1.0,True,touch_median
1205,T3/S06,2021-01-13 23:03:00,1,0.8349999999999227,2021-01-13 23:02:00,1.0,True,touch_median
1206,T3/S06,2021-01-13 23:11:00,1,0.8349999999999227,2021-01-13 23:10:00,1.0,True,touch_median
1207,T3/S06,2021-01-13 23:41:00,1,0.8349999999999227,2021-01-13 23:40:00,1.0,True,touch_median
1208,T3/S06,2021-01-14 04:20:00,3,,,,False,touch_median
1209,T3/S06,2021-02-11 23:05:00,1,0.8349999999999227,,,False,touch_median
1210,T3/S06,2021-02-11 23:50:00,1,0.8349999999999227,2021-02-11 23:50:00,0.0,True,touch_median
1211,T3/S06,2021-03-02 01:21:00,1,0.8349999999999227,2021-03-02 01:20:00,1.0,True,touch_median
1212,T3/S06,2021-03-03 23:38:00,1,0.8349999999999227,,,False,touch_median
1213,T3/S06,2021-03-03 23:48:00,1,0.8349999999999227,2021-03-03 23:47:00,1.0,True,touch_median
1214,T3/S06,2021-03-04 01:05:00,1,0.8349999999999227,2021-03-04 01:05:00,0.0,True,touch_median
1215,T3/S06,2021-03-04 23:46:00,1,0.8349999999999227,2021-03-04 23:46:00,0.0,True,touch_median
1216,T3/S06,2021-03-05 01:06:00,1,0.8349999999999227,2021-03-05 01:05:00,1.0,True,touch_median
1217,T3/S06,2021-06-11 23:17:00,1,0.8349999999999227,,,False,touch_median
1218,T3/S06,2021-06-14 01:54:00,1,0.8349999999999227,2021-06-14 01:54:00,0.0,True,touch_median
1219,T3/S06,2021-06-16 23:23:00,1,0.8349999999999227,2021-06-16 23:22:00,1.0,True,touch_median
1220,T3/S06,2021-06-16 23:31:00,1,0.8349999999999227,2021-06-16 23:30:00,1.0,True,touch_median
1221,T3/S06,2021-06-16 23:41:00,1,0.8349999999999227,2021-06-16 23:40:00,1.0,True,touch_median
1222,T3/S06,2021-06-16 23:52:00,1,0.8349999999999227,2021-06-16 23:51:00,1.0,True,touch_median
1223,T3/S06,2021-07-30 23:02:00,1,0.8349999999999227,2021-07-30 23:01:00,1.0,True,touch_median
1224,T3/S06,2021-08-02 02:24:00,1,0.8349999999999227,,,False,touch_median
1225,T3/S06,2021-09-13 01:06:00,1,0.8349999999999227,,,False,touch_median
1226,T3/S06,2021-09-24 15:23:00,6,,,,False,touch_median
1227,T3/S06,2021-10-15 23:21:00,1,0.8349999999999227,2021-10-15 23:21:00,0.0,True,touch_median
1228,T3/S06,2021-10-18 01:16:00,1,0.8349999999999227,2021-10-18 01:15:00,1.0,True,touch_median
1229,T3/S06,2021-11-19 23:46:00,1,0.8349999999999227,2021-11-19 23:44:00,2.0,True,touch_median
1230,T3/S06,2021-11-22 01:05:00,1,0.8349999999999227,2021-11-22 01:05:00,0.0,True,touch_median
1231,T3/S06,2021-11-23 04:16:00,3,,,,False,touch_median
1232,T3/S06,2022-01-26 23:08:00,1,0.8349999999999227,2022-01-26 23:07:00,1.0,True,touch_median
1233,T3/S06,2022-01-26 23:26:00,1,0.8349999999999227,2022-01-26 23:14:00,12.0,True,touch_median
1234,T3/S06,2022-01-26 23:31:00,1,0.8349999999999227,2022-01-26 23:31:00,0.0,True,touch_median
1235,T3/S06,2022-01-27 03:04:00,2,1.1875,,,False,touch_median
1236,T3/S06,2022-02-24 23:06:00,1,0.8349999999999227,2022-02-24 23:05:00,1.0,True,touch_median
1237,T3/S06,2022-02-25 13:27:00,6,,,,False,touch_median
1238,T3/S06,2022-05-03 04:15:00,4,,,,False,touch_median
1239,T3/S06,2022-05-12 23:01:00,2,1.1875,2022-05-12 23:01:00,0.0,True,touch_median
1240,T3/S06,2022-05-13 01:26:00,2,1.1875,2022-05-13 01:25:00,1.0,True,touch_median
1241,T3/S06,2022-06-01 03:03:00,2,1.1875,2022-06-01 03:02:00,1.0,True,touch_median
1242,T3/S06,2022-06-03 23:16:00,2,1.1875,,,False,touch_median
1243,T3/S06,2022-11-21 02:41:00,6,,,,False,touch_median
1244,T3/S06,2022-12-06 07:32:00,12,,,,False,touch_median
1245,T3/S06,2023-02-02 23:07:00,4,,,,False,touch_median
1246,T3/S06,2023-02-02 23:26:00,4,,,,False,touch_median
1247,T3/S06,2023-02-10 02:04:00,4,,,,False,touch_median
1248,T3/S06,2023-05-16 23:15:00,5,,,,False,touch_median
1249,T3/S06,2023-05-17 01:05:00,5,,,,False,touch_median
1250,T3/S06,2023-06-05 01:05:00,5,,,,False,touch_median
1251,T3/S06,2023-08-17 03:51:00,6,,,,False,touch_median
1252,T3/S06,2023-09-27 05:25:00,12,,,,False,touch_median
1253,T3/S06,2023-11-13 05:00:00,16,,,,False,touch_median
1254,T3/S06,2023-12-28 04:00:00,188,,,,False,touch_median
1255,T4/S08,2018-07-04 09:22:00,2,,,,False,touch_median
1256,T4/S08,2018-07-24 14:53:00,8,,2018-07-23 14:57:00,1436.0,True,touch_median
1257,T4/S08,2018-12-18 10:15:00,3,1.5199999999999818,2018-12-18 10:14:00,1.0,True,touch_median
1258,T4/S08,2019-05-31 09:59:00,1,1.7799999999999727,2019-05-31 09:59:00,0.0,True,touch_median
1259,T4/S08,2019-05-31 12:27:00,1,1.7799999999999727,,,False,touch_median
1260,T4/S08,2019-06-20 06:19:00,1,1.7799999999999727,2019-06-20 06:16:00,3.0,True,touch_median
1261,T4/S08,2019-06-20 08:47:00,3,1.5199999999999818,2019-06-20 08:35:00,12.0,True,touch_median
1262,T4/S08,2019-06-20 09:05:00,1,1.7799999999999727,2019-06-20 09:04:00,1.0,True,touch_median
1263,T4/S08,2019-06-20 09:21:00,1,1.7799999999999727,2019-06-20 09:14:00,7.0,True,touch_median
1264,T4/S08,2019-06-20 15:20:00,5,,,,False,touch_median
1265,T4/S08,2019-06-25 09:56:00,6,,,,False,touch_median
1266,T4/S08,2019-12-26 14:16:00,1,1.7799999999999727,2019-12-26 14:15:00,1.0,True,touch_median
1267,T4/S08,2019-12-31 17:26:00,5,,,,False,touch_median
1268,T4/S08,2020-02-24 10:02:00,1,1.7799999999999727,2020-02-24 10:02:00,0.0,True,touch_median
1269,T4/S08,2020-02-24 10:09:00,1,1.7799999999999727,2020-02-24 10:08:00,1.0,True,touch_median
1270,T4/S08,2020-02-24 10:12:00,1,1.7799999999999727,2020-02-24 10:12:00,0.0,True,touch_median
1271,T4/S08,2020-02-24 10:26:00,2,,,,False,touch_median
1272,T4/S08,2020-02-24 10:31:00,1,1.7799999999999727,2020-02-24 10:31:00,0.0,True,touch_median
1273,T4/S08,2020-02-24 11:02:00,2,,,,False,touch_median
1274,T4/S08,2020-02-24 11:16:00,2,,,,False,touch_median
1275,T4/S08,2020-02-24 11:26:00,1,1.7799999999999727,2020-02-24 11:25:00,1.0,True,touch_median
1276,T4/S08,2020-02-24 13:02:00,1,1.7799999999999727,2020-02-24 12:55:00,7.0,True,touch_median
1277,T4/S08,2020-03-24 08:36:00,5,,2020-03-24 06:29:00,127.0,True,touch_median
1278,T4/S08,2020-06-22 15:26:00,5,,,,False,touch_median
1279,T4/S08,2020-07-22 08:49:00,3,1.5199999999999818,2020-07-22 08:48:00,1.0,True,touch_median
1280,T4/S08,2020-07-22 10:01:00,2,,,,False,touch_median
1281,T4/S08,2020-07-22 10:44:00,4,,,,False,touch_median
1282,T4/S08,2020-07-27 08:10:00,2,,,,False,touch_median
1283,T4/S08,2020-07-27 11:04:00,1,1.7799999999999727,,,False,touch_median
1284,T4/S08,2020-07-27 11:14:00,1,1.7799999999999727,2020-07-27 11:13:00,1.0,True,touch_median
1285,T4/S08,2020-07-27 11:20:00,2,,,,False,touch_median
1286,T4/S08,2020-07-27 11:37:00,1,1.7799999999999727,2020-07-27 11:36:00,1.0,True,touch_median
1287,T4/S08,2020-07-27 13:01:00,3,1.5199999999999818,2020-07-27 12:57:00,4.0,True,touch_median
1288,T4/S08,2021-05-17 08:07:00,1,1.7799999999999727,2021-05-17 08:06:00,1.0,True,touch_median
1289,T4/S08,2021-05-17 16:33:00,6,,,,False,touch_median
1290,T4/S08,2022-02-24 09:21:00,1,1.7799999999999727,2022-02-24 09:20:00,1.0,True,touch_median
1291,T4/S08,2022-02-24 09:55:00,3,1.5199999999999818,2022-02-24 09:54:00,1.0,True,touch_median
1292,T4/S08,2022-02-24 10:48:00,4,,,,False,touch_median
1293,T4/S08,2022-02-24 11:18:00,3,1.5199999999999818,2022-02-24 11:17:00,1.0,True,touch_median
1294,T4/S08,2022-02-24 11:25:00,1,1.7799999999999727,2022-02-24 11:24:00,1.0,True,touch_median
1295,T4/S08,2022-02-24 11:35:00,1,1.7799999999999727,2022-02-24 11:34:00,1.0,True,touch_median
1296,T4/S08,2022-02-24 11:48:00,1,1.7799999999999727,,,False,touch_median
1297,T4/S08,2022-02-24 11:57:00,1,1.7799999999999727,2022-02-24 11:56:00,1.0,True,touch_median
1298,T4/S08,2022-10-04 10:08:00,3,1.5199999999999818,2022-10-04 10:07:00,1.0,True,touch_median
1299,T4/S08,2022-10-04 10:20:00,3,1.5199999999999818,2022-10-04 10:18:00,2.0,True,touch_median
1300,T4/S08,2022-10-04 12:03:00,6,,2022-10-04 10:37:00,86.0,True,touch_median
1301,T4/S08,2023-03-20 09:03:00,4,,,,False,touch_median
1302,T4/S08,2023-03-20 09:07:00,4,,,,False,touch_median
1303,T4/S08,2023-03-20 09:18:00,8,,,,False,touch_median
1304,T4/S08,2023-03-20 09:23:00,4,,,,False,touch_median
1305,T4/S08,2023-03-20 09:26:00,4,,,,False,touch_median
1306,T4/S08,2023-03-20 09:32:00,4,,,,False,touch_median
1307,T4/S08,2023-03-20 09:41:00,8,,,,False,touch_median
1308,T4/S08,2023-03-20 10:19:00,20,,,,False,touch_median
1309,T4/S08,2023-03-20 10:35:00,8,,,,False,touch_median
1310,T4/S08,2023-07-13 09:22:00,15,,,,False,touch_median
1311,T4/S08,2023-10-20 08:31:00,21,,,,False,touch_median
1312,T4/S08,2023-10-20 09:10:00,14,,,,False,touch_median
1313,T5/S09,2018-01-10 12:50:00,1,2.455000000000041,,,False,touch_median
1314,T5/S09,2018-01-10 13:04:00,1,2.455000000000041,2018-01-10 13:03:00,1.0,True,touch_median
1315,T5/S09,2018-01-11 16:59:00,2,2.292500000000132,2018-01-11 16:57:00,2.0,True,touch_median
1316,T5/S09,2018-01-24 12:31:00,1,2.455000000000041,2018-01-24 12:31:00,0.0,True,touch_median
1317,T5/S09,2018-01-24 15:01:00,1,2.455000000000041,2018-01-24 15:01:00,0.0,True,touch_median
1318,T5/S09,2018-01-30 16:14:00,5,,,,False,touch_median
1319,T5/S09,2018-02-05 22:08:00,1,2.455000000000041,2018-02-05 22:05:00,3.0,True,touch_median
1320,T5/S09,2018-09-11 23:40:00,4,,,,False,touch_median
1321,T5/S09,2018-10-16 15:35:00,2,2.292500000000132,2018-10-16 15:35:00,0.0,True,touch_median
1322,T5/S09,2018-10-23 11:04:00,1,2.455000000000041,2018-10-23 11:04:00,0.0,True,touch_median
1323,T5/S09,2018-10-23 11:30:00,1,2.455000000000041,,,False,touch_median
1324,T5/S09,2018-10-23 14:45:00,1,2.455000000000041,2018-10-23 14:44:00,1.0,True,touch_median
1325,T5/S09,2018-12-03 16:18:00,1,2.455000000000041,,,False,touch_median
1326,T5/S09,2018-12-20 11:49:00,1,2.455000000000041,2018-12-20 11:48:00,1.0,True,touch_median
1327,T5/S09,2018-12-20 16:13:00,1,2.455000000000041,2018-12-20 16:08:00,5.0,True,touch_median
1328,T5/S09,2018-12-31 13:25:00,1,2.455000000000041,,,False,touch_median
1329,T5/S09,2019-01-22 20:02:00,2,2.292500000000132,2019-01-22 20:01:00,1.0,True,touch_median
1330,T5/S09,2019-02-07 14:53:00,1,2.455000000000041,2019-02-07 14:53:00,0.0,True,touch_median
1331,T5/S09,2019-02-19 15:10:00,1,2.455000000000041,,,False,touch_median
1332,T5/S09,2019-03-08 15:31:00,1,2.455000000000041,2019-03-08 15:30:00,1.0,True,touch_median
1333,T5/S09,2019-06-05 12:24:00,1,2.455000000000041,2019-06-05 12:23:00,1.0,True,touch_median
1334,T5/S09,2019-07-08 10:14:00,1,2.455000000000041,,,False,touch_median
1335,T5/S09,2019-07-10 15:32:00,4,,,,False,touch_median
1336,T5/S09,2019-10-08 13:10:00,1,2.455000000000041,2019-10-08 13:09:00,1.0,True,touch_median
1337,T5/S09,2019-10-08 14:03:00,1,2.455000000000041,2019-10-08 14:00:00,3.0,True,touch_median
1338,T5/S09,2019-10-31 14:32:00,1,2.455000000000041,2019-10-31 14:31:00,1.0,True,touch_median
1339,T5/S09,2020-01-31 16:33:00,1,2.455000000000041,2020-01-31 16:33:00,0.0,True,touch_median
1340,T5/S09,2020-02-24 11:16:00,1,2.455000000000041,2020-02-24 11:16:00,0.0,True,touch_median
1341,T5/S09,2020-02-24 11:26:00,1,2.455000000000041,2020-02-24 11:25:00,1.0,True,touch_median
1342,T5/S09,2020-02-24 13:02:00,1,2.455000000000041,2020-02-24 12:55:00,7.0,True,touch_median
1343,T5/S09,2020-07-17 15:07:00,1,2.455000000000041,,,False,touch_median
1344,T5/S09,2020-08-05 10:33:00,1,2.455000000000041,2020-08-05 10:32:00,1.0,True,touch_median
1345,T5/S09,2020-08-05 10:42:00,1,2.455000000000041,2020-08-05 10:42:00,0.0,True,touch_median
1346,T5/S09,2020-08-05 11:58:00,2,2.292500000000132,2020-08-05 11:57:00,1.0,True,touch_median
1347,T5/S09,2020-08-12 11:18:00,1,2.455000000000041,2020-08-12 11:17:00,1.0,True,touch_median
1348,T5/S09,2020-08-12 14:14:00,4,,,,False,touch_median
1349,T5/S09,2020-08-17 15:11:00,2,2.292500000000132,2020-08-17 15:00:00,11.0,True,touch_median
1350,T5/S09,2020-09-08 17:30:00,5,,,,False,touch_median
1351,T5/S09,2020-10-08 08:38:00,1,2.455000000000041,2020-10-08 04:48:00,230.0,True,touch_median
1352,T5/S09,2021-01-11 10:03:00,1,2.455000000000041,2021-01-11 10:02:00,1.0,True,touch_median
1353,T5/S09,2021-01-11 10:15:00,1,2.455000000000041,,,False,touch_median
1354,T5/S09,2021-01-11 10:39:00,1,2.455000000000041,,,False,touch_median
1355,T5/S09,2021-01-11 11:08:00,2,2.292500000000132,2021-01-11 11:07:00,1.0,True,touch_median
1356,T5/S09,2021-01-29 14:08:00,1,2.455000000000041,2021-01-29 14:07:00,1.0,True,touch_median
1357,T5/S09,2021-05-14 12:12:00,1,2.455000000000041,,,False,touch_median
1358,T5/S09,2021-07-06 10:54:00,1,2.455000000000041,2021-07-06 10:53:00,1.0,True,touch_median
1359,T5/S09,2021-07-06 14:48:00,1,2.455000000000041,2021-07-06 14:47:00,1.0,True,touch_median
1360,T5/S09,2021-07-08 13:46:00,2,2.292500000000132,,,False,touch_median
1361,T5/S09,2021-12-17 14:36:00,1,2.455000000000041,2021-12-17 14:35:00,1.0,True,touch_median
1362,T5/S09,2022-01-20 02:20:00,1,2.455000000000041,2022-01-19 15:20:00,660.0,True,touch_median
1363,T5/S09,2022-03-01 17:47:00,4,,2022-03-01 12:49:00,298.0,True,touch_median
1364,T5/S09,2022-03-08 10:03:00,2,2.292500000000132,2022-03-08 10:02:00,1.0,True,touch_median
1365,T5/S09,2022-03-08 10:25:00,6,,,,False,touch_median
1366,T5/S09,2022-03-23 15:08:00,4,,,,False,touch_median
1367,T5/S09,2022-07-20 15:29:00,4,,,,False,touch_median
1368,T5/S09,2022-07-28 15:34:00,6,,,,False,touch_median
1369,T5/S09,2022-09-27 10:04:00,3,,,,False,touch_median
1370,T5/S09,2022-09-27 10:29:00,3,,,,False,touch_median
1371,T5/S09,2022-09-27 13:38:00,6,,,,False,touch_median
1372,T5/S09,2022-11-23 16:47:00,9,,,,False,touch_median
1373,T5/S09,2023-01-13 16:37:00,9,,,,False,touch_median
1374,T5/S09,2023-07-11 11:18:00,10,,,,False,touch_median
1375,T5/S09,2023-09-29 10:39:00,6,,,,False,touch_median
1376,T5/S09,2023-09-29 15:44:00,12,,,,False,touch_median
1377,T5/S09,2023-10-11 13:24:00,6,,,,False,touch_median
1378,T5/S09,2023-10-11 19:04:00,6,,,,False,touch_median
1379,T5/S09,2023-12-06 15:16:00,24,,,,False,touch_median
1380,T5/S09,2023-12-22 13:15:00,9,,,,False,touch_median
1381,T5/S09,2023-12-22 13:26:00,9,,,,False,touch_median
1382,T5/S09,2023-12-22 13:40:00,9,,,,False,touch_median
1383,T5/S09,2023-12-22 14:31:00,9,,,,False,touch_median
1384,T5/S10,2018-01-02 22:55:00,1,1.275000000000091,2018-01-02 22:35:00,20.0,True,touch_median
1385,T5/S10,2018-01-24 01:36:00,1,1.275000000000091,2018-01-24 01:35:00,1.0,True,touch_median
1386,T5/S10,2018-02-15 01:55:00,1,1.275000000000091,2018-02-15 01:44:00,11.0,True,touch_median
1387,T5/S10,2018-03-05 02:46:00,1,1.275000000000091,2018-03-05 01:01:00,105.0,True,touch_median
1388,T5/S10,2018-04-10 03:09:00,1,1.275000000000091,,,False,touch_median
1389,T5/S10,2018-04-10 14:33:00,1,1.275000000000091,2018-04-10 10:28:00,245.0,True,touch_median
1390,T5/S10,2018-04-30 03:42:00,1,1.275000000000091,,,False,touch_median
1391,T5/S10,2018-04-30 20:18:00,4,,,,False,touch_median
1392,T5/S10,2018-05-09 02:26:00,1,1.275000000000091,,,False,touch_median
1393,T5/S10,2018-05-09 15:21:00,3,,,,False,touch_median
1394,T5/S10,2018-10-10 22:58:00,1,1.275000000000091,,,False,touch_median
1395,T5/S10,2018-11-01 09:26:00,6,,,,False,touch_median
1396,T5/S10,2018-12-10 01:03:00,1,1.275000000000091,,,False,touch_median
1397,T5/S10,2018-12-11 11:11:00,2,2.25,2018-12-11 09:32:00,99.0,True,touch_median
1398,T5/S10,2019-01-23 18:23:00,3,,,,False,touch_median
1399,T5/S10,2019-02-18 03:08:00,1,1.275000000000091,2019-02-18 03:03:00,5.0,True,touch_median
1400,T5/S10,2019-03-06 02:05:00,1,1.275000000000091,2019-03-05 22:59:00,186.0,True,touch_median
1401,T5/S10,2019-03-12 04:47:00,1,1.275000000000091,2019-03-12 03:24:00,83.0,True,touch_median
1402,T5/S10,2019-03-21 03:28:00,1,1.275000000000091,2019-03-21 02:03:00,85.0,True,touch_median
1403,T5/S10,2019-04-04 22:29:00,1,1.275000000000091,2019-04-04 22:28:00,1.0,True,touch_median
1404,T5/S10,2019-04-05 16:04:00,1,1.275000000000091,2019-04-05 10:53:00,311.0,True,touch_median
1405,T5/S10,2019-04-22 01:25:00,1,1.275000000000091,,,False,touch_median
1406,T5/S10,2019-05-23 13:17:00,3,,,,False,touch_median
1407,T5/S10,2019-05-31 22:40:00,1,1.275000000000091,,,False,touch_median
1408,T5/S10,2019-06-04 04:28:00,1,1.275000000000091,2019-06-03 22:12:00,376.0,True,touch_median
1409,T5/S10,2019-06-04 10:03:00,1,1.275000000000091,2019-06-04 08:36:00,87.0,True,touch_median
1410,T5/S10,2019-06-04 22:40:00,1,1.275000000000091,2019-06-04 22:35:00,5.0,True,touch_median
1411,T5/S10,2019-06-19 22:39:00,1,1.275000000000091,,,False,touch_median
1412,T5/S10,2019-06-24 01:08:00,1,1.275000000000091,2019-06-24 01:06:00,2.0,True,touch_median
1413,T5/S10,2019-07-02 23:31:00,1,1.275000000000091,2019-07-02 23:21:00,10.0,True,touch_median
1414,T5/S10,2019-07-05 22:28:00,1,1.275000000000091,,,False,touch_median
1415,T5/S10,2019-07-08 08:12:00,1,1.275000000000091,2019-07-08 01:14:00,418.0,True,touch_median
1416,T5/S10,2019-07-15 01:05:00,1,1.275000000000091,,,False,touch_median
1417,T5/S10,2019-07-18 22:09:00,1,1.275000000000091,2019-07-18 22:08:00,1.0,True,touch_median
1418,T5/S10,2019-07-18 22:15:00,1,1.275000000000091,2019-07-18 22:11:00,4.0,True,touch_median
1419,T5/S10,2019-07-18 22:46:00,1,1.275000000000091,,,False,touch_median
1420,T5/S10,2019-07-18 23:36:00,1,1.275000000000091,,,False,touch_median
1421,T5/S10,2019-07-19 01:06:00,1,1.275000000000091,2019-07-19 01:05:00,1.0,True,touch_median
1422,T5/S10,2019-07-30 09:38:00,2,2.25,,,False,touch_median
1423,T5/S10,2019-07-31 09:27:00,1,1.275000000000091,2019-07-31 08:32:00,55.0,True,touch_median
1424,T5/S10,2019-08-12 22:14:00,1,1.275000000000091,2019-08-12 22:14:00,0.0,True,touch_median
1425,T5/S10,2019-08-21 17:15:00,4,,2019-08-20 22:55:00,1100.0,True,touch_median
1426,T5/S10,2019-08-23 22:13:00,1,1.275000000000091,2019-08-23 22:02:00,11.0,True,touch_median
1427,T5/S10,2019-09-20 22:19:00,1,1.275000000000091,2019-09-20 22:18:00,1.0,True,touch_median
1428,T5/S10,2019-09-23 04:52:00,1,1.275000000000091,2019-09-23 04:31:00,21.0,True,touch_median
1429,T5/S10,2019-11-13 02:44:00,1,1.275000000000091,,,False,touch_median
1430,T5/S10,2020-01-15 01:28:00,1,1.275000000000091,2020-01-15 01:24:00,4.0,True,touch_median
1431,T5/S10,2020-02-10 01:28:00,1,1.275000000000091,,,False,touch_median
1432,T5/S10,2020-04-06 22:55:00,2,2.25,,,False,touch_median
1433,T5/S10,2020-04-14 03:12:00,1,1.275000000000091,2020-04-14 02:07:00,65.0,True,touch_median
1434,T5/S10,2020-05-19 23:07:00,1,1.275000000000091,2020-05-19 22:24:00,43.0,True,touch_median
1435,T5/S10,2020-06-15 22:30:00,1,1.275000000000091,,,False,touch_median
1436,T5/S10,2020-06-16 01:18:00,1,1.275000000000091,2020-06-15 22:47:00,151.0,True,touch_median
1437,T5/S10,2020-07-10 11:14:00,2,2.25,2020-07-10 04:48:00,386.0,True,touch_median
1438,T5/S10,2020-08-25 22:35:00,1,1.275000000000091,,,False,touch_median
1439,T5/S10,2020-09-28 22:14:00,1,1.275000000000091,,,False,touch_median
1440,T5/S10,2020-09-28 22:57:00,1,1.275000000000091,2020-09-28 22:34:00,23.0,True,touch_median
1441,T5/S10,2020-11-04 22:56:00,1,1.275000000000091,2020-11-04 22:50:00,6.0,True,touch_median
1442,T5/S10,2021-01-06 22:04:00,1,1.275000000000091,2021-01-06 22:02:00,2.0,True,touch_median
1443,T5/S10,2021-01-07 01:27:00,1,1.275000000000091,2021-01-06 23:11:00,136.0,True,touch_median
1444,T5/S10,2021-01-12 22:37:00,1,1.275000000000091,2021-01-12 22:19:00,18.0,True,touch_median
1445,T5/S10,2021-01-13 11:48:00,1,1.275000000000091,2021-01-13 11:15:00,33.0,True,touch_median
1446,T5/S10,2021-05-14 23:40:00,1,1.275000000000091,,,False,touch_median
1447,T5/S10,2021-05-24 02:40:00,1,1.275000000000091,2021-05-21 23:54:00,3046.0,True,touch_median
1448,T5/S10,2021-05-28 02:44:00,1,1.275000000000091,,,False,touch_median
1449,T5/S10,2021-05-28 15:48:00,3,,2021-05-28 04:32:00,676.0,True,touch_median
1450,T5/S10,2021-06-08 03:43:00,1,1.275000000000091,2021-06-08 03:42:00,1.0,True,touch_median
1451,T5/S10,2021-06-11 01:35:00,1,1.275000000000091,,,False,touch_median
1452,T5/S10,2021-06-16 01:06:00,1,1.275000000000091,,,False,touch_median
1453,T5/S10,2021-06-16 07:30:00,1,1.275000000000091,2021-06-16 06:16:00,74.0,True,touch_median
1454,T5/S10,2021-09-01 06:50:00,2,2.25,,,False,touch_median
1455,T5/S10,2021-12-22 23:00:00,1,1.275000000000091,2021-12-22 22:59:00,1.0,True,touch_median
1456,T5/S10,2022-01-11 22:30:00,1,1.275000000000091,2022-01-11 22:30:00,0.0,True,touch_median
1457,T5/S10,2022-02-08 03:46:00,1,1.275000000000091,,,False,touch_median
1458,T5/S10,2022-02-08 15:36:00,2,2.25,2022-02-08 07:41:00,475.0,True,touch_median
1459,T5/S10,2022-02-28 22:31:00,2,2.25,2022-02-28 22:31:00,0.0,True,touch_median
1460,T5/S10,2022-02-28 23:00:00,2,2.25,2022-02-28 22:59:00,1.0,True,touch_median
1461,T5/S10,2022-03-03 08:47:00,4,,2022-03-03 01:06:00,461.0,True,touch_median
1462,T5/S10,2022-03-24 01:11:00,2,2.25,,,False,touch_median
1463,T5/S10,2022-03-24 10:15:00,4,,,,False,touch_median
1464,T5/S10,2022-05-26 17:17:00,2,2.25,2022-05-26 17:06:00,11.0,True,touch_median
1465,T5/S10,2022-05-27 02:56:00,2,2.25,,,False,touch_median
1466,T5/S10,2022-05-27 04:51:00,2,2.25,2022-05-27 04:47:00,4.0,True,touch_median
1467,T5/S10,2022-07-21 22:59:00,2,2.25,2022-07-21 22:59:00,0.0,True,touch_median
1468,T5/S10,2022-10-06 02:18:00,3,,,,False,touch_median
1469,T5/S10,2022-11-07 11:03:00,3,,,,False,touch_median
1470,T5/S10,2023-01-16 03:20:00,6,,,,False,touch_median
1471,T5/S10,2023-01-20 03:25:00,8,,,,False,touch_median
1472,T5/S10,2023-01-25 22:57:00,4,,,,False,touch_median
1473,T5/S10,2023-03-03 02:01:00,4,,,,False,touch_median
1474,T5/S10,2023-03-06 05:13:00,4,,,,False,touch_median
1475,T5/S10,2023-04-13 02:51:00,5,,,,False,touch_median
1476,T5/S10,2023-04-17 05:03:00,20,,,,False,touch_median
1477,T5/S10,2023-05-10 23:01:00,5,,,,False,touch_median
1478,T5/S10,2023-06-06 05:13:00,5,,,,False,touch_median
1479,T5/S10,2023-08-22 04:31:00,6,,,,False,touch_median
1480,T5/S10,2023-10-09 22:16:00,6,,,,False,touch_median
1481,T5/S10,2023-10-09 22:32:00,6,,,,False,touch_median
1482,T5/S10,2023-10-20 02:32:00,13,,,,False,touch_median
1483,T5/S10,2023-10-27 22:06:00,7,,,,False,touch_median
1484,T5/S10,2023-10-30 16:21:00,28,,,,False,touch_median
1485,T5/S10,2023-12-08 23:51:00,8,,,,False,touch_median
1486,T5/S10,2023-12-13 22:06:00,8,,,,False,touch_median
1487,T5/S10,2023-12-13 22:21:00,8,,,,False,touch_median
1488,T5/S10,2023-12-13 22:36:00,8,,,,False,touch_median
1489,T5/S10,2023-12-13 22:54:00,8,,,,False,touch_median
1490,T5/S10,2023-12-26 22:36:00,9,,,,False,touch_median
1491,T5/S10,2023-12-26 22:59:00,9,,,,False,touch_median
1492,T6/S12,2018-01-05 10:20:00,1,1.389999999999873,2018-01-05 10:19:00,1.0,True,touch_median
1493,T6/S12,2018-01-17 08:55:00,1,1.389999999999873,2018-01-17 08:54:00,1.0,True,touch_median
1494,T6/S12,2018-02-01 13:31:00,1,1.389999999999873,2018-02-01 13:30:00,1.0,True,touch_median
1495,T6/S12,2018-03-01 10:52:00,1,1.389999999999873,2018-03-01 10:52:00,0.0,True,touch_median
1496,T6/S12,2018-03-29 13:19:00,2,1.4750000000001364,,,False,touch_median
1497,T6/S12,2018-04-16 10:10:00,1,1.389999999999873,2018-04-16 10:09:00,1.0,True,touch_median
1498,T6/S12,2018-05-07 10:05:00,1,1.389999999999873,2018-05-07 10:05:00,0.0,True,touch_median
1499,T6/S12,2018-05-08 11:37:00,2,1.4750000000001364,,,False,touch_median
1500,T6/S12,2018-05-21 09:52:00,1,1.389999999999873,,,False,touch_median
1501,T6/S12,2018-05-22 09:43:00,2,1.4750000000001364,,,False,touch_median
1502,T6/S12,2018-05-23 09:33:00,1,1.389999999999873,,,False,touch_median
1503,T6/S12,2018-05-23 15:51:00,4,1.452499999999759,2018-05-23 15:50:00,1.0,True,touch_median
1504,T6/S12,2018-06-15 10:05:00,1,1.389999999999873,2018-06-15 10:04:00,1.0,True,touch_median
1505,T6/S12,2018-06-21 12:03:00,2,1.4750000000001364,,,False,touch_median
1506,T6/S12,2018-07-02 09:13:00,1,1.389999999999873,2018-07-02 09:11:00,2.0,True,touch_median
1507,T6/S12,2018-07-02 16:08:00,2,1.4750000000001364,2018-07-02 16:07:00,1.0,True,touch_median
1508,T6/S12,2018-07-18 11:14:00,2,1.4750000000001364,2018-07-18 11:13:00,1.0,True,touch_median
1509,T6/S12,2018-07-19 10:09:00,1,1.389999999999873,2018-07-19 10:09:00,0.0,True,touch_median
1510,T6/S12,2018-07-26 17:22:00,8,,,,False,touch_median
1511,T6/S12,2018-08-06 10:11:00,1,1.389999999999873,,,False,touch_median
1512,T6/S12,2018-08-13 03:25:00,5,1.3880000000001471,2018-08-13 03:24:00,1.0,True,touch_median
1513,T6/S12,2018-08-30 16:35:00,3,1.2633333333333212,2018-08-30 16:33:00,2.0,True,touch_median
1514,T6/S12,2018-09-06 18:15:00,5,1.3880000000001471,2018-09-06 18:14:00,1.0,True,touch_median
1515,T6/S12,2018-09-10 14:43:00,2,1.4750000000001364,2018-09-10 14:42:00,1.0,True,touch_median
1516,T6/S12,2018-10-19 10:13:00,5,1.3880000000001471,2018-10-19 10:10:00,3.0,True,touch_median
1517,T6/S12,2018-11-12 08:42:00,1,1.389999999999873,2018-11-12 08:34:00,8.0,True,touch_median
1518,T6/S12,2018-11-12 09:48:00,1,1.389999999999873,,,False,touch_median
1519,T6/S12,2018-11-20 17:17:00,5,1.3880000000001471,2018-11-19 14:35:00,1602.0,True,touch_median
1520,T6/S12,2018-11-23 09:14:00,1,1.389999999999873,2018-11-23 09:13:00,1.0,True,touch_median
1521,T6/S12,2018-11-23 10:31:00,1,1.389999999999873,2018-11-23 10:31:00,0.0,True,touch_median
1522,T6/S12,2018-12-06 20:44:00,4,1.452499999999759,2018-12-06 09:58:00,646.0,True,touch_median
1523,T6/S12,2018-12-13 12:47:00,3,1.2633333333333212,2018-12-13 12:46:00,1.0,True,touch_median
1524,T6/S12,2018-12-14 09:37:00,1,1.389999999999873,2018-12-14 09:37:00,0.0,True,touch_median
1525,T6/S12,2018-12-19 21:01:00,6,1.639999999999873,2018-12-18 16:29:00,1712.0,True,touch_median
1526,T6/S12,2019-03-01 10:06:00,1,1.389999999999873,2019-03-01 10:06:00,0.0,True,touch_median
1527,T6/S12,2019-03-07 10:01:00,1,1.389999999999873,2019-03-07 10:00:00,1.0,True,touch_median
1528,T6/S12,2019-03-26 09:21:00,1,1.389999999999873,,,False,touch_median
1529,T6/S12,2019-04-23 14:07:00,2,1.4750000000001364,2019-04-23 14:06:00,1.0,True,touch_median
1530,T6/S12,2019-07-01 09:57:00,1,1.389999999999873,2019-07-01 09:56:00,1.0,True,touch_median
1531,T6/S12,2019-07-04 10:54:00,1,1.389999999999873,2019-07-04 10:53:00,1.0,True,touch_median
1532,T6/S12,2019-07-11 10:41:00,2,1.4750000000001364,,,False,touch_median
1533,T6/S12,2019-07-23 08:32:00,1,1.389999999999873,2019-07-23 08:30:00,2.0,True,touch_median
1534,T6/S12,2019-07-23 18:34:00,7,,,,False,touch_median
1535,T6/S12,2019-08-01 11:00:00,1,1.389999999999873,2019-08-01 10:59:00,1.0,True,touch_median
1536,T6/S12,2019-08-15 10:49:00,2,1.4750000000001364,2019-08-15 10:46:00,3.0,True,touch_median
1537,T6/S12,2019-08-16 09:39:00,1,1.389999999999873,2019-08-16 09:38:00,1.0,True,touch_median
1538,T6/S12,2019-08-16 10:24:00,1,1.389999999999873,2019-08-16 10:23:00,1.0,True,touch_median
1539,T6/S12,2019-08-21 08:15:00,1,1.389999999999873,2019-08-21 08:14:00,1.0,True,touch_median
1540,T6/S12,2019-08-21 09:44:00,2,1.4750000000001364,2019-08-21 09:43:00,1.0,True,touch_median
1541,T6/S12,2019-09-27 09:54:00,1,1.389999999999873,2019-09-27 09:49:00,5.0,True,touch_median
1542,T6/S12,2019-10-07 10:21:00,2,1.4750000000001364,2019-10-07 10:20:00,1.0,True,touch_median
1543,T6/S12,2019-10-15 15:06:00,4,1.452499999999759,2019-10-15 14:54:00,12.0,True,touch_median
1544,T6/S12,2019-11-12 08:11:00,1,1.389999999999873,2019-11-12 08:10:00,1.0,True,touch_median
1545,T6/S12,2019-11-12 08:20:00,1,1.389999999999873,2019-11-12 08:19:00,1.0,True,touch_median
1546,T6/S12,2019-11-12 08:29:00,1,1.389999999999873,,,False,touch_median
1547,T6/S12,2019-11-12 10:21:00,2,1.4750000000001364,2019-11-12 10:20:00,1.0,True,touch_median
1548,T6/S12,2019-11-25 10:12:00,1,1.389999999999873,2019-11-25 10:11:00,1.0,True,touch_median
1549,T6/S12,2019-12-06 08:35:00,1,1.389999999999873,2019-12-06 08:34:00,1.0,True,touch_median
1550,T6/S12,2019-12-06 15:31:00,4,1.452499999999759,2019-12-06 15:30:00,1.0,True,touch_median
1551,T6/S12,2019-12-19 10:31:00,1,1.389999999999873,,,False,touch_median
1552,T6/S12,2020-01-09 08:37:00,1,1.389999999999873,2020-01-09 08:37:00,0.0,True,touch_median
1553,T6/S12,2020-01-09 16:02:00,6,1.639999999999873,2020-01-09 16:02:00,0.0,True,touch_median
1554,T6/S12,2020-01-16 16:33:00,3,1.2633333333333212,2020-01-16 16:32:00,1.0,True,touch_median
1555,T6/S12,2020-02-12 09:20:00,1,1.389999999999873,2020-02-12 09:20:00,0.0,True,touch_median
1556,T6/S12,2020-02-25 08:57:00,1,1.389999999999873,2020-02-25 08:56:00,1.0,True,touch_median
1557,T6/S12,2020-02-25 09:14:00,1,1.389999999999873,2020-02-25 09:13:00,1.0,True,touch_median
1558,T6/S12,2020-02-25 13:34:00,9,,,,False,touch_median
1559,T6/S12,2020-03-17 08:36:00,2,1.4750000000001364,2020-03-17 08:36:00,0.0,True,touch_median
1560,T6/S12,2020-03-18 08:01:00,1,1.389999999999873,2020-03-18 08:00:00,1.0,True,touch_median
1561,T6/S12,2020-03-18 08:25:00,2,1.4750000000001364,2020-03-18 08:24:00,1.0,True,touch_median
1562,T6/S12,2020-03-18 08:39:00,1,1.389999999999873,2020-03-18 08:37:00,2.0,True,touch_median
1563,T6/S12,2020-03-18 09:31:00,5,1.3880000000001471,2020-03-18 09:30:00,1.0,True,touch_median
1564,T6/S12,2020-05-01 09:01:00,1,1.389999999999873,2020-05-01 09:00:00,1.0,True,touch_median
1565,T6/S12,2020-05-01 09:47:00,2,1.4750000000001364,2020-05-01 09:46:00,1.0,True,touch_median
1566,T6/S12,2020-05-14 10:57:00,4,1.452499999999759,2020-05-14 10:54:00,3.0,True,touch_median
1567,T6/S12,2020-05-25 08:46:00,1,1.389999999999873,2020-05-25 08:40:00,6.0,True,touch_median
1568,T6/S12,2020-06-11 08:34:00,1,1.389999999999873,2020-06-11 08:30:00,4.0,True,touch_median
1569,T6/S12,2020-06-11 11:52:00,5,1.3880000000001471,2020-06-11 11:41:00,11.0,True,touch_median
1570,T6/S12,2020-06-15 09:09:00,1,1.389999999999873,2020-06-15 09:08:00,1.0,True,touch_median
1571,T6/S12,2020-06-15 10:11:00,2,1.4750000000001364,2020-06-15 09:24:00,47.0,True,touch_median
1572,T6/S12,2020-07-02 15:20:00,4,1.452499999999759,2020-07-02 15:16:00,4.0,True,touch_median
1573,T6/S12,2020-07-10 09:53:00,2,1.4750000000001364,,,False,touch_median
1574,T6/S12,2020-08-11 09:25:00,1,1.389999999999873,,,False,touch_median
1575,T6/S12,2020-08-11 10:35:00,4,1.452499999999759,2020-08-11 10:34:00,1.0,True,touch_median
1576,T6/S12,2020-08-19 08:50:00,1,1.389999999999873,2020-08-19 08:48:00,2.0,True,touch_median
1577,T6/S12,2020-08-19 09:14:00,3,1.2633333333333212,2020-08-19 09:00:00,14.0,True,touch_median
1578,T6/S12,2020-08-26 08:36:00,1,1.389999999999873,2020-08-26 08:35:00,1.0,True,touch_median
1579,T6/S12,2020-08-26 09:04:00,1,1.389999999999873,2020-08-26 09:03:00,1.0,True,touch_median
1580,T6/S12,2020-08-31 10:08:00,2,1.4750000000001364,2020-08-31 10:04:00,4.0,True,touch_median
1581,T6/S12,2020-09-03 09:29:00,3,1.2633333333333212,2020-09-03 09:26:00,3.0,True,touch_median
1582,T6/S12,2020-09-23 08:05:00,1,1.389999999999873,2020-09-23 08:05:00,0.0,True,touch_median
1583,T6/S12,2020-09-23 08:35:00,1,1.389999999999873,2020-09-23 08:34:00,1.0,True,touch_median
1584,T6/S12,2020-10-05 09:12:00,1,1.389999999999873,2020-10-05 09:01:00,11.0,True,touch_median
1585,T6/S12,2020-11-19 08:31:00,1,1.389999999999873,2020-11-19 08:23:00,8.0,True,touch_median
1586,T6/S12,2020-11-19 08:37:00,1,1.389999999999873,,,False,touch_median
1587,T6/S12,2020-11-19 10:07:00,2,1.4750000000001364,2020-11-19 09:11:00,56.0,True,touch_median
1588,T6/S12,2020-12-28 10:08:00,3,1.2633333333333212,2020-12-28 10:07:00,1.0,True,touch_median
1589,T6/S12,2021-01-26 09:58:00,1,1.389999999999873,2021-01-26 09:57:00,1.0,True,touch_median
1590,T6/S12,2021-02-02 09:47:00,2,1.4750000000001364,2021-02-02 09:46:00,1.0,True,touch_median
1591,T6/S12,2021-02-04 16:04:00,4,1.452499999999759,2021-02-04 11:03:00,301.0,True,touch_median
1592,T6/S12,2021-02-26 08:14:00,2,1.4750000000001364,2021-02-26 08:13:00,1.0,True,touch_median
1593,T6/S12,2021-03-08 09:54:00,1,1.389999999999873,2021-03-08 09:53:00,1.0,True,touch_median
1594,T6/S12,2021-03-12 11:19:00,2,1.4750000000001364,2021-03-12 09:38:00,101.0,True,touch_median
1595,T6/S12,2021-06-03 15:34:00,1,1.389999999999873,2021-06-03 09:08:00,386.0,True,touch_median
1596,T6/S12,2021-06-17 10:09:00,1,1.389999999999873,2021-06-17 10:09:00,0.0,True,touch_median
1597,T6/S12,2021-09-07 11:09:00,1,1.389999999999873,2021-09-07 08:28:00,161.0,True,touch_median
1598,T6/S12,2021-10-15 10:23:00,1,1.389999999999873,2021-10-15 10:22:00,1.0,True,touch_median
1599,T6/S12,2021-11-19 09:55:00,1,1.389999999999873,,,False,touch_median
1600,T6/S12,2022-01-27 08:43:00,1,1.389999999999873,2022-01-27 08:42:00,1.0,True,touch_median
1601,T6/S12,2022-01-27 09:45:00,2,1.4750000000001364,2022-01-27 09:45:00,0.0,True,touch_median
1602,T6/S12,2022-02-28 10:00:00,4,1.452499999999759,2022-02-28 09:59:00,1.0,True,touch_median
1603,T6/S12,2022-03-15 08:27:00,4,1.452499999999759,2022-03-15 08:26:00,1.0,True,touch_median
1604,T6/S12,2022-03-15 08:52:00,4,1.452499999999759,2022-03-15 08:51:00,1.0,True,touch_median
1605,T6/S12,2022-03-25 08:38:00,2,1.4750000000001364,,,False,touch_median
1606,T6/S12,2022-03-25 09:03:00,2,1.4750000000001364,2022-03-25 09:03:00,0.0,True,touch_median
1607,T6/S12,2022-03-28 08:55:00,2,1.4750000000001364,2022-03-28 08:54:00,1.0,True,touch_median
1608,T6/S12,2022-03-28 09:36:00,4,1.452499999999759,2022-03-28 09:35:00,1.0,True,touch_median
1609,T6/S12,2022-03-31 08:30:00,2,1.4750000000001364,2022-03-31 08:29:00,1.0,True,touch_median
1610,T6/S12,2022-03-31 11:36:00,12,,,,False,touch_median
1611,T6/S12,2022-05-25 11:25:00,4,1.452499999999759,2022-05-25 11:25:00,0.0,True,touch_median
1612,T6/S12,2022-07-20 13:50:00,6,1.639999999999873,2022-07-20 13:50:00,0.0,True,touch_median
1613,T6/S12,2022-08-10 08:17:00,2,1.4750000000001364,2022-08-10 08:16:00,1.0,True,touch_median
1614,T6/S12,2022-08-10 10:23:00,4,1.452499999999759,,,False,touch_median
1615,T6/S12,2022-08-15 08:25:00,3,1.2633333333333212,2022-08-15 08:24:00,1.0,True,touch_median
1616,T6/S12,2022-08-15 09:14:00,3,1.2633333333333212,2022-08-15 09:13:00,1.0,True,touch_median
1617,T6/S12,2022-08-19 11:05:00,6,1.639999999999873,2022-08-19 11:04:00,1.0,True,touch_median
1618,T6/S12,2022-08-29 09:17:00,6,1.639999999999873,,,False,touch_median
1619,T6/S12,2022-09-20 08:58:00,3,1.2633333333333212,2022-09-20 08:57:00,1.0,True,touch_median
1620,T6/S12,2022-09-21 17:33:00,21,,,,False,touch_median
1621,T6/S12,2022-09-29 10:26:00,6,1.639999999999873,2022-09-29 10:26:00,0.0,True,touch_median
1622,T6/S12,2022-10-19 09:02:00,3,1.2633333333333212,2022-10-19 08:03:00,59.0,True,touch_median
1623,T6/S12,2022-10-25 10:15:00,6,1.639999999999873,,,False,touch_median
1624,T6/S12,2022-12-05 09:45:00,3,1.2633333333333212,2022-12-05 09:44:00,1.0,True,touch_median
1625,T6/S12,2022-12-22 11:28:00,9,,,,False,touch_median
1626,T6/S12,2023-01-13 13:59:00,21,,,,False,touch_median
1627,T6/S12,2023-01-23 09:28:00,4,1.452499999999759,2023-01-23 09:27:00,1.0,True,touch_median
1628,T6/S12,2023-01-23 10:03:00,4,1.452499999999759,2023-01-23 10:03:00,0.0,True,touch_median
1629,T6/S12,2023-01-25 09:33:00,16,,,,False,touch_median
1630,T6/S12,2023-02-15 08:47:00,4,1.452499999999759,,,False,touch_median
1631,T6/S12,2023-02-15 09:32:00,8,,,,False,touch_median
1632,T6/S12,2023-03-15 09:24:00,8,,,,False,touch_median
1633,T6/S12,2023-03-27 10:06:00,4,1.452499999999759,,,False,touch_median
1634,T6/S12,2023-04-19 09:25:00,5,1.3880000000001471,2023-04-19 09:25:00,0.0,True,touch_median
1635,T6/S12,2023-04-19 09:59:00,15,,,,False,touch_median
1636,T6/S12,2023-04-21 08:13:00,5,1.3880000000001471,2023-04-21 08:13:00,0.0,True,touch_median
1637,T6/S12,2023-04-21 08:31:00,5,1.3880000000001471,2023-04-21 08:30:00,1.0,True,touch_median
1638,T6/S12,2023-04-21 08:51:00,5,1.3880000000001471,2023-04-21 08:50:00,1.0,True,touch_median
1639,T6/S12,2023-04-21 09:26:00,10,,,,False,touch_median
1640,T6/S12,2023-04-24 16:25:00,25,,,,False,touch_median
1641,T6/S12,2023-05-16 14:34:00,10,,,,False,touch_median
1642,T6/S12,2023-05-17 11:11:00,10,,,,False,touch_median
1643,T6/S12,2023-05-18 09:52:00,10,,,,False,touch_median
1644,T6/S12,2023-05-22 09:10:00,5,1.3880000000001471,2023-05-22 09:09:00,1.0,True,touch_median
1645,T6/S12,2023-05-22 14:33:00,25,,,,False,touch_median
1646,T6/S12,2023-06-21 12:14:00,10,,,,False,touch_median
1647,T6/S12,2023-08-01 09:11:00,6,1.639999999999873,2023-08-01 09:11:00,0.0,True,touch_median
1648,T6/S12,2023-08-01 10:10:00,6,1.639999999999873,,,False,touch_median
1649,T6/S12,2023-09-25 09:08:00,6,1.639999999999873,,,False,touch_median
1650,T6/S12,2023-09-25 11:18:00,18,,,,False,touch_median
1651,T6/S12,2023-10-06 15:21:00,18,,,,False,touch_median
1652,T6/S12,2023-10-16 09:02:00,6,1.639999999999873,2023-10-16 09:01:00,1.0,True,touch_median
1653,T6/S12,2023-10-16 09:29:00,12,,,,False,touch_median
1654,T6/S12,2023-10-16 09:47:00,6,1.639999999999873,2023-10-16 09:46:00,1.0,True,touch_median
1655,T6/S12,2023-10-16 09:55:00,6,1.639999999999873,2023-10-16 09:55:00,0.0,True,touch_median
1656,T6/S12,2023-11-07 10:16:00,7,,,,False,touch_median
1657,T6/S12,2023-12-04 09:52:00,8,,,,False,touch_median
