basket_id,strategy,direction,entry_time,actual_exit_time,sim_exit_time,sim_closed,sim_layer_count,actual_layer_count,sim_entry_vwap,sim_exit_price,sim_exit_move_points,sim_pnl_est,actual_pnl_est,variant
1,T1/S01,long,2018-01-02 22:00:00,2018-01-02 22:33:00,2018-01-02 22:32:00,True,1,1,1316.1899999999998,1316.91,0.7200000000002547,14.400000000000546,14.600000000000366,move_q25
2,T1/S01,long,2018-01-02 22:36:00,2018-01-02 23:14:00,2018-01-02 23:13:00,True,1,1,1318.04,1318.76,0.7200000000000273,14.400000000000546,14.400000000000546,move_q25
3,T1/S01,long,2018-01-02 23:18:00,2018-01-03 01:21:00,2018-01-03 01:32:00,True,1,1,1318.17,1318.83,0.6599999999998545,13.19999999999709,10.799999999999272,move_q25
460,T2/S03,long,2018-01-04 22:00:00,2018-01-04 22:05:00,2018-01-04 22:04:00,True,1,1,1324.63,1325.66,1.0299999999999727,20.599999999999454,20.599999999999454,move_q25
461,T2/S03,long,2018-01-04 22:15:00,2018-01-04 23:24:00,2018-01-04 22:44:00,True,2,2,1322.0405027217419,1322.66,0.6194972782582227,1934.690000000339,26.599999999998545,move_q25
4,T1/S01,long,2018-01-04 22:18:00,2018-01-04 23:24:00,2018-01-04 23:21:00,True,2,2,1322.2756481481483,1323.03,0.7543518518516521,1629.3999999999596,15.399999999999636,move_q25
1492,T6/S12,short,2018-01-05 08:36:00,2018-01-05 10:20:00,2018-01-05 10:17:00,True,1,1,1318.7,1317.48,1.2200000000000273,24.400000000000546,21.19999999999891,move_q25
5,T1/S01,long,2018-01-08 23:00:00,2018-01-09 04:23:00,2018-01-09 04:02:00,True,3,3,1317.7871814507553,1318.39,0.6028185492448301,2833.8500000003705,34.80000000000018,move_q25
1313,T5/S09,long,2018-01-10 12:48:00,2018-01-10 12:50:00,2018-01-10 13:02:00,True,1,1,1320.32,1322.87,2.5499999999999545,50.99999999999909,41.60000000000309,move_q25
1314,T5/S09,long,2018-01-10 13:00:00,2018-01-10 13:04:00,2018-01-10 13:03:00,True,1,1,1321.44,1324.39,2.9500000000000455,59.00000000000091,59.00000000000091,move_q25
1315,T5/S09,long,2018-01-10 13:12:00,2018-01-11 16:59:00,2018-01-10 17:01:00,True,2,2,1317.29175900277,1319.55,2.2582409972299047,4891.349999999864,87.15000000000668,move_q25
6,T1/S01,long,2018-01-12 22:00:00,2018-01-12 22:13:00,2018-01-12 22:13:00,True,1,1,1337.79,1338.49,0.7000000000000455,14.700000000000953,10.709999999999809,move_q25
462,T2/S03,long,2018-01-12 22:15:00,2018-01-15 03:01:00,2018-01-15 01:06:00,True,2,2,1335.8016453265045,1336.91,1.108354673495569,3462.50000000034,35.90999999999599,move_q25
7,T1/S01,long,2018-01-12 22:18:00,2018-01-15 03:01:00,2018-01-15 01:06:00,True,2,2,1335.8109023600184,1336.91,1.0990976399816645,2375.1500000002343,36.749999999995225,move_q25
1493,T6/S12,short,2018-01-17 08:12:00,2018-01-17 08:55:00,2018-01-17 08:54:00,True,1,1,1335.02,1333.5,1.5199999999999818,31.919999999999614,21.839999999999236,move_q25
8,T1/S01,long,2018-01-22 23:18:00,2018-01-23 03:22:00,2018-01-23 02:37:00,True,2,2,1333.317491901897,1333.9,0.5825080981030624,1258.8000000002958,44.31000000000745,move_q25
9,T1/S01,long,2018-01-23 22:00:00,2018-01-23 22:13:00,2018-01-23 22:12:00,True,1,1,1340.72,1341.49,0.7699999999999818,16.169999999999618,15.75,move_q25
10,T1/S01,long,2018-01-23 22:18:00,2018-01-23 22:54:00,2018-01-23 22:54:00,True,1,1,1340.71,1341.32,0.6099999999999,12.809999999997897,11.339999999999236,move_q25
463,T2/S03,long,2018-01-23 22:45:00,2018-01-24 01:36:00,2018-01-24 01:35:00,True,1,1,1341.2,1341.8,0.599999999999909,12.59999999999809,12.809999999997897,move_q25
11,T1/S01,long,2018-01-23 23:00:00,2018-01-24 08:38:00,2018-01-24 01:35:00,True,1,1,1341.14,1341.8,0.6599999999998545,13.859999999996944,40.31999999999675,move_q25
1316,T5/S09,long,2018-01-24 10:48:00,2018-01-24 12:31:00,2018-01-24 12:31:00,True,1,1,1347.83,1350.04,2.2100000000000364,46.410000000000764,43.890000000003056,move_q25
1317,T5/S09,long,2018-01-24 12:48:00,2018-01-24 15:01:00,2018-01-24 15:00:00,True,1,1,1350.34,1352.7,2.3600000000001273,49.560000000002674,49.560000000002674,move_q25
464,T2/S03,long,2018-01-24 22:00:00,2018-01-24 22:08:00,2018-01-24 22:07:00,True,1,1,1358.3799999999999,1359.17,0.790000000000191,16.589999999999236,16.589999999999236,move_q25
12,T1/S01,long,2018-01-24 22:18:00,2018-01-25 03:59:00,2018-01-24 23:03:00,True,2,2,1357.724958371878,1358.28,0.5550416281218986,1199.9999999998615,25.7400000000016,move_q25
1156,T3/S06,short,2018-01-25 23:30:00,2018-01-25 23:42:00,2018-01-25 23:31:00,True,1,1,1347.67,1346.96,0.7100000000000364,15.6200000000008,13.6400000000026,move_q25
1318,T5/S09,long,2018-01-26 10:48:00,2018-01-30 16:14:00,2018-01-26 15:30:00,True,2,5,1350.1277664974618,1352.75,2.6222335025381653,5682.380000000136,339.2399999999866,move_q25
1494,T6/S12,short,2018-02-01 09:36:00,2018-02-01 13:31:00,2018-02-01 12:10:00,True,2,1,1341.2161184210527,1340.08,1.1361184210527426,2072.280000000149,33.0,move_q25
465,T2/S03,long,2018-02-01 22:15:00,2018-02-01 22:23:00,2018-02-01 22:25:00,True,1,1,1348.27,1348.85,0.5799999999999272,12.759999999998401,0.0,move_q25
13,T1/S01,long,2018-02-01 22:18:00,2018-02-01 22:26:00,2018-02-01 22:22:00,True,1,2,1347.68,1348.26,0.5799999999999272,12.759999999998401,40.4799999999982,move_q25
14,T1/S01,long,2018-02-01 22:30:00,2018-02-01 22:45:00,2018-02-01 22:44:00,True,1,1,1348.92,1349.91,0.9900000000000091,21.7800000000002,21.7800000000002,move_q25
15,T1/S01,long,2018-02-01 22:48:00,2018-02-01 22:55:00,2018-02-01 22:55:00,True,1,1,1349.25,1349.83,0.5799999999999272,12.759999999998401,11.2199999999998,move_q25
16,T1/S01,long,2018-02-01 23:00:00,2018-02-01 23:04:00,2018-02-01 23:06:00,True,1,1,1349.98,1350.77,0.7899999999999636,17.3799999999992,12.099999999999,move_q25
17,T1/S01,long,2018-02-01 23:06:00,2018-02-02 01:35:00,2018-02-02 01:23:00,True,3,3,1348.0213095238094,1348.6,0.5786904761905589,2722.15999999997,41.85999999999331,move_q25
1319,T5/S09,long,2018-02-05 12:48:00,2018-02-05 22:08:00,2018-02-05 22:07:00,True,1,1,1337.28,1341.11,3.8299999999999272,88.08999999999833,87.62999999999876,move_q25
18,T1/S01,long,2018-02-05 22:18:00,2018-02-05 22:19:00,2018-02-05 22:18:00,True,1,1,1339.14,1339.78,0.6399999999998727,14.719999999997071,14.719999999997071,move_q25
19,T1/S01,long,2018-02-05 22:24:00,2018-02-05 23:38:00,2018-02-05 22:39:00,True,2,2,1337.5464817383263,1338.35,0.8035182616736165,1738.0099999998633,31.74000000000251,move_q25
1157,T3/S06,short,2018-02-06 23:40:00,2018-02-07 14:18:00,2018-02-07 01:38:00,True,2,3,1326.1568459105288,1325.32,0.8368459105288366,1851.9400000002602,44.15999999999121,move_q25
778,T2/S04,long,2018-02-08 19:45:00,2018-02-08 19:56:00,2018-02-08 19:50:00,True,1,1,1319.0,1319.52,0.5199999999999818,11.959999999999582,22.77000000000021,move_q25
20,T1/S01,long,2018-02-13 23:30:00,2018-02-14 01:13:00,2018-02-14 01:12:00,True,1,1,1329.35,1329.98,0.6300000000001091,14.490000000002512,14.490000000002512,move_q25
466,T2/S03,long,2018-02-14 22:15:00,2018-02-15 01:43:00,2018-02-15 01:41:00,True,3,3,1351.3299662352276,1352.38,1.0500337647724791,5597.730000000785,80.96000000000481,move_q25
1158,T3/S06,short,2018-02-16 23:00:00,2018-02-16 23:31:00,2018-02-16 23:30:00,True,1,1,1348.69,1347.85,0.8400000000001455,19.320000000003347,15.640000000001464,move_q25
1159,T3/S06,short,2018-02-16 23:40:00,2018-02-16 23:43:00,2018-02-16 23:54:00,True,1,1,1348.16,1347.43,0.7300000000000182,16.79000000000042,11.959999999999582,move_q25
1160,T3/S06,short,2018-02-16 23:50:00,2018-02-19 05:57:00,2018-02-19 03:31:00,True,2,2,1350.856638047899,1349.94,0.916638047898914,2028.5200000000998,24.610000000003765,move_q25
779,T2/S04,long,2018-02-22 19:00:00,2018-02-22 19:23:00,2018-02-22 19:03:00,True,1,1,1329.49,1329.92,0.43000000000006366,9.890000000001464,13.799999999997908,move_q25
780,T2/S04,long,2018-02-22 19:30:00,2018-02-22 20:34:00,2018-02-22 20:33:00,True,1,1,1331.24,1331.76,0.5199999999999818,11.959999999999582,11.729999999999793,move_q25
467,T2/S03,long,2018-02-22 22:00:00,2018-02-22 22:47:00,2018-02-22 22:46:00,True,1,1,1330.83,1331.39,0.5600000000001728,12.880000000003974,12.650000000004184,move_q25
1495,T6/S12,short,2018-03-01 08:12:00,2018-03-01 10:52:00,2018-03-01 09:29:00,True,2,1,1314.815298630137,1313.7,1.1152986301369765,2035.419999999772,25.53000000000293,move_q25
21,T1/S01,long,2018-03-01 22:00:00,2018-03-01 22:01:00,2018-03-01 22:00:00,True,1,1,1316.28,1316.96,0.6800000000000637,16.320000000001528,17.04000000000087,move_q25
22,T1/S01,long,2018-03-01 22:06:00,2018-03-01 22:20:00,2018-03-01 22:10:00,True,2,2,1316.4165249537893,1317.0,0.5834750462106513,1262.639999999803,25.440000000004147,move_q25
23,T1/S01,long,2018-03-01 22:24:00,2018-03-01 22:31:00,2018-03-01 22:30:00,True,1,1,1318.05,1319.24,1.1900000000000546,28.560000000001306,30.0,move_q25
24,T1/S01,long,2018-03-01 22:36:00,2018-03-02 03:55:00,2018-03-01 23:54:00,True,4,4,1316.6204667232391,1317.16,0.5395332767609489,4450.610000000877,76.80000000000109,move_q25
468,T2/S03,long,2018-03-01 22:45:00,2018-03-02 03:55:00,2018-03-02 02:06:00,True,3,4,1316.773584021005,1317.43,0.6564159789950281,3500.0100000005687,91.20000000000437,move_q25
781,T2/S04,long,2018-03-06 19:00:00,2018-03-07 01:03:00,2018-03-06 20:46:00,True,3,3,1334.724107676969,1335.67,0.9458923230311029,7589.840000000329,276.2400000000107,move_q25
469,T2/S03,long,2018-03-09 22:00:00,2018-03-12 03:55:00,2018-03-09 22:36:00,True,2,2,1322.0129475703325,1322.54,0.5270524296674921,1648.619999999889,25.749999999999318,move_q25
25,T1/S01,long,2018-03-12 22:00:00,2018-03-13 01:12:00,2018-03-13 01:12:00,True,1,1,1323.83,1324.39,0.5600000000001728,14.00000000000432,6.749999999999545,move_q25
470,T2/S03,long,2018-03-12 22:15:00,2018-03-13 01:13:00,2018-03-13 01:11:00,True,1,1,1323.46,1324.12,0.6599999999998545,16.499999999996362,22.749999999996362,move_q25
782,T2/S04,long,2018-03-19 19:00:00,2018-03-19 19:03:00,2018-03-19 19:02:00,True,1,1,1317.71,1318.35,0.6399999999998727,15.999999999996817,15.499999999997272,move_q25
783,T2/S04,long,2018-03-19 19:15:00,2018-03-19 20:49:00,2018-03-19 19:26:00,True,1,1,1317.8,1318.3,0.5,12.5,12.749999999999773,move_q25
784,T2/S04,long,2018-03-26 19:00:00,2018-03-27 06:16:00,2018-03-26 23:20:00,True,3,3,1352.6533644859812,1353.16,0.5066355140188534,4065.750000000804,16.750000000007503,move_q25
471,T2/S03,long,2018-03-26 22:00:00,2018-03-27 06:16:00,2018-03-26 23:50:00,True,2,3,1352.9947858056264,1353.53,0.535214194373566,1674.1499999998603,87.50000000000568,move_q25
1496,T6/S12,short,2018-03-29 09:48:00,2018-03-29 13:19:00,2018-03-29 10:41:00,True,2,2,1325.5990749863165,1324.08,1.519074986316582,2775.350000000327,52.499999999997726,move_q25
26,T1/S01,long,2018-03-29 22:48:00,2018-03-29 22:56:00,2018-03-29 22:55:00,True,1,1,1325.13,1325.69,0.5599999999999454,13.999999999998636,13.749999999998863,move_q25
27,T1/S01,long,2018-03-29 23:00:00,2018-04-02 02:02:00,2018-04-02 01:01:00,True,2,2,1325.1069745958428,1326.17,1.0630254041573153,2301.4500000003336,28.74999999999659,move_q25
785,T2/S04,long,2018-04-02 19:00:00,2018-04-02 19:03:00,2018-04-02 19:02:00,True,1,1,1338.75,1339.57,0.8199999999999363,20.49999999999841,18.75,move_q25
786,T2/S04,long,2018-04-02 19:15:00,2018-04-02 19:17:00,2018-04-02 19:16:00,True,1,1,1339.1,1339.67,0.5700000000001637,14.250000000004093,14.250000000004093,move_q25
787,T2/S04,long,2018-04-02 19:30:00,2018-04-02 20:09:00,2018-04-02 20:08:00,True,1,1,1339.39,1340.2,0.8099999999999454,20.249999999998636,20.249999999998636,move_q25
472,T2/S03,long,2018-04-02 22:00:00,2018-04-02 22:58:00,2018-04-02 22:05:00,True,2,2,1340.5633471867006,1341.18,0.6166528132994245,1928.8900000003398,38.74999999999886,move_q25
788,T2/S04,long,2018-04-06 19:00:00,2018-04-06 19:21:00,2018-04-06 19:20:00,True,1,1,1332.36,1332.85,0.4900000000000091,12.250000000000227,13.00000000000523,move_q25
789,T2/S04,long,2018-04-06 19:30:00,2018-04-06 20:27:00,2018-04-06 20:24:00,True,1,1,1331.97,1332.48,0.5099999999999909,12.749999999999773,17.75000000000091,move_q25
790,T2/S04,long,2018-04-09 19:00:00,2018-04-09 19:36:00,2018-04-09 19:35:00,True,1,1,1333.54,1335.42,1.8800000000001091,47.00000000000273,45.49999999999841,move_q25
791,T2/S04,long,2018-04-09 19:45:00,2018-04-09 21:38:00,2018-04-09 21:37:00,True,1,1,1336.39,1336.95,0.5599999999999454,14.559999999998583,14.819999999998345,move_q25
28,T1/S01,long,2018-04-09 22:00:00,2018-04-10 03:09:00,2018-04-10 01:02:00,True,2,2,1336.0475253924283,1336.66,0.6124746075718122,1326.6200000002354,76.96000000000095,move_q25
792,T2/S04,long,2018-04-11 19:00:00,2018-04-11 19:03:00,2018-04-11 19:01:00,True,1,1,1361.4,1361.85,0.4499999999998181,11.69999999999527,24.179999999995744,move_q25
793,T2/S04,long,2018-04-11 19:15:00,2018-04-11 19:48:00,2018-04-11 19:40:00,True,3,4,1358.3913705457264,1358.98,0.5886294542735868,4724.34000000018,77.22000000000662,move_q25
473,T2/S03,long,2018-04-13 22:15:00,2018-04-13 22:16:00,2018-04-13 22:15:00,True,1,1,1345.79,1346.31,0.5199999999999818,13.519999999999527,14.29999999999882,move_q25
474,T2/S03,long,2018-04-13 22:30:00,2018-04-16 02:24:00,2018-04-16 02:18:00,True,3,3,1343.1484645669289,1343.95,0.8015354330711943,4275.390000000583,57.20000000000118,move_q25
1497,T6/S12,short,2018-04-16 09:48:00,2018-04-16 10:10:00,2018-04-16 10:09:00,True,1,1,1343.39,1341.78,1.6100000000001273,41.86000000000331,37.960000000000946,move_q25
475,T2/S03,long,2018-04-17 22:15:00,2018-04-17 22:29:00,2018-04-17 22:28:00,True,1,1,1346.65,1347.19,0.5399999999999636,14.039999999999054,13.77999999999929,move_q25
29,T1/S01,long,2018-04-17 22:30:00,2018-04-18 10:49:00,2018-04-18 02:55:00,True,2,3,1345.8886057248383,1346.42,0.5313942751618015,1151.0000000003893,51.73999999998841,move_q25
476,T2/S03,long,2018-04-17 22:30:00,2018-04-18 10:49:00,2018-04-18 02:54:00,True,2,3,1345.7837104506232,1346.32,0.536289549376761,1678.0499999998556,51.73999999998841,move_q25
30,T1/S01,long,2018-04-24 22:00:00,2018-04-25 02:29:00,2018-04-25 01:12:00,True,2,2,1330.006538994001,1330.62,0.6134610059989427,1329.3699999997273,33.75,move_q25
477,T2/S03,long,2018-04-24 22:00:00,2018-04-25 02:29:00,2018-04-25 01:12:00,True,2,2,1329.9983738019168,1330.62,0.6216261980830495,1945.6899999996049,33.75,move_q25
31,T1/S01,long,2018-04-25 22:48:00,2018-04-26 03:04:00,2018-04-26 01:20:00,True,2,2,1321.2931748961698,1321.84,0.5468251038300878,1184.9699999998584,27.809999999993124,move_q25
32,T1/S01,long,2018-04-27 22:00:00,2018-04-30 03:15:00,2018-04-30 03:15:00,True,2,2,1323.7481910475312,1324.34,0.591808952468682,1282.4499999997822,12.149999999995096,move_q25
478,T2/S03,long,2018-04-27 22:15:00,2018-04-30 03:15:00,2018-04-30 01:42:00,True,2,2,1322.7439744408946,1323.29,0.5460255591053738,1709.0599999998324,-79.6499999999951,move_q25
479,T2/S03,long,2018-04-30 22:00:00,2018-05-02 06:41:00,2018-05-02 04:57:00,True,10,11,1309.2280705038968,1309.6,0.371929496103121,11621.494999996048,298.7599999999893,move_q25
480,T2/S03,long,2018-05-04 22:45:00,2018-05-04 23:22:00,2018-05-04 23:18:00,True,1,1,1314.23,1314.72,0.4900000000000091,13.720000000000256,14.839999999999238,move_q25
1498,T6/S12,short,2018-05-07 09:24:00,2018-05-07 10:05:00,2018-05-07 10:04:00,True,1,1,1313.49,1312.22,1.2699999999999818,35.55999999999949,30.51999999999771,move_q25
1499,T6/S12,short,2018-05-08 08:00:00,2018-05-08 11:37:00,2018-05-08 11:30:00,True,2,2,1313.3000109289617,1312.01,1.2900109289616921,2360.7199999998825,61.32000000000154,move_q25
33,T1/S01,long,2018-05-08 22:00:00,2018-05-08 22:01:00,2018-05-08 22:00:00,True,1,1,1314.96,1315.68,0.7200000000000273,20.160000000000768,19.880000000001022,move_q25
34,T1/S01,long,2018-05-08 22:06:00,2018-05-09 02:26:00,2018-05-09 01:12:00,True,2,2,1314.5318265682656,1315.04,0.5081734317343489,1101.7199999999393,-60.76000000000204,move_q25
794,T2/S04,long,2018-05-09 19:00:00,2018-05-09 20:17:00,2018-05-09 19:41:00,True,2,2,1311.4940417080436,1312.06,0.5659582919563491,2279.6799999997074,28.55999999999949,move_q25
35,T1/S01,long,2018-05-10 22:00:00,2018-05-11 10:52:00,2018-05-11 03:56:00,True,2,2,1320.0613099630993,1320.6,0.5386900369005616,1167.8799999998791,38.63999999999032,move_q25
1161,T3/S06,short,2018-05-14 23:30:00,2018-05-15 07:26:00,2018-05-14 23:47:00,True,1,1,1313.73,1313.03,0.7000000000000455,19.600000000001273,17.64000000000306,move_q25
481,T2/S03,long,2018-05-18 22:00:00,2018-05-21 16:21:00,2018-05-21 16:20:00,True,7,8,1287.5592003425065,1288.91,1.3507996574935532,28395.835000001312,166.88000000002012,move_q25
1500,T6/S12,short,2018-05-21 09:36:00,2018-05-21 09:52:00,2018-05-21 09:51:00,True,1,1,1284.44,1283.22,1.2200000000000273,34.160000000000764,29.960000000004587,move_q25
36,T1/S01,long,2018-05-21 22:00:00,2018-05-21 22:13:00,2018-05-21 22:14:00,True,1,1,1292.05,1292.74,0.6900000000000546,19.32000000000153,14.839999999999238,move_q25
37,T1/S01,long,2018-05-21 22:18:00,2018-05-22 02:21:00,2018-05-22 02:21:00,True,1,1,1292.79,1293.39,0.6000000000001364,16.80000000000382,14.279999999999745,move_q25
1501,T6/S12,short,2018-05-22 08:24:00,2018-05-22 09:43:00,2018-05-22 09:27:00,True,2,2,1291.1077401746727,1289.74,1.36774017467269,2505.700000000166,65.09999999999536,move_q25
1502,T6/S12,short,2018-05-23 09:12:00,2018-05-23 09:33:00,2018-05-23 09:32:00,True,1,1,1290.39,1289.2,1.1900000000000546,35.70000000000164,30.900000000006,move_q25
1503,T6/S12,short,2018-05-23 09:36:00,2018-05-23 15:51:00,2018-05-23 15:33:00,True,4,4,1294.7243309477337,1293.71,1.014330947733697,9354.159999999805,176.69999999999618,move_q25
795,T2/S04,long,2018-05-24 19:00:00,2018-05-24 19:43:00,2018-05-24 19:41:00,True,1,1,1304.79,1305.24,0.4500000000000455,13.500000000001364,18.900000000003274,move_q25
796,T2/S04,long,2018-05-24 19:45:00,2018-05-24 22:24:00,2018-05-24 22:25:00,True,1,1,1305.41,1305.91,0.5,15.0,8.399999999999181,move_q25
482,T2/S03,long,2018-05-24 22:00:00,2018-05-24 22:28:00,2018-05-24 22:23:00,True,1,1,1305.12,1305.72,0.6000000000001364,18.000000000004093,24.300000000005184,move_q25
483,T2/S03,long,2018-05-24 22:30:00,2018-05-25 11:48:00,2018-05-24 23:30:00,True,2,3,1304.4665655920842,1305.08,0.6134344079157472,1921.8899999996293,52.80000000000655,move_q25
797,T2/S04,long,2018-05-30 19:30:00,2018-05-31 02:44:00,2018-05-31 02:43:00,True,1,1,1302.15,1302.77,0.6199999999998909,18.599999999996726,20.39999999999509,move_q25
1162,T3/S06,short,2018-05-31 23:30:00,2018-05-31 23:47:00,2018-05-31 23:46:00,True,1,1,1298.74,1297.99,0.75,22.499999999999996,15.599999999999453,move_q25
1163,T3/S06,short,2018-05-31 23:50:00,2018-06-01 13:51:00,2018-06-01 13:50:00,True,1,1,1298.21,1297.46,0.75,22.499999999999996,16.799999999998363,move_q25
798,T2/S04,long,2018-06-05 19:45:00,2018-06-06 08:51:00,2018-06-06 02:19:00,True,2,2,1296.9734739454095,1297.56,0.5865260545904221,2363.699999999635,33.89999999999645,move_q25
38,T1/S01,long,2018-06-08 22:30:00,2018-06-11 02:19:00,2018-06-11 01:01:00,True,1,1,1299.06,1299.63,0.5700000000001637,17.10000000000491,15.299999999999727,move_q25
799,T2/S04,long,2018-06-11 19:00:00,2018-06-12 16:57:00,2018-06-11 22:21:00,True,2,5,1299.563548387097,1300.07,0.5064516129029926,2040.9999999999286,111.000000000015,move_q25
800,T2/S04,long,2018-06-13 19:00:00,2018-06-13 19:22:00,2018-06-13 19:19:00,True,1,1,1297.9,1298.35,0.4499999999998181,13.949999999994361,17.04999999999859,move_q25
801,T2/S04,long,2018-06-13 19:30:00,2018-06-13 21:56:00,2018-06-13 21:02:00,True,2,3,1296.028610766559,1297.42,1.391389233441032,5608.690000000328,114.39000000000169,move_q25
1504,T6/S12,short,2018-06-15 09:24:00,2018-06-15 10:05:00,2018-06-15 10:04:00,True,1,1,1299.07,1297.87,1.2000000000000455,37.20000000000141,33.169999999998026,move_q25
1505,T6/S12,short,2018-06-21 09:36:00,2018-06-21 12:03:00,2018-06-21 11:50:00,True,2,2,1264.6368521549373,1263.38,1.256852154937178,2303.809999999932,66.33999999999605,move_q25
802,T2/S04,long,2018-06-21 19:45:00,2018-06-21 20:42:00,2018-06-21 20:41:00,True,1,1,1268.66,1269.2,0.5399999999999636,16.739999999998872,15.809999999999718,move_q25
39,T1/S01,long,2018-06-22 23:00:00,2018-06-25 01:34:00,2018-06-22 23:53:00,True,2,1,1268.8325610317825,1269.41,0.5774389682176206,1253.6200000002914,30.37999999999352,move_q25
1506,T6/S12,short,2018-07-02 08:48:00,2018-07-02 09:13:00,2018-07-02 09:11:00,True,1,1,1249.34,1248.17,1.1699999999998454,36.26999999999521,33.78999999999746,move_q25
1507,T6/S12,short,2018-07-02 09:24:00,2018-07-02 16:08:00,2018-07-02 15:53:00,True,2,2,1250.609410801964,1249.43,1.179410801963968,2161.860000000047,71.30000000000564,move_q25
1164,T3/S06,short,2018-07-02 23:00:00,2018-07-03 04:44:00,2018-07-03 04:43:00,True,1,1,1239.92,1238.76,1.1600000000000819,35.96000000000254,29.45000000000141,move_q25
803,T2/S04,long,2018-07-03 19:00:00,2018-07-04 03:11:00,2018-07-03 20:07:00,True,3,3,1253.8960159362553,1254.38,0.48398406374485603,3887.360000000037,57.60000000000582,move_q25
1255,T4/S08,long,2018-07-04 06:10:00,2018-07-04 09:22:00,2018-07-04 08:33:00,True,2,2,1256.8874283193647,1258.41,1.5225716806353375,1725.8350000001838,114.87999999999738,move_q25
804,T2/S04,long,2018-07-05 19:45:00,2018-07-05 23:54:00,2018-07-05 21:09:00,True,2,2,1255.6340476190476,1256.13,0.4959523809525308,1999.6800000008734,33.92000000000553,move_q25
1165,T3/S06,short,2018-07-11 23:00:00,2018-07-12 04:00:00,2018-07-11 23:33:00,True,1,1,1242.21,1241.52,0.6900000000000546,22.080000000001746,19.520000000004075,move_q25
40,T1/S01,long,2018-07-16 23:30:00,2018-07-17 04:52:00,2018-07-17 04:42:00,True,3,3,1238.6733948652663,1239.89,1.2166051347337543,5733.860000000922,49.919999999998254,move_q25
1508,T6/S12,short,2018-07-18 09:36:00,2018-07-18 11:14:00,2018-07-18 10:28:00,True,2,2,1224.5331842966193,1223.29,1.2431842966193472,2279.9999999999527,74.88000000000466,move_q25
484,T2/S03,long,2018-07-18 22:00:00,2018-07-19 03:14:00,2018-07-19 03:11:00,True,1,1,1227.71,1228.21,0.5,16.0,19.19999999999709,move_q25
1509,T6/S12,short,2018-07-19 08:36:00,2018-07-19 10:09:00,2018-07-19 10:08:00,True,1,1,1223.05,1221.77,1.2799999999999727,40.95999999999913,33.279999999998836,move_q25
485,T2/S03,long,2018-07-19 22:00:00,2018-07-19 23:25:00,2018-07-19 23:24:00,True,1,1,1222.63,1223.13,0.5,16.0,16.31999999999971,move_q25
805,T2/S04,long,2018-07-20 19:00:00,2018-07-20 19:30:00,2018-07-20 19:28:00,True,1,1,1229.22,1229.72,0.5,16.0,19.19999999999709,move_q25
806,T2/S04,long,2018-07-20 19:45:00,2018-07-20 20:16:00,2018-07-20 20:15:00,True,1,1,1229.66,1230.51,0.849999999999909,27.199999999997086,29.75999999999476,move_q25
41,T1/S01,long,2018-07-20 23:54:00,2018-07-23 01:34:00,2018-07-23 01:26:00,True,2,2,1230.4128360957643,1230.95,0.5371639042357401,1166.719999999883,41.599999999998545,move_q25
1256,T4/S08,long,2018-07-23 06:30:00,2018-07-24 14:53:00,2018-07-23 14:30:00,True,3,8,1229.2923006416133,1231.81,2.517699358386608,6867.0249999999505,456.0600000000129,move_q25
1510,T6/S12,short,2018-07-24 08:00:00,2018-07-26 17:22:00,2018-07-24 22:03:00,True,5,8,1225.591516118736,1224.24,1.3515161187360718,16937.199999999222,386.099999999979,move_q25
42,T1/S01,long,2018-07-25 22:00:00,2018-07-26 02:24:00,2018-07-26 02:24:00,True,1,1,1232.32,1232.92,0.6000000000001364,19.800000000004502,18.1499999999985,move_q25
807,T2/S04,long,2018-07-27 19:30:00,2018-07-30 14:54:00,2018-07-30 14:32:00,True,4,5,1222.543692870201,1223.17,0.6263071297989882,7536.980000001237,91.80000000000156,move_q25
43,T1/S01,long,2018-07-31 22:06:00,2018-08-01 05:03:00,2018-08-01 01:16:00,True,2,3,1223.8528334866605,1224.36,0.5071665133393708,1102.5799999999394,42.499999999992276,move_q25
486,T2/S03,long,2018-07-31 22:45:00,2018-08-01 05:03:00,2018-08-01 04:52:00,True,3,3,1222.507478472482,1223.17,0.6625215275180381,3539.190000000738,81.25999999999569,move_q25
1166,T3/S06,short,2018-08-02 23:00:00,2018-08-02 23:23:00,2018-08-02 23:22:00,True,1,1,1209.04,1208.32,0.7200000000000273,25.200000000000955,20.649999999997135,move_q25
1167,T3/S06,short,2018-08-02 23:30:00,2018-08-02 23:33:00,2018-08-02 23:32:00,True,1,1,1208.17,1207.43,0.7400000000000091,25.90000000000032,19.600000000006045,move_q25
1168,T3/S06,short,2018-08-02 23:40:00,2018-08-03 05:04:00,2018-08-03 04:44:00,True,1,1,1207.65,1206.96,0.6900000000000546,24.15000000000191,21.700000000004138,move_q25
808,T2/S04,long,2018-08-03 19:00:00,2018-08-06 04:35:00,2018-08-06 04:11:00,True,3,3,1214.9723708774113,1215.47,0.4976291225887053,3998.4500000008393,75.5999999999949,move_q25
1511,T6/S12,short,2018-08-06 09:48:00,2018-08-06 10:11:00,2018-08-06 10:10:00,True,1,1,1213.19,1211.84,1.3500000000001364,47.250000000004775,39.55000000000381,move_q25
1169,T3/S06,short,2018-08-06 23:00:00,2018-08-07 20:22:00,2018-08-06 23:10:00,True,1,3,1207.43,1206.73,0.7000000000000455,24.50000000000159,64.39999999998916,move_q25
44,T1/S01,long,2018-08-08 23:36:00,2018-08-09 03:28:00,2018-08-09 03:27:00,True,1,1,1213.79,1214.37,0.5799999999999272,20.299999999997453,20.650000000005093,move_q25
1512,T6/S12,short,2018-08-10 09:12:00,2018-08-13 03:25:00,2018-08-10 10:00:00,True,2,5,1208.8796080566142,1207.71,1.1696080566141518,2148.5700000000625,221.5500000000054,move_q25
1170,T3/S06,short,2018-08-13 23:00:00,2018-08-14 03:01:00,2018-08-14 03:00:00,True,1,1,1193.29,1192.49,0.7999999999999545,28.79999999999836,20.519999999997708,move_q25
1171,T3/S06,short,2018-08-15 23:00:00,2018-08-16 02:50:00,2018-08-16 02:49:00,True,1,1,1174.56,1173.72,0.8399999999999181,30.239999999997053,22.679999999995744,move_q25
45,T1/S01,long,2018-08-17 23:00:00,2018-08-20 05:22:00,2018-08-20 01:52:00,True,2,1,1182.9748161764708,1183.57,0.5951838235291689,1295.1199999997623,18.359999999999673,move_q25
46,T1/S01,long,2018-08-20 22:06:00,2018-08-21 03:08:00,2018-08-20 22:53:00,True,2,1,1189.2751470588234,1189.86,0.5848529411764503,1272.639999999783,24.480000000002292,move_q25
47,T1/S01,long,2018-08-21 23:42:00,2018-08-21 23:48:00,2018-08-21 23:47:00,True,1,1,1194.52,1196.44,1.9200000000000728,69.12000000000262,74.87999999999738,move_q25
48,T1/S01,long,2018-08-21 23:54:00,2018-08-22 03:21:00,2018-08-22 01:26:00,True,2,1,1194.9853125000002,1195.53,0.5446874999997817,1185.2399999998622,21.959999999996395,move_q25
1172,T3/S06,short,2018-08-23 23:30:00,2018-08-24 02:29:00,2018-08-24 02:26:00,True,1,1,1185.43,1184.73,0.7000000000000455,25.200000000001637,20.16000000000622,move_q25
809,T2/S04,long,2018-08-24 19:00:00,2018-08-24 20:12:00,2018-08-24 20:07:00,True,2,3,1206.7456987115957,1207.25,0.5043012884043492,2035.359999999927,64.43999999999869,move_q25
487,T2/S03,long,2018-08-24 22:00:00,2018-08-27 01:03:00,2018-08-24 23:49:00,True,1,1,1205.73,1206.24,0.5099999999999909,18.359999999999673,47.15999999999803,move_q25
810,T2/S04,long,2018-08-27 19:30:00,2018-08-27 23:25:00,2018-08-27 22:39:00,True,2,2,1209.0661446977206,1209.57,0.5038553022793621,2033.5599999999286,42.84000000001015,move_q25
1513,T6/S12,short,2018-08-30 09:00:00,2018-08-30 16:35:00,2018-08-30 11:24:00,True,2,3,1202.8108269858542,1201.64,1.1708269858540916,2151.979999999649,235.44000000000685,move_q25
1514,T6/S12,short,2018-09-06 08:48:00,2018-09-06 18:15:00,2018-09-06 18:08:00,True,5,5,1202.0547152201664,1200.73,1.324715220166354,16606.63000000068,222.00000000000838,move_q25
1320,T5/S09,long,2018-09-06 13:48:00,2018-09-11 23:40:00,2018-09-07 02:47:00,True,2,4,1199.2283501374886,1201.17,1.94164986251144,4236.679999999922,330.780000000002,move_q25
1515,T6/S12,short,2018-09-10 09:00:00,2018-09-10 14:43:00,2018-09-10 13:29:00,True,2,2,1194.5757368134855,1193.28,1.2957368134855187,2382.8599999998564,82.1399999999926,move_q25
49,T1/S01,long,2018-09-11 23:48:00,2018-09-12 12:34:00,2018-09-12 02:18:00,True,2,4,1197.6263452708909,1198.31,0.6836547291090938,1489.0000000000794,78.66000000000622,move_q25
811,T2/S04,long,2018-09-12 19:30:00,2018-09-12 20:03:00,2018-09-12 20:02:00,True,1,1,1204.17,1205.25,1.0799999999999272,41.039999999997235,41.039999999997235,move_q25
50,T1/S01,long,2018-09-12 22:00:00,2018-09-13 11:37:00,2018-09-13 10:50:00,True,3,3,1205.8020788302608,1206.39,0.5879211697392748,2774.400000000396,77.51999999998998,move_q25
488,T2/S03,long,2018-09-12 22:00:00,2018-09-13 11:37:00,2018-09-13 02:51:00,True,2,3,1206.1352849411016,1206.66,0.5247150588984368,1648.130000000566,77.51999999998998,move_q25
1173,T3/S06,short,2018-09-14 23:00:00,2018-09-17 03:01:00,2018-09-14 23:51:00,True,1,1,1193.89,1193.11,0.7800000000002001,30.420000000007803,23.40000000000532,move_q25
812,T2/S04,long,2018-09-17 19:00:00,2018-09-18 14:05:00,2018-09-17 21:07:00,True,2,5,1201.3969943055213,1201.94,0.5430056944787793,2193.1999999997797,108.80999999998085,move_q25
51,T1/S01,long,2018-09-20 23:00:00,2018-09-21 03:16:00,2018-09-21 03:19:00,True,1,1,1207.42,1208.03,0.6099999999999,23.789999999996102,20.669999999998936,move_q25
52,T1/S01,long,2018-09-21 23:18:00,2018-09-24 10:17:00,2018-09-24 02:27:00,True,2,3,1197.439173932997,1198.18,0.7408260670031268,1614.259999999965,97.88999999999965,move_q25
813,T2/S04,long,2018-09-28 19:00:00,2018-09-28 19:19:00,2018-09-28 19:17:00,True,1,1,1192.71,1193.15,0.44000000000005457,17.160000000002128,21.449999999998226,move_q25
814,T2/S04,long,2018-09-28 19:30:00,2018-09-28 20:43:00,2018-09-28 20:42:00,True,1,1,1192.57,1193.43,0.8600000000001273,33.540000000004966,33.15000000000532,move_q25
489,T2/S03,long,2018-09-28 22:00:00,2018-09-28 22:02:00,2018-09-28 22:01:00,True,1,1,1192.27,1192.88,0.6100000000001273,23.790000000004966,23.790000000004966,move_q25
490,T2/S03,long,2018-09-28 22:15:00,2018-10-01 15:35:00,2018-10-01 15:06:00,True,5,5,1187.3327938755979,1187.96,0.6272061244021643,8192.880000001482,180.95999999999503,move_q25
815,T2/S04,long,2018-10-02 19:00:00,2018-10-02 19:27:00,2018-10-02 19:25:00,True,1,1,1204.92,1205.37,0.4499999999998181,17.999999999992724,30.000000000000004,move_q25
816,T2/S04,long,2018-10-02 19:30:00,2018-10-03 01:34:00,2018-10-02 19:53:00,True,2,3,1203.5592079207922,1204.17,0.6107920792078403,2467.6000000004387,68.80000000000109,move_q25
53,T1/S01,long,2018-10-08 22:30:00,2018-10-08 22:57:00,2018-10-08 22:56:00,True,1,1,1187.87,1188.48,0.6100000000001273,24.400000000005097,24.400000000005097,move_q25
54,T1/S01,long,2018-10-08 23:00:00,2018-10-09 02:42:00,2018-10-09 02:41:00,True,1,1,1189.01,1189.66,0.650000000000091,26.000000000003638,29.600000000000364,move_q25
55,T1/S01,long,2018-10-10 22:00:00,2018-10-10 22:11:00,2018-10-10 22:10:00,True,1,1,1191.96,1192.89,0.9300000000000637,37.20000000000255,37.20000000000255,move_q25
56,T1/S01,long,2018-10-10 22:12:00,2018-10-10 22:58:00,2018-10-10 22:35:00,True,2,4,1192.138623853211,1192.94,0.8013761467891527,1747.0000000003301,148.40000000000146,move_q25
57,T1/S01,long,2018-10-10 23:42:00,2018-10-11 09:40:00,2018-10-11 04:52:00,True,3,2,1192.2585066723154,1193.11,0.8514933276844658,4019.89999999926,52.000000000007276,move_q25
817,T2/S04,long,2018-10-11 19:00:00,2018-10-11 19:07:00,2018-10-11 19:03:00,True,1,1,1219.65,1220.15,0.5,20.5,35.2599999999959,move_q25
818,T2/S04,long,2018-10-11 19:15:00,2018-10-11 20:02:00,2018-10-11 19:29:00,True,2,2,1218.5586686463746,1219.35,0.7913313536253099,3197.7699999997735,61.08999999999105,move_q25
491,T2/S03,long,2018-10-11 22:00:00,2018-10-11 22:39:00,2018-10-11 22:34:00,True,3,3,1221.7660646849877,1222.32,0.5539353150122679,2962.9999999995334,72.97999999999888,move_q25
1321,T5/S09,long,2018-10-15 12:24:00,2018-10-16 15:35:00,2018-10-15 16:38:00,True,2,2,1226.9367200365966,1228.86,1.9232799634032745,4204.289999999938,172.2000000000112,move_q25
1516,T6/S12,short,2018-10-18 09:24:00,2018-10-19 10:13:00,2018-10-18 09:50:00,True,1,5,1219.92,1218.73,1.1900000000000546,48.79000000000224,277.1600000000183,move_q25
58,T1/S01,long,2018-10-22 22:30:00,2018-10-23 04:25:00,2018-10-23 04:24:00,True,1,1,1222.69,1223.27,0.5799999999999272,24.359999999996944,23.09999999999809,move_q25
1322,T5/S09,long,2018-10-23 10:48:00,2018-10-23 11:04:00,2018-10-23 11:04:00,True,1,1,1231.77,1234.24,2.4700000000000273,103.74000000000115,86.51999999999771,move_q25
1323,T5/S09,long,2018-10-23 11:12:00,2018-10-23 11:30:00,2018-10-23 11:37:00,True,1,1,1233.67,1235.81,2.1399999999998727,89.87999999999465,85.67999999999847,move_q25
1324,T5/S09,long,2018-10-23 11:36:00,2018-10-23 14:45:00,2018-10-23 14:44:00,True,1,1,1235.72,1237.91,2.1900000000000546,91.98000000000229,91.98000000000229,move_q25
59,T1/S01,long,2018-10-24 22:30:00,2018-10-24 22:35:00,2018-10-24 22:35:00,True,1,1,1232.2199999999998,1232.96,0.7400000000002365,31.08000000000038,22.679999999998472,move_q25
60,T1/S01,long,2018-10-24 22:36:00,2018-10-25 01:03:00,2018-10-25 01:03:00,True,1,1,1233.17,1233.82,0.6499999999998636,27.299999999994267,22.259999999998854,move_q25
61,T1/S01,long,2018-10-25 23:48:00,2018-10-26 01:07:00,2018-10-26 02:12:00,True,1,1,1231.84,1232.97,1.1300000000001091,47.460000000004584,21.839999999999236,move_q25
819,T2/S04,long,2018-11-01 19:00:00,2018-11-01 19:10:00,2018-11-01 19:09:00,True,1,1,1234.17,1234.67,0.5,22.0,22.4399999999996,move_q25
820,T2/S04,long,2018-11-01 19:15:00,2018-11-01 19:22:00,2018-11-01 19:21:00,True,1,1,1234.78,1235.41,0.6300000000001091,27.720000000004802,29.480000000003205,move_q25
821,T2/S04,long,2018-11-01 19:30:00,2018-11-02 10:03:00,2018-11-02 08:47:00,True,4,4,1233.00435735636,1233.87,0.8656426436398306,10425.799999998573,89.7599999999884,move_q25
1517,T6/S12,short,2018-11-12 08:00:00,2018-11-12 08:42:00,2018-11-12 08:34:00,True,1,1,1208.35,1207.11,1.240000000000009,54.5600000000004,78.3199999999988,move_q25
1518,T6/S12,short,2018-11-12 08:48:00,2018-11-12 09:48:00,2018-11-12 09:47:00,True,1,1,1206.6,1205.39,1.209999999999809,53.239999999991596,44.8799999999992,move_q25
1174,T3/S06,short,2018-11-12 23:10:00,2018-11-12 23:34:00,2018-11-12 23:20:00,True,1,1,1201.13,1200.43,0.7000000000000455,30.800000000002004,24.640000000007603,move_q25
1175,T3/S06,short,2018-11-12 23:40:00,2018-11-13 10:13:00,2018-11-13 08:33:00,True,2,2,1203.565989256938,1202.68,0.8859892569380463,1979.3000000001016,44.8799999999992,move_q25
492,T2/S03,long,2018-11-14 22:15:00,2018-11-15 06:28:00,2018-11-15 01:06:00,True,2,3,1210.4537686685735,1211.02,0.5662313314264793,1781.9299999997404,72.59999999998399,move_q25
1519,T6/S12,short,2018-11-19 08:00:00,2018-11-20 17:17:00,2018-11-19 11:26:00,True,2,5,1220.359469122427,1219.22,1.1394691224270446,2103.4600000000955,386.7599999999784,move_q25
1520,T6/S12,short,2018-11-23 09:00:00,2018-11-23 09:14:00,2018-11-23 09:13:00,True,1,1,1226.01,1224.67,1.3399999999999181,60.299999999996324,51.75000000000409,move_q25
1521,T6/S12,short,2018-11-23 09:24:00,2018-11-23 10:31:00,2018-11-23 10:30:00,True,1,1,1223.95,1222.67,1.2799999999999727,57.59999999999877,49.50000000000614,move_q25
62,T1/S01,long,2018-11-27 23:18:00,2018-11-28 08:25:00,2018-11-28 08:10:00,True,2,2,1213.4302745995426,1213.99,0.5597254004574097,1222.9999999998302,46.800000000008595,move_q25
822,T2/S04,long,2018-11-28 19:30:00,2018-11-28 19:50:00,2018-11-28 19:49:00,True,1,1,1220.45,1221.64,1.1900000000000546,54.74000000000251,50.139999999996235,move_q25
493,T2/S03,long,2018-11-28 22:00:00,2018-11-29 03:02:00,2018-11-28 23:25:00,True,2,2,1220.9057097491268,1221.47,0.5642902508732277,1776.9499999997427,56.120000000001255,move_q25
63,T1/S01,long,2018-11-30 22:00:00,2018-11-30 22:31:00,2018-11-30 22:30:00,True,1,1,1221.09,1221.75,0.6600000000000819,30.36000000000377,30.36000000000377,move_q25
64,T1/S01,long,2018-11-30 22:54:00,2018-12-03 01:06:00,2018-12-03 01:05:00,True,1,1,1222.45,1223.01,0.5599999999999454,25.75999999999749,25.75999999999749,move_q25
1325,T5/S09,long,2018-12-03 10:00:00,2018-12-03 16:18:00,2018-12-03 16:17:00,True,1,1,1231.78,1233.94,2.160000000000082,99.36000000000377,99.36000000000377,move_q25
1522,T6/S12,short,2018-12-06 09:00:00,2018-12-06 20:44:00,2018-12-06 15:34:00,True,2,4,1238.4200108225107,1237.21,1.2100108225106396,2236.0999999999626,222.63999999998578,move_q25
823,T2/S04,long,2018-12-07 19:00:00,2018-12-07 19:41:00,2018-12-07 19:19:00,True,2,2,1244.2401235788434,1244.91,0.6698764211566868,2710.3200000002216,69.4599999999996,move_q25
824,T2/S04,long,2018-12-07 19:45:00,2018-12-07 19:48:00,2018-12-07 19:46:00,True,1,1,1245.7,1246.18,0.4800000000000182,22.080000000000837,27.139999999996235,move_q25
494,T2/S03,long,2018-12-07 22:00:00,2018-12-10 01:03:00,2018-12-10 01:01:00,True,2,2,1248.2458558272467,1250.1,1.8541441727531947,5838.699999999628,47.83999999999833,move_q25
65,T1/S01,long,2018-12-07 22:00:00,2018-12-10 01:03:00,2018-12-10 01:01:00,True,2,2,1248.2572461116195,1250.1,1.8427538883804573,4028.2599999997424,121.43999999999416,move_q25
1523,T6/S12,short,2018-12-12 09:36:00,2018-12-13 12:47:00,2018-12-12 14:15:00,True,2,3,1244.349145945946,1243.15,1.1991459459459293,2218.4199999999983,164.64000000001397,move_q25
1524,T6/S12,short,2018-12-14 08:12:00,2018-12-14 09:37:00,2018-12-14 09:36:00,True,1,1,1240.59,1239.35,1.240000000000009,59.52000000000044,49.43999999999869,move_q25
825,T2/S04,long,2018-12-17 19:00:00,2018-12-17 19:11:00,2018-12-17 19:19:00,True,1,1,1242.96,1243.52,0.5599999999999454,26.879999999997377,25.919999999998254,move_q25
826,T2/S04,long,2018-12-17 19:15:00,2018-12-17 19:24:00,2018-12-17 19:23:00,True,1,1,1243.28,1243.92,0.6400000000001,30.7200000000048,30.240000000005235,move_q25
827,T2/S04,long,2018-12-17 19:30:00,2018-12-17 19:35:00,2018-12-17 19:34:00,True,1,1,1244.11,1245.01,0.900000000000091,43.200000000004366,43.200000000004366,move_q25
828,T2/S04,long,2018-12-17 19:45:00,2018-12-17 19:57:00,2018-12-17 19:53:00,True,1,1,1245.49,1245.99,0.5,24.0,36.47999999999956,move_q25
495,T2/S03,long,2018-12-17 22:00:00,2018-12-17 22:23:00,2018-12-17 22:22:00,True,1,1,1245.78,1246.41,0.6300000000001091,30.240000000005235,28.31999999999607,move_q25
496,T2/S03,long,2018-12-17 22:30:00,2018-12-18 03:33:00,2018-12-18 03:32:00,True,1,1,1246.38,1246.95,0.5699999999999363,27.359999999996944,27.359999999996944,move_q25
1257,T4/S08,long,2018-12-18 06:00:00,2018-12-18 10:15:00,2018-12-18 09:56:00,True,3,3,1245.9973555677057,1247.65,1.6526444322944371,4534.030000000205,256.7599999999893,move_q25
1525,T6/S12,short,2018-12-18 09:00:00,2018-12-19 21:01:00,2018-12-18 14:50:00,True,3,6,1248.6864159972656,1247.6,1.0864159972657035,6356.620000000985,597.8000000000245,move_q25
1326,T5/S09,long,2018-12-20 11:36:00,2018-12-20 11:49:00,2018-12-20 11:48:00,True,1,1,1253.25,1255.67,2.4200000000000728,121.00000000000364,123.50000000000136,move_q25
1327,T5/S09,long,2018-12-20 12:00:00,2018-12-20 16:13:00,2018-12-20 16:12:00,True,1,1,1257.13,1259.77,2.6399999999998727,134.6399999999935,134.6399999999935,move_q25
66,T1/S01,long,2018-12-28 23:48:00,2018-12-31 09:04:00,2018-12-31 02:12:00,True,2,3,1279.434682793245,1279.99,0.5553172067550349,1216.6999999998202,91.29000000000974,move_q25
1328,T5/S09,long,2018-12-31 10:24:00,2018-12-31 13:25:00,2018-12-31 14:56:00,True,1,1,1281.8,1283.93,2.130000000000109,108.63000000000558,104.54999999999768,move_q25
497,T2/S03,long,2019-01-03 22:00:00,2019-01-03 23:00:00,2019-01-03 22:59:00,True,1,1,1293.58,1295.01,1.4300000000000637,72.93000000000325,66.30000000000928,move_q25
67,T1/S01,long,2019-01-03 22:30:00,2019-01-03 23:00:00,2019-01-03 22:41:00,True,2,1,1292.4242172523961,1293.09,0.665782747603771,1458.7299999996117,52.02000000001067,move_q25
68,T1/S01,long,2019-01-03 23:06:00,2019-01-04 01:59:00,2019-01-04 01:33:00,True,2,1,1293.134682793245,1293.75,0.6153172067549804,1348.1600000001988,28.560000000008813,move_q25
829,T2/S04,long,2019-01-09 19:00:00,2019-01-09 19:50:00,2019-01-09 19:42:00,True,1,1,1288.7,1289.2,0.5,25.5,31.109999999994898,move_q25
69,T1/S01,long,2019-01-09 23:36:00,2019-01-10 04:05:00,2019-01-10 02:20:00,True,2,2,1292.065583941606,1292.63,0.5644160583940447,1237.200000000299,69.16000000000804,move_q25
1176,T3/S06,short,2019-01-10 23:00:00,2019-01-11 16:18:00,2019-01-11 16:07:00,True,3,3,1291.8210409878236,1290.64,1.1810409878235077,6886.649999999374,115.96000000000095,move_q25
830,T2/S04,long,2019-01-16 19:00:00,2019-01-17 03:18:00,2019-01-16 20:58:00,True,2,2,1292.8760513326752,1293.39,0.5139486673249394,2082.5200000007635,61.35999999999149,move_q25
1177,T3/S06,short,2019-01-18 23:10:00,2019-01-21 10:47:00,2019-01-21 10:44:00,True,1,1,1280.88,1280.14,0.7400000000000091,38.48000000000047,27.560000000010405,move_q25
1329,T5/S09,long,2019-01-22 12:36:00,2019-01-22 20:02:00,2019-01-23 17:32:00,True,2,2,1278.9456213017752,1280.83,1.8843786982247366,4139.97999999996,238.67999999999577,move_q25
831,T2/S04,long,2019-01-25 19:00:00,2019-01-25 19:23:00,2019-01-25 19:08:00,True,2,2,1297.3248457932395,1297.86,0.5351542067603532,2168.979999999774,56.71000000000868,move_q25
832,T2/S04,long,2019-01-25 19:30:00,2019-01-25 20:24:00,2019-01-25 20:23:00,True,1,1,1297.9,1298.47,0.5699999999999363,30.20999999999663,31.26999999999566,move_q25
498,T2/S03,long,2019-01-25 22:00:00,2019-01-25 22:59:00,2019-01-25 22:58:00,True,1,1,1298.74,1299.39,0.650000000000091,34.45000000000482,34.45000000000482,move_q25
70,T1/S01,long,2019-01-25 23:18:00,2019-01-28 03:05:00,2019-01-28 02:43:00,True,3,3,1300.6303485424587,1301.2,0.5696514575413403,2696.7300000004434,127.73000000000434,move_q25
499,T2/S03,long,2019-01-28 22:45:00,2019-01-28 23:00:00,2019-01-28 22:59:00,True,1,1,1303.4,1303.96,0.5599999999999454,30.239999999997053,35.63999999999214,move_q25
71,T1/S01,long,2019-01-30 22:00:00,2019-01-30 22:08:00,2019-01-30 22:07:00,True,1,1,1320.04,1320.63,0.5900000000001455,31.860000000007858,31.860000000007858,move_q25
500,T2/S03,long,2019-01-30 22:00:00,2019-01-30 22:08:00,2019-01-30 22:07:00,True,1,1,1320.04,1320.63,0.5900000000001455,31.860000000007858,31.860000000007858,move_q25
72,T1/S01,long,2019-01-30 22:12:00,2019-01-30 22:17:00,2019-01-30 22:23:00,True,1,1,1318.67,1319.29,0.6199999999998909,33.47999999999411,-4.320000000008349,move_q25
501,T2/S03,long,2019-01-30 22:15:00,2019-01-30 22:24:00,2019-01-30 22:16:00,True,1,1,1317.83,1318.61,0.7799999999999727,42.119999999998534,76.68000000000393,move_q25
73,T1/S01,long,2019-01-30 22:36:00,2019-01-30 22:41:00,2019-01-30 22:40:00,True,1,1,1318.88,1319.55,0.6699999999998454,36.17999999999165,36.17999999999165,move_q25
74,T1/S01,long,2019-01-30 22:42:00,2019-01-30 23:31:00,2019-01-30 22:59:00,True,2,2,1318.2096262534185,1318.86,0.6503737465814083,1426.9199999996263,93.42000000000098,move_q25
502,T2/S03,long,2019-01-30 22:45:00,2019-01-30 23:31:00,2019-01-31 01:01:00,True,1,1,1319.35,1319.97,0.6200000000001182,33.480000000006385,10.260000000002947,move_q25
75,T1/S01,long,2019-02-05 23:18:00,2019-02-06 04:29:00,2019-02-06 04:24:00,True,2,2,1313.7291340018232,1314.35,0.6208659981766687,1362.1799999996852,120.96000000001278,move_q25
1178,T3/S06,short,2019-02-06 23:00:00,2019-02-06 23:52:00,2019-02-06 23:51:00,True,1,1,1306.6,1305.63,0.9699999999997999,53.349999999988995,40.7000000000005,move_q25
1330,T5/S09,long,2019-02-07 13:48:00,2019-02-07 14:53:00,2019-02-07 14:52:00,True,1,1,1306.77,1308.91,2.1400000000001,117.70000000000552,117.70000000000552,move_q25
76,T1/S01,long,2019-02-15 22:00:00,2019-02-15 22:58:00,2019-02-18 02:31:00,True,1,1,1321.54,1322.13,0.5900000000001455,32.450000000008004,30.799999999997002,move_q25
1331,T5/S09,long,2019-02-19 12:36:00,2019-02-19 15:10:00,2019-02-19 15:10:00,True,1,1,1329.37,1331.74,2.3700000000001182,130.3500000000065,113.3000000000095,move_q25
833,T2/S04,long,2019-02-19 19:00:00,2019-02-19 19:10:00,2019-02-19 19:08:00,True,1,1,1337.72,1338.21,0.4900000000000091,26.9500000000005,51.1500000000035,move_q25
834,T2/S04,long,2019-02-19 19:15:00,2019-02-19 19:26:00,2019-02-19 19:18:00,True,1,1,1338.39,1338.85,0.459999999999809,25.759999999989308,43.67999999999847,move_q25
835,T2/S04,long,2019-02-19 19:30:00,2019-02-19 19:32:00,2019-02-19 19:31:00,True,1,1,1339.67,1340.24,0.5699999999999363,31.919999999996442,31.919999999996442,move_q25
836,T2/S04,long,2019-02-19 19:45:00,2019-02-19 20:02:00,2019-02-19 20:01:00,True,1,1,1340.32,1340.91,0.5900000000001455,33.04000000000815,33.04000000000815,move_q25
503,T2/S03,long,2019-02-19 22:00:00,2019-02-19 22:12:00,2019-02-19 22:10:00,True,1,1,1340.06,1340.55,0.4900000000000091,27.440000000000513,33.04000000000815,move_q25
504,T2/S03,long,2019-02-19 22:15:00,2019-02-20 03:01:00,2019-02-19 22:42:00,True,2,2,1339.379781576448,1339.9,0.5202184235520235,1643.3700000005713,84.5599999999995,move_q25
1179,T3/S06,short,2019-02-21 23:00:00,2019-02-21 23:07:00,2019-02-21 23:02:00,True,1,1,1323.53,1322.78,0.75,42.00000000000001,34.71999999999389,move_q25
1180,T3/S06,short,2019-02-21 23:10:00,2019-02-22 11:45:00,2019-02-22 02:27:00,True,2,2,1325.8774710596617,1324.83,1.0474710596618024,2352.6200000002477,107.52000000000407,move_q25
837,T2/S04,long,2019-02-22 19:00:00,2019-02-22 19:01:00,2019-02-22 19:00:00,True,1,1,1330.85,1331.98,1.1300000000001091,63.28000000000612,63.28000000000612,move_q25
838,T2/S04,long,2019-02-22 19:15:00,2019-02-22 19:49:00,2019-02-22 19:48:00,True,1,1,1331.86,1332.33,0.4700000000000273,26.32000000000153,28.55999999999949,move_q25
1526,T6/S12,short,2019-03-01 09:12:00,2019-03-01 10:06:00,2019-03-01 10:02:00,True,1,1,1309.59,1308.39,1.199999999999818,67.19999999998983,62.15999999999441,move_q25
1181,T3/S06,short,2019-03-01 23:00:00,2019-03-04 09:31:00,2019-03-04 07:54:00,True,3,3,1295.3196023993146,1294.44,0.8796023993145354,5132.479999999652,106.39999999997966,move_q25
77,T1/S01,long,2019-03-05 22:00:00,2019-03-05 22:18:00,2019-03-05 22:17:00,True,1,1,1286.91,1287.59,0.6799999999998363,38.07999999999084,35.83999999999287,move_q25
78,T1/S01,long,2019-03-05 22:24:00,2019-03-06 02:11:00,2019-03-06 02:04:00,True,1,1,1288.13,1288.77,0.6399999999998727,35.83999999999287,45.91999999999644,move_q25
1527,T6/S12,short,2019-03-07 08:00:00,2019-03-07 10:01:00,2019-03-07 10:00:00,True,1,1,1284.33,1282.87,1.4600000000000364,81.76000000000204,64.95999999999185,move_q25
1332,T5/S09,long,2019-03-08 10:00:00,2019-03-08 15:31:00,2019-03-08 15:30:00,True,1,1,1293.97,1298.15,4.180000000000064,234.08000000000357,232.3999999999924,move_q25
79,T1/S01,long,2019-03-12 22:00:00,2019-03-13 02:27:00,2019-03-13 02:26:00,True,1,1,1301.84,1302.96,1.1200000000001182,63.84000000000674,63.84000000000674,move_q25
1528,T6/S12,short,2019-03-26 08:00:00,2019-03-26 09:21:00,2019-03-26 09:20:00,True,1,1,1317.97,1316.61,1.3600000000001273,77.52000000000724,63.84000000000674,move_q25
80,T1/S01,long,2019-04-04 22:00:00,2019-04-04 22:24:00,2019-04-04 22:28:00,True,1,1,1292.59,1293.93,1.3400000000001455,77.72000000000844,31.320000000011078,move_q25
505,T2/S03,long,2019-04-04 22:15:00,2019-04-05 16:01:00,2019-04-04 22:28:00,True,1,7,1292.91,1293.93,1.0199999999999818,59.15999999999894,294.6399999999561,move_q25
81,T1/S01,long,2019-04-04 22:30:00,2019-04-05 16:01:00,2019-04-05 01:36:00,True,2,6,1292.9293175614196,1293.53,0.6006824385804066,1320.2999999997196,386.27999999996507,move_q25
1182,T3/S06,short,2019-04-11 23:00:00,2019-04-12 15:33:00,2019-04-12 13:11:00,True,2,2,1294.8910884051534,1294.04,0.8510884051534049,1915.8000000000968,165.30999999998835,move_q25
82,T1/S01,long,2019-04-18 23:18:00,2019-04-22 02:53:00,2019-04-22 01:24:00,True,1,1,1275.51,1276.11,0.599999999999909,36.59999999999445,89.67000000000166,move_q25
1529,T6/S12,short,2019-04-23 09:24:00,2019-04-23 14:07:00,2019-04-23 13:01:00,True,2,2,1274.2598175965663,1273.12,1.139817596566445,2124.620000000074,132.05999999999267,move_q25
83,T1/S01,long,2019-04-29 22:48:00,2019-04-30 03:17:00,2019-04-30 03:16:00,True,1,1,1280.46,1281.03,0.5699999999999363,35.33999999999605,35.33999999999605,move_q25
506,T2/S03,long,2019-05-07 22:00:00,2019-05-08 03:56:00,2019-05-08 03:55:00,True,1,1,1285.27,1285.83,0.5599999999999454,34.71999999999662,34.71999999999662,move_q25
839,T2/S04,long,2019-05-13 19:00:00,2019-05-13 19:08:00,2019-05-13 19:07:00,True,1,1,1298.05,1298.63,0.5800000000001546,35.960000000009586,35.960000000009586,move_q25
840,T2/S04,long,2019-05-13 19:15:00,2019-05-13 19:51:00,2019-05-13 19:50:00,True,1,1,1299.95,1300.53,0.5799999999999272,35.95999999999549,34.71999999999662,move_q25
507,T2/S03,long,2019-05-13 22:00:00,2019-05-14 01:05:00,2019-05-14 01:05:00,True,1,1,1299.79,1300.31,0.5199999999999818,32.23999999999887,49.59999999999718,move_q25
84,T1/S01,long,2019-05-14 22:48:00,2019-05-15 02:57:00,2019-05-15 03:02:00,True,1,1,1296.76,1297.39,0.6300000000001091,39.06000000000677,33.479999999997744,move_q25
841,T2/S04,long,2019-05-23 19:00:00,2019-05-24 19:39:00,2019-05-23 21:19:00,True,2,4,1284.6572901796703,1285.15,0.4927098203297646,2001.8799999999267,182.06999999999198,move_q25
85,T1/S01,long,2019-05-24 23:06:00,2019-05-27 04:15:00,2019-05-27 04:14:00,True,1,1,1285.16,1285.73,0.5699999999999363,35.90999999999599,35.90999999999599,move_q25
86,T1/S01,long,2019-05-28 23:30:00,2019-05-29 03:13:00,2019-05-29 03:12:00,True,1,1,1279.8,1281.12,1.3199999999999363,84.47999999999593,84.47999999999593,move_q25
842,T2/S04,long,2019-05-30 19:00:00,2019-05-30 20:36:00,2019-05-30 20:30:00,True,1,1,1287.45,1287.9,0.4500000000000455,28.80000000000291,35.19999999999709,move_q25
508,T2/S03,long,2019-05-30 22:00:00,2019-05-30 22:07:00,2019-05-30 22:06:00,True,1,1,1288.27,1288.79,0.5199999999999818,33.279999999998836,33.279999999998836,move_q25
509,T2/S03,long,2019-05-30 22:15:00,2019-05-30 23:00:00,2019-05-30 22:59:00,True,1,1,1288.3,1288.91,0.6100000000001273,39.04000000000815,39.04000000000815,move_q25
1258,T4/S08,long,2019-05-31 08:00:00,2019-05-31 09:59:00,2019-05-31 09:45:00,True,1,1,1292.7,1294.16,1.4600000000000364,93.44000000000233,104.31999999999245,move_q25
1259,T4/S08,long,2019-05-31 10:00:00,2019-05-31 12:27:00,2019-05-31 12:26:00,True,1,1,1294.61,1296.17,1.5600000000001728,99.84000000001106,99.84000000001106,move_q25
87,T1/S01,long,2019-05-31 22:06:00,2019-06-03 01:14:00,2019-06-03 01:05:00,True,2,1,1305.1629764065333,1306.64,1.4770235934668108,3255.36000000046,35.84000000001106,move_q25
510,T2/S03,long,2019-05-31 22:15:00,2019-06-03 01:14:00,2019-05-31 22:41:00,True,1,2,1306.04,1306.62,0.5799999999999272,37.11999999999534,195.84000000001106,move_q25
88,T1/S01,long,2019-06-03 22:00:00,2019-06-03 22:13:00,2019-06-03 22:12:00,True,1,1,1326.39,1327.92,1.5299999999999727,99.44999999999823,96.1999999999864,move_q25
511,T2/S03,long,2019-06-03 22:15:00,2019-06-04 04:28:00,2019-06-04 03:20:00,True,2,2,1325.9734438131313,1326.57,0.5965561868686109,1889.8899999996333,55.25000000000887,move_q25
89,T1/S01,long,2019-06-03 22:18:00,2019-06-04 04:28:00,2019-06-04 03:20:00,True,2,2,1325.986575963719,1326.57,0.5834240362810306,1286.4499999997438,79.30000000000177,move_q25
90,T1/S01,long,2019-06-04 22:00:00,2019-06-04 22:34:00,2019-06-04 22:33:00,True,1,1,1326.26,1327.29,1.0299999999999727,67.9799999999982,68.6399999999976,move_q25
512,T2/S03,long,2019-06-04 22:00:00,2019-06-04 22:34:00,2019-06-04 22:33:00,True,1,1,1326.26,1327.29,1.0299999999999727,67.9799999999982,68.6399999999976,move_q25
91,T1/S01,long,2019-06-04 22:36:00,2019-06-05 03:07:00,2019-06-04 22:39:00,True,1,3,1327.6,1328.27,0.6700000000000728,44.2200000000048,53.4599999999964,move_q25
513,T2/S03,long,2019-06-04 22:45:00,2019-06-05 03:07:00,2019-06-04 23:42:00,True,2,2,1325.4964468286526,1326.17,0.6735531713475211,2134.4900000001157,190.7399999999916,move_q25
1333,T5/S09,long,2019-06-05 10:00:00,2019-06-05 12:24:00,2019-06-05 12:23:00,True,1,1,1333.68,1336.2,2.519999999999982,168.83999999999878,160.79999999999086,move_q25
843,T2/S04,long,2019-06-11 19:45:00,2019-06-12 04:21:00,2019-06-12 03:52:00,True,2,2,1326.3091590853207,1326.81,0.5008409146792019,2036.9199999998903,91.1199999999933,move_q25
514,T2/S03,long,2019-06-11 22:00:00,2019-06-12 04:21:00,2019-06-12 04:22:00,True,1,1,1327.59,1328.15,0.5600000000001728,37.52000000001158,12.730000000003658,move_q25
515,T2/S03,long,2019-06-13 22:30:00,2019-06-13 22:48:00,2019-06-13 22:47:00,True,1,1,1340.64,1341.17,0.5299999999999727,35.50999999999818,35.50999999999818,move_q25
844,T2/S04,long,2019-06-19 19:45:00,2019-06-19 21:01:00,2019-06-19 21:00:00,True,1,1,1346.22,1348.8,2.5799999999999272,172.85999999999513,172.85999999999513,move_q25
516,T2/S03,long,2019-06-19 22:00:00,2019-06-19 22:20:00,2019-06-19 22:19:00,True,1,1,1352.57,1353.56,0.9900000000000091,67.32000000000062,73.44000000001051,move_q25
517,T2/S03,long,2019-06-19 22:30:00,2019-06-19 22:57:00,2019-06-19 22:38:00,True,1,2,1351.86,1352.74,0.8800000000001091,59.84000000000742,297.16000000000804,move_q25
92,T1/S01,long,2019-06-19 23:12:00,2019-06-19 23:17:00,2019-06-19 23:16:00,True,1,1,1358.21,1358.79,0.5799999999999272,40.01999999999498,40.01999999999498,move_q25
93,T1/S01,long,2019-06-19 23:18:00,2019-06-20 03:24:00,2019-06-19 23:41:00,True,2,3,1360.3777863286555,1360.89,0.5122136713446253,1131.4800000003522,113.8499999999749,move_q25
1260,T4/S08,long,2019-06-20 06:00:00,2019-06-20 06:19:00,2019-06-20 06:15:00,True,1,1,1379.86,1381.26,1.400000000000091,96.60000000000628,129.03000000000816,move_q25
1261,T4/S08,long,2019-06-20 06:20:00,2019-06-20 08:47:00,2019-06-20 08:29:00,True,3,3,1379.049475303058,1380.54,1.490524696941975,4119.064999999936,324.9899999999868,move_q25
1262,T4/S08,long,2019-06-20 08:50:00,2019-06-20 09:05:00,2019-06-20 09:03:00,True,1,1,1382.03,1383.43,1.400000000000091,98.00000000000637,122.49999999999999,move_q25
1263,T4/S08,long,2019-06-20 09:10:00,2019-06-20 09:21:00,2019-06-20 09:13:00,True,1,1,1384.45,1385.85,1.3999999999998636,97.99999999999044,135.10000000000443,move_q25
1264,T4/S08,long,2019-06-20 09:25:00,2019-06-20 15:20:00,2019-06-20 10:53:00,True,4,5,1381.4705820324616,1382.96,1.4894179675384294,7203.570000000661,958.299999999972,move_q25
845,T2/S04,long,2019-06-20 19:30:00,2019-06-20 19:45:00,2019-06-20 19:44:00,True,1,1,1385.71,1386.35,0.6399999999998727,46.079999999990825,46.079999999990825,move_q25
518,T2/S03,long,2019-06-20 22:00:00,2019-06-21 01:42:00,2019-06-20 22:57:00,True,2,3,1388.7474173228347,1389.3,0.5525826771652191,1754.44999999975,118.0799999999908,move_q25
94,T1/S01,long,2019-06-21 22:24:00,2019-06-21 22:26:00,2019-06-21 22:26:00,True,1,1,1399.3,1399.93,0.6300000000001091,45.99000000000796,40.14999999999668,move_q25
95,T1/S01,long,2019-06-24 22:00:00,2019-06-24 22:47:00,2019-06-24 22:34:00,True,2,2,1417.9004699502937,1418.42,0.5195300497064181,1149.7200000003477,93.4399999999814,move_q25
519,T2/S03,long,2019-06-24 22:00:00,2019-06-24 22:47:00,2019-06-24 22:26:00,True,2,2,1417.3087279596978,1417.91,0.6012720403023195,1909.6400000002805,93.4399999999814,move_q25
96,T1/S01,long,2019-06-24 23:00:00,2019-06-24 23:12:00,2019-06-24 23:11:00,True,1,1,1419.1600000000003,1419.83,0.669999999999618,48.90999999998871,48.90999999998871,move_q25
97,T1/S01,long,2019-06-24 23:18:00,2019-06-24 23:32:00,2019-06-24 23:31:00,True,1,1,1419.51,1420.91,1.400000000000091,102.20000000000664,104.39000000000465,move_q25
1265,T4/S08,long,2019-06-25 08:00:00,2019-06-25 09:56:00,2019-06-25 09:06:00,True,6,6,1426.1962117626813,1427.66,1.463788237318795,17011.415000001696,687.4599999999973,move_q25
520,T2/S03,long,2019-06-27 22:30:00,2019-06-27 23:53:00,2019-06-27 23:52:00,True,1,1,1408.45,1408.94,0.4900000000000091,36.75000000000068,38.24999999999932,move_q25
98,T1/S01,long,2019-06-27 22:54:00,2019-06-27 23:54:00,2019-06-27 23:54:00,True,1,1,1408.5,1409.1,0.599999999999909,44.99999999999318,38.24999999999932,move_q25
1530,T6/S12,short,2019-07-01 09:24:00,2019-07-01 09:57:00,2019-07-01 09:56:00,True,1,1,1385.36,1383.46,1.8999999999998636,142.49999999998977,128.999999999985,move_q25
846,T2/S04,long,2019-07-02 19:00:00,2019-07-02 19:03:00,2019-07-02 19:00:00,True,1,1,1403.6500000000003,1404.18,0.5299999999997453,39.749999999997954,80.24999999999523,move_q25
847,T2/S04,long,2019-07-02 19:15:00,2019-07-02 19:16:00,2019-07-02 19:15:00,True,1,1,1403.84,1404.64,0.8000000000001819,60.800000000013824,60.800000000013824,move_q25
848,T2/S04,long,2019-07-02 19:30:00,2019-07-02 19:42:00,2019-07-02 19:39:00,True,2,2,1403.9930716388617,1404.55,0.5569283611382616,2270.0399999996334,92.72000000000207,move_q25
849,T2/S04,long,2019-07-02 19:45:00,2019-07-02 19:47:00,2019-07-02 19:46:00,True,1,1,1406.58,1407.68,1.1000000000001364,83.60000000001037,83.60000000001037,move_q25
521,T2/S03,long,2019-07-02 22:00:00,2019-07-02 22:03:00,2019-07-02 22:02:00,True,1,1,1408.73,1409.66,0.9300000000000637,70.68000000000484,71.44000000000415,move_q25
99,T1/S01,long,2019-07-02 22:00:00,2019-07-02 22:03:00,2019-07-02 22:02:00,True,1,1,1408.73,1409.66,0.9300000000000637,70.68000000000484,71.44000000000415,move_q25
100,T1/S01,long,2019-07-02 22:06:00,2019-07-02 22:07:00,2019-07-02 22:06:00,True,1,1,1414.45,1415.02,0.5699999999999363,43.31999999999516,43.31999999999516,move_q25
101,T1/S01,long,2019-07-02 22:12:00,2019-07-02 22:15:00,2019-07-02 22:14:00,True,1,1,1413.44,1414.27,0.8299999999999272,63.07999999999447,60.799999999996544,move_q25
522,T2/S03,long,2019-07-02 22:15:00,2019-07-02 22:17:00,2019-07-02 22:16:00,True,1,1,1414.45,1415.24,0.7899999999999636,60.03999999999724,60.03999999999724,move_q25
102,T1/S01,long,2019-07-02 22:18:00,2019-07-02 22:35:00,2019-07-02 22:39:00,True,2,2,1413.4010554803788,1414.04,0.6389445196211909,1416.5400000001189,27.719999999992297,move_q25
523,T2/S03,long,2019-07-02 22:30:00,2019-07-02 22:43:00,2019-07-02 22:34:00,True,1,1,1412.94,1413.56,0.6199999999998909,47.739999999991596,124.7399999999916,move_q25
524,T2/S03,long,2019-07-02 22:45:00,2019-07-02 22:59:00,2019-07-02 23:30:00,True,1,1,1413.9399999999998,1414.54,0.6000000000001364,46.199999999993,-6.160000000011905,move_q25
103,T1/S01,long,2019-07-02 22:48:00,2019-07-02 23:19:00,2019-07-02 22:58:00,True,1,3,1413.17,1413.86,0.6899999999998272,53.1299999999867,314.1600000000119,move_q25
104,T1/S01,long,2019-07-02 23:36:00,2019-07-03 01:05:00,2019-07-02 23:44:00,True,2,2,1418.5055635707845,1419.38,0.8744364292156206,1939.5000000001469,651.3000000000106,move_q25
1531,T6/S12,short,2019-07-04 09:24:00,2019-07-04 10:54:00,2019-07-04 10:53:00,True,1,1,1413.5299999999997,1412.29,1.2399999999997817,97.96000000000072,82.94999999999642,move_q25
105,T1/S01,long,2019-07-05 22:18:00,2019-07-05 22:21:00,2019-07-05 22:20:00,True,1,1,1400.29,1400.86,0.5699999999999363,45.02999999999497,41.869999999997844,move_q25
106,T1/S01,long,2019-07-05 22:24:00,2019-07-08 03:30:00,2019-07-05 22:28:00,True,1,6,1401.02,1401.65,0.6300000000001091,49.77000000000862,246.47999999997347,move_q25
1334,T5/S09,long,2019-07-08 10:00:00,2019-07-08 10:14:00,2019-07-08 10:14:00,True,1,1,1405.3100000000002,1407.48,2.1699999999998454,175.77000000000592,167.67000000001326,move_q25
1335,T5/S09,long,2019-07-08 10:24:00,2019-07-10 15:32:00,2019-07-09 18:00:00,True,4,4,1394.3487854488558,1396.84,2.4912145511441395,25475.159999999214,1146.960000000025,move_q25
850,T2/S04,long,2019-07-10 19:30:00,2019-07-10 19:55:00,2019-07-10 19:54:00,True,1,1,1410.82,1411.58,0.7599999999999909,63.07999999999924,64.73999999999774,move_q25
107,T1/S01,long,2019-07-10 22:18:00,2019-07-10 22:23:00,2019-07-10 22:22:00,True,1,1,1416.4600000000003,1417.03,0.569999999999709,47.30999999999471,47.30999999999471,move_q25
108,T1/S01,long,2019-07-10 22:24:00,2019-07-10 22:31:00,2019-07-10 22:30:00,True,1,1,1417.1100000000001,1418.02,0.9099999999998545,76.44000000000688,68.04000000001452,move_q25
109,T1/S01,long,2019-07-10 22:36:00,2019-07-10 22:51:00,2019-07-11 01:05:00,True,1,1,1417.6300000000003,1419.53,1.8999999999996362,159.59999999998854,44.51999999999771,move_q25
525,T2/S03,long,2019-07-10 22:45:00,2019-07-10 22:59:00,2019-07-11 01:05:00,True,1,1,1418.07,1419.53,1.4600000000000364,122.64000000000306,7.560000000012224,move_q25
110,T1/S01,long,2019-07-10 22:54:00,2019-07-11 01:05:00,2019-07-10 22:58:00,True,1,2,1417.18,1418.09,0.9099999999998545,76.43999999998778,333.4799999999832,move_q25
1532,T6/S12,short,2019-07-11 09:36:00,2019-07-11 10:41:00,2019-07-11 10:25:00,True,2,2,1422.260922587487,1421.15,1.1109225874868116,2095.199999999657,184.79999999998472,move_q25
1183,T3/S06,short,2019-07-11 23:30:00,2019-07-11 23:33:00,2019-07-11 23:32:00,True,1,1,1405.39,1401.62,3.770000000000209,320.4500000000178,300.050000000017,move_q25
1184,T3/S06,short,2019-07-11 23:40:00,2019-07-12 02:41:00,2019-07-12 06:50:00,True,3,2,1408.254360504775,1407.43,0.8243605047748588,4834.049999999812,163.20000000000618,move_q25
526,T2/S03,long,2019-07-12 22:00:00,2019-07-15 01:05:00,2019-07-12 22:24:00,True,2,2,1415.0788115396676,1415.83,0.7511884603322869,2395.53999999986,318.2000000000039,move_q25
111,T1/S01,long,2019-07-12 22:00:00,2019-07-15 01:05:00,2019-07-15 01:05:00,True,2,2,1415.3979514824798,1416.45,1.0520485175202339,2341.8600000002834,90.29999999999607,move_q25
112,T1/S01,long,2019-07-15 23:30:00,2019-07-16 01:08:00,2019-07-16 01:05:00,True,2,2,1414.1883827493261,1415.0,0.8116172506738621,1806.660000000225,144.48000000000548,move_q25
851,T2/S04,long,2019-07-17 19:00:00,2019-07-17 21:00:00,2019-07-17 19:34:00,True,2,2,1422.0591680939565,1422.59,0.5308319060434314,2169.509999999747,148.76999999998338,move_q25
527,T2/S03,long,2019-07-17 22:00:00,2019-07-17 22:02:00,2019-07-17 22:00:00,True,1,1,1422.3699999999997,1422.9,0.5300000000004275,46.11000000001741,56.55000000000791,move_q25
528,T2/S03,long,2019-07-17 22:15:00,2019-07-17 22:31:00,2019-07-17 22:30:00,True,1,1,1423.73,1424.36,0.6299999999998818,54.809999999989714,54.809999999989714,move_q25
529,T2/S03,long,2019-07-17 22:45:00,2019-07-18 01:08:00,2019-07-18 01:07:00,True,1,1,1426.22,1426.87,0.6499999999998636,56.54999999998813,56.54999999998813,move_q25
113,T1/S01,long,2019-07-17 23:36:00,2019-07-18 01:08:00,2019-07-18 01:07:00,True,1,1,1426.06,1426.87,0.8099999999999454,70.46999999999525,70.46999999999525,move_q25
530,T2/S03,long,2019-07-18 22:00:00,2019-07-18 22:05:00,2019-07-18 22:04:00,True,1,1,1437.85,1438.47,0.6200000000001182,54.5600000000104,54.5600000000104,move_q25
114,T1/S01,long,2019-07-18 22:00:00,2019-07-18 22:05:00,2019-07-18 22:04:00,True,1,1,1437.85,1438.47,0.6200000000001182,54.5600000000104,54.5600000000104,move_q25
115,T1/S01,long,2019-07-18 22:06:00,2019-07-18 22:09:00,2019-07-18 22:08:00,True,1,1,1438.65,1443.2,4.5499999999999545,400.39999999999594,400.39999999999594,move_q25
116,T1/S01,long,2019-07-18 22:12:00,2019-07-18 22:16:00,2019-07-18 22:14:00,True,1,1,1441.8,1442.38,0.5800000000001546,52.200000000013915,112.5,move_q25
531,T2/S03,long,2019-07-18 22:15:00,2019-07-18 22:17:00,2019-07-18 22:15:00,True,1,1,1442.47,1443.05,0.5799999999999272,52.19999999999345,189.899999999991,move_q25
117,T1/S01,long,2019-07-18 22:18:00,2019-07-18 22:46:00,2019-07-18 22:24:00,True,2,2,1443.98134529148,1445.52,1.5386547085199709,3431.1999999997984,164.69999999999345,move_q25
532,T2/S03,long,2019-07-18 22:30:00,2019-07-18 22:46:00,2019-07-18 22:41:00,True,2,2,1443.6570717193863,1444.28,0.622928280613678,1989.0100000002258,327.600000000009,move_q25
118,T1/S01,long,2019-07-18 22:48:00,2019-07-18 22:50:00,2019-07-18 22:49:00,True,1,1,1446.84,1447.8,0.9600000000000364,87.36000000000331,87.36000000000331,move_q25
119,T1/S01,long,2019-07-18 22:54:00,2019-07-19 01:05:00,2019-07-18 23:35:00,True,1,2,1445.96,1446.56,0.599999999999909,54.599999999991724,543.3600000000058,move_q25
1533,T6/S12,short,2019-07-23 08:00:00,2019-07-23 08:32:00,2019-07-23 08:31:00,True,1,1,1416.72,1415.04,1.6800000000000637,156.24000000000592,143.21999999999662,move_q25
1534,T6/S12,short,2019-07-23 08:36:00,2019-07-23 18:34:00,2019-07-23 11:43:00,True,3,7,1418.1402510602204,1417.12,1.0202510602205166,6014.380000000297,880.7100000000028,move_q25
120,T1/S01,long,2019-07-29 22:00:00,2019-07-29 22:01:00,2019-07-29 22:00:00,True,1,1,1424.69,1425.49,0.7999999999999545,75.99999999999567,75.99999999999567,move_q25
121,T1/S01,long,2019-07-29 22:06:00,2019-07-29 22:14:00,2019-07-29 22:13:00,True,1,1,1425.7100000000003,1426.46,0.7499999999997726,71.24999999999999,71.24999999999999,move_q25
122,T1/S01,long,2019-07-29 22:18:00,2019-07-30 09:38:00,2019-07-29 23:41:00,True,2,4,1426.2814093959732,1426.82,0.5385906040266946,1203.7499999997704,760.0,move_q25
123,T1/S01,long,2019-07-30 22:00:00,2019-07-31 08:31:00,2019-07-31 08:15:00,True,3,3,1429.4457346169945,1430.18,0.7342653830055497,3508.320000000721,357.92999999998324,move_q25
1185,T3/S06,short,2019-07-31 23:00:00,2019-08-01 02:11:00,2019-08-01 01:22:00,True,2,2,1415.7105157342655,1414.8,0.910515734265573,2083.2599999998743,185.21999999998752,move_q25
1535,T6/S12,short,2019-08-01 09:36:00,2019-08-01 11:00:00,2019-08-01 10:59:00,True,1,1,1406.13,1404.45,1.6800000000000637,164.64000000000624,152.88000000001693,move_q25
533,T2/S03,long,2019-08-01 22:00:00,2019-08-01 22:02:00,2019-08-01 22:01:00,True,1,1,1439.46,1441.82,2.3599999999999,231.2799999999902,231.2799999999902,move_q25
124,T1/S01,long,2019-08-01 22:00:00,2019-08-01 22:02:00,2019-08-01 22:01:00,True,1,1,1439.46,1441.82,2.3599999999999,231.2799999999902,231.2799999999902,move_q25
125,T1/S01,long,2019-08-01 22:06:00,2019-08-01 22:11:00,2019-08-01 22:10:00,True,1,1,1442.1,1442.81,0.7100000000000364,70.2900000000036,72.2700000000018,move_q25
126,T1/S01,long,2019-08-01 22:12:00,2019-08-01 22:16:00,2019-08-01 22:15:00,True,1,1,1443.65,1444.46,0.8099999999999454,80.99999999999454,80.99999999999454,move_q25
534,T2/S03,long,2019-08-01 22:15:00,2019-08-01 22:17:00,2019-08-01 22:16:00,True,1,1,1444.11,1444.73,0.6200000000001182,62.00000000001182,65.0000000000091,move_q25
127,T1/S01,long,2019-08-01 22:18:00,2019-08-01 22:37:00,2019-08-01 22:19:00,True,2,4,1442.966160714286,1443.61,0.6438392857139661,1442.1999999995476,361.00000000001273,move_q25
535,T2/S03,long,2019-08-01 22:30:00,2019-08-01 22:50:00,2019-08-01 22:36:00,True,1,2,1440.38,1440.98,0.599999999999909,59.999999999990905,493.00000000000637,move_q25
128,T1/S01,long,2019-08-05 22:18:00,2019-08-06 01:05:00,2019-08-05 23:25:00,True,5,5,1463.2824117790217,1464.16,0.8775882209783958,10818.03000000089,1438.1999999999443,move_q25
852,T2/S04,long,2019-08-06 19:45:00,2019-08-06 19:48:00,2019-08-06 19:47:00,True,1,1,1470.58,1471.12,0.5399999999999636,56.15999999999622,56.15999999999622,move_q25
853,T2/S04,long,2019-08-07 19:00:00,2019-08-07 19:05:00,2019-08-07 19:17:00,True,1,2,1506.85,1507.72,0.8700000000001182,91.35000000001241,142.80000000001337,move_q25
854,T2/S04,long,2019-08-07 19:15:00,2019-08-07 19:16:00,2019-08-07 19:15:00,True,1,1,1505.94,1506.63,0.6900000000000546,72.45000000000573,74.55000000000382,move_q25
855,T2/S04,long,2019-08-07 19:30:00,2019-08-07 19:36:00,2019-08-07 19:34:00,True,1,1,1508.13,1508.62,0.4899999999997817,51.44999999997708,62.99999999999045,move_q25
856,T2/S04,long,2019-08-07 19:45:00,2019-08-07 20:26:00,2019-08-07 19:54:00,True,2,3,1505.9547624847748,1506.57,0.6152375152250897,2525.5499999994026,383.2499999999857,move_q25
129,T1/S01,long,2019-08-08 22:00:00,2019-08-09 01:05:00,2019-08-09 01:05:00,True,4,4,1502.6757496098905,1506.36,3.684250390109355,30693.489999999263,939.1599999999412,move_q25
536,T2/S03,long,2019-08-08 22:15:00,2019-08-09 01:05:00,2019-08-09 01:05:00,True,3,4,1502.747789065386,1506.36,3.612210934613813,19556.509999999616,1251.859999999946,move_q25
130,T1/S01,long,2019-08-12 22:00:00,2019-08-12 22:14:00,2019-08-12 22:07:00,True,2,2,1509.87,1511.41,1.540000000000191,3465.000000000204,433.400000000006,move_q25
537,T2/S03,long,2019-08-12 22:00:00,2019-08-12 22:14:00,2019-08-12 22:07:00,True,2,2,1509.8370308123249,1511.41,1.5729691876751986,5053.950000000292,502.69999999999305,move_q25
131,T1/S01,long,2019-08-12 22:18:00,2019-08-12 22:24:00,2019-08-12 22:23:00,True,1,4,1512.39,1513.56,1.1699999999998454,2.339999999999693,153.49999999998863,move_q25
538,T2/S03,long,2019-08-12 22:30:00,2019-08-12 22:33:00,2019-08-12 22:32:00,True,1,4,1512.19,1512.97,0.7799999999999727,1.5599999999999468,160.26000000000613,move_q25
132,T1/S01,long,2019-08-12 22:36:00,2019-08-12 22:55:00,2019-08-12 23:15:00,True,2,6,1511.361746031746,1511.91,0.5482539682541301,1174.3600000003894,502.7199999999972,move_q25
1536,T6/S12,short,2019-08-15 09:48:00,2019-08-15 10:49:00,2019-08-15 10:01:00,True,2,2,1513.2761273486428,1512.12,1.15612734864294,2215.140000000366,248.52000000003315,move_q25
539,T2/S03,long,2019-08-15 22:15:00,2019-08-15 22:21:00,2019-08-15 22:18:00,True,1,1,1521.29,1521.8,0.5099999999999909,58.139999999998956,71.82000000001244,move_q25
1537,T6/S12,short,2019-08-16 09:36:00,2019-08-16 09:39:00,2019-08-16 09:38:00,True,1,1,1515.48,1513.86,1.6200000000001182,184.68000000001345,180.11999999999168,move_q25
1538,T6/S12,short,2019-08-16 09:48:00,2019-08-16 10:24:00,2019-08-16 10:23:00,True,1,1,1515.36,1514.15,1.209999999999809,137.93999999997823,117.41999999999689,move_q25
1539,T6/S12,short,2019-08-21 08:00:00,2019-08-21 08:15:00,2019-08-21 08:14:00,True,1,1,1503.18,1501.77,1.4100000000000819,160.74000000000933,141.360000000001,move_q25
1540,T6/S12,short,2019-08-21 08:24:00,2019-08-21 09:44:00,2019-08-21 09:40:00,True,2,2,1504.0773173277662,1502.63,1.4473173277660862,2773.0599999998585,542.639999999999,move_q25
857,T2/S04,long,2019-08-23 19:00:00,2019-08-23 19:53:00,2019-08-23 19:03:00,True,2,3,1525.2862506070908,1526.08,0.7937493929091488,3268.659999999514,243.07999999996673,move_q25
540,T2/S03,long,2019-08-23 22:00:00,2019-08-23 22:01:00,2019-08-23 22:00:00,True,1,1,1527.49,1528.26,0.7699999999999818,90.85999999999785,90.85999999999785,move_q25
133,T1/S01,long,2019-08-23 22:06:00,2019-08-26 01:05:00,2019-08-23 22:31:00,True,1,5,1528.11,1528.84,0.7300000000000182,86.14000000000213,6552.20000000001,move_q25
541,T2/S03,long,2019-08-23 22:15:00,2019-08-26 01:05:00,2019-08-23 23:16:00,True,2,4,1526.3813075684384,1527.06,0.6786924315615579,2107.3399999994917,4447.199999999993,move_q25
858,T2/S04,long,2019-08-27 19:00:00,2019-08-27 19:05:00,2019-08-27 19:04:00,True,1,1,1542.49,1544.1,1.6099999999999,228.6199999999858,228.6199999999858,move_q25
859,T2/S04,long,2019-08-27 19:15:00,2019-08-27 19:22:00,2019-08-27 19:21:00,True,1,1,1543.49,1544.22,0.7300000000000182,103.66000000000257,99.40000000000644,move_q25
860,T2/S04,long,2019-08-27 19:30:00,2019-08-27 19:35:00,2019-08-27 19:34:00,True,1,1,1542.32,1543.5,1.1800000000000637,167.56000000000904,168.98000000000775,move_q25
861,T2/S04,long,2019-08-27 19:45:00,2019-08-27 21:16:00,2019-08-27 21:09:00,True,2,2,1541.363509534154,1542.02,0.6564904658459909,2719.840000000092,165.87999999994668,move_q25
542,T2/S03,long,2019-08-27 22:00:00,2019-08-27 22:21:00,2019-08-27 22:10:00,True,2,2,1537.6059057301295,1538.42,0.8140942698705658,2642.5500000002885,204.48999999997656,move_q25
862,T2/S04,long,2019-09-03 19:00:00,2019-09-03 20:04:00,2019-09-03 20:03:00,True,3,3,1546.1253125383764,1547.72,1.5946874616236073,12985.53999999985,257.400000000026,move_q25
543,T2/S03,long,2019-09-04 22:00:00,2019-09-04 22:47:00,2019-09-04 22:30:00,True,2,2,1552.6862796427472,1553.2,0.5137203572528506,1668.0500000004686,243.3600000000406,move_q25
863,T2/S04,long,2019-09-18 19:00:00,2019-09-18 19:02:00,2019-09-18 19:01:00,True,1,1,1508.02,1508.54,0.5199999999999818,74.87999999999738,74.87999999999738,move_q25
864,T2/S04,long,2019-09-18 19:15:00,2019-09-18 19:37:00,2019-09-18 19:36:00,True,1,1,1508.7199999999998,1509.76,1.040000000000191,150.79999999999472,149.34999999999604,move_q25
865,T2/S04,long,2019-09-18 19:45:00,2019-09-18 20:57:00,2019-09-18 20:24:00,True,2,2,1507.385416164053,1508.24,0.8545838359470963,3542.2500000002847,265.34999999998945,move_q25
134,T1/S01,long,2019-09-20 22:00:00,2019-09-20 22:01:00,2019-09-20 22:00:00,True,1,1,1512.66,1513.43,0.7699999999999818,111.64999999999736,111.64999999999736,move_q25
544,T2/S03,long,2019-09-20 22:00:00,2019-09-20 22:01:00,2019-09-20 22:00:00,True,1,1,1512.66,1513.43,0.7699999999999818,111.64999999999736,111.64999999999736,move_q25
135,T1/S01,long,2019-09-20 22:06:00,2019-09-20 22:19:00,2019-09-20 22:18:00,True,1,2,1513.26,1513.94,0.6800000000000637,0.6800000000000642,99.2800000000093,move_q25
545,T2/S03,long,2019-09-20 22:15:00,2019-09-20 22:19:00,2019-09-20 22:18:00,True,1,2,1512.96,1513.94,0.9800000000000182,0.9800000000000191,314.1799999999789,move_q25
136,T1/S01,long,2019-09-20 22:24:00,2019-09-20 22:29:00,2019-09-20 22:28:00,True,1,2,1514.19,1515.12,0.9299999999998363,0.9299999999998371,135.7799999999761,move_q25
137,T1/S01,long,2019-09-20 22:30:00,2019-09-20 22:46:00,2019-09-20 22:45:00,True,1,1,1515.98,1516.64,0.6600000000000819,97.02000000001203,88.19999999998663,move_q25
546,T2/S03,long,2019-09-20 22:30:00,2019-09-20 22:46:00,2019-09-20 22:45:00,True,1,1,1515.98,1516.64,0.6600000000000819,97.02000000001203,88.19999999998663,move_q25
138,T1/S01,long,2019-09-20 22:48:00,2019-09-23 04:30:00,2019-09-23 01:18:00,True,2,4,1512.981569360112,1513.59,0.6084306398879562,1302.649999999786,392.550000000012,move_q25
1186,T3/S06,short,2019-09-25 23:00:00,2019-09-25 23:52:00,2019-09-25 23:51:00,True,1,1,1504.28,1503.34,0.9400000000000546,140.06000000000813,104.30000000000676,move_q25
1541,T6/S12,short,2019-09-27 09:48:00,2019-09-27 09:54:00,2019-09-27 09:53:00,True,1,1,1498.5199999999998,1496.98,1.5399999999997362,230.99999999999454,203.999999999985,move_q25
866,T2/S04,long,2019-10-01 19:00:00,2019-10-01 19:14:00,2019-10-01 19:05:00,True,2,2,1482.7239759036145,1483.26,0.5360240963855176,2224.4999999996253,197.99999999999045,move_q25
867,T2/S04,long,2019-10-01 19:15:00,2019-10-01 19:16:00,2019-10-01 19:15:00,True,1,1,1484.87,1486.06,1.1900000000000546,178.50000000000819,178.50000000000819,move_q25
868,T2/S04,long,2019-10-01 19:30:00,2019-10-01 22:48:00,2019-10-01 20:05:00,True,3,7,1483.174649736229,1483.86,0.6853502637709425,5586.289999999158,1348.4299999999407,move_q25
547,T2/S03,long,2019-10-01 22:45:00,2019-10-02 10:23:00,2019-10-01 22:47:00,True,1,1,1480.9300000000003,1481.48,0.5499999999997272,83.04999999999313,173.6499999999794,move_q25
869,T2/S04,long,2019-10-02 19:00:00,2019-10-02 19:02:00,2019-10-02 19:01:00,True,1,1,1498.5299999999997,1499.43,0.9000000000003183,138.600000000014,138.600000000014,move_q25
870,T2/S04,long,2019-10-02 19:15:00,2019-10-02 19:56:00,2019-10-02 19:50:00,True,2,2,1498.8297063071739,1499.54,0.7102936928260988,2950.559999999835,220.21999999997482,move_q25
1542,T6/S12,short,2019-10-07 08:24:00,2019-10-07 10:21:00,2019-10-07 10:14:00,True,2,2,1507.2017935615738,1505.99,1.2117935615738133,2371.480000000196,900.550000000062,move_q25
1187,T3/S06,short,2019-10-07 23:00:00,2019-10-07 23:20:00,2019-10-07 23:19:00,True,1,1,1492.8599999999997,1491.91,0.9499999999995907,148.19999999997162,118.55999999999858,move_q25
1188,T3/S06,short,2019-10-07 23:30:00,2019-10-08 03:04:00,2019-10-08 03:03:00,True,1,1,1492.02,1491.27,0.75,117.0,99.83999999998015,move_q25
1336,T5/S09,long,2019-10-08 12:48:00,2019-10-08 13:10:00,2019-10-08 13:09:00,True,1,1,1501.11,1503.5,2.3900000000001,372.8400000000156,383.7600000000057,move_q25
1337,T5/S09,long,2019-10-08 13:12:00,2019-10-08 14:03:00,2019-10-08 14:02:00,True,1,1,1503.05,1505.39,2.3400000000001455,369.720000000023,363.3999999999928,move_q25
139,T1/S01,long,2019-10-08 23:00:00,2019-10-09 01:25:00,2019-10-09 01:24:00,True,1,1,1506.1,1506.75,0.650000000000091,102.70000000001438,94.80000000002156,move_q25
1543,T6/S12,short,2019-10-15 09:48:00,2019-10-15 15:06:00,2019-10-15 14:08:00,True,4,4,1495.0149069518716,1493.85,1.1649069518716715,10891.880000000467,682.5599999999899,move_q25
871,T2/S04,long,2019-10-24 19:00:00,2019-10-24 19:06:00,2019-10-24 19:05:00,True,1,1,1499.9399999999998,1500.89,0.9500000000002728,152.00000000000728,150.40000000000876,move_q25
872,T2/S04,long,2019-10-24 19:15:00,2019-10-24 19:17:00,2019-10-24 19:16:00,True,1,1,1501.85,1502.38,0.5300000000002001,84.80000000003201,81.59999999999854,move_q25
873,T2/S04,long,2019-10-24 19:30:00,2019-10-24 20:43:00,2019-10-24 20:42:00,True,1,1,1501.78,1502.29,0.5099999999999909,81.59999999999854,81.59999999999854,move_q25
548,T2/S03,long,2019-10-24 22:00:00,2019-10-25 07:38:00,2019-10-25 04:02:00,True,2,2,1501.7238492185106,1502.25,0.5261507814893776,1716.8299999997041,180.80000000005384,move_q25
1338,T5/S09,long,2019-10-31 12:12:00,2019-10-31 14:32:00,2019-10-31 14:31:00,True,1,1,1505.78,1508.3,2.519999999999982,403.1999999999971,427.20000000001164,move_q25
140,T1/S01,long,2019-11-07 22:48:00,2019-11-08 02:32:00,2019-11-08 01:39:00,True,2,2,1467.2447089487403,1467.86,0.6152910512596463,1416.3999999995374,171.72000000002805,move_q25
1544,T6/S12,short,2019-11-12 08:00:00,2019-11-12 08:11:00,2019-11-12 08:10:00,True,1,1,1452.6399999999999,1451.41,1.2299999999997908,199.26000000000298,173.34000000002655,move_q25
1545,T6/S12,short,2019-11-12 08:12:00,2019-11-12 08:20:00,2019-11-12 08:19:00,True,1,1,1451.23,1449.59,1.6400000000001,265.6800000000162,233.28000000000887,move_q25
1546,T6/S12,short,2019-11-12 08:24:00,2019-11-12 08:29:00,2019-11-12 08:28:00,True,1,1,1450.2,1448.93,1.2699999999999818,207.00999999999704,176.0400000000252,move_q25
1547,T6/S12,short,2019-11-12 08:36:00,2019-11-12 10:21:00,2019-11-12 09:15:00,True,2,2,1452.2043256997458,1450.97,1.2343256997457956,2425.450000000067,458.0299999999911,move_q25
141,T1/S01,long,2019-11-12 22:00:00,2019-11-13 02:44:00,2019-11-12 22:43:00,True,2,2,1457.778125,1458.53,0.7518749999999272,1732.3199999997348,577.279999999997,move_q25
874,T2/S04,long,2019-11-18 19:00:00,2019-11-18 19:06:00,2019-11-18 19:04:00,True,1,1,1471.2,1471.65,0.4500000000000455,74.2500000000075,128.6999999999955,move_q25
875,T2/S04,long,2019-11-18 19:15:00,2019-11-18 19:23:00,2019-11-18 19:22:00,True,1,1,1472.65,1473.16,0.5099999999999909,84.1499999999985,84.1499999999985,move_q25
876,T2/S04,long,2019-11-18 19:30:00,2019-11-19 02:09:00,2019-11-18 20:41:00,True,2,2,1471.3417234757562,1471.85,0.5082765242436835,2117.4799999997044,126.15999999999846,move_q25
549,T2/S03,long,2019-11-18 22:00:00,2019-11-19 02:11:00,2019-11-19 02:08:00,True,1,1,1471.59,1472.34,0.75,124.49999999999999,224.10000000002262,move_q25
1548,T6/S12,short,2019-11-25 09:00:00,2019-11-25 10:12:00,2019-11-25 10:11:00,True,1,1,1458.59,1456.59,2.0,332.0,293.8199999999969,move_q25
877,T2/S04,long,2019-11-29 19:30:00,2019-12-02 15:36:00,2019-11-29 20:25:00,True,3,8,1463.776641361577,1464.46,0.6833586384229875,5580.990000000077,971.9399999999134,move_q25
878,T2/S04,long,2019-12-02 19:00:00,2019-12-02 20:41:00,2019-12-02 20:38:00,True,1,1,1463.54,1463.98,0.44000000000005457,74.36000000000922,98.0199999999877,move_q25
879,T2/S04,long,2019-12-03 19:00:00,2019-12-04 04:55:00,2019-12-03 20:56:00,True,2,3,1478.071345646438,1478.6,0.528654353561933,2203.9599999996226,234.90999999994006,move_q25
550,T2/S03,long,2019-12-03 22:00:00,2019-12-04 05:01:00,2019-12-03 22:41:00,True,2,2,1477.067805623472,1477.58,0.5121943765279866,1675.8999999996947,300.81999999995696,move_q25
1549,T6/S12,short,2019-12-06 08:24:00,2019-12-06 08:35:00,2019-12-06 08:34:00,True,1,1,1472.87,1471.49,1.3799999999998818,234.5999999999799,197.19999999997526,move_q25
1550,T6/S12,short,2019-12-06 08:36:00,2019-12-06 15:31:00,2019-12-06 15:30:00,True,4,4,1475.9603983765887,1467.39,8.570398376588628,80244.63999999908,5041.080000000003,move_q25
142,T1/S01,long,2019-12-10 22:24:00,2019-12-11 09:25:00,2019-12-11 01:25:00,True,2,2,1463.5561956053425,1464.24,0.6838043946574999,1587.1099999998926,267.87999999996214,move_q25
880,T2/S04,long,2019-12-11 19:00:00,2019-12-11 21:11:00,2019-12-11 21:04:00,True,2,2,1469.0987036594115,1469.78,0.6812963405884602,2848.499999999891,244.3500000000247,move_q25
1551,T6/S12,short,2019-12-19 08:48:00,2019-12-19 10:31:00,2019-12-19 10:30:00,True,1,1,1476.2,1475.03,1.1700000000000728,211.77000000001317,184.6199999999967,move_q25
143,T1/S01,long,2019-12-23 22:48:00,2019-12-24 03:47:00,2019-12-24 03:46:00,True,1,1,1485.8899999999999,1487.02,1.1300000000001091,204.5299999999786,199.09999999998354,move_q25
881,T2/S04,long,2019-12-24 19:00:00,2019-12-24 19:17:00,2019-12-24 19:16:00,True,1,1,1499.11,1499.78,0.6700000000000728,121.27000000001318,124.89000000000988,move_q25
882,T2/S04,long,2019-12-24 19:30:00,2019-12-26 06:00:00,2019-12-26 06:00:00,True,1,1,1500.33,1503.3,2.9700000000000273,543.510000000005,543.510000000005,move_q25
1266,T4/S08,long,2019-12-26 09:35:00,2019-12-26 14:16:00,2019-12-26 14:01:00,True,1,1,1503.89,1505.3,1.4099999999998545,258.02999999997337,345.8699999999767,move_q25
144,T1/S01,long,2019-12-26 23:30:00,2019-12-27 04:23:00,2019-12-27 03:50:00,True,2,2,1510.1821050365907,1510.96,0.7778949634093806,1807.0500000002194,312.93000000004827,move_q25
1267,T4/S08,long,2019-12-31 10:00:00,2019-12-31 17:26:00,2019-12-31 16:11:00,True,3,5,1521.5002205243964,1523.02,1.5197794756036274,4376.2050000002255,1454.0999999999815,move_q25
145,T1/S01,long,2020-01-03 23:30:00,2020-01-03 23:37:00,2020-01-03 23:36:00,True,1,1,1550.34,1550.92,0.5800000000001546,108.46000000002891,115.94000000002211,move_q25
146,T1/S01,long,2020-01-03 23:42:00,2020-01-06 01:05:00,2020-01-06 01:05:00,True,1,1,1551.38,1580.83,29.449999999999818,5507.149999999967,4588.979999999994,move_q25
1552,T6/S12,short,2020-01-09 08:36:00,2020-01-09 08:37:00,2020-01-09 08:37:00,True,1,1,1550.83,1545.08,5.75,1132.75,202.90999999999462,move_q25
1553,T6/S12,short,2020-01-09 08:48:00,2020-01-09 16:02:00,2020-01-09 09:49:00,True,2,6,1546.18705,1544.87,1.3170500000001084,2634.1000000003824,1364.2200000001549,move_q25
883,T2/S04,long,2020-01-10 19:00:00,2020-01-10 19:01:00,2020-01-10 19:00:00,True,1,1,1560.05,1560.57,0.5199999999999818,103.99999999999636,103.99999999999636,move_q25
884,T2/S04,long,2020-01-10 19:15:00,2020-01-10 22:16:00,2020-01-10 19:52:00,True,2,2,1558.2980952380954,1558.9,0.6019047619047342,2528.0000000002474,194.00000000000546,move_q25
551,T2/S03,long,2020-01-10 22:00:00,2020-01-10 22:21:00,2020-01-10 22:15:00,True,1,1,1559.04,1559.6,0.5599999999999454,111.99999999998909,144.00000000000546,move_q25
552,T2/S03,long,2020-01-10 22:30:00,2020-01-10 22:35:00,2020-01-10 22:34:00,True,1,1,1559.91,1560.45,0.5399999999999636,107.99999999999272,107.99999999999272,move_q25
553,T2/S03,long,2020-01-10 22:45:00,2020-01-10 23:06:00,2020-01-10 23:03:00,True,1,1,1560.34,1560.83,0.4900000000000091,98.98000000000184,139.38000000001102,move_q25
147,T1/S01,long,2020-01-10 23:48:00,2020-01-13 15:49:00,2020-01-13 14:13:00,True,8,8,1552.9581092384776,1553.79,0.8318907615223452,20089.329999998892,862.540000000226,move_q25
148,T1/S01,long,2020-01-14 22:00:00,2020-01-14 22:29:00,2020-01-14 22:28:00,True,1,1,1546.16,1546.94,0.7799999999999727,159.11999999999443,159.11999999999443,move_q25
1554,T6/S12,short,2020-01-16 08:00:00,2020-01-16 16:33:00,2020-01-16 15:30:00,True,3,3,1554.9767099567098,1553.86,1.116709956709883,6706.960000000805,701.7600000000575,move_q25
149,T1/S01,long,2020-01-22 23:00:00,2020-01-23 01:18:00,2020-01-23 01:18:00,True,1,1,1559.06,1559.89,0.8300000000001546,170.98000000003185,107.11999999999627,move_q25
885,T2/S04,long,2020-01-23 19:00:00,2020-01-23 19:20:00,2020-01-23 19:19:00,True,1,1,1563.99,1564.56,0.5699999999999363,117.41999999998689,117.41999999998689,move_q25
886,T2/S04,long,2020-01-23 19:30:00,2020-01-23 19:35:00,2020-01-23 19:33:00,True,1,1,1565.03,1565.51,0.4800000000000182,98.88000000000375,119.47999999998503,move_q25
887,T2/S04,long,2020-01-23 19:45:00,2020-01-24 16:46:00,2020-01-23 22:11:00,True,4,7,1563.4991250204816,1564.09,0.5908749795182757,7212.219999999104,3590.5799999999663,move_q25
888,T2/S04,long,2020-01-24 19:00:00,2020-01-24 19:03:00,2020-01-24 19:01:00,True,1,1,1572.72,1573.21,0.4900000000000091,104.86000000000195,158.36000000000197,move_q25
889,T2/S04,long,2020-01-24 19:15:00,2020-01-24 19:17:00,2020-01-24 19:15:00,True,1,1,1574.13,1574.59,0.459999999999809,98.43999999995914,141.23999999996886,move_q25
890,T2/S04,long,2020-01-24 19:30:00,2020-01-24 20:21:00,2020-01-24 20:02:00,True,2,2,1571.9628351126928,1572.53,0.5671648873071717,2390.6000000003096,309.60000000001173,move_q25
554,T2/S03,long,2020-01-24 22:00:00,2020-01-24 22:09:00,2020-01-24 22:08:00,True,1,1,1571.18,1571.97,0.7899999999999636,169.84999999999218,169.84999999999218,move_q25
555,T2/S03,long,2020-01-24 22:15:00,2020-01-24 22:40:00,2020-01-24 22:31:00,True,2,2,1570.8803977101538,1571.48,0.5996022898461888,1990.0800000001104,257.0399999999627,move_q25
556,T2/S03,long,2020-01-24 22:45:00,2020-01-27 01:05:00,2020-01-24 23:15:00,True,2,2,1570.6167309430552,1571.31,0.6932690569447004,2300.9599999998277,4037.0400000000122,move_q25
150,T1/S01,long,2020-01-29 22:06:00,2020-01-29 22:15:00,2020-01-29 22:14:00,True,1,1,1576.16,1577.16,1.0,224.00000000000003,224.00000000000003,move_q25
151,T1/S01,long,2020-01-29 22:18:00,2020-01-29 22:52:00,2020-01-29 22:40:00,True,2,2,1575.457399577167,1575.97,0.5126004228329748,1212.30000000005,355.49999999998363,move_q25
152,T1/S01,long,2020-01-29 22:54:00,2020-01-29 23:02:00,2020-01-29 23:01:00,True,1,1,1576.69,1577.41,0.7200000000000273,162.00000000000614,155.25000000001228,move_q25
153,T1/S01,long,2020-01-29 23:06:00,2020-01-30 01:51:00,2020-01-30 01:11:00,True,2,2,1575.3497251585625,1576.19,0.8402748414375765,1987.2500000003186,337.50000000005116,move_q25
1339,T5/S09,long,2020-01-31 12:48:00,2020-01-31 16:33:00,2020-01-31 16:35:00,True,1,1,1580.35,1582.5,2.150000000000091,483.75000000002046,452.24999999999795,move_q25
154,T1/S01,long,2020-02-06 22:00:00,2020-02-07 02:39:00,2020-02-07 01:15:00,True,2,2,1565.7357710181664,1566.25,0.5142289818336394,1217.1800000001977,270.130000000064,move_q25
155,T1/S01,long,2020-02-07 22:00:00,2020-02-10 01:28:00,2020-02-10 01:22:00,True,2,2,1570.7517567567568,1571.36,0.6082432432431233,1440.3199999999424,909.7200000000021,move_q25
156,T1/S01,long,2020-02-11 22:00:00,2020-02-11 22:10:00,2020-02-11 22:09:00,True,1,1,1568.64,1569.29,0.6499999999998636,148.84999999996876,148.84999999996876,move_q25
157,T1/S01,long,2020-02-11 22:12:00,2020-02-12 06:06:00,2020-02-12 02:49:00,True,2,3,1567.9478978471932,1568.49,0.5421021528068195,1284.2400000001355,348.07999999999583,move_q25
1555,T6/S12,short,2020-02-12 08:00:00,2020-02-12 09:20:00,2020-02-12 09:19:00,True,1,1,1565.43,1564.22,1.2100000000000364,279.5100000000084,249.48000000003572,move_q25
891,T2/S04,long,2020-02-18 19:00:00,2020-02-18 22:50:00,2020-02-18 19:20:00,True,2,3,1602.4186480737412,1602.98,0.5613519262587943,2375.0800000003055,360.3599999999874,move_q25
892,T2/S04,long,2020-02-21 19:45:00,2020-02-21 19:48:00,2020-02-21 19:47:00,True,1,1,1644.25,1644.98,0.7300000000000182,168.6300000000042,168.6300000000042,move_q25
1268,T4/S08,long,2020-02-24 10:00:00,2020-02-24 10:02:00,2020-02-24 10:01:00,True,1,1,1672.62,1674.23,1.6100000000001273,371.9100000000294,371.9100000000294,move_q25
1269,T4/S08,long,2020-02-24 10:05:00,2020-02-24 10:09:00,2020-02-24 10:07:00,True,1,1,1675.24,1676.72,1.4800000000000182,344.84000000000424,414.73999999999364,move_q25
1270,T4/S08,long,2020-02-24 10:10:00,2020-02-24 10:12:00,2020-02-24 10:11:00,True,1,1,1676.75,1678.32,1.5699999999999363,365.80999999998517,365.80999999998517,move_q25
1271,T4/S08,long,2020-02-24 10:15:00,2020-02-24 10:26:00,2020-02-24 10:25:00,True,2,2,1677.9303072311727,1680.03,2.0996927688272535,2802.0399999998644,794.5300000000191,move_q25
1272,T4/S08,long,2020-02-24 10:30:00,2020-02-24 10:31:00,2020-02-24 10:30:00,True,1,1,1682.22,1683.92,1.7000000000000455,399.5000000000107,399.5000000000107,move_q25
1273,T4/S08,long,2020-02-24 10:35:00,2020-02-24 11:02:00,2020-02-24 10:47:00,True,2,2,1680.8570451998505,1682.54,1.6829548001494459,2252.6349999999547,782.0999999999892,move_q25
1274,T4/S08,long,2020-02-24 11:05:00,2020-02-24 11:16:00,2020-02-24 11:14:00,True,2,2,1681.6852745610756,1683.47,1.7847254389243972,2388.855000000135,748.9200000000195,move_q25
1340,T5/S09,long,2020-02-24 11:12:00,2020-02-24 11:16:00,2020-02-24 11:16:00,True,1,1,1681.87,1686.14,4.270000000000209,1011.9900000000497,492.96000000003664,move_q25
1275,T4/S08,long,2020-02-24 11:20:00,2020-02-24 11:26:00,2020-02-24 11:25:00,True,1,1,1685.8,1687.86,2.0599999999999454,496.45999999998685,494.0499999999891,move_q25
1341,T5/S09,long,2020-02-24 11:24:00,2020-02-24 11:26:00,2020-02-24 11:25:00,True,1,1,1685.31,1687.86,2.5499999999999545,614.549999999989,612.1399999999912,move_q25
1276,T4/S08,long,2020-02-24 11:30:00,2020-02-24 12:54:00,2020-02-24 12:48:00,True,4,5,1682.8793332667933,1684.49,1.610666733206699,8068.635000000044,2429.9999999998895,move_q25
1342,T5/S09,long,2020-02-24 11:36:00,2020-02-24 12:54:00,2020-02-24 12:48:00,True,2,2,1682.5612185929647,1684.49,1.9287814070353306,4605.92999999997,806.7599999999845,move_q25
1556,T6/S12,short,2020-02-25 08:48:00,2020-02-25 08:57:00,2020-02-25 08:56:00,True,1,1,1638.5099999999998,1635.05,3.459999999999809,865.0000000000091,819.9999999999932,move_q25
1557,T6/S12,short,2020-02-25 09:00:00,2020-02-25 09:14:00,2020-02-25 09:13:00,True,1,1,1637.06,1634.62,2.4400000000000546,610.0000000000136,544.9999999999591,move_q25
1558,T6/S12,short,2020-02-25 09:24:00,2020-02-25 13:34:00,2020-02-25 09:58:00,True,3,9,1641.777443012884,1640.53,1.247443012884105,7552.02000000022,4125.240000000259,move_q25
158,T1/S01,long,2020-02-26 22:00:00,2020-02-27 01:41:00,2020-02-27 01:05:00,True,6,7,1641.2526475620189,1642.42,1.167352437981208,19104.890000001455,1297.170000000007,move_q25
893,T2/S04,long,2020-03-03 19:00:00,2020-03-03 19:03:00,2020-03-03 19:02:00,True,1,1,1639.9,1640.9,1.0,263.0,263.0,move_q25
894,T2/S04,long,2020-03-03 19:15:00,2020-03-03 19:16:00,2020-03-03 19:15:00,True,1,1,1642.4700000000003,1643.74,1.2699999999997544,335.2799999999952,335.2799999999952,move_q25
895,T2/S04,long,2020-03-03 19:30:00,2020-03-03 19:35:00,2020-03-03 19:34:00,True,1,1,1646.71,1647.41,0.7000000000000455,184.80000000001203,182.16000000001443,move_q25
896,T2/S04,long,2020-03-03 19:45:00,2020-03-03 19:52:00,2020-03-03 19:50:00,True,2,2,1644.2867526377495,1644.9,0.6132473622506041,2615.500000000048,410.74999999998795,move_q25
557,T2/S03,long,2020-03-03 22:00:00,2020-03-03 22:01:00,2020-03-03 22:00:00,True,1,1,1626.72,1630.09,3.369999999999891,896.4199999999711,896.4199999999711,move_q25
558,T2/S03,long,2020-03-03 22:15:00,2020-03-03 22:29:00,2020-03-03 22:27:00,True,3,3,1635.5026170403587,1636.17,0.6673829596413725,3720.6600000009075,571.3800000000267,move_q25
559,T2/S03,long,2020-03-03 22:30:00,2020-03-03 22:35:00,2020-03-03 22:33:00,True,2,2,1635.2902580836549,1636.73,1.439741916345156,4853.369999999758,801.3200000000026,move_q25
560,T2/S03,long,2020-03-03 22:45:00,2020-03-03 22:51:00,2020-03-03 22:50:00,True,1,1,1638.9400000000003,1639.5,0.5599999999997181,151.19999999998527,148.49999999998772,move_q25
897,T2/S04,long,2020-03-05 19:00:00,2020-03-05 19:03:00,2020-03-05 19:02:00,True,1,1,1662.2400000000002,1662.91,0.6699999999998454,180.90000000001967,172.800000000027,move_q25
898,T2/S04,long,2020-03-05 19:15:00,2020-03-05 19:22:00,2020-03-05 19:21:00,True,1,1,1661.1900000000003,1661.85,0.6599999999996271,178.85999999996056,178.85999999996056,move_q25
899,T2/S04,long,2020-03-05 19:30:00,2020-03-05 19:38:00,2020-03-05 19:37:00,True,1,1,1663.71,1664.26,0.5499999999999545,149.04999999998768,146.33999999999014,move_q25
900,T2/S04,long,2020-03-05 19:45:00,2020-03-05 19:49:00,2020-03-05 19:47:00,True,1,1,1665.76,1666.2,0.44000000000005457,119.24000000001477,176.15000000002465,move_q25
561,T2/S03,long,2020-03-05 22:00:00,2020-03-05 22:07:00,2020-03-05 22:06:00,True,1,1,1671.89,1672.51,0.6199999999998909,168.01999999997042,168.01999999997042,move_q25
562,T2/S03,long,2020-03-05 22:15:00,2020-03-05 22:17:00,2020-03-05 22:16:00,True,1,1,1672.16,1673.6,1.4399999999998272,390.23999999995317,387.52999999995563,move_q25
159,T1/S01,long,2020-03-05 22:30:00,2020-03-05 22:40:00,2020-03-05 22:37:00,True,2,2,1672.0868586821382,1673.0,0.9131413178618004,2203.409999999756,343.9799999999975,move_q25
563,T2/S03,long,2020-03-05 22:30:00,2020-03-05 22:40:00,2020-03-05 22:37:00,True,2,2,1672.0307049763035,1673.0,0.9692950236965316,3272.33999999966,343.9799999999975,move_q25
160,T1/S01,long,2020-03-05 22:42:00,2020-03-05 22:46:00,2020-03-05 22:45:00,True,1,1,1672.7599999999998,1673.91,1.1500000000003183,315.1000000000249,323.32000000001744,move_q25
564,T2/S03,long,2020-03-05 22:45:00,2020-03-05 22:46:00,2020-03-05 22:45:00,True,1,1,1673.07,1673.91,0.8400000000001455,230.1600000000399,238.3800000000324,move_q25
161,T1/S01,long,2020-03-05 22:48:00,2020-03-06 01:10:00,2020-03-05 23:54:00,True,3,3,1670.9982506053268,1671.58,0.5817493946731247,2883.1499999993375,481.2500000000625,move_q25
162,T1/S01,long,2020-03-06 22:00:00,2020-03-06 22:02:00,2020-03-06 22:01:00,True,1,1,1687.21,1688.28,1.0699999999999363,295.3199999999824,270.48000000000496,move_q25
163,T1/S01,long,2020-03-06 22:06:00,2020-03-06 22:07:00,2020-03-06 22:06:00,True,1,1,1689.2600000000002,1691.99,2.729999999999791,756.210000000005,747.9000000000126,move_q25
164,T1/S01,long,2020-03-06 22:12:00,2020-03-06 22:14:00,2020-03-06 22:13:00,True,1,1,1683.1,1684.77,1.6700000000000728,464.2600000000202,461.4800000000227,move_q25
165,T1/S01,long,2020-03-06 22:18:00,2020-03-09 01:03:00,2020-03-06 22:28:00,True,4,5,1675.7560383349014,1676.73,0.9739616650986136,8282.570000000536,26013.960000000065,move_q25
1559,T6/S12,short,2020-03-17 08:24:00,2020-03-17 08:36:00,2020-03-17 08:35:00,True,2,2,1488.0272245663386,1485.94,2.087224566338591,4452.049999999714,708.3400000000331,move_q25
901,T2/S04,long,2020-03-17 19:00:00,2020-03-17 19:01:00,2020-03-17 19:00:00,True,1,1,1527.32,1527.98,0.6600000000000819,219.78000000002726,213.12000000003331,move_q25
902,T2/S04,long,2020-03-17 19:15:00,2020-03-17 19:16:00,2020-03-17 19:15:00,True,1,1,1525.39,1528.23,2.839999999999918,945.7199999999729,945.7199999999729,move_q25
903,T2/S04,long,2020-03-17 19:30:00,2020-03-17 19:33:00,2020-03-17 19:31:00,True,2,2,1523.2206459054207,1524.5,1.2793540945792756,5546.00000000026,1681.6999999999177,move_q25
904,T2/S04,long,2020-03-17 19:45:00,2020-03-17 19:47:00,2020-03-17 19:46:00,True,1,1,1525.78,1527.13,1.3500000000001364,456.30000000004605,419.1200000000031,move_q25
565,T2/S03,long,2020-03-17 22:00:00,2020-03-17 22:02:00,2020-03-17 22:01:00,True,1,1,1529.66,1531.06,1.3999999999998636,474.59999999995375,474.59999999995375,move_q25
1560,T6/S12,short,2020-03-18 08:00:00,2020-03-18 08:01:00,2020-03-18 08:00:00,True,1,1,1518.69,1517.17,1.5199999999999818,516.7999999999938,448.80000000005566,move_q25
1561,T6/S12,short,2020-03-18 08:12:00,2020-03-18 08:25:00,2020-03-18 08:23:00,True,2,2,1514.3285720951937,1513.17,1.1585720951936764,2482.820000000045,838.8600000000124,move_q25
1562,T6/S12,short,2020-03-18 08:36:00,2020-03-18 08:39:00,2020-03-18 08:38:00,True,1,1,1511.1299999999999,1509.13,1.9999999999997726,686.0,538.5100000000562,move_q25
1563,T6/S12,short,2020-03-18 08:48:00,2020-03-18 09:31:00,2020-03-18 09:19:00,True,4,5,1513.0784983221477,1511.93,1.1484983221475886,10952.079999999532,2710.720000000272,move_q25
166,T1/S01,long,2020-03-20 22:48:00,2020-03-20 22:50:00,2020-03-20 22:49:00,True,1,1,1495.26,1497.38,2.1200000000001182,739.8800000000414,778.2700000000065,move_q25
167,T1/S01,long,2020-03-20 22:54:00,2020-03-23 01:09:00,2020-03-20 22:54:00,True,1,2,1498.06,1498.64,0.5800000000001546,203.00000000005411,496.9999999999459,move_q25
905,T2/S04,long,2020-03-23 19:00:00,2020-03-23 19:01:00,2020-03-23 19:00:00,True,1,1,1548.2600000000002,1549.01,0.7499999999997726,264.0,186.5599999999904,move_q25
906,T2/S04,long,2020-03-23 19:15:00,2020-03-23 19:18:00,2020-03-23 19:16:00,True,1,1,1554.59,1555.07,0.4800000000000182,168.9600000000064,696.9600000000064,move_q25
907,T2/S04,long,2020-03-23 19:30:00,2020-03-23 19:43:00,2020-03-23 19:32:00,True,2,2,1556.9639090491503,1558.18,1.2160909508497753,5294.860000000561,559.3200000000547,move_q25
908,T2/S04,long,2020-03-23 19:45:00,2020-03-23 19:47:00,2020-03-23 19:46:00,True,1,1,1557.62,1558.76,1.1400000000001,404.7000000000355,394.0500000000452,move_q25
566,T2/S03,long,2020-03-23 22:00:00,2020-03-23 22:16:00,2020-03-23 22:08:00,True,2,2,1551.8807200694046,1552.56,0.6792799305953849,2348.949999999577,578.6500000000387,move_q25
567,T2/S03,long,2020-03-23 22:30:00,2020-03-23 22:43:00,2020-03-23 22:43:00,True,1,1,1553.73,1554.28,0.5499999999999545,196.34999999998374,207.059999999974,move_q25
568,T2/S03,long,2020-03-23 22:45:00,2020-03-24 01:03:00,2020-03-24 00:05:00,True,2,2,1552.3986618497108,1558.75,6.351338150289166,21975.62999999974,6693.750000000081,move_q25
1277,T4/S08,long,2020-03-24 06:20:00,2020-03-24 08:36:00,2020-03-24 06:29:00,True,1,5,1576.6100000000001,1578.09,1.4799999999997908,547.6000000000067,3034.0000000001014,move_q25
909,T2/S04,long,2020-03-26 19:18:00,2020-03-26 19:24:00,2020-03-26 19:18:00,True,1,1,1634.82,1635.51,0.6900000000000546,258.75000000002046,247.5000000000307,move_q25
910,T2/S04,long,2020-03-26 19:31:00,2020-03-26 19:36:00,2020-03-26 19:34:00,True,2,1,1635.8600159926891,1637.56,1.6999840073108317,7440.829999999513,908.5700000000309,move_q25
911,T2/S04,long,2020-03-26 19:53:00,2020-03-26 21:48:00,2020-03-26 19:58:00,True,2,7,1636.4974263530485,1637.7,1.2025736469515778,5266.070000000495,2186.829999999649,move_q25
1189,T3/S06,short,2020-03-31 23:00:00,2020-03-31 23:11:00,2020-03-31 23:09:00,True,1,1,1576.41,1575.47,0.9400000000000546,360.0200000000209,543.8600000000279,move_q25
1190,T3/S06,short,2020-03-31 23:20:00,2020-03-31 23:24:00,2020-03-31 23:23:00,True,1,1,1577.58,1575.71,1.8699999999998909,718.0799999999581,495.35999999998603,move_q25
1191,T3/S06,short,2020-03-31 23:30:00,2020-03-31 23:34:00,2020-03-31 23:30:00,True,1,1,1577.75,1576.73,1.0199999999999818,392.699999999993,358.0500000000245,move_q25
1192,T3/S06,short,2020-03-31 23:40:00,2020-03-31 23:48:00,2020-03-31 23:42:00,True,1,1,1577.46,1576.51,0.9500000000000455,366.7000000000175,343.5400000000386,move_q25
1193,T3/S06,short,2020-03-31 23:50:00,2020-04-01 01:05:00,2020-04-01 01:05:00,True,1,1,1575.41,1572.14,3.269999999999982,1265.489999999993,936.5400000000282,move_q25
912,T2/S04,long,2020-04-02 19:00:00,2020-04-02 19:03:00,2020-04-02 19:01:00,True,1,1,1608.08,1608.53,0.4500000000000455,175.0500000000177,672.9700000000071,move_q25
913,T2/S04,long,2020-04-02 19:15:00,2020-04-02 19:16:00,2020-04-02 19:15:00,True,1,1,1611.45,1612.11,0.6599999999998545,257.39999999994325,257.39999999994325,move_q25
914,T2/S04,long,2020-04-02 19:30:00,2020-04-02 19:37:00,2020-04-02 19:33:00,True,1,1,1611.73,1612.27,0.5399999999999636,210.5999999999858,425.0999999999681,move_q25
915,T2/S04,long,2020-04-02 19:45:00,2020-04-02 19:59:00,2020-04-02 19:58:00,True,1,1,1611.61,1612.35,0.7400000000000091,289.34000000000356,273.7000000000178,move_q25
916,T2/S04,long,2020-04-06 19:00:00,2020-04-06 19:03:00,2020-04-06 19:02:00,True,1,1,1646.5,1647.04,0.5399999999999636,211.67999999998574,207.75999999998928,move_q25
917,T2/S04,long,2020-04-06 19:15:00,2020-04-06 19:25:00,2020-04-06 19:24:00,True,1,1,1650.35,1651.29,0.9400000000000546,368.4800000000214,352.80000000003565,move_q25
918,T2/S04,long,2020-04-06 19:30:00,2020-04-06 19:35:00,2020-04-06 19:32:00,True,2,2,1649.7101343045754,1650.26,0.5498656954246144,2415.560000000174,534.48000000005,move_q25
919,T2/S04,long,2020-04-06 19:45:00,2020-04-06 19:54:00,2020-04-06 19:53:00,True,1,1,1650.63,1651.68,1.0499999999999545,413.6999999999821,492.5,move_q25
168,T1/S01,long,2020-04-06 22:03:00,2020-04-06 22:04:00,2020-04-06 22:03:00,True,1,1,1659.75,1660.69,0.9400000000000546,371.3000000000216,375.25000000001796,move_q25
569,T2/S03,long,2020-04-06 22:03:00,2020-04-06 22:04:00,2020-04-06 22:03:00,True,1,1,1659.75,1660.69,0.9400000000000546,371.3000000000216,375.25000000001796,move_q25
169,T1/S01,long,2020-04-06 22:06:00,2020-04-06 22:08:00,2020-04-06 22:07:00,True,1,1,1662.11,1663.08,0.9700000000000273,384.1200000000108,403.9200000000828,move_q25
170,T1/S01,long,2020-04-06 22:12:00,2020-04-06 22:14:00,2020-04-06 22:13:00,True,1,1,1661.38,1662.1,0.7199999999997999,285.11999999992076,257.399999999946,move_q25
570,T2/S03,long,2020-04-06 22:15:00,2020-04-06 22:17:00,2020-04-06 22:16:00,True,1,1,1663.27,1664.5,1.2300000000000182,489.54000000000724,401.9799999999964,move_q25
171,T1/S01,long,2020-04-06 22:18:00,2020-04-06 22:26:00,2020-04-06 22:21:00,True,2,2,1662.931299724301,1664.21,1.278700275699066,3246.620000000181,817.9500000000726,move_q25
172,T1/S01,long,2020-04-06 22:30:00,2020-04-06 22:36:00,2020-04-06 22:35:00,True,1,1,1666.39,1668.15,1.759999999999991,703.9999999999964,435.99999999996726,move_q25
571,T2/S03,long,2020-04-06 22:30:00,2020-04-06 22:36:00,2020-04-06 22:31:00,True,1,1,1666.39,1666.93,0.5399999999999636,215.99999999998545,435.99999999996726,move_q25
173,T1/S01,long,2020-04-06 22:42:00,2020-04-06 22:44:00,2020-04-06 22:43:00,True,1,1,1667.42,1668.72,1.2999999999999545,521.2999999999818,525.309999999978,move_q25
572,T2/S03,long,2020-04-06 22:45:00,2020-04-06 22:52:00,2020-04-06 22:54:00,True,3,6,1666.1855839607776,1666.84,0.6544160392222693,3737.3699999996743,1216.1199999999963,move_q25
174,T1/S01,long,2020-04-06 22:48:00,2020-04-06 22:52:00,2020-04-06 22:51:00,True,2,5,1664.798372001573,1666.22,1.421627998427084,3615.1999999998425,1776.2899999999452,move_q25
920,T2/S04,long,2020-04-09 19:45:00,2020-04-09 19:49:00,2020-04-09 19:46:00,True,1,1,1684.92,1685.44,0.5199999999999818,212.67999999999256,433.5399999999777,move_q25
921,T2/S04,long,2020-04-13 19:00:00,2020-04-13 19:04:00,2020-04-13 19:03:00,True,2,2,1707.2728746316027,1709.58,2.3071253683972373,10176.729999999932,1216.5599999999215,move_q25
922,T2/S04,long,2020-04-13 19:15:00,2020-04-13 19:23:00,2020-04-13 19:20:00,True,2,2,1709.564072059823,1710.34,0.7759279401768708,3424.169999999239,805.3500000000188,move_q25
923,T2/S04,long,2020-04-13 19:30:00,2020-04-13 19:32:00,2020-04-13 19:31:00,True,1,1,1712.85,1714.54,1.6900000000000546,701.3500000000226,572.7000000000453,move_q25
924,T2/S04,long,2020-04-13 19:45:00,2020-04-13 19:48:00,2020-04-13 19:50:00,True,1,1,1713.25,1713.83,0.5799999999999272,241.27999999996973,270.40000000003783,move_q25
573,T2/S03,long,2020-04-13 22:00:00,2020-04-14 02:06:00,2020-04-13 22:07:00,True,2,4,1720.1104857954545,1720.84,0.7295142045454668,2567.890000000013,2764.7099999999505,move_q25
175,T1/S01,long,2020-04-13 22:00:00,2020-04-14 02:06:00,2020-04-13 22:07:00,True,2,4,1720.201055924912,1720.84,0.6389440750879203,1633.7799999999863,2764.7099999999505,move_q25
574,T2/S03,long,2020-04-21 22:15:00,2020-04-21 22:17:00,2020-04-21 22:16:00,True,1,1,1681.89,1682.83,0.9399999999998272,406.07999999992535,397.4399999999332,move_q25
925,T2/S04,long,2020-04-22 19:30:00,2020-04-22 19:31:00,2020-04-22 19:30:00,True,1,1,1714.34,1715.49,1.150000000000091,497.95000000003944,497.95000000003944,move_q25
926,T2/S04,long,2020-04-22 19:45:00,2020-04-22 20:02:00,2020-04-22 19:48:00,True,2,2,1712.4076364456473,1713.02,0.6123635543526689,2715.2199999995682,620.619999999929,move_q25
575,T2/S03,long,2020-04-29 22:45:00,2020-04-29 23:00:00,2020-04-29 22:56:00,True,2,1,1713.4998218829514,1714.13,0.630178117048672,2228.940000000499,91.14000000001579,move_q25
176,T1/S01,long,2020-04-29 22:48:00,2020-04-29 23:04:00,2020-04-29 23:02:00,True,1,1,1714.59,1715.5,0.9100000000000819,394.9400000000355,420.98000000001184,move_q25
177,T1/S01,long,2020-04-29 23:06:00,2020-04-29 23:07:00,2020-04-29 23:06:00,True,1,1,1715.54,1717.08,1.5399999999999636,671.4399999999843,710.6800000000477,move_q25
178,T1/S01,long,2020-04-29 23:12:00,2020-04-29 23:20:00,2020-04-29 23:16:00,True,2,1,1712.668440651668,1713.38,0.7115593483320026,1834.4000000000788,433.620000000004,move_q25
179,T1/S01,long,2020-04-29 23:24:00,2020-04-30 02:39:00,2020-04-29 23:27:00,True,2,3,1713.6479053529868,1714.22,0.5720946470132731,1474.8600000002064,784.0200000000837,move_q25
1564,T6/S12,short,2020-05-01 09:00:00,2020-05-01 09:01:00,2020-05-01 09:00:00,True,1,1,1672.28,1670.71,1.5699999999999363,690.7999999999721,598.399999999956,move_q25
1565,T6/S12,short,2020-05-01 09:12:00,2020-05-01 09:47:00,2020-05-01 09:21:00,True,2,2,1676.0217922425322,1674.9,1.1217922425321376,2516.1799999996683,1662.5699999998917,move_q25
927,T2/S04,long,2020-05-01 19:00:00,2020-05-01 19:08:00,2020-05-01 19:07:00,True,1,1,1695.75,1696.82,1.0699999999999363,476.14999999997167,485.04999999996363,move_q25
576,T2/S03,long,2020-05-01 22:00:00,2020-05-01 22:12:00,2020-05-01 22:00:00,True,1,2,1703.15,1703.71,0.5599999999999454,249.19999999997572,1521.8999999999312,move_q25
180,T1/S01,long,2020-05-01 22:00:00,2020-05-01 22:12:00,2020-05-01 22:00:00,True,1,2,1703.15,1703.71,0.5599999999999454,249.19999999997572,1521.8999999999312,move_q25
577,T2/S03,long,2020-05-01 22:15:00,2020-05-01 22:18:00,2020-05-01 22:42:00,True,3,5,1701.6927261677374,1702.31,0.6172738322625264,3554.8799999998446,-2415.4500000000608,move_q25
181,T1/S01,long,2020-05-01 22:18:00,2020-05-01 22:34:00,2020-05-01 22:25:00,True,1,8,1699.06,1700.53,1.4700000000000273,2.9400000000001225,5543.599999999885,move_q25
182,T1/S01,long,2020-05-01 22:48:00,2020-05-01 22:50:00,2020-05-01 22:49:00,True,1,1,1701.22,1702.55,1.3299999999999272,609.1399999999667,590.8199999999833,move_q25
928,T2/S04,long,2020-05-07 19:00:00,2020-05-07 19:10:00,2020-05-07 19:09:00,True,1,1,1708.9,1709.38,0.4800000000000182,220.32000000000832,234.08999999999583,move_q25
929,T2/S04,long,2020-05-07 19:15:00,2020-05-07 19:24:00,2020-05-07 19:23:00,True,1,1,1709.41,1709.89,0.4800000000000182,220.32000000000832,275.39999999995825,move_q25
930,T2/S04,long,2020-05-07 19:30:00,2020-05-07 19:31:00,2020-05-07 19:30:00,True,1,1,1709.88,1710.64,0.7599999999999909,348.8399999999958,302.9399999999332,move_q25
931,T2/S04,long,2020-05-07 19:45:00,2020-05-07 19:47:00,2020-05-07 19:46:00,True,1,1,1715.31,1716.0,0.6900000000000546,318.09000000002516,313.4800000000294,move_q25
578,T2/S03,long,2020-05-07 22:00:00,2020-05-07 22:07:00,2020-05-07 22:06:00,True,1,1,1719.44,1719.97,0.5299999999999727,244.32999999998745,248.93999999998323,move_q25
579,T2/S03,long,2020-05-07 22:15:00,2020-05-07 22:29:00,2020-05-07 22:23:00,True,2,2,1718.91233941094,1719.72,0.8076605890601058,2879.3099999998885,485.099999999979,move_q25
580,T2/S03,long,2020-05-07 22:30:00,2020-05-07 23:08:00,2020-05-07 23:02:00,True,4,4,1717.0917721908668,1717.62,0.5282278091331136,5147.579999998845,1384.3699999997934,move_q25
1566,T6/S12,short,2020-05-14 08:00:00,2020-05-14 10:57:00,2020-05-14 10:52:00,True,4,4,1716.3162628145387,1714.11,2.2062628145388317,21305.880000001318,2278.5000000001482,move_q25
932,T2/S04,long,2020-05-14 19:00:00,2020-05-14 19:01:00,2020-05-14 19:00:00,True,1,1,1733.67,1734.71,1.0399999999999636,488.79999999998296,399.4999999999573,move_q25
933,T2/S04,long,2020-05-14 19:15:00,2020-05-14 19:20:00,2020-05-14 19:19:00,True,1,1,1734.4,1735.41,1.009999999999991,475.70999999999566,423.89999999993574,move_q25
934,T2/S04,long,2020-05-14 19:30:00,2020-05-14 21:49:00,2020-05-14 19:35:00,True,2,4,1734.0985685528965,1734.82,0.7214314471034413,3225.5199999993665,1299.9599999999955,move_q25
581,T2/S03,long,2020-05-14 22:00:00,2020-05-14 22:54:00,2020-05-14 22:18:00,True,2,3,1731.946597707576,1732.69,0.7434022924239798,2659.1500000000806,1090.2000000000862,move_q25
1194,T3/S06,short,2020-05-18 23:00:00,2020-05-18 23:44:00,2020-05-18 23:26:00,True,1,1,1731.69,1730.73,0.9600000000000364,456.0000000000173,270.75000000007776,move_q25
183,T1/S01,long,2020-05-19 22:18:00,2020-05-19 22:23:00,2020-05-19 22:22:00,True,1,1,1745.7199999999998,1746.73,1.0100000000002183,480.7599999999956,490.27999999998696,move_q25
184,T1/S01,long,2020-05-19 22:24:00,2020-05-19 23:07:00,2020-05-19 22:59:00,True,2,4,1745.4513818860878,1746.23,0.7786181139122164,1667.7999999999413,1378.4399999999391,move_q25
185,T1/S01,long,2020-05-21 22:48:00,2020-05-21 23:48:00,2020-05-21 23:45:00,True,2,2,1725.7078032036613,1726.55,0.8421967963386123,2208.2399999997183,506.0999999999781,move_q25
1567,T6/S12,short,2020-05-25 08:00:00,2020-05-25 08:46:00,2020-05-25 08:45:00,True,1,1,1726.56,1725.0,1.5599999999999454,753.4799999999736,642.3899999999649,move_q25
582,T2/S03,long,2020-05-27 22:00:00,2020-05-27 22:51:00,2020-05-27 22:28:00,True,2,2,1712.291287984388,1712.91,0.6187120156121182,2219.3200000004736,953.4800000001233,move_q25
186,T1/S01,long,2020-06-05 23:06:00,2020-06-05 23:10:00,2020-06-05 23:09:00,True,1,1,1681.9,1682.66,0.7599999999999909,369.3599999999956,369.3599999999956,move_q25
187,T1/S01,long,2020-06-05 23:12:00,2020-06-05 23:16:00,2020-06-05 23:15:00,True,1,1,1683.41,1684.16,0.75,365.25,365.25,move_q25
188,T1/S01,long,2020-06-08 22:30:00,2020-06-09 01:05:00,2020-06-08 23:01:00,True,2,2,1698.340087552341,1699.56,1.2199124476589986,3204.709999999672,978.8699999998848,move_q25
1568,T6/S12,short,2020-06-11 08:00:00,2020-06-11 08:34:00,2020-06-11 08:33:00,True,1,1,1729.67,1728.42,1.25,610.0,536.8000000000666,move_q25
1569,T6/S12,short,2020-06-11 08:36:00,2020-06-11 11:52:00,2020-06-11 09:14:00,True,2,5,1729.3209773123908,1727.87,1.4509773123909326,3325.6400000002527,3645.5999999999153,move_q25
1570,T6/S12,short,2020-06-15 09:00:00,2020-06-15 09:09:00,2020-06-15 09:08:00,True,1,1,1722.06,1720.57,1.490000000000009,742.0200000000045,677.2799999999503,move_q25
1571,T6/S12,short,2020-06-15 09:12:00,2020-06-15 10:11:00,2020-06-15 10:05:00,True,2,2,1722.5660365058673,1721.3,1.266036505867305,2913.1499999999915,1521.950000000091,move_q25
189,T1/S01,long,2020-06-15 22:00:00,2020-06-15 22:06:00,2020-06-15 22:10:00,True,1,1,1726.35,1727.11,0.7599999999999909,380.7599999999954,270.5400000000957,move_q25
583,T2/S03,long,2020-06-15 22:00:00,2020-06-15 22:06:00,2020-06-15 22:05:00,True,1,1,1726.35,1726.89,0.540000000000191,270.5400000000957,270.5400000000957,move_q25
190,T1/S01,long,2020-06-15 22:12:00,2020-06-15 22:21:00,2020-06-15 22:20:00,True,1,1,1727.03,1727.84,0.8099999999999454,407.42999999997255,407.42999999997255,move_q25
584,T2/S03,long,2020-06-15 22:15:00,2020-06-15 22:21:00,2020-06-15 22:20:00,True,1,1,1727.2500000000002,1727.84,0.5899999999996908,296.7699999999588,296.7699999999588,move_q25
191,T1/S01,long,2020-06-15 22:24:00,2020-06-15 22:30:00,2020-06-15 22:35:00,True,2,4,1724.9420728291318,1725.57,0.6279271708681335,1345.0199999997465,532.6799999999726,move_q25
585,T2/S03,long,2020-06-15 22:30:00,2020-06-15 22:57:00,2020-06-15 22:35:00,True,1,6,1724.94,1725.57,0.6299999999998818,1.2599999999997367,3452.4400000000733,move_q25
586,T2/S03,long,2020-06-17 22:00:00,2020-06-17 22:30:00,2020-06-17 22:29:00,True,1,1,1726.9000000000003,1727.63,0.7299999999997908,375.95000000000937,329.5999999999344,move_q25
192,T1/S01,long,2020-06-17 22:48:00,2020-06-17 22:51:00,2020-06-17 22:50:00,True,1,1,1728.73,1730.12,1.3899999999998727,715.8499999999344,731.3000000000376,move_q25
935,T2/S04,long,2020-06-19 19:00:00,2020-06-19 19:34:00,2020-06-19 19:23:00,True,2,2,1740.569455390746,1741.32,0.7505446092538932,3390.2100000000846,827.2000000000705,move_q25
936,T2/S04,long,2020-06-19 19:45:00,2020-06-19 19:54:00,2020-06-19 19:53:00,True,1,1,1741.7900000000002,1742.56,0.7699999999997544,398.8599999999906,398.8599999999906,move_q25
1278,T4/S08,long,2020-06-22 09:45:00,2020-06-22 15:26:00,2020-06-22 10:34:00,True,5,5,1746.1592784974896,1747.72,1.5607215025104324,12589.560000000125,4219.470000000057,move_q25
937,T2/S04,long,2020-06-23 19:00:00,2020-06-23 19:07:00,2020-06-23 19:05:00,True,1,1,1766.29,1766.8,0.5099999999999909,269.2799999999952,385.44000000000966,move_q25
938,T2/S04,long,2020-06-23 19:15:00,2020-06-23 19:16:00,2020-06-23 19:15:00,True,1,1,1767.73,1768.7,0.9700000000000273,512.1600000000145,522.7200000000049,move_q25
939,T2/S04,long,2020-06-23 19:30:00,2020-06-23 21:55:00,2020-06-23 20:03:00,True,2,2,1765.6216383307572,1766.45,0.828361669242895,3751.6500000006545,1872.6599999999808,move_q25
193,T1/S01,long,2020-06-25 22:30:00,2020-06-25 22:58:00,2020-06-25 22:57:00,True,1,1,1762.93,1763.72,0.7899999999999636,421.06999999998067,421.06999999998067,move_q25
194,T1/S01,long,2020-06-26 23:00:00,2020-06-29 01:10:00,2020-06-29 01:07:00,True,2,2,1770.0655572176513,1770.79,0.7244427823486603,1937.1599999999416,2039.879999999966,move_q25
587,T2/S03,long,2020-06-30 22:00:00,2020-07-01 01:12:00,2020-06-30 23:12:00,True,2,2,1781.0997171106835,1781.78,0.6802828893164587,2476.9100000002027,548.7600000001125,move_q25
195,T1/S01,long,2020-07-01 22:36:00,2020-07-01 22:58:00,2020-07-01 22:57:00,True,1,1,1771.79,1772.47,0.6800000000000637,366.52000000003426,334.18000000006367,move_q25
196,T1/S01,long,2020-07-01 23:06:00,2020-07-02 04:58:00,2020-07-02 01:05:00,True,2,4,1770.5064925373135,1771.33,0.8235074626863934,2206.9999999996935,1150.2000000000592,move_q25
1572,T6/S12,short,2020-07-02 09:00:00,2020-07-02 15:20:00,2020-07-02 15:07:00,True,4,4,1770.5606328333672,1769.4,1.1606328333671172,11297.599999998838,2650.3799999996845,move_q25
940,T2/S04,long,2020-07-07 19:00:00,2020-07-07 19:02:00,2020-07-07 19:01:00,True,1,1,1795.2300000000002,1795.75,0.5199999999997544,284.43999999999005,306.31999999997015,move_q25
941,T2/S04,long,2020-07-07 19:15:00,2020-07-07 19:29:00,2020-07-07 20:08:00,True,1,2,1795.5500000000002,1796.01,0.459999999999809,252.08000000001996,657.6000000001495,move_q25
942,T2/S04,long,2020-07-07 19:30:00,2020-07-07 20:17:00,2020-07-07 20:16:00,True,1,1,1795.74,1796.28,0.5399999999999636,296.45999999998,301.94999999997503,move_q25
588,T2/S03,long,2020-07-07 22:00:00,2020-07-07 22:31:00,2020-07-07 22:30:00,True,1,1,1795.71,1796.62,0.9099999999998545,500.49999999991996,500.49999999991996,move_q25
589,T2/S03,long,2020-07-07 22:45:00,2020-07-08 03:09:00,2020-07-08 03:08:00,True,2,3,1795.545396825397,1796.34,0.7946031746030258,2903.479999999806,1482.1899999999048,move_q25
943,T2/S04,long,2020-07-08 19:15:00,2020-07-08 20:13:00,2020-07-08 22:15:00,True,4,2,1809.5702421538954,1810.31,0.7397578461045669,9286.919999999136,775.6000000000503,move_q25
197,T1/S01,long,2020-07-09 22:18:00,2020-07-10 04:47:00,2020-07-10 01:28:00,True,2,3,1803.2840949554898,1803.8,0.5159050445101911,1390.8799999998153,1000.800000000101,move_q25
1573,T6/S12,short,2020-07-10 09:00:00,2020-07-10 09:53:00,2020-07-10 17:04:00,True,7,2,1803.7981066527702,1801.71,2.0881066527701933,42074.304999998916,1164.130000000081,move_q25
1343,T5/S09,long,2020-07-17 13:48:00,2020-07-17 15:07:00,2020-07-17 15:11:00,True,1,1,1804.49,1806.75,2.259999999999991,1283.6799999999946,1204.159999999938,move_q25
944,T2/S04,long,2020-07-21 19:00:00,2020-07-21 19:24:00,2020-07-21 19:22:00,True,1,1,1839.69,1840.16,0.4700000000000273,268.3700000000156,679.4900000000312,move_q25
945,T2/S04,long,2020-07-21 19:30:00,2020-07-21 19:32:00,2020-07-21 19:31:00,True,1,1,1840.5,1841.08,0.5799999999999272,331.7599999999584,331.7599999999584,move_q25
946,T2/S04,long,2020-07-21 19:45:00,2020-07-21 19:57:00,2020-07-21 19:56:00,True,1,1,1840.87,1841.77,0.900000000000091,515.7000000000521,492.78000000007296,move_q25
1279,T4/S08,long,2020-07-22 06:05:00,2020-07-22 08:49:00,2020-07-22 08:46:00,True,3,3,1856.0933792259445,1857.75,1.6566207740554546,5414.665000000032,2697.800000000026,move_q25
1280,T4/S08,long,2020-07-22 09:00:00,2020-07-22 10:01:00,2020-07-22 09:14:00,True,2,2,1858.5839571556085,1860.35,1.7660428443914498,2967.8349999999245,1858.590000000153,move_q25
1281,T4/S08,long,2020-07-22 10:05:00,2020-07-22 10:44:00,2020-07-22 10:41:00,True,4,4,1854.1556266940838,1856.44,2.284373305916233,12220.254999999954,3632.0899999998783,move_q25
590,T2/S03,long,2020-07-22 22:45:00,2020-07-22 22:52:00,2020-07-22 22:49:00,True,2,2,1867.8468020579476,1868.61,0.7631979420523294,2818.489999999856,707.9999999998927,move_q25
198,T1/S01,long,2020-07-22 23:48:00,2020-07-23 01:05:00,2020-07-23 01:05:00,True,1,1,1871.7499999999998,1873.78,2.0300000000002,1199.7299999999839,1312.0200000000161,move_q25
1282,T4/S08,long,2020-07-27 07:00:00,2020-07-27 08:10:00,2020-07-27 07:29:00,True,2,2,1930.8414251991737,1932.46,1.618574800826309,2742.6750000000293,1921.3200000000052,move_q25
1283,T4/S08,long,2020-07-27 11:00:00,2020-07-27 11:04:00,2020-07-27 11:03:00,True,1,1,1933.5199999999998,1935.05,1.5300000000002,914.9399999999838,920.9199999999782,move_q25
1284,T4/S08,long,2020-07-27 11:05:00,2020-07-27 11:14:00,2020-07-27 11:13:00,True,1,1,1935.0,1937.28,2.2799999999999727,1367.9999999999836,1350.0,move_q25
1285,T4/S08,long,2020-07-27 11:15:00,2020-07-27 11:20:00,2020-07-27 11:23:00,True,1,2,1938.26,1939.81,1.5499999999999545,933.0999999999726,2739.0999999999726,move_q25
1286,T4/S08,long,2020-07-27 11:25:00,2020-07-27 11:37:00,2020-07-27 11:36:00,True,1,1,1940.33,1941.93,1.6000000000001364,972.800000000083,972.800000000083,move_q25
1287,T4/S08,long,2020-07-27 11:40:00,2020-07-27 13:01:00,2020-07-27 12:51:00,True,3,3,1939.313366621274,1940.76,1.4466333787258918,4780.399999999833,3501.4000000000055,move_q25
947,T2/S04,long,2020-07-28 19:00:00,2020-07-28 20:41:00,2020-07-28 20:40:00,True,4,5,1949.559554569232,1950.71,1.150445430768059,14515.170000000577,1863.340000000129,move_q25
199,T1/S01,long,2020-07-30 22:30:00,2020-07-30 23:00:00,2020-07-30 22:58:00,True,2,2,1954.6523614632379,1955.55,0.8976385367620878,2478.379999999896,1024.6500000000565,move_q25
591,T2/S03,long,2020-08-04 22:00:00,2020-08-04 22:01:00,2020-08-04 22:00:00,True,1,1,2005.06,2005.82,0.7599999999999909,473.4799999999944,473.4799999999944,move_q25
592,T2/S03,long,2020-08-04 22:15:00,2020-08-04 22:27:00,2020-08-04 22:21:00,True,2,2,2006.4546713174134,2007.36,0.9053286825865143,3374.1599999993277,748.8000000000284,move_q25
593,T2/S03,long,2020-08-04 22:30:00,2020-08-04 22:32:00,2020-08-04 22:31:00,True,1,1,2007.82,2008.77,0.9500000000000455,593.7500000000284,593.7500000000284,move_q25
594,T2/S03,long,2020-08-04 22:45:00,2020-08-04 22:47:00,2020-08-04 22:46:00,True,1,1,2013.06,2013.97,0.9100000000000819,569.6600000000512,575.9200000000455,move_q25
200,T1/S01,long,2020-08-04 23:24:00,2020-08-04 23:38:00,2020-08-04 23:37:00,True,1,1,2016.91,2017.7,0.7899999999999636,495.32999999997713,463.9800000000057,move_q25
201,T1/S01,long,2020-08-04 23:42:00,2020-08-04 23:53:00,2020-08-04 23:49:00,True,2,2,2016.801156069364,2017.7,0.898843930636076,2488.000000000027,1840.04000000004,move_q25
202,T1/S01,long,2020-08-04 23:54:00,2020-08-05 01:05:00,2020-08-05 01:05:00,True,1,1,2019.83,2021.3,1.4700000000000273,929.0400000000172,859.5200000000805,move_q25
1344,T5/S09,long,2020-08-05 10:00:00,2020-08-05 10:33:00,2020-08-05 10:32:00,True,1,1,2033.47,2035.78,2.3099999999999454,1464.5399999999654,1451.859999999977,move_q25
1345,T5/S09,long,2020-08-05 10:36:00,2020-08-05 10:42:00,2020-08-05 10:41:00,True,1,1,2035.07,2037.5,2.4300000000000637,1547.9100000000406,1668.9400000000753,move_q25
1346,T5/S09,long,2020-08-05 10:48:00,2020-08-05 11:58:00,2020-08-05 11:37:00,True,2,2,2031.8811131059244,2033.99,2.1088868940755674,5873.25000000003,3174.399999999878,move_q25
203,T1/S01,long,2020-08-06 23:06:00,2020-08-06 23:33:00,2020-08-06 23:32:00,True,1,1,2063.88,2064.45,0.569999999999709,368.219999999812,368.219999999812,move_q25
204,T1/S01,long,2020-08-06 23:48:00,2020-08-06 23:50:00,2020-08-07 01:05:00,True,2,1,2064.0298349479726,2066.33,2.300165052027296,6410.559999999816,342.9099999998352,move_q25
1574,T6/S12,short,2020-08-11 09:24:00,2020-08-11 09:25:00,2020-08-11 09:26:00,True,1,1,2002.9600000000003,2000.87,2.090000000000373,1354.3200000000943,693.3599999999589,move_q25
1575,T6/S12,short,2020-08-11 09:36:00,2020-08-11 10:35:00,2020-08-11 09:54:00,True,2,4,1998.810191758466,1997.49,1.3201917584660805,3235.7899999998263,3335.8599999997696,move_q25
1195,T3/S06,short,2020-08-11 23:00:00,2020-08-11 23:02:00,2020-08-11 23:01:00,True,1,1,1916.09,1915.36,0.7300000000000182,478.88000000001193,354.23999999997613,move_q25
1196,T3/S06,short,2020-08-11 23:10:00,2020-08-11 23:17:00,2020-08-11 23:10:00,True,1,1,1912.2799999999997,1911.46,0.819999999999709,538.7399999999582,1222.0199999999343,move_q25
1197,T3/S06,short,2020-08-11 23:20:00,2020-08-12 02:15:00,2020-08-11 23:28:00,True,2,7,1909.3193892593893,1908.44,0.8793892593891997,2505.3799999998582,4388.939999999753,move_q25
1347,T5/S09,long,2020-08-12 11:12:00,2020-08-12 11:18:00,2020-08-12 11:17:00,True,1,1,1941.69,1945.75,4.059999999999945,2712.0799999999635,2705.3999999999696,move_q25
1348,T5/S09,long,2020-08-12 11:24:00,2020-08-12 14:14:00,2020-08-12 12:26:00,True,3,4,1933.4067879143442,1935.79,2.383212085655714,16248.739999999521,8560.560000000018,move_q25
1349,T5/S09,long,2020-08-17 10:36:00,2020-08-17 15:11:00,2020-08-17 11:45:00,True,2,2,1951.6653439153438,1954.08,2.4146560846561442,6845.549999999695,3760.499999999875,move_q25
948,T2/S04,long,2020-08-17 19:00:00,2020-08-17 19:15:00,2020-08-17 19:14:00,True,1,1,1985.6899999999998,1986.49,0.8000000000001819,558.3999999999683,551.4199999999746,move_q25
949,T2/S04,long,2020-08-17 19:30:00,2020-08-17 19:31:00,2020-08-17 19:30:00,True,1,1,1988.29,1988.86,0.5699999999999363,398.4299999999555,426.39000000008906,move_q25
950,T2/S04,long,2020-08-17 19:45:00,2020-08-17 19:54:00,2020-08-17 19:53:00,True,1,1,1987.68,1988.27,0.5899999999999181,412.9999999999427,412.9999999999427,move_q25
595,T2/S03,long,2020-08-17 22:00:00,2020-08-17 22:03:00,2020-08-17 22:02:00,True,1,1,1980.2,1981.19,0.9900000000000091,693.9900000000064,708.0099999999936,move_q25
596,T2/S03,long,2020-08-17 22:15:00,2020-08-17 22:27:00,2020-08-17 22:26:00,True,1,1,1980.94,1981.77,0.8299999999999272,581.829999999949,581.829999999949,move_q25
1576,T6/S12,short,2020-08-19 08:48:00,2020-08-19 08:50:00,2020-08-19 08:49:00,True,1,1,1987.8,1985.5,2.2999999999999545,1616.899999999968,1377.8800000000256,move_q25
1577,T6/S12,short,2020-08-19 09:00:00,2020-08-19 09:14:00,2020-08-19 09:11:00,True,2,3,1991.0311642743222,1989.86,1.1711642743223365,2937.2800000002308,2520.419999999955,move_q25
1198,T3/S06,short,2020-08-19 23:40:00,2020-08-19 23:48:00,2020-08-19 23:47:00,True,1,1,1927.42,1926.43,0.9900000000000091,703.8900000000065,462.15000000006467,move_q25
1199,T3/S06,short,2020-08-19 23:50:00,2020-08-20 02:25:00,2020-08-20 02:24:00,True,4,4,1934.761248689353,1932.21,2.5512486893528603,26765.149999999845,1452.4800000002979,move_q25
597,T2/S03,long,2020-08-20 22:45:00,2020-08-20 22:46:00,2020-08-20 22:45:00,True,1,1,1953.33,1954.47,1.1400000000001,815.1000000000715,900.8999999999935,move_q25
205,T1/S01,long,2020-08-25 22:30:00,2020-08-25 22:37:00,2020-08-25 22:36:00,True,1,10,1927.1599999999999,1928.95,1.790000000000191,1283.429999999974,5122.949999999914,move_q25
1578,T6/S12,short,2020-08-26 08:24:00,2020-08-26 08:36:00,2020-08-26 08:35:00,True,1,1,1921.43,1919.45,1.9800000000000182,1437.4800000000132,1314.0600000001255,move_q25
1579,T6/S12,short,2020-08-26 08:48:00,2020-08-26 09:04:00,2020-08-26 09:03:00,True,1,1,1919.01,1917.68,1.3299999999999272,970.8999999999469,934.3999999999801,move_q25
598,T2/S03,long,2020-08-26 22:00:00,2020-08-26 22:09:00,2020-08-26 22:08:00,True,1,1,1946.35,1947.37,1.0199999999999818,746.6399999999867,746.6399999999867,move_q25
599,T2/S03,long,2020-08-26 22:15:00,2020-08-26 22:20:00,2020-08-26 22:19:00,True,1,1,1950.08,1951.14,1.0600000000001728,776.9800000001267,762.3199999999733,move_q25
206,T1/S01,long,2020-08-26 22:24:00,2020-08-26 22:26:00,2020-08-26 22:25:00,True,1,1,1951.57,1952.24,0.6700000000000728,492.4500000000535,433.65000000010696,move_q25
600,T2/S03,long,2020-08-26 22:30:00,2020-08-26 22:44:00,2020-08-26 22:37:00,True,2,2,1950.5815160197972,1951.2,0.6184839802028819,2374.3599999999933,956.8000000001339,move_q25
601,T2/S03,long,2020-08-26 22:45:00,2020-08-26 22:47:00,2020-08-26 22:46:00,True,1,1,1951.98,1952.6,0.6199999999998909,457.5599999999194,464.9399999999128,move_q25
207,T1/S01,long,2020-08-26 23:24:00,2020-08-26 23:49:00,2020-08-26 23:45:00,True,2,2,1953.6178638416116,1954.17,0.5521361583885209,1589.6000000001643,894.1899999998589,move_q25
208,T1/S01,long,2020-08-27 22:00:00,2020-08-27 22:01:00,2020-08-27 22:00:00,True,1,1,1930.46,1931.72,1.259999999999991,932.3999999999933,932.3999999999933,move_q25
209,T1/S01,long,2020-08-27 22:06:00,2020-08-27 22:07:00,2020-08-27 22:06:00,True,1,1,1929.72,1930.42,0.7000000000000455,519.4000000000337,534.2400000000202,move_q25
210,T1/S01,long,2020-08-27 22:12:00,2020-08-27 22:21:00,2020-08-27 22:20:00,True,2,2,1929.9277037807838,1931.08,1.1522962192161685,3322.0699999995595,921.3199999998378,move_q25
1580,T6/S12,short,2020-08-31 09:48:00,2020-08-31 10:08:00,2020-08-31 10:00:00,True,2,2,1965.2074479780133,1963.72,1.4874479780132788,3788.5299999998315,1981.6999999998918,move_q25
1200,T3/S06,short,2020-09-01 23:10:00,2020-09-02 03:48:00,2020-09-02 01:44:00,True,2,2,1970.856645117387,1970.01,0.84664511738697,2488.290000000201,2366.839999999891,move_q25
211,T1/S01,long,2020-09-02 23:30:00,2020-09-02 23:34:00,2020-09-02 23:33:00,True,1,1,1943.61,1944.2,0.5900000000001455,444.8600000001098,452.40000000010286,move_q25
212,T1/S01,long,2020-09-02 23:36:00,2020-09-03 02:24:00,2020-09-02 23:49:00,True,2,3,1943.1589982728844,1944.38,1.221001727115663,3534.800000000191,2272.5499999998215,move_q25
1581,T6/S12,short,2020-09-03 09:00:00,2020-09-03 09:29:00,2020-09-03 09:19:00,True,3,3,1935.8501783264744,1934.83,1.020178326474479,6693.390000000372,2497.1099999999724,move_q25
213,T1/S01,long,2020-09-04 22:06:00,2020-09-04 22:10:00,2020-09-04 22:09:00,True,1,1,1935.35,1935.93,0.5800000000001546,443.12000000011807,443.12000000011807,move_q25
214,T1/S01,long,2020-09-04 22:12:00,2020-09-04 22:25:00,2020-09-04 22:16:00,True,2,1,1933.995008605852,1935.2,1.20499139414801,3500.500000000396,428.40000000013225,move_q25
1350,T5/S09,long,2020-09-08 10:00:00,2020-09-08 17:30:00,2020-09-08 17:28:00,True,4,5,1918.8443378242143,1921.95,3.10566217578571,33885.88000000068,9245.619999999606,move_q25
602,T2/S03,long,2020-09-09 22:00:00,2020-09-09 22:19:00,2020-09-09 22:18:00,True,1,1,1949.72,1950.66,0.9400000000000546,736.9600000000428,744.8000000000357,move_q25
1582,T6/S12,short,2020-09-23 08:00:00,2020-09-23 08:05:00,2020-09-23 08:05:00,True,1,1,1887.55,1886.31,1.240000000000009,974.6400000000073,841.0199999999501,move_q25
1583,T6/S12,short,2020-09-23 08:12:00,2020-09-23 08:35:00,2020-09-23 08:34:00,True,1,1,1888.12,1886.31,1.8099999999999454,1426.279999999957,1386.8799999999928,move_q25
951,T2/S04,long,2020-09-28 19:15:00,2020-09-28 19:21:00,2020-09-28 19:20:00,True,1,1,1874.26,1874.93,0.6700000000000728,529.3000000000575,521.4000000000647,move_q25
952,T2/S04,long,2020-09-28 19:30:00,2020-09-28 19:37:00,2020-09-28 19:36:00,True,1,1,1873.83,1874.73,0.900000000000091,711.9000000000719,743.5400000000432,move_q25
215,T1/S01,long,2020-09-28 22:00:00,2020-09-28 22:14:00,2020-09-28 22:06:00,True,2,4,1880.5323354926695,1881.14,0.6076645073305826,1782.2800000004513,1706.210000000072,move_q25
1584,T6/S12,short,2020-10-05 08:00:00,2020-10-05 09:12:00,2020-10-05 09:11:00,True,1,1,1893.17,1891.83,1.3400000000001455,1074.6800000001165,1034.5799999999708,move_q25
953,T2/S04,long,2020-10-05 19:00:00,2020-10-05 19:03:00,2020-10-05 19:02:00,True,1,1,1914.14,1915.14,1.0,805.0000000000001,805.0000000000001,move_q25
954,T2/S04,long,2020-10-05 19:15:00,2020-10-05 19:23:00,2020-10-05 19:22:00,True,1,1,1913.42,1914.1,0.6799999999998363,548.079999999868,515.8399999998975,move_q25
955,T2/S04,long,2020-10-05 19:30:00,2020-10-05 19:34:00,2020-10-05 19:33:00,True,1,1,1914.93,1915.96,1.0299999999999727,831.2099999999781,831.2099999999781,move_q25
956,T2/S04,long,2020-10-05 19:45:00,2020-10-05 19:49:00,2020-10-05 19:48:00,True,1,1,1915.85,1916.41,0.5600000000001728,453.0400000001398,606.75,move_q25
1201,T3/S06,short,2020-10-06 23:00:00,2020-10-06 23:03:00,2020-10-06 23:02:00,True,1,1,1887.7,1886.77,0.9300000000000637,753.3000000000516,737.1000000000663,move_q25
1202,T3/S06,short,2020-10-06 23:10:00,2020-10-06 23:40:00,2020-10-06 23:38:00,True,1,1,1884.36,1883.62,0.7400000000000091,600.1400000000073,1070.5199999999484,move_q25
1203,T3/S06,short,2020-10-06 23:50:00,2020-10-06 23:53:00,2020-10-07 01:37:00,True,1,2,1877.26,1876.18,1.0799999999999272,879.1199999999409,854.699999999963,move_q25
1351,T5/S09,long,2020-10-07 10:24:00,2020-10-08 04:47:00,2020-10-07 15:02:00,True,3,4,1886.7162715517245,1888.77,2.0537284482754785,14293.949999999633,456.3999999995849,move_q25
216,T1/S01,long,2020-10-07 23:48:00,2020-10-08 08:38:00,2020-10-08 04:37:00,True,3,3,1885.83836426492,1886.61,0.7716357350798262,4240.909999999377,8190.749999999778,move_q25
217,T1/S01,long,2020-10-09 23:48:00,2020-10-12 01:07:00,2020-10-12 01:06:00,True,2,2,1928.4584897410025,1929.91,1.4515102589975868,4315.340000000265,2107.4900000001667,move_q25
603,T2/S03,long,2020-10-15 22:00:00,2020-10-15 22:31:00,2020-10-15 22:30:00,True,1,1,1905.99,1906.65,0.6600000000000819,551.7600000000684,551.7600000000684,move_q25
604,T2/S03,long,2020-10-15 22:45:00,2020-10-15 23:09:00,2020-10-15 23:00:00,True,2,2,1906.6284927683328,1907.6,0.9715072316671467,3828.709999999665,988.8400000000534,move_q25
218,T1/S01,long,2020-10-15 23:54:00,2020-10-16 01:05:00,2020-10-16 02:17:00,True,1,1,1908.03,1908.66,0.6300000000001091,529.2000000000917,579.6000000000458,move_q25
219,T1/S01,long,2020-10-22 22:00:00,2020-10-22 22:28:00,2020-10-22 22:27:00,True,2,2,1903.2257497484065,1904.13,0.9042502515935666,2695.570000000468,958.7400000002754,move_q25
220,T1/S01,long,2020-11-04 23:18:00,2020-11-04 23:20:00,2020-11-04 23:21:00,True,1,1,1902.74,1903.31,0.5699999999999363,482.78999999994613,440.4399999999846,move_q25
221,T1/S01,long,2020-11-04 23:24:00,2020-11-04 23:38:00,2020-11-04 23:37:00,True,1,1,1903.38,1904.03,0.6499999999998636,551.1999999998843,568.159999999869,move_q25
222,T1/S01,long,2020-11-04 23:42:00,2020-11-05 01:12:00,2020-11-05 01:11:00,True,1,1,1903.66,1905.13,1.4700000000000273,1248.0300000000232,1248.0300000000232,move_q25
957,T2/S04,long,2020-11-05 19:00:00,2020-11-05 19:10:00,2020-11-05 19:08:00,True,2,2,1945.0287528344672,1945.85,0.8212471655326681,3983.869999999434,1616.899999999884,move_q25
958,T2/S04,long,2020-11-05 19:15:00,2020-11-05 19:17:00,2020-11-05 19:16:00,True,1,1,1946.89,1947.53,0.6399999999998727,547.1999999998911,521.5499999999145,move_q25
959,T2/S04,long,2020-11-05 19:30:00,2020-11-05 19:31:00,2020-11-05 19:30:00,True,1,1,1943.28,1944.05,0.7699999999999818,659.1199999999844,650.5599999999922,move_q25
960,T2/S04,long,2020-11-05 19:45:00,2020-11-05 20:04:00,2020-11-05 19:58:00,True,1,1,1947.69,1948.16,0.4700000000000273,402.79000000002344,437.0699999999922,move_q25
605,T2/S03,long,2020-11-05 22:00:00,2020-11-05 22:02:00,2020-11-05 22:01:00,True,1,1,1949.71,1950.36,0.6499999999998636,557.699999999883,557.699999999883,move_q25
606,T2/S03,long,2020-11-05 22:15:00,2020-11-05 22:16:00,2020-11-05 22:15:00,True,1,1,1948.5399999999997,1949.63,1.090000000000373,936.310000000125,936.310000000125,move_q25
607,T2/S03,long,2020-11-05 22:30:00,2020-11-05 22:41:00,2020-11-05 22:40:00,True,2,2,1948.9062730254855,1950.26,1.3537269745145295,5364.82000000006,1444.8000000000548,move_q25
608,T2/S03,long,2020-11-05 22:45:00,2020-11-05 22:46:00,2020-11-05 22:45:00,True,1,1,1950.69,1951.28,0.5899999999999181,509.7599999999293,509.7599999999293,move_q25
223,T1/S01,long,2020-11-11 23:42:00,2020-11-12 01:05:00,2020-11-12 01:05:00,True,1,1,1865.47,1866.51,1.0399999999999636,899.5999999999686,1150.449999999937,move_q25
961,T2/S04,long,2020-11-13 19:00:00,2020-11-13 19:09:00,2020-11-13 19:08:00,True,1,1,1891.27,1891.99,0.7200000000000273,624.2400000000237,606.9000000000394,move_q25
962,T2/S04,long,2020-11-13 19:15:00,2020-11-13 19:18:00,2020-11-13 19:17:00,True,1,1,1891.6999999999998,1892.34,0.6400000000001,555.5199999998895,564.1999999998816,move_q25
1585,T6/S12,short,2020-11-19 08:00:00,2020-11-19 08:31:00,2020-11-19 08:30:00,True,1,1,1862.41,1860.97,1.4400000000000546,1249.9200000000474,1145.760000000142,move_q25
1586,T6/S12,short,2020-11-19 08:36:00,2020-11-19 08:37:00,2020-11-19 08:36:00,True,1,1,1861.88,1860.64,1.240000000000009,1081.280000000008,933.0400000001429,move_q25
1587,T6/S12,short,2020-11-19 08:48:00,2020-11-19 10:07:00,2020-11-19 09:55:00,True,2,2,1864.1090059790733,1862.96,1.1490059790733085,3074.739999999674,2219.959999999968,move_q25
224,T1/S01,long,2020-11-19 22:18:00,2020-11-19 22:45:00,2020-11-19 22:44:00,True,1,1,1864.6,1865.44,0.8400000000001455,736.6800000001276,868.230000000008,move_q25
225,T1/S01,long,2020-11-19 23:54:00,2020-11-20 03:13:00,2020-11-20 01:13:00,True,2,2,1863.0450993377483,1863.6,0.5549006622516117,1675.7999999995668,1504.8000000000322,move_q25
226,T1/S01,long,2020-11-24 23:00:00,2020-11-24 23:51:00,2020-11-24 23:50:00,True,1,1,1807.47,1808.3,0.8299999999999272,732.8899999999358,697.5699999999679,move_q25
227,T1/S01,long,2020-11-24 23:54:00,2020-11-25 01:48:00,2020-11-25 01:47:00,True,2,2,1806.3792724867724,1807.53,1.1507275132275936,3479.8000000000397,1096.160000000008,move_q25
228,T1/S01,long,2020-12-01 23:48:00,2020-12-02 02:49:00,2020-12-02 02:02:00,True,3,3,1812.2707258354294,1812.97,0.6992741645706246,3892.1600000003355,1362.9000000003705,move_q25
229,T1/S01,long,2020-12-02 22:00:00,2020-12-02 23:03:00,2020-12-02 22:46:00,True,2,2,1828.5773093430175,1829.16,0.5826906569825496,1764.9699999999368,1502.4100000000485,move_q25
609,T2/S03,long,2020-12-02 22:30:00,2020-12-02 23:03:00,2020-12-02 23:02:00,True,1,1,1828.87,1829.67,0.8000000000001819,711.2000000001617,755.6500000001213,move_q25
230,T1/S01,long,2020-12-04 22:42:00,2020-12-04 23:06:00,2020-12-04 23:01:00,True,2,2,1836.2116946917242,1836.85,0.638305308275676,1935.9799999995764,964.4400000001381,move_q25
231,T1/S01,long,2020-12-04 23:30:00,2020-12-04 23:39:00,2020-12-04 23:39:00,True,1,1,1838.36,1839.09,0.7300000000000182,652.6200000000161,464.880000000187,move_q25
232,T1/S01,long,2020-12-04 23:42:00,2020-12-07 02:13:00,2020-12-07 02:08:00,True,3,3,1836.2593903532365,1836.92,0.6606096467635325,3684.220000000423,1559.0400000000081,move_q25
963,T2/S04,long,2020-12-07 19:00:00,2020-12-07 19:06:00,2020-12-07 19:05:00,True,1,1,1864.48,1865.34,0.8599999999999,773.1399999999101,773.1399999999101,move_q25
964,T2/S04,long,2020-12-07 19:15:00,2020-12-07 19:51:00,2020-12-07 19:49:00,True,1,1,1865.6700000000003,1866.12,0.4499999999995907,405.4499999998361,603.6699999998607,move_q25
610,T2/S03,long,2020-12-07 22:00:00,2020-12-07 22:28:00,2020-12-07 22:27:00,True,1,1,1859.69,1860.76,1.0699999999999363,964.0699999999426,973.0799999999344,move_q25
611,T2/S03,long,2020-12-07 22:30:00,2020-12-07 22:37:00,2020-12-07 22:36:00,True,1,1,1861.4999999999998,1862.19,0.6900000000002819,623.0700000000493,623.0700000000493,move_q25
612,T2/S03,long,2020-12-07 22:45:00,2020-12-07 22:58:00,2020-12-07 22:57:00,True,1,1,1862.8899999999999,1863.5,0.6100000000001273,552.0499999999095,588.2499999998765,move_q25
1588,T6/S12,short,2020-12-28 08:36:00,2020-12-28 10:08:00,2020-12-28 09:10:00,True,3,3,1885.8663317931134,1884.4,1.4663317931133406,9837.619999998908,6339.929999999596,move_q25
233,T1/S01,long,2020-12-30 23:24:00,2020-12-30 23:31:00,2020-12-30 23:30:00,True,1,1,1892.25,1893.01,0.7599999999999909,697.6799999999917,716.039999999975,move_q25
234,T1/S01,long,2020-12-30 23:36:00,2020-12-31 01:12:00,2020-12-31 01:11:00,True,1,1,1893.68,1894.79,1.1099999999999,1022.3099999999081,1013.0999999999163,move_q25
235,T1/S01,long,2021-01-04 23:30:00,2021-01-04 23:34:00,2021-01-04 23:33:00,True,1,1,1942.29,1942.86,0.5699999999999363,526.1099999999412,516.8799999999496,move_q25
236,T1/S01,long,2021-01-04 23:36:00,2021-01-05 01:13:00,2021-01-05 01:12:00,True,2,2,1941.9940861618797,1943.56,1.5659138381201956,4797.959999999739,2005.0799999998571,move_q25
237,T1/S01,long,2021-01-06 22:18:00,2021-01-06 23:10:00,2021-01-06 22:26:00,True,2,5,1922.6580078125,1923.26,0.6019921874999454,1849.3200000001148,5741.120000000076,move_q25
1204,T3/S06,short,2021-01-08 23:40:00,2021-01-11 01:12:00,2021-01-11 01:10:00,True,2,2,1852.7194267515924,1849.78,2.939426751592464,9229.800000000248,4892.499999999871,move_q25
1352,T5/S09,long,2021-01-11 10:00:00,2021-01-11 10:03:00,2021-01-11 10:02:00,True,1,1,1846.2099999999998,1850.72,4.510000000000218,4329.599999999991,4329.599999999991,move_q25
1353,T5/S09,long,2021-01-11 10:12:00,2021-01-11 10:15:00,2021-01-11 10:14:00,True,1,1,1852.51,1854.85,2.339999999999918,2265.1199999999208,2265.1199999999208,move_q25
1354,T5/S09,long,2021-01-11 10:24:00,2021-01-11 10:39:00,2021-01-11 10:40:00,True,1,1,1851.18,1853.72,2.5399999999999636,2471.4199999999646,2091.9499999998675,move_q25
1355,T5/S09,long,2021-01-11 10:48:00,2021-01-11 11:08:00,2021-01-11 16:56:00,True,4,2,1839.9724233432244,1842.06,2.087576656775582,23215.939999999515,4011.3599999999024,move_q25
238,T1/S01,long,2021-01-12 22:00:00,2021-01-12 22:37:00,2021-01-12 22:03:00,True,2,6,1853.24856,1854.58,1.3314399999999296,4160.749999999845,9650.00000000001,move_q25
1205,T3/S06,short,2021-01-13 23:00:00,2021-01-13 23:03:00,2021-01-13 23:02:00,True,1,1,1848.79,1847.94,0.849999999999909,865.2999999999073,794.0399999999722,move_q25
1206,T3/S06,short,2021-01-13 23:10:00,2021-01-13 23:11:00,2021-01-13 23:10:00,True,1,1,1848.49,1847.15,1.3399999999999181,1368.1399999999164,1143.5200000001207,move_q25
1207,T3/S06,short,2021-01-13 23:20:00,2021-01-13 23:41:00,2021-01-13 23:40:00,True,1,1,1848.2900000000002,1847.36,0.930000000000291,951.3900000000651,777.4799999999908,move_q25
1208,T3/S06,short,2021-01-13 23:50:00,2021-01-14 04:20:00,2021-01-14 04:05:00,True,3,3,1848.649894164339,1847.52,1.1298941643390208,7686.670000000126,1658.8800000001215,move_q25
613,T2/S03,long,2021-01-20 22:00:00,2021-01-20 22:08:00,2021-01-20 22:07:00,True,1,1,1868.23,1868.86,0.6299999999998818,647.6399999998785,647.6399999998785,move_q25
614,T2/S03,long,2021-01-22 22:00:00,2021-01-22 22:03:00,2021-01-22 22:02:00,True,1,1,1855.77,1856.33,0.5599999999999454,576.2399999999438,524.7899999999906,move_q25
615,T2/S03,long,2021-01-22 22:15:00,2021-01-22 22:18:00,2021-01-22 22:17:00,True,1,1,1855.29,1855.85,0.5599999999999454,576.7999999999438,566.4999999999532,move_q25
616,T2/S03,long,2021-01-22 22:30:00,2021-01-25 01:05:00,2021-01-22 23:52:00,True,3,3,1854.1745212178578,1854.82,0.6454787821421633,4091.6900000000896,10206.900000000096,move_q25
1589,T6/S12,short,2021-01-26 09:48:00,2021-01-26 09:58:00,2021-01-26 09:58:00,True,1,1,1851.84,1850.64,1.199999999999818,1262.3999999998086,1083.559999999971,move_q25
1356,T5/S09,long,2021-01-29 13:48:00,2021-01-29 14:08:00,2021-01-29 14:07:00,True,1,1,1863.05,1865.33,2.2799999999999727,2403.1199999999712,2403.1199999999712,move_q25
1590,T6/S12,short,2021-02-02 09:36:00,2021-02-02 09:47:00,2021-02-02 09:46:00,True,2,2,1851.4230723523242,1849.87,1.5530723523243068,4443.340000000297,2753.3999999999032,move_q25
1591,T6/S12,short,2021-02-04 08:12:00,2021-02-04 16:04:00,2021-02-04 10:09:00,True,4,4,1822.9260276911075,1821.22,1.7060276911074652,17497.019999999815,83747.43999999957,move_q25
239,T1/S01,long,2021-02-04 22:00:00,2021-02-05 10:11:00,2021-02-05 01:05:00,True,2,2,1794.1320759193356,1795.15,1.017924080664443,3432.440000000284,28656.319999999992,move_q25
965,T2/S04,long,2021-02-08 19:00:00,2021-02-09 02:55:00,2021-02-08 22:23:00,True,4,6,1833.9986597938146,1834.7,0.7013402061854777,9320.10999999983,5014.209999998957,move_q25
1209,T3/S06,short,2021-02-11 23:00:00,2021-02-11 23:05:00,2021-02-11 23:51:00,True,1,1,1826.3,1825.53,0.7699999999999818,1000.2299999999764,714.4499999999409,move_q25
1210,T3/S06,short,2021-02-11 23:10:00,2021-02-11 23:50:00,2021-02-11 23:50:00,True,1,1,1826.38,1825.68,0.7000000000000455,910.0000000000591,806.0000000001537,move_q25
966,T2/S04,long,2021-02-22 19:00:00,2021-02-22 19:09:00,2021-02-22 19:08:00,True,1,1,1811.59,1812.31,0.7200000000000273,937.4400000000355,885.3600000000828,move_q25
967,T2/S04,long,2021-02-22 19:15:00,2021-02-22 19:17:00,2021-02-22 19:15:00,True,1,1,1810.93,1811.38,0.4500000000000455,586.8000000000593,691.1199999999644,move_q25
968,T2/S04,long,2021-02-22 19:30:00,2021-02-22 20:06:00,2021-02-22 19:56:00,True,2,2,1808.7496889726674,1809.27,0.5203110273325819,2760.249999999941,1605.1500000003207,move_q25
1592,T6/S12,short,2021-02-26 08:00:00,2021-02-26 08:14:00,2021-02-26 08:13:00,True,2,2,1761.829961414791,1759.92,1.9099614147908142,5939.979999999699,4407.959999999857,move_q25
1211,T3/S06,short,2021-03-01 23:00:00,2021-03-02 01:21:00,2021-03-02 01:20:00,True,1,1,1723.6,1722.74,0.8599999999999,1132.6199999998682,777.0299999998922,move_q25
1212,T3/S06,short,2021-03-03 23:30:00,2021-03-03 23:38:00,2021-03-03 23:44:00,True,1,1,1714.45,1713.25,1.2000000000000455,1582.80000000006,699.069999999964,move_q25
1213,T3/S06,short,2021-03-03 23:40:00,2021-03-03 23:48:00,2021-03-03 23:47:00,True,1,1,1713.82,1712.79,1.0299999999999727,1359.599999999964,1108.799999999892,move_q25
1214,T3/S06,short,2021-03-03 23:50:00,2021-03-04 01:05:00,2021-03-04 01:05:00,True,1,1,1711.92,1711.16,0.7599999999999909,1004.7199999999881,1282.340000000036,move_q25
1215,T3/S06,short,2021-03-04 23:30:00,2021-03-04 23:46:00,2021-03-04 23:45:00,True,1,1,1699.5999999999997,1698.81,0.7899999999997362,1046.7499999999518,808.2499999998674,move_q25
1216,T3/S06,short,2021-03-04 23:50:00,2021-03-05 01:06:00,2021-03-05 01:05:00,True,1,1,1698.33,1696.65,1.6799999999998363,2227.679999999783,2134.8599999998673,move_q25
1593,T6/S12,short,2021-03-08 09:48:00,2021-03-08 09:54:00,2021-03-08 09:53:00,True,1,1,1699.03,1697.85,1.1800000000000637,1570.5800000000847,1424.1699999999153,move_q25
969,T2/S04,long,2021-03-09 19:30:00,2021-03-09 19:40:00,2021-03-09 19:40:00,True,1,1,1716.3499999999997,1717.02,0.6700000000003001,893.7800000000971,733.7000000002427,move_q25
970,T2/S04,long,2021-03-09 19:45:00,2021-03-09 20:03:00,2021-03-09 20:02:00,True,1,1,1718.0,1718.72,0.7200000000000273,961.2000000000364,1041.2999999999636,move_q25
1594,T6/S12,short,2021-03-12 09:24:00,2021-03-12 11:19:00,2021-03-12 09:37:00,True,2,2,1709.9696177126473,1708.7,1.269617712647232,3985.3299999996534,13851.31999999956,move_q25
240,T1/S01,long,2021-03-12 22:00:00,2021-03-12 23:40:00,2021-03-12 22:38:00,True,1,1,1722.5399999999997,1723.1,0.5600000000001728,764.3999999999255,3644.5500000000998,move_q25
617,T2/S03,long,2021-03-12 22:00:00,2021-03-12 23:40:00,2021-03-12 22:38:00,True,1,1,1722.5399999999997,1723.1,0.5600000000001728,764.3999999999255,3644.5500000000998,move_q25
241,T1/S01,long,2021-03-12 23:54:00,2021-03-15 02:06:00,2021-03-15 00:16:00,True,1,2,1726.88,1727.45,0.5699999999999363,785.4599999999122,1502.0199999995739,move_q25
242,T1/S01,long,2021-03-15 22:48:00,2021-03-16 03:06:00,2021-03-16 03:05:00,True,2,2,1730.5995968199886,1731.82,1.220403180011317,4298.259999999811,2888.379999999887,move_q25
618,T2/S03,long,2021-03-19 22:15:00,2021-03-19 22:25:00,2021-03-19 22:23:00,True,1,1,1742.18,1742.67,0.4900000000000091,680.1200000000126,805.0399999998991,move_q25
619,T2/S03,long,2021-03-19 22:30:00,2021-03-19 22:38:00,2021-03-19 22:37:00,True,1,1,1742.85,1743.52,0.6700000000000728,931.3000000001011,986.9000000000506,move_q25
620,T2/S03,long,2021-03-19 22:45:00,2021-03-22 05:00:00,2021-03-22 05:17:00,True,7,5,1739.171993254562,1739.84,0.6680067454378786,14953.66499999825,4398.7199999997965,move_q25
971,T2/S04,long,2021-03-31 19:00:00,2021-03-31 19:07:00,2021-03-31 19:06:00,True,1,1,1708.16,1709.06,0.8999999999998636,1260.8999999998089,1218.869999999847,move_q25
972,T2/S04,long,2021-03-31 19:15:00,2021-03-31 19:18:00,2021-03-31 19:17:00,True,1,1,1709.17,1709.83,0.6599999999998545,925.9799999997957,954.0399999997703,move_q25
973,T2/S04,long,2021-03-31 19:30:00,2021-03-31 19:31:00,2021-03-31 19:30:00,True,1,1,1708.71,1709.3,0.5899999999999181,828.9499999998851,828.9499999998851,move_q25
974,T2/S04,long,2021-03-31 19:45:00,2021-03-31 19:55:00,2021-03-31 19:51:00,True,1,1,1710.7699999999998,1711.23,0.46000000000026375,647.2200000000512,858.2700000001792,move_q25
621,T2/S03,long,2021-03-31 22:00:00,2021-03-31 22:01:00,2021-03-31 22:00:00,True,1,1,1707.8699999999997,1708.66,0.7900000000004184,1112.320000000269,1084.1600000002945,move_q25
622,T2/S03,long,2021-03-31 22:15:00,2021-03-31 22:23:00,2021-03-31 22:22:00,True,1,1,1708.31,1708.95,0.6400000000001,902.400000000141,902.400000000141,move_q25
623,T2/S03,long,2021-03-31 22:30:00,2021-03-31 22:40:00,2021-03-31 22:39:00,True,1,1,1707.38,1708.12,0.7399999999997817,1044.8799999996916,931.9199999997945,move_q25
624,T2/S03,long,2021-03-31 22:45:00,2021-03-31 23:35:00,2021-03-31 23:23:00,True,2,2,1706.9265153863182,1707.63,0.7034846136818942,3177.640000000316,1583.679999999846,move_q25
975,T2/S04,long,2021-04-06 19:00:00,2021-04-06 21:25:00,2021-04-06 19:15:00,True,2,3,1743.8917777367546,1744.54,0.6482222632453158,3511.419999999478,2919.0199999999227,move_q25
976,T2/S04,long,2021-04-08 19:00:00,2021-04-08 19:09:00,2021-04-08 19:08:00,True,1,1,1755.7400000000002,1756.4,0.6599999999998545,939.1800000001165,939.1800000001165,move_q25
977,T2/S04,long,2021-04-08 19:15:00,2021-04-08 19:16:00,2021-04-08 19:15:00,True,1,1,1756.64,1757.24,0.599999999999909,854.9999999998704,797.9999999999222,move_q25
978,T2/S04,long,2021-04-08 19:30:00,2021-04-08 22:55:00,2021-04-08 23:11:00,True,2,2,1755.6854118297404,1756.21,0.5245881702596762,2846.940000000075,71.35000000025957,move_q25
625,T2/S03,long,2021-04-08 22:00:00,2021-04-08 23:18:00,2021-04-08 22:54:00,True,1,1,1755.07,1755.7,0.6300000000001091,899.0100000001557,2383.090000000104,move_q25
979,T2/S04,long,2021-04-13 19:00:00,2021-04-13 19:14:00,2021-04-13 19:13:00,True,1,1,1743.87,1744.36,0.4900000000000091,701.680000000013,744.6400000002996,move_q25
980,T2/S04,long,2021-04-15 19:00:00,2021-04-15 19:01:00,2021-04-15 19:00:00,True,1,1,1766.66,1768.24,1.5799999999999272,2264.1399999998957,2421.7699999997526,move_q25
981,T2/S04,long,2021-04-15 19:15:00,2021-04-15 19:17:00,2021-04-15 19:16:00,True,1,1,1768.27,1768.8,0.5299999999999727,762.1399999999608,762.1399999999608,move_q25
982,T2/S04,long,2021-04-15 19:30:00,2021-04-16 03:04:00,2021-04-15 21:05:00,True,2,6,1766.9356444199302,1767.45,0.5143555800698323,2797.580000000112,8441.559999999554,move_q25
626,T2/S03,long,2021-04-15 22:00:00,2021-04-16 03:04:00,2021-04-16 03:01:00,True,3,3,1764.982175781829,1765.71,0.7278242181710084,4910.629999999822,-647.5500000000652,move_q25
627,T2/S03,long,2021-04-20 22:15:00,2021-04-20 23:35:00,2021-04-20 23:13:00,True,2,2,1778.2490566037739,1778.8,0.5509433962261028,2511.199999999546,1585.950000000212,move_q25
983,T2/S04,long,2021-04-21 19:30:00,2021-04-21 19:33:00,2021-04-21 19:32:00,True,1,1,1791.91,1792.45,0.5399999999999636,787.319999999947,787.319999999947,move_q25
984,T2/S04,long,2021-04-21 19:45:00,2021-04-21 19:51:00,2021-04-21 19:49:00,True,1,1,1791.34,1791.79,0.4500000000000455,657.0000000000664,1124.1999999999734,move_q25
243,T1/S01,long,2021-04-22 23:18:00,2021-04-22 23:46:00,2021-04-22 23:45:00,True,1,1,1783.57,1784.2,0.6300000000001091,921.0600000001594,979.5400000001063,move_q25
244,T1/S01,long,2021-04-29 22:00:00,2021-04-29 22:07:00,2021-04-29 22:41:00,True,1,1,1773.4200000000003,1774.03,0.6099999999996726,893.0399999998535,761.2799999999734,move_q25
245,T1/S01,long,2021-04-29 22:12:00,2021-04-29 22:42:00,2021-04-29 22:41:00,True,1,1,1773.3699999999997,1774.03,0.6600000000003092,966.9000000001199,922.9500000001599,move_q25
246,T1/S01,long,2021-04-29 22:48:00,2021-04-30 02:45:00,2021-04-30 02:13:00,True,3,3,1772.4961385816525,1773.05,0.5538614183474238,3405.139999999433,2449.889999999774,move_q25
985,T2/S04,long,2021-05-03 19:00:00,2021-05-03 19:05:00,2021-05-03 19:04:00,True,1,1,1792.47,1793.17,0.7000000000000455,1030.400000000067,1000.9600000000937,move_q25
986,T2/S04,long,2021-05-03 19:15:00,2021-05-03 19:19:00,2021-05-03 19:18:00,True,1,1,1792.88,1793.39,0.5099999999999909,751.7399999999866,751.7399999999866,move_q25
987,T2/S04,long,2021-05-03 19:30:00,2021-05-03 19:32:00,2021-05-03 19:31:00,True,1,1,1793.37,1793.93,0.5600000000001728,826.5600000002551,826.5600000002551,move_q25
988,T2/S04,long,2021-05-03 19:45:00,2021-05-03 21:48:00,2021-05-03 21:14:00,True,2,2,1792.3254117217455,1792.99,0.6645882782545414,3639.9500000002295,1713.3200000001207,move_q25
628,T2/S03,long,2021-05-03 22:00:00,2021-05-03 22:04:00,2021-05-03 22:03:00,True,1,1,1792.29,1792.96,0.6700000000000728,992.2700000001078,992.2700000001078,move_q25
247,T1/S01,long,2021-05-05 23:30:00,2021-05-05 23:34:00,2021-05-05 23:33:00,True,1,1,1786.67,1787.37,0.6999999999998181,1038.0999999997302,1067.7600000000405,move_q25
248,T1/S01,long,2021-05-05 23:36:00,2021-05-06 04:16:00,2021-05-06 04:11:00,True,4,4,1784.4810216271885,1785.27,0.7889783728114708,7660.9799999997085,3430.3499999992437,move_q25
989,T2/S04,long,2021-05-06 19:00:00,2021-05-06 19:06:00,2021-05-06 19:05:00,True,1,1,1814.37,1814.99,0.6200000000001182,925.0400000001765,925.0400000001765,move_q25
990,T2/S04,long,2021-05-06 19:15:00,2021-05-06 20:48:00,2021-05-06 20:26:00,True,2,2,1814.5028139788865,1815.41,0.9071860211136027,4984.080000000245,1942.2000000002718,move_q25
629,T2/S03,long,2021-05-06 22:00:00,2021-05-06 22:35:00,2021-05-06 22:34:00,True,1,1,1814.03,1814.64,0.6100000000001273,913.1700000001906,913.1700000001906,move_q25
630,T2/S03,long,2021-05-06 22:45:00,2021-05-06 23:00:00,2021-05-06 22:59:00,True,1,1,1814.79,1815.29,0.5,749.5,809.4599999999455,move_q25
249,T1/S01,long,2021-05-11 22:54:00,2021-05-12 13:13:00,2021-05-12 09:22:00,True,7,7,1831.3261353327778,1832.14,0.8138646672223331,17584.360000002394,26462.629999999823,move_q25
991,T2/S04,long,2021-05-13 19:45:00,2021-05-13 19:46:00,2021-05-13 19:45:00,True,1,1,1826.35,1826.89,0.540000000000191,838.6200000002965,869.6800000002684,move_q25
631,T2/S03,long,2021-05-13 22:00:00,2021-05-13 22:03:00,2021-05-13 22:02:00,True,1,1,1825.51,1826.74,1.2300000000000182,1913.8800000000283,1913.8800000000283,move_q25
632,T2/S03,long,2021-05-13 22:15:00,2021-05-13 22:17:00,2021-05-13 22:16:00,True,1,1,1825.01,1825.56,0.5499999999999545,857.4499999999292,873.0399999999148,move_q25
633,T2/S03,long,2021-05-13 22:30:00,2021-05-13 23:15:00,2021-05-13 23:14:00,True,1,1,1827.13,1827.86,0.7299999999997908,1139.5299999996735,1139.5299999996735,move_q25
1357,T5/S09,long,2021-05-14 10:00:00,2021-05-14 12:12:00,2021-05-14 12:12:00,True,1,1,1834.82,1837.26,2.4400000000000546,3813.7200000000853,3188.519999999943,move_q25
250,T1/S01,long,2021-05-14 22:00:00,2021-05-14 22:14:00,2021-05-14 22:13:00,True,1,1,1841.79,1842.44,0.650000000000091,1020.5000000001428,1083.3000000000857,move_q25
251,T1/S01,long,2021-05-14 22:18:00,2021-05-14 22:59:00,2021-05-14 22:58:00,True,1,1,1842.79,1843.53,0.7400000000000091,1163.2800000000143,1163.2800000000143,move_q25
252,T1/S01,long,2021-05-14 23:00:00,2021-05-14 23:40:00,2021-05-14 23:11:00,True,2,8,1841.7716059757236,1842.51,0.7383940242764311,1581.6400000000194,6221.54000000043,move_q25
1288,T4/S08,long,2021-05-17 06:10:00,2021-05-17 08:07:00,2021-05-17 08:05:00,True,1,1,1852.06,1853.5,1.4400000000000546,2288.1600000000867,2399.389999999986,move_q25
1289,T4/S08,long,2021-05-17 08:10:00,2021-05-17 16:33:00,2021-05-17 16:28:00,True,5,6,1849.2035566982113,1850.63,1.4264433017888223,13038.405000000956,16344.180000001072,move_q25
992,T2/S04,long,2021-05-17 19:45:00,2021-05-17 19:49:00,2021-05-17 19:48:00,True,1,1,1866.9,1867.51,0.6099999999999,991.8599999998374,959.339999999867,move_q25
634,T2/S03,long,2021-05-17 22:00:00,2021-05-18 01:09:00,2021-05-17 23:45:00,True,2,2,1865.9612280701754,1866.5,0.5387719298246338,2548.929999999764,1741.9599999998968,move_q25
993,T2/S04,long,2021-05-25 19:45:00,2021-05-25 19:52:00,2021-05-25 19:51:00,True,1,1,1893.7,1894.46,0.7599999999999909,1244.119999999985,1260.4899999999702,move_q25
253,T1/S01,long,2021-05-25 22:00:00,2021-05-25 23:03:00,2021-05-25 23:02:00,True,1,1,1899.49,1900.12,0.6299999999998818,1033.829999999806,1033.829999999806,move_q25
635,T2/S03,long,2021-05-25 22:00:00,2021-05-25 23:03:00,2021-05-25 22:59:00,True,1,1,1899.49,1900.01,0.5199999999999818,853.3199999999703,1033.829999999806,move_q25
254,T1/S01,long,2021-05-25 23:06:00,2021-05-26 03:23:00,2021-05-26 03:21:00,True,2,2,1899.1979920739766,1899.72,0.5220079260234343,1975.800000000262,2023.3500000004042,move_q25
255,T1/S01,long,2021-05-27 22:00:00,2021-05-27 22:13:00,2021-05-27 22:12:00,True,1,1,1897.76,1898.35,0.5899999999999181,972.3199999998652,972.3199999998652,move_q25
256,T1/S01,long,2021-05-27 22:18:00,2021-05-28 02:44:00,2021-05-28 02:37:00,True,2,4,1896.7520998600094,1897.3,0.5479001399905883,1174.1499999999025,-3935.3000000001657,move_q25
257,T1/S01,long,2021-05-28 22:48:00,2021-05-28 22:53:00,2021-05-28 22:52:00,True,1,1,1903.83,1904.43,0.6000000000001364,1010.4000000002297,943.040000000291,move_q25
258,T1/S01,long,2021-05-28 22:54:00,2021-05-31 03:09:00,2021-05-31 03:08:00,True,2,2,1903.6294772608467,1904.53,0.9005227391533026,3445.3999999997855,2663.8799999998773,move_q25
994,T2/S04,long,2021-06-02 19:00:00,2021-06-02 19:03:00,2021-06-02 19:01:00,True,1,1,1905.48,1905.92,0.44000000000005457,744.0400000000923,1166.7900000000923,move_q25
995,T2/S04,long,2021-06-02 19:15:00,2021-06-02 19:45:00,2021-06-02 19:44:00,True,1,1,1905.96,1906.5,0.5399999999999636,914.2199999999384,897.2899999999537,move_q25
259,T1/S01,long,2021-06-02 22:12:00,2021-06-02 22:54:00,2021-06-02 22:53:00,True,1,1,1907.97,1908.63,0.6600000000000819,1118.7000000001387,1203.4500000000617,move_q25
1595,T6/S12,short,2021-06-03 08:48:00,2021-06-03 15:34:00,2021-06-03 09:08:00,True,1,1,1900.97,1899.62,1.3500000000001364,2292.3000000002316,27762.300000000232,move_q25
996,T2/S04,long,2021-06-04 19:00:00,2021-06-04 22:13:00,2021-06-04 21:37:00,True,3,3,1890.8776007382344,1891.38,0.5023992617657314,4899.9000000013375,3172.929999999905,move_q25
997,T2/S04,long,2021-06-07 19:15:00,2021-06-07 19:39:00,2021-06-07 19:38:00,True,1,1,1894.64,1895.29,0.6499999999998636,1143.99999999976,1143.99999999976,move_q25
998,T2/S04,long,2021-06-07 19:45:00,2021-06-07 20:18:00,2021-06-07 20:03:00,True,1,1,1895.17,1895.64,0.4700000000000273,828.1400000000481,1021.9599999998719,move_q25
260,T1/S01,long,2021-06-07 22:00:00,2021-06-07 22:13:00,2021-06-07 22:12:00,True,1,1,1898.87,1899.45,0.5800000000001546,1023.1200000002727,1058.4000000002407,move_q25
636,T2/S03,long,2021-06-07 22:00:00,2021-06-07 22:13:00,2021-06-07 22:01:00,True,1,1,1898.87,1899.36,0.4900000000000091,864.360000000016,1058.4000000002407,move_q25
637,T2/S03,long,2021-06-07 22:15:00,2021-06-08 03:43:00,2021-06-08 03:42:00,True,1,2,1899.59,1900.41,0.8200000000001637,3.280000000000585,1449.7600000002894,move_q25
261,T1/S01,long,2021-06-07 22:18:00,2021-06-08 03:43:00,2021-06-08 03:42:00,True,1,2,1899.85,1900.41,0.5600000000001728,2.2400000000006437,1836.8000000003376,move_q25
262,T1/S01,long,2021-06-10 22:12:00,2021-06-10 22:16:00,2021-06-10 22:15:00,True,1,1,1896.72,1897.45,0.7300000000000182,1299.4000000000324,1335.0000000000002,move_q25
263,T1/S01,long,2021-06-10 22:18:00,2021-06-10 22:22:00,2021-06-10 22:22:00,True,1,1,1897.6799999999998,1898.28,0.6000000000001364,1069.199999999838,997.9199999999028,move_q25
264,T1/S01,long,2021-06-10 22:24:00,2021-06-10 22:25:00,2021-06-10 22:24:00,True,1,1,1898.31,1899.2,0.8900000000001,1588.6500000001786,1410.149999999935,move_q25
265,T1/S01,long,2021-06-10 22:30:00,2021-06-10 23:44:00,2021-06-10 23:43:00,True,1,1,1898.67,1899.37,0.6999999999998181,1250.899999999675,1215.1599999997075,move_q25
266,T1/S01,long,2021-06-10 23:48:00,2021-06-11 01:35:00,2021-06-11 01:27:00,True,2,4,1898.0213818860877,1898.57,0.5486181139121982,1175.1399999999026,4559.049999999919,move_q25
1217,T3/S06,short,2021-06-11 23:00:00,2021-06-11 23:17:00,2021-06-11 23:17:00,True,1,1,1876.5999999999997,1875.8,0.7999999999997272,1440.7999999999183,972.5399999999345,move_q25
1218,T3/S06,short,2021-06-11 23:20:00,2021-06-14 01:54:00,2021-06-14 01:53:00,True,1,1,1875.7199999999998,1874.93,0.7899999999997362,1424.3699999999344,1316.190000000033,move_q25
638,T2/S03,long,2021-06-14 22:00:00,2021-06-14 22:19:00,2021-06-14 22:09:00,True,1,1,1864.65,1865.15,0.5,902.5,956.6499999999508,move_q25
639,T2/S03,long,2021-06-14 22:30:00,2021-06-14 23:01:00,2021-06-14 22:56:00,True,1,1,1865.64,1866.14,0.5,903.5,1011.9199999999014,move_q25
267,T1/S01,long,2021-06-14 23:18:00,2021-06-15 01:12:00,2021-06-15 01:33:00,True,1,1,1866.24,1867.04,0.7999999999999545,1447.9999999999177,977.3999999999342,move_q25
268,T1/S01,long,2021-06-15 23:30:00,2021-06-16 07:30:00,2021-06-16 01:07:00,True,1,1,1858.88,1859.44,0.5599999999999454,1014.7199999999012,833.519999999654,move_q25
1219,T3/S06,short,2021-06-16 23:00:00,2021-06-16 23:23:00,2021-06-16 23:22:00,True,1,1,1828.18,1827.08,1.1000000000001364,2010.8000000002494,1901.1199999999335,move_q25
1220,T3/S06,short,2021-06-16 23:30:00,2021-06-16 23:31:00,2021-06-16 23:30:00,True,1,1,1824.4699999999998,1821.91,2.559999999999718,4689.9199999999,4689.9199999999,move_q25
1221,T3/S06,short,2021-06-16 23:40:00,2021-06-16 23:41:00,2021-06-16 23:41:00,True,1,1,1820.3199999999997,1814.88,5.4399999999996,10020.479999999683,1086.7799999998492,move_q25
1222,T3/S06,short,2021-06-16 23:50:00,2021-06-16 23:52:00,2021-06-16 23:51:00,True,1,1,1811.6900000000003,1808.04,3.6500000000003183,6734.250000000167,6642.000000000252,move_q25
1596,T6/S12,short,2021-06-17 09:48:00,2021-06-17 10:09:00,2021-06-17 10:09:00,True,1,1,1813.75,1812.45,1.2999999999999545,2414.099999999916,2079.8399999997973,move_q25
269,T1/S01,long,2021-06-25 23:18:00,2021-06-25 23:49:00,2021-06-25 23:49:00,True,1,1,1780.1799999999998,1780.75,0.5700000000001637,1061.3399999998815,968.2399999999662,move_q25
270,T1/S01,long,2021-06-25 23:54:00,2021-06-28 01:24:00,2021-06-28 01:23:00,True,1,1,1781.01,1781.6,0.5899999999999181,1099.7599999998474,1081.1199999998644,move_q25
640,T2/S03,long,2021-06-30 22:00:00,2021-06-30 22:28:00,2021-06-30 22:27:00,True,1,1,1769.47,1770.33,0.8599999999999,1604.7599999998133,1567.4399999998473,move_q25
641,T2/S03,long,2021-06-30 22:30:00,2021-06-30 22:38:00,2021-06-30 22:37:00,True,1,1,1770.46,1770.99,0.5299999999999727,990.5699999999491,990.5699999999491,move_q25
271,T1/S01,long,2021-06-30 22:42:00,2021-07-01 08:46:00,2021-07-01 04:12:00,True,4,4,1768.4640263470683,1769.07,0.6059736529316524,6117.909999998832,57813.900000000176,move_q25
642,T2/S03,long,2021-06-30 22:45:00,2021-07-01 08:46:00,2021-07-01 04:12:00,True,4,4,1768.585307988882,1769.07,0.48469201111788607,5405.7699999990255,57102.9200000004,move_q25
272,T1/S01,long,2021-07-01 22:48:00,2021-07-02 10:19:00,2021-07-01 23:32:00,True,1,2,1776.19,1776.78,0.5899999999999181,1239.5899999998283,3193.5199999994843,move_q25
273,T1/S01,long,2021-07-02 22:00:00,2021-07-02 22:05:00,2021-07-02 22:04:00,True,1,1,1790.09,1790.74,0.650000000000091,1370.2000000001917,1370.2000000001917,move_q25
274,T1/S01,long,2021-07-02 22:06:00,2021-07-05 04:36:00,2021-07-05 04:18:00,True,4,4,1788.15923560716,1788.93,0.7707643928399648,7965.850000000501,7047.399999999347,move_q25
1358,T5/S09,long,2021-07-06 10:24:00,2021-07-06 10:54:00,2021-07-06 10:53:00,True,1,1,1806.14,1808.75,2.6099999999999,5543.6399999997875,5564.879999999768,move_q25
1359,T5/S09,long,2021-07-06 11:00:00,2021-07-06 14:48:00,2021-07-06 14:48:00,True,1,1,1807.4699999999998,1810.18,2.7100000000002638,5788.560000000078,4613.760000000175,move_q25
1360,T5/S09,long,2021-07-08 11:48:00,2021-07-08 13:46:00,2021-07-08 13:45:00,True,2,2,1810.4,1812.96,2.5599999999999454,10982.400000000252,9030.450000000077,move_q25
275,T1/S01,long,2021-07-08 23:12:00,2021-07-09 02:49:00,2021-07-09 01:17:00,True,2,1,1802.5790890076687,1803.12,0.5409109923311917,2327.5399999998244,1449.2100000001574,move_q25
643,T2/S03,long,2021-07-09 22:00:00,2021-07-12 04:03:00,2021-07-12 04:02:00,True,4,5,1809.1689281970653,1809.63,0.46107180293483907,5278.350000001008,5523.299999999409,move_q25
276,T1/S01,long,2021-07-19 23:30:00,2021-07-19 23:34:00,2021-07-19 23:33:00,True,1,1,1811.7,1812.36,0.6599999999998545,1436.8199999996832,1436.8199999996832,move_q25
277,T1/S01,long,2021-07-19 23:36:00,2021-07-19 23:48:00,2021-07-19 23:47:00,True,1,1,1812.49,1813.22,0.7300000000000182,1591.4000000000397,1286.1999999998216,move_q25
278,T1/S01,long,2021-07-19 23:54:00,2021-07-20 03:05:00,2021-07-20 03:04:00,True,2,2,1811.777288292457,1812.62,0.8427117075430033,3642.1999999996065,3796.6799999995233,move_q25
1223,T3/S06,short,2021-07-30 23:00:00,2021-07-30 23:02:00,2021-07-30 23:01:00,True,1,1,1814.3899999999999,1813.53,0.8599999999999,1883.4000000002789,1554.9000000000794,move_q25
1224,T3/S06,short,2021-07-30 23:10:00,2021-08-02 02:24:00,2021-08-02 02:23:00,True,1,1,1813.6,1812.88,0.7199999999997999,1578.9599999995612,1381.5899999997407,move_q25
999,T2/S04,long,2021-08-11 19:00:00,2021-08-11 20:03:00,2021-08-11 19:44:00,True,3,3,1749.3090584542958,1749.84,0.5309415457040814,5413.479999999267,11155.68000000034,move_q25
644,T2/S03,long,2021-08-11 22:00:00,2021-08-11 22:13:00,2021-08-11 22:12:00,True,1,1,1751.56,1752.07,0.5099999999999909,1131.1799999999798,1153.3599999999597,move_q25
645,T2/S03,long,2021-08-11 22:15:00,2021-08-11 22:59:00,2021-08-11 22:58:00,True,1,1,1752.33,1752.9,0.5700000000001637,1265.4000000003634,1132.1999999999798,move_q25
1000,T2/S04,long,2021-08-13 19:00:00,2021-08-13 19:02:00,2021-08-13 19:01:00,True,1,1,1776.73,1777.6,0.8699999999998909,1934.0099999997574,1934.0099999997574,move_q25
1001,T2/S04,long,2021-08-13 19:15:00,2021-08-13 21:11:00,2021-08-13 21:08:00,True,2,2,1777.3686957918405,1777.94,0.5713042081595177,3556.9400000007035,2381.8199999998583,move_q25
646,T2/S03,long,2021-08-13 22:00:00,2021-08-13 22:21:00,2021-08-13 22:20:00,True,1,1,1776.99,1777.51,0.5199999999999818,1160.1199999999594,1160.1199999999594,move_q25
647,T2/S03,long,2021-08-13 22:30:00,2021-08-13 22:49:00,2021-08-13 22:48:00,True,1,1,1777.15,1777.96,0.8099999999999454,1808.7299999998781,1831.0599999998576,move_q25
279,T1/S01,long,2021-08-16 22:54:00,2021-08-17 04:05:00,2021-08-17 04:04:00,True,2,2,1787.2266209732693,1787.75,0.5233790267307086,2290.8299999998408,2617.2899999996544,move_q25
280,T1/S01,long,2021-08-25 22:00:00,2021-08-26 14:09:00,2021-08-26 13:52:00,True,6,6,1787.3595835831468,1788.15,0.7904164168533043,14501.770000002047,7577.959999998717,move_q25
648,T2/S03,long,2021-08-26 22:45:00,2021-08-26 22:56:00,2021-08-26 22:55:00,True,1,1,1792.2,1792.73,0.5299999999999727,1196.7399999999384,1196.7399999999384,move_q25
649,T2/S03,long,2021-08-27 22:45:00,2021-08-27 22:52:00,2021-08-27 22:51:00,True,1,1,1818.16,1818.68,0.5199999999999818,1175.1999999999591,1152.5999999999794,move_q25
281,T1/S01,long,2021-08-27 23:06:00,2021-08-30 03:21:00,2021-08-30 03:00:00,True,1,1,1818.47,1819.03,0.5599999999999454,1266.7199999998766,1696.5,move_q25
1002,T2/S04,long,2021-09-03 19:00:00,2021-09-03 19:49:00,2021-09-03 19:17:00,True,1,1,1829.34,1829.77,0.43000000000006366,982.5500000001455,1233.9000000004364,move_q25
1597,T6/S12,short,2021-09-07 08:24:00,2021-09-07 11:09:00,2021-09-07 08:27:00,True,1,1,1820.8000000000002,1819.52,1.2800000000002,2927.359999999938,12372.669999999669,move_q25
1225,T3/S06,short,2021-09-10 23:00:00,2021-09-13 01:06:00,2021-09-13 03:06:00,True,1,1,1787.89,1786.45,1.4400000000000546,3329.2800000001266,1202.2400000004836,move_q25
282,T1/S01,long,2021-09-20 23:18:00,2021-09-21 04:57:00,2021-09-21 04:56:00,True,2,2,1764.5958361391697,1765.26,0.6641638608302856,2958.8500000002286,3912.350000000126,move_q25
1003,T2/S04,long,2021-09-21 19:00:00,2021-09-21 19:41:00,2021-09-21 19:40:00,True,2,2,1776.265811452072,1777.19,0.9241885479279972,5842.720000000525,2391.6599999999366,move_q25
1004,T2/S04,long,2021-09-21 19:45:00,2021-09-21 20:30:00,2021-09-21 20:29:00,True,1,1,1776.95,1777.75,0.7999999999999545,1861.5999999998942,1838.3299999999153,move_q25
1226,T3/S06,short,2021-09-23 23:50:00,2021-09-24 15:23:00,2021-09-24 15:16:00,True,6,6,1749.8299868138165,1748.88,0.9499868138163947,16570.144999998243,13333.320000000593,move_q25
1005,T2/S04,long,2021-09-30 19:00:00,2021-09-30 19:04:00,2021-09-30 19:00:00,True,1,1,1758.0,1758.48,0.4800000000000182,1131.840000000043,1556.2800000001928,move_q25
1006,T2/S04,long,2021-09-30 19:15:00,2021-09-30 19:22:00,2021-09-30 19:21:00,True,1,1,1757.97,1758.61,0.6399999999998727,1511.0399999996994,1558.2600000001933,move_q25
1007,T2/S04,long,2021-09-30 19:30:00,2021-09-30 19:31:00,2021-09-30 19:30:00,True,1,1,1758.1600000000003,1758.81,0.6499999999996362,1536.5999999996775,1536.5999999996775,move_q25
1008,T2/S04,long,2021-09-30 19:45:00,2021-09-30 22:02:00,2021-09-30 22:01:00,True,3,4,1756.887387865342,1757.88,0.9926121346582022,10290.410000000516,-3455.8199999995477,move_q25
650,T2/S03,long,2021-09-30 22:00:00,2021-09-30 23:11:00,2021-09-30 22:01:00,True,1,6,1756.8799999999999,1757.88,1.0000000000002274,9.999999999999432,-4396.620000000301,move_q25
1009,T2/S04,long,2021-10-01 02:18:00,2021-10-01 04:46:00,2021-10-01 02:33:00,True,1,3,1754.53,1755.08,0.5499999999999545,1307.349999999892,21725.779999999697,move_q25
1010,T2/S04,long,2021-10-04 19:30:00,2021-10-04 19:40:00,2021-10-04 19:34:00,True,1,1,1768.5,1768.93,0.43000000000006366,1029.8500000001525,1245.3999999999564,move_q25
1011,T2/S04,long,2021-10-04 19:45:00,2021-10-04 22:49:00,2021-10-04 22:52:00,True,3,4,1767.380892565163,1767.88,0.4991074348370148,5189.220000001105,5441.19000000159,move_q25
1012,T2/S04,long,2021-10-06 19:00:00,2021-10-06 19:38:00,2021-10-06 19:34:00,True,1,1,1762.1,1762.63,0.5300000000002001,1276.2400000004818,1252.159999999956,move_q25
283,T1/S01,long,2021-10-06 22:18:00,2021-10-06 22:36:00,2021-10-06 22:35:00,True,1,1,1764.45,1765.01,0.5599999999999454,1349.5999999998685,1349.5999999998685,move_q25
284,T1/S01,long,2021-10-06 22:42:00,2021-10-06 23:01:00,2021-10-06 23:00:00,True,1,1,1764.02,1764.65,0.6300000000001091,1520.1900000002634,1303.0199999999122,move_q25
285,T1/S01,long,2021-10-06 23:06:00,2021-10-07 02:43:00,2021-10-07 02:42:00,True,2,2,1763.4249780509217,1764.01,0.585021949078282,2665.359999999946,2730.0799999997143,move_q25
651,T2/S03,long,2021-10-13 22:15:00,2021-10-13 22:18:00,2021-10-13 22:17:00,True,1,1,1791.4,1792.0,0.599999999999909,1452.5999999997798,1452.5999999997798,move_q25
652,T2/S03,long,2021-10-13 22:30:00,2021-10-13 22:32:00,2021-10-13 22:31:00,True,1,1,1792.24,1793.12,0.8799999999998818,2133.1199999997134,2084.6399999997575,move_q25
653,T2/S03,long,2021-10-13 22:45:00,2021-10-13 23:01:00,2021-10-13 23:00:00,True,1,1,1792.04,1793.06,1.0199999999999818,2476.559999999956,2525.1199999999117,move_q25
1598,T6/S12,short,2021-10-15 09:36:00,2021-10-15 10:23:00,2021-10-15 10:22:00,True,1,1,1791.6,1790.11,1.490000000000009,3625.170000000022,3503.519999999579,move_q25
1227,T3/S06,short,2021-10-15 23:00:00,2021-10-15 23:21:00,2021-10-15 23:20:00,True,1,1,1768.33,1767.64,0.6899999999998272,1683.5999999995781,1390.7999999998444,move_q25
1228,T3/S06,short,2021-10-15 23:30:00,2021-10-18 01:16:00,2021-10-18 01:15:00,True,1,1,1767.05,1765.96,1.0899999999999181,2662.8699999998,2271.9900000001553,move_q25
286,T1/S01,long,2021-10-21 22:48:00,2021-10-21 22:54:00,2021-10-21 22:53:00,True,1,1,1783.91,1784.53,0.6199999999998909,1517.7599999997328,1517.7599999997328,move_q25
287,T1/S01,long,2021-10-21 23:30:00,2021-10-22 01:37:00,2021-10-22 01:36:00,True,1,1,1783.14,1783.83,0.6899999999998272,1691.1899999995765,1691.1899999995765,move_q25
1013,T2/S04,long,2021-10-25 19:00:00,2021-10-25 21:31:00,2021-10-25 19:08:00,True,1,2,1808.2300000000002,1808.67,0.4399999999998272,1079.760000000134,3042.959999999464,move_q25
288,T1/S01,long,2021-10-26 22:48:00,2021-10-27 03:14:00,2021-10-27 03:13:00,True,2,2,1793.666347826087,1794.22,0.5536521739129512,2546.8000000000434,2607.6000000004256,move_q25
289,T1/S01,long,2021-11-03 22:00:00,2021-11-04 01:03:00,2021-11-04 00:09:00,True,3,3,1771.8249146375597,1772.45,0.625085362440359,4466.860000000446,15948.550000000065,move_q25
1014,T2/S04,long,2021-11-04 19:15:00,2021-11-04 19:18:00,2021-11-04 19:17:00,True,1,1,1792.04,1792.58,0.5399999999999636,1348.3799999999092,1373.3499999998864,move_q25
1015,T2/S04,long,2021-11-05 19:00:00,2021-11-05 19:26:00,2021-11-05 19:25:00,True,1,1,1814.03,1814.55,0.5199999999999818,1299.9999999999545,1299.9999999999545,move_q25
1016,T2/S04,long,2021-11-05 19:30:00,2021-11-05 20:21:00,2021-11-05 19:53:00,True,2,2,1813.941271720744,1814.57,0.6287282792559381,4088.6199999996907,3929.709999999841,move_q25
654,T2/S03,long,2021-11-05 22:00:00,2021-11-05 22:27:00,2021-11-05 22:26:00,True,1,1,1816.8,1817.48,0.6800000000000637,1707.4800000001599,1707.4800000001599,move_q25
290,T1/S01,long,2021-11-05 22:00:00,2021-11-05 22:27:00,2021-11-05 22:26:00,True,1,1,1816.8,1817.48,0.6800000000000637,1707.4800000001599,1707.4800000001599,move_q25
655,T2/S03,long,2021-11-05 22:30:00,2021-11-05 22:45:00,2021-11-08 01:10:00,True,2,1,1816.801558718861,1817.59,0.7884412811388302,4431.0399999997635,453.0600000001603,move_q25
291,T1/S01,long,2021-11-05 22:36:00,2021-11-08 01:11:00,2021-11-08 01:10:00,True,2,3,1816.8104294610262,1817.59,0.7795705389737577,3630.460000000104,3351.5999999998166,move_q25
656,T2/S03,long,2021-11-08 01:05:00,2021-11-08 01:34:00,2021-11-08 01:09:00,True,1,1,1815.95,1816.95,1.0,2520.0,5014.800000000023,move_q25
1017,T2/S04,long,2021-11-08 19:00:00,2021-11-08 20:19:00,2021-11-08 20:18:00,True,1,1,1824.08,1824.7,0.6200000000001182,1571.7000000002997,1571.7000000002997,move_q25
292,T1/S01,long,2021-11-09 22:18:00,2021-11-09 22:58:00,2021-11-09 22:57:00,True,1,1,1831.8200000000002,1832.51,0.6899999999998272,1751.2200000001385,1776.6000000001152,move_q25
1018,T2/S04,long,2021-11-10 19:00:00,2021-11-10 21:43:00,2021-11-10 21:42:00,True,7,7,1848.7846607474705,1849.35,0.5653392525293839,13689.689999996946,9481.659999997733,move_q25
1019,T2/S04,long,2021-11-12 19:00:00,2021-11-12 19:46:00,2021-11-12 19:37:00,True,2,2,1862.613089468069,1863.12,0.5069105319309983,3325.839999998866,3636.6199999996043,move_q25
657,T2/S03,long,2021-11-12 22:00:00,2021-11-12 22:45:00,2021-11-12 22:44:00,True,1,1,1863.85,1864.4,0.5500000000001819,1412.4000000004671,1412.4000000004671,move_q25
293,T1/S01,long,2021-11-15 22:00:00,2021-11-16 04:05:00,2021-11-16 03:05:00,True,4,4,1864.324600778066,1864.99,0.6653992219339671,7183.649999999881,27509.700000000703,move_q25
1599,T6/S12,short,2021-11-19 09:48:00,2021-11-19 09:55:00,2021-11-19 10:24:00,True,1,1,1857.46,1855.51,1.9500000000000455,5120.70000000012,2678.5199999999522,move_q25
1229,T3/S06,short,2021-11-19 23:00:00,2021-11-19 23:46:00,2021-11-19 23:42:00,True,1,1,1847.13,1846.33,0.8000000000001819,2104.8000000004786,2025.8700000005504,move_q25
1230,T3/S06,short,2021-11-19 23:50:00,2021-11-22 01:05:00,2021-11-22 01:05:00,True,1,1,1845.11,1844.2,0.9099999999998545,2397.8499999996166,4980.149999999665,move_q25
1231,T3/S06,short,2021-11-22 23:10:00,2021-11-23 04:16:00,2021-11-23 04:15:00,True,3,3,1808.641228632479,1806.81,1.8312286324789966,15426.270000000468,9416.200000000457,move_q25
294,T1/S01,long,2021-11-23 22:30:00,2021-11-24 02:01:00,2021-11-24 02:01:00,True,2,2,1790.7038967527058,1791.53,0.8261032472942134,3968.5999999997966,2770.5599999999035,move_q25
295,T1/S01,long,2021-12-02 23:48:00,2021-12-03 01:15:00,2021-12-03 01:14:00,True,1,1,1769.19,1769.9,0.7100000000000364,1895.7000000000971,1949.1000000000486,move_q25
296,T1/S01,long,2021-12-03 22:06:00,2021-12-06 02:05:00,2021-12-06 02:04:00,True,3,3,1783.7201223823772,1784.42,0.6998776176228603,5146.900000000704,4196.610000000438,move_q25
658,T2/S03,long,2021-12-07 22:15:00,2021-12-08 02:23:00,2021-12-08 02:22:00,True,2,2,1785.1211339671565,1785.84,0.7188660328433798,4158.639999999231,3325.6799999994146,move_q25
297,T1/S01,long,2021-12-08 22:36:00,2021-12-09 02:18:00,2021-12-09 02:17:00,True,3,3,1784.570274121319,1785.24,0.6697258786809925,4935.2099999996935,4730.879999999975,move_q25
1020,T2/S04,long,2021-12-10 19:00:00,2021-12-10 20:13:00,2021-12-10 19:08:00,True,1,2,1784.62,1785.06,0.44000000000005457,1187.1200000001472,3696.2600000003185,move_q25
1021,T2/S04,long,2021-12-16 19:00:00,2021-12-16 22:01:00,2021-12-16 20:23:00,True,2,3,1797.6221401938853,1798.14,0.5178598061147568,3472.250000000159,4219.8000000010825,move_q25
659,T2/S03,long,2021-12-16 22:30:00,2021-12-16 22:34:00,2021-12-16 22:33:00,True,1,1,1797.19,1797.72,0.5299999999999727,1438.419999999926,1492.6999999998766,move_q25
298,T1/S01,long,2021-12-16 23:48:00,2021-12-16 23:50:00,2021-12-17 01:48:00,True,1,1,1798.82,1799.44,0.6200000000001182,1684.5400000003212,1440.0099999999259,move_q25
299,T1/S01,long,2021-12-16 23:54:00,2021-12-17 03:17:00,2021-12-17 03:16:00,True,2,2,1798.5362962962965,1799.63,1.093703703703568,5315.400000000295,6446.399999999085,move_q25
1361,T5/S09,long,2021-12-17 10:12:00,2021-12-17 14:36:00,2021-12-17 14:35:00,True,1,1,1808.62,1811.76,3.1400000000001,8578.480000000272,8687.760000000173,move_q25
300,T1/S01,long,2021-12-22 22:00:00,2021-12-22 22:07:00,2021-12-22 22:06:00,True,1,1,1803.72,1804.31,0.5899999999999181,1622.499999999775,1622.499999999775,move_q25
301,T1/S01,long,2021-12-22 22:12:00,2021-12-22 23:00:00,2021-12-22 22:59:00,True,1,2,1804.04,1804.98,0.9400000000000546,2.8200000000002707,2587.8200000001502,move_q25
660,T2/S03,long,2021-12-22 22:15:00,2021-12-22 23:00:00,2021-12-22 22:59:00,True,1,2,1804.04,1804.98,0.9400000000000546,2.8200000000002707,3632.819999999825,move_q25
302,T1/S01,long,2021-12-22 23:06:00,2021-12-23 03:06:00,2021-12-23 01:12:00,True,2,4,1803.2192986530422,1803.76,0.5407013469578033,1164.1299999999026,10815.879999999572,move_q25
661,T2/S03,long,2021-12-29 22:00:00,2021-12-30 02:41:00,2021-12-30 10:42:00,True,5,2,1800.5629824561406,1801.19,0.6270175438594379,9917.85000000124,3492.4999999993647,move_q25
662,T2/S03,long,2021-12-30 22:00:00,2021-12-30 22:02:00,2021-12-30 22:01:00,True,1,1,1815.19,1815.7,0.5099999999999909,1428.5099999999745,1428.5099999999745,move_q25
303,T1/S01,long,2021-12-30 22:12:00,2021-12-30 22:36:00,2021-12-30 22:35:00,True,1,1,1816.04,1816.69,0.650000000000091,1822.600000000255,1822.600000000255,move_q25
663,T2/S03,long,2021-12-30 22:15:00,2021-12-30 22:36:00,2021-12-30 22:35:00,True,1,1,1816.0699999999997,1816.69,0.6200000000003456,1738.4800000003313,1738.4800000003313,move_q25
304,T1/S01,long,2021-12-30 22:42:00,2021-12-30 22:47:00,2021-12-31 02:12:00,True,2,1,1816.1570672591397,1816.81,0.6529327408602512,3232.669999999979,252.99000000040905,move_q25
664,T2/S03,long,2021-12-30 22:45:00,2021-12-31 02:11:00,2021-12-30 22:46:00,True,1,1,1816.41,1816.93,0.5199999999999818,1461.7199999999489,702.75,move_q25
305,T1/S01,long,2021-12-30 23:16:00,2021-12-31 02:11:00,2021-12-30 23:25:00,True,1,1,1815.28,1815.9,0.6200000000001182,1744.680000000333,3883.3200000003076,move_q25
1022,T2/S04,long,2021-12-31 19:15:00,2021-12-31 19:29:00,2021-12-31 19:28:00,True,1,1,1826.4,1827.12,0.7199999999997999,2031.1199999994358,1749.0199999996921,move_q25
1023,T2/S04,long,2021-12-31 19:30:00,2021-12-31 20:29:00,2021-12-31 19:55:00,True,1,2,1826.82,1827.32,0.5,1412.0,6918.80000000077,move_q25
306,T1/S01,long,2022-01-03 22:48:00,2022-01-04 01:34:00,2022-01-04 01:44:00,True,2,2,1803.288629971876,1803.9,0.6113700281241563,3043.4000000004794,3065.0400000004383,move_q25
665,T2/S03,long,2022-01-04 22:00:00,2022-01-04 22:57:00,2022-01-04 22:56:00,True,1,1,1814.61,1815.14,0.5300000000002001,1507.320000000569,1507.320000000569,move_q25
307,T1/S01,long,2022-01-11 22:00:00,2022-01-11 22:12:00,2022-01-11 22:11:00,True,1,1,1820.91,1821.5,0.5899999999999181,1679.729999999767,1679.729999999767,move_q25
666,T2/S03,long,2022-01-11 22:00:00,2022-01-11 22:12:00,2022-01-11 22:11:00,True,1,1,1820.91,1821.5,0.5899999999999181,1679.729999999767,1679.729999999767,move_q25
667,T2/S03,long,2022-01-11 22:15:00,2022-01-11 22:30:00,2022-01-11 22:30:00,True,1,2,1821.35,1822.22,0.8700000000001182,6.0900000000008525,2478.360000000337,move_q25
308,T1/S01,long,2022-01-11 22:18:00,2022-01-11 22:31:00,2022-01-11 22:29:00,True,1,4,1820.97,1821.56,0.5899999999999181,4.129999999999444,6876.020000000234,move_q25
668,T2/S03,long,2022-01-11 22:45:00,2022-01-11 22:57:00,2022-01-11 22:53:00,True,1,2,1822.06,1822.68,0.6200000000001182,9.300000000001905,2633.0400000002082,move_q25
309,T1/S01,long,2022-01-11 23:00:00,2022-01-12 02:33:00,2022-01-12 15:00:00,True,5,2,1818.899556496988,1819.98,1.0804435030120203,16322.259999999776,3660.1399999992923,move_q25
310,T1/S01,long,2022-01-13 22:30:00,2022-01-13 22:40:00,2022-01-13 22:45:00,True,1,1,1821.68,1822.33,0.6499999999998636,1877.8499999996056,1502.2799999999474,move_q25
311,T1/S01,long,2022-01-13 22:42:00,2022-01-13 23:37:00,2022-01-13 23:37:00,True,1,1,1822.1200000000001,1822.68,0.5599999999999454,1619.5200000004997,1532.7600000005787,move_q25
1362,T5/S09,long,2022-01-19 13:36:00,2022-01-20 02:20:00,2022-01-19 15:20:00,True,1,1,1819.34,1822.33,2.990000000000009,8656.050000000027,60013.35000000005,move_q25
1024,T2/S04,long,2022-01-19 19:00:00,2022-01-20 02:20:00,2022-01-19 19:04:00,True,1,2,1840.28,1841.0,0.7200000000000273,2084.4000000000788,6947.999999999604,move_q25
669,T2/S03,long,2022-01-19 22:00:00,2022-01-20 02:59:00,2022-01-19 22:00:00,True,1,4,1842.91,1843.4,0.4900000000000091,1418.5500000000263,12361.649999999288,move_q25
312,T1/S01,long,2022-01-24 23:30:00,2022-01-25 06:01:00,2022-01-25 01:47:00,True,2,6,1842.1768576709799,1842.7,0.5231423290201747,1132.0799999999215,26652.570000000163,move_q25
1025,T2/S04,long,2022-01-25 19:00:00,2022-01-25 19:25:00,2022-01-25 19:35:00,True,1,2,1849.48,1850.06,0.5799999999999272,1802.059999999774,3666.259999999491,move_q25
1026,T2/S04,long,2022-01-25 19:30:00,2022-01-25 19:36:00,2022-01-25 19:34:00,True,1,1,1849.24,1849.69,0.4500000000000455,1401.3000000001416,2553.4799999998017,move_q25
1027,T2/S04,long,2022-01-25 19:45:00,2022-01-25 19:58:00,2022-01-25 19:57:00,True,1,1,1849.38,1850.01,0.6299999999998818,1964.9699999996312,1964.9699999996312,move_q25
670,T2/S03,long,2022-01-25 22:00:00,2022-01-26 15:24:00,2022-01-26 15:23:00,True,6,6,1847.0538863619415,1848.01,0.9561136380584685,19233.66000000004,10149.749999999292,move_q25
1232,T3/S06,short,2022-01-26 23:00:00,2022-01-26 23:08:00,2022-01-26 23:07:00,True,1,1,1817.68,1816.92,0.7599999999999909,2389.439999999972,1854.9600000004577,move_q25
1233,T3/S06,short,2022-01-26 23:10:00,2022-01-26 23:26:00,2022-01-26 23:25:00,True,1,1,1817.86,1817.14,0.7199999999997999,2265.8399999993703,1793.7899999997994,move_q25
1234,T3/S06,short,2022-01-26 23:30:00,2022-01-26 23:31:00,2022-01-26 23:30:00,True,1,1,1817.57,1816.86,0.7100000000000364,2237.2100000001146,1733.049999999857,move_q25
1235,T3/S06,short,2022-01-26 23:40:00,2022-01-27 03:04:00,2022-01-27 03:16:00,True,2,2,1818.6059655688625,1817.34,1.2659655688626117,6765.32000000032,4131.739999999111,move_q25
1600,T6/S12,short,2022-01-27 08:24:00,2022-01-27 08:43:00,2022-01-27 08:42:00,True,1,1,1812.44,1810.73,1.7100000000000364,5408.730000000115,5155.690000000345,move_q25
1601,T6/S12,short,2022-01-27 08:48:00,2022-01-27 09:45:00,2022-01-27 09:45:00,True,2,2,1811.637103517588,1810.53,1.1071035175880297,5507.840000000219,6568.109999999798,move_q25
313,T1/S01,long,2022-01-28 23:00:00,2022-01-28 23:10:00,2022-01-28 23:09:00,True,1,1,1788.9,1789.48,0.5799999999999272,1847.8799999997684,1847.8799999997684,move_q25
314,T1/S01,long,2022-01-28 23:12:00,2022-01-28 23:35:00,2022-01-28 23:34:00,True,1,1,1789.98,1790.83,0.849999999999909,2711.4999999997094,2711.4999999997094,move_q25
315,T1/S01,long,2022-01-28 23:36:00,2022-01-31 03:59:00,2022-01-28 23:54:00,True,1,3,1791.06,1791.63,0.5700000000001637,1821.150000000523,5751.00000000058,move_q25
1028,T2/S04,long,2022-02-02 19:00:00,2022-02-02 19:08:00,2022-02-02 19:06:00,True,1,1,1809.0,1809.44,0.44000000000005457,1411.080000000175,1667.639999999942,move_q25
1029,T2/S04,long,2022-02-02 19:15:00,2022-02-02 20:00:00,2022-02-02 19:59:00,True,2,2,1809.5191262135922,1810.17,0.6508737864078284,4692.8000000004595,3402.6000000005547,move_q25
316,T1/S01,long,2022-02-07 22:00:00,2022-02-08 03:46:00,2022-02-08 04:01:00,True,2,2,1821.7348571961918,1822.24,0.5051428038082122,2706.0499999997264,3442.189999999795,move_q25
1030,T2/S04,long,2022-02-08 19:00:00,2022-02-08 19:09:00,2022-02-08 19:08:00,True,1,1,1826.4,1827.18,0.7799999999999727,2557.6199999999103,2557.6199999999103,move_q25
1031,T2/S04,long,2022-02-08 19:15:00,2022-02-08 20:36:00,2022-02-08 20:48:00,True,1,2,1827.75,1828.21,0.4600000000000364,1510.6400000001197,4400.5599999989845,move_q25
317,T1/S01,long,2022-02-11 22:00:00,2022-02-11 22:03:00,2022-02-11 22:02:00,True,1,1,1859.18,1861.8,2.619999999999891,8627.659999999642,8726.449999999551,move_q25
671,T2/S03,long,2022-02-11 22:00:00,2022-02-11 22:03:00,2022-02-11 22:02:00,True,1,1,1859.18,1861.8,2.619999999999891,8627.659999999642,8726.449999999551,move_q25
318,T1/S01,long,2022-02-11 22:06:00,2022-02-11 22:09:00,2022-02-11 22:08:00,True,1,1,1860.09,1861.56,1.4700000000000273,4892.160000000091,4792.320000000182,move_q25
319,T1/S01,long,2022-02-11 22:12:00,2022-02-11 22:16:00,2022-02-11 22:15:00,True,1,1,1862.15,1862.89,0.7400000000000091,2470.1200000000304,2503.5000000000005,move_q25
672,T2/S03,long,2022-02-11 22:15:00,2022-02-11 22:16:00,2022-02-11 22:15:00,True,1,1,1862.24,1862.89,0.650000000000091,2169.7000000003036,2203.0800000002737,move_q25
320,T1/S01,long,2022-02-11 22:18:00,2022-02-11 22:19:00,2022-02-11 22:18:00,True,1,1,1861.78,1862.96,1.1800000000000637,3949.460000000213,3915.990000000243,move_q25
321,T1/S01,long,2022-02-11 22:24:00,2022-02-11 22:25:00,2022-02-11 22:26:00,True,1,1,1864.3,1865.08,0.7799999999999727,2616.1199999999085,1811.159999999878,move_q25
673,T2/S03,long,2022-02-11 22:30:00,2022-02-11 23:15:00,2022-02-11 23:14:00,True,2,2,1861.9008526771895,1862.61,0.709147322810395,4582.509999999302,4669.0100000011,move_q25
322,T1/S01,long,2022-02-11 22:30:00,2022-02-11 23:15:00,2022-02-11 23:14:00,True,2,2,1862.065617384979,1862.61,0.5443826150208224,2993.5599999994324,4669.0100000011,move_q25
674,T2/S03,long,2022-02-16 22:30:00,2022-02-16 22:35:00,2022-02-16 22:34:00,True,1,1,1871.81,1872.36,0.5499999999999545,1857.3499999998464,1823.5799999998771,move_q25
1032,T2/S04,long,2022-02-23 19:00:00,2022-02-23 19:01:00,2022-02-23 19:00:00,True,1,1,1908.55,1909.47,0.9200000000000728,3110.520000000246,3076.710000000277,move_q25
1033,T2/S04,long,2022-02-23 19:15:00,2022-02-23 19:26:00,2022-02-23 19:24:00,True,1,1,1909.45,1909.91,0.4600000000000364,1557.5600000001232,1760.7199999999384,move_q25
1034,T2/S04,long,2022-02-23 19:30:00,2022-02-23 20:59:00,2022-02-23 20:58:00,True,3,3,1908.230623353819,1908.95,0.7193766461809901,8193.700000001289,5491.800000001172,move_q25
1290,T4/S08,long,2022-02-24 09:00:00,2022-02-24 09:21:00,2022-02-24 09:20:00,True,1,1,1942.4800000000002,1944.07,1.5899999999996908,5405.999999999722,5439.999999999691,move_q25
1291,T4/S08,long,2022-02-24 09:25:00,2022-02-24 09:55:00,2022-02-24 09:58:00,True,3,3,1941.6078666775857,1944.03,2.422133322414311,14788.334999999652,16099.920000000868,move_q25
1292,T4/S08,long,2022-02-24 10:00:00,2022-02-24 10:48:00,2022-02-24 10:49:00,True,3,4,1943.4868279175828,1945.29,1.803172082417177,11070.574999999932,25527.449999999502,move_q25
1293,T4/S08,long,2022-02-24 10:50:00,2022-02-24 11:18:00,2022-02-24 11:25:00,True,2,3,1944.782282762371,1946.83,2.047717237628831,9414.379999999419,17969.43999999876,move_q25
1294,T4/S08,long,2022-02-24 11:20:00,2022-02-24 11:25:00,2022-02-24 11:24:00,True,1,1,1944.2199999999998,1946.03,1.8100000000001728,6392.919999999807,6322.2799999998715,move_q25
1295,T4/S08,long,2022-02-24 11:30:00,2022-02-24 11:35:00,2022-02-24 11:34:00,True,1,1,1944.6800000000003,1946.88,2.199999999999818,7794.60000000016,7830.030000000129,move_q25
1296,T4/S08,long,2022-02-24 11:40:00,2022-02-24 11:48:00,2022-02-24 11:47:00,True,1,1,1948.2599999999998,1949.74,1.4800000000002456,5268.800000000065,5446.799999999903,move_q25
1297,T4/S08,long,2022-02-24 11:50:00,2022-02-24 11:57:00,2022-02-24 11:56:00,True,1,1,1949.8900000000003,1951.93,2.0399999999997362,7284.83999999987,7320.549999999838,move_q25
1236,T3/S06,short,2022-02-24 23:00:00,2022-02-24 23:06:00,2022-02-24 23:06:00,True,1,1,1898.26,1896.83,1.4300000000000637,5126.5500000002285,2043.449999999772,move_q25
1237,T3/S06,short,2022-02-24 23:10:00,2022-02-25 13:27:00,2022-02-25 13:28:00,True,6,6,1905.5788366621214,1902.04,3.538836662121412,66178.01500000077,21498.109999999215,move_q25
323,T1/S01,long,2022-02-25 22:42:00,2022-02-28 01:05:00,2022-02-28 01:05:00,True,4,3,1889.7838011301342,1922.29,32.506198869865784,385425.9999999995,333526.5600000014,move_q25
1602,T6/S12,short,2022-02-28 09:36:00,2022-02-28 10:00:00,2022-02-28 09:59:00,True,2,4,1898.0803826266806,1896.46,1.6203826266805663,9401.460000000323,13846.000000001095,move_q25
324,T1/S01,long,2022-02-28 23:00:00,2022-02-28 23:12:00,2022-02-28 23:14:00,True,1,2,1910.27,1910.83,0.5599999999999454,2239.9999999997817,2303.3799999998814,move_q25
325,T1/S01,long,2022-02-28 23:18:00,2022-03-01 10:06:00,2022-03-01 06:45:00,True,6,12,1906.0511280775927,1906.61,0.5588719224072065,11236.11999999771,66904.70000000275,move_q25
1363,T5/S09,long,2022-03-01 12:36:00,2022-03-01 17:47:00,2022-03-01 12:49:00,True,1,4,1921.6300000000003,1924.56,2.929999999999609,11719.999999999345,92086.35000000021,move_q25
675,T2/S03,long,2022-03-01 22:00:00,2022-03-01 22:37:00,2022-03-01 22:01:00,True,1,2,1940.4599999999998,1941.38,0.9200000000003001,3680.000000000291,12704.48000000017,move_q25
676,T2/S03,long,2022-03-01 22:45:00,2022-03-01 23:03:00,2022-03-01 22:47:00,True,1,2,1944.55,1945.13,0.5800000000001546,2320.0000000006185,17296.71000000034,move_q25
326,T1/S01,long,2022-03-01 23:18:00,2022-03-01 23:54:00,2022-03-01 23:20:00,True,1,6,1944.5700000000002,1945.27,0.6999999999998181,2800.000000000182,35894.87999999974,move_q25
327,T1/S01,long,2022-03-02 22:18:00,2022-03-03 01:05:00,2022-03-03 01:08:00,True,3,8,1928.8713765695197,1929.82,0.948623430480211,8234.99999999924,32817.38999999974,move_q25
328,T1/S01,long,2022-03-03 22:18:00,2022-03-03 22:19:00,2022-03-03 22:18:00,True,1,2,1938.3699999999997,1940.25,1.8800000000003365,7520.000000000437,9351.120000000543,move_q25
329,T1/S01,long,2022-03-03 22:24:00,2022-03-03 22:25:00,2022-03-03 22:24:00,True,1,2,1938.65,1939.8,1.1499999999998636,4599.999999999454,5740.799999999319,move_q25
330,T1/S01,long,2022-03-03 22:30:00,2022-03-03 22:34:00,2022-03-03 22:33:00,True,1,2,1939.31,1940.01,0.7000000000000455,2800.000000000182,3502.8000000002276,move_q25
331,T1/S01,long,2022-03-03 22:36:00,2022-03-03 22:38:00,2022-03-03 22:38:00,True,1,2,1940.2,1940.81,0.6099999999999,2439.9999999996,2756.049999999772,move_q25
332,T1/S01,long,2022-03-03 22:42:00,2022-03-04 02:11:00,2022-03-04 02:10:00,True,4,8,1938.1054871165643,1939.08,0.9745128834356365,11913.419999999174,16301.999999997719,move_q25
333,T1/S01,long,2022-03-07 22:00:00,2022-03-07 22:03:00,2022-03-07 22:02:00,True,1,2,1996.0899999999997,1996.97,0.8800000000003365,3520.0000000004366,4443.120000000551,move_q25
334,T1/S01,long,2022-03-07 22:06:00,2022-03-07 22:35:00,2022-03-07 22:36:00,True,3,6,1994.8565706715817,1995.65,0.7934293284183696,6887.760000000952,9053.820000002117,move_q25
677,T2/S03,long,2022-03-07 22:15:00,2022-03-07 22:35:00,2022-03-07 22:36:00,True,3,6,1994.7868510958317,1995.65,0.8631489041683835,8034.190000000919,10470.060000001979,move_q25
1364,T5/S09,long,2022-03-08 10:00:00,2022-03-08 10:03:00,2022-03-08 10:02:00,True,1,2,2016.1300000000003,2018.38,2.2499999999997726,9000.0,11570.189999999908,move_q25
1365,T5/S09,long,2022-03-08 10:12:00,2022-03-08 10:25:00,2022-03-08 11:09:00,True,3,6,2008.520399211434,2011.1,2.5796007885658128,26170.049999998355,31846.40000000014,move_q25
1035,T2/S04,long,2022-03-08 19:00:00,2022-03-08 19:06:00,2022-03-08 19:05:00,True,3,6,2066.7566666666667,2067.58,0.8233333333332666,9879.9999999992,12130.559999998397,move_q25
1036,T2/S04,long,2022-03-08 19:15:00,2022-03-08 19:16:00,2022-03-08 19:15:00,True,1,2,2044.45,2048.54,4.089999999999918,16359.999999999673,21300.719999999572,move_q25
335,T1/S01,long,2022-03-08 23:48:00,2022-03-09 04:21:00,2022-03-09 03:21:00,True,11,20,2044.617242647059,2045.66,1.0427573529411802,40275.46000000168,160890.63999999693,move_q25
1603,T6/S12,short,2022-03-15 08:00:00,2022-03-15 08:27:00,2022-03-15 08:52:00,True,3,4,1929.02474801061,1927.76,1.264748010609992,12397.060000000278,13261.360000000608,move_q25
1604,T6/S12,short,2022-03-15 08:36:00,2022-03-15 08:52:00,2022-03-15 08:51:00,True,2,4,1930.2708583247156,1928.69,1.5808583247155639,9172.139999999305,21500.15999999954,move_q25
1366,T5/S09,long,2022-03-23 12:24:00,2022-03-23 15:08:00,2022-03-23 15:11:00,True,2,4,1930.8284458909682,1932.72,1.8915541090318584,11623.600000000646,24204.18000000236,move_q25
336,T1/S01,long,2022-03-23 22:00:00,2022-03-23 22:18:00,2022-03-23 22:18:00,True,1,2,1946.58,1947.31,0.7300000000000182,2920.0000000000728,3129.500000001035,move_q25
337,T1/S01,long,2022-03-23 22:24:00,2022-03-24 01:11:00,2022-03-24 01:02:00,True,2,8,1944.85515137401,1945.55,0.6948486259900619,1491.8400000000966,3933.240000000312,move_q25
1605,T6/S12,short,2022-03-25 08:36:00,2022-03-25 08:38:00,2022-03-25 08:40:00,True,1,2,1957.35,1956.02,1.3299999999999272,5319.999999999709,6367.899999999474,move_q25
1606,T6/S12,short,2022-03-25 08:48:00,2022-03-25 09:03:00,2022-03-25 09:02:00,True,1,2,1957.02,1955.78,1.240000000000009,4960.000000000036,6904.380000000317,move_q25
1607,T6/S12,short,2022-03-28 08:48:00,2022-03-28 08:55:00,2022-03-28 08:54:00,True,1,2,1936.4299999999998,1934.47,1.959999999999809,7840.0000000001455,11106.650000000476,move_q25
1608,T6/S12,short,2022-03-28 09:00:00,2022-03-28 09:36:00,2022-03-28 09:36:00,True,2,4,1935.6718476387452,1933.55,2.121847638745294,12310.959999999995,16638.299999999468,move_q25
678,T2/S03,long,2022-03-29 22:00:00,2022-03-29 22:02:00,2022-03-29 22:01:00,True,1,2,1917.2,1917.82,0.6199999999998909,2479.9999999995634,3698.7299999993056,move_q25
679,T2/S03,long,2022-03-29 22:15:00,2022-03-29 22:26:00,2022-03-29 22:25:00,True,1,2,1917.7400000000002,1918.37,0.6299999999996544,2519.999999999527,3820.7000000005346,move_q25
680,T2/S03,long,2022-03-29 22:30:00,2022-03-29 22:45:00,2022-03-29 22:44:00,True,1,2,1918.7900000000002,1919.33,0.5399999999997362,2159.9999999998545,3119.5799999998394,move_q25
338,T1/S01,long,2022-03-29 23:36:00,2022-03-30 01:05:00,2022-03-30 01:05:00,True,1,2,1919.31,1919.87,0.5599999999999454,2239.9999999997817,4831.440000000965,move_q25
1037,T2/S04,long,2022-03-30 19:00:00,2022-03-30 22:39:00,2022-03-30 22:38:00,True,4,8,1933.955,1934.61,0.6549999999999727,10479.999999997744,14105.779999996565,move_q25
1609,T6/S12,short,2022-03-31 08:00:00,2022-03-31 08:30:00,2022-03-31 08:29:00,True,1,2,1921.14,1919.68,1.4600000000000364,5840.0000000001455,6582.300000000755,move_q25
1610,T6/S12,short,2022-03-31 08:36:00,2022-03-31 11:36:00,2022-03-31 11:35:00,True,6,12,1925.814718387138,1924.1,1.7147183871381912,33595.62000000194,62104.349999996215,move_q25
1038,T2/S04,long,2022-03-31 19:00:00,2022-03-31 19:48:00,2022-03-31 19:47:00,True,3,6,1942.4133333333334,1943.03,0.6166666666665606,7399.999999999636,10374.570000000222,move_q25
1039,T2/S04,long,2022-04-12 19:30:00,2022-04-12 19:31:00,2022-04-12 19:30:00,True,1,2,1973.95,1974.47,0.5199999999999818,2079.9999999999272,3165.7599999998893,move_q25
339,T1/S01,long,2022-04-14 23:54:00,2022-04-18 01:16:00,2022-04-18 01:15:00,True,1,2,1973.17,1973.9,0.7300000000000182,2920.0000000000728,4448.620000000111,move_q25
340,T1/S01,long,2022-04-20 23:00:00,2022-04-20 23:49:00,2022-04-20 23:49:00,True,2,4,1957.3841693811075,1957.91,0.5258306188925417,3228.5999999999826,6591.239999998168,move_q25
341,T1/S01,long,2022-04-20 23:54:00,2022-04-21 02:59:00,2022-04-21 04:48:00,True,3,4,1955.8470590945742,1956.55,0.7029409054257485,6102.229999999113,6361.680000001168,move_q25
342,T1/S01,long,2022-04-21 23:00:00,2022-04-21 23:02:00,2022-04-21 23:01:00,True,1,2,1951.15,1951.79,0.6399999999998727,2559.9999999994907,3922.559999999219,move_q25
343,T1/S01,long,2022-04-21 23:06:00,2022-04-21 23:46:00,2022-04-21 23:46:00,True,1,2,1951.6300000000003,1952.34,0.7099999999995816,2839.999999999236,3129.8699999999444,move_q25
344,T1/S01,long,2022-04-25 22:06:00,2022-04-25 22:19:00,2022-04-25 22:18:00,True,1,2,1900.75,1901.4,0.650000000000091,2600.000000000364,3870.0900000006704,move_q25
345,T1/S01,long,2022-04-28 23:30:00,2022-04-29 03:00:00,2022-04-29 03:03:00,True,2,4,1895.3697719869706,1895.99,0.6202280130294184,3808.1999999999425,6397.039999999777,move_q25
1238,T3/S06,short,2022-05-02 23:50:00,2022-05-03 04:15:00,2022-05-03 04:19:00,True,2,4,1863.9836672051695,1862.87,1.1136672051695768,6893.600000000702,7951.559999999776,move_q25
1239,T3/S06,short,2022-05-12 23:00:00,2022-05-12 23:01:00,2022-05-12 23:00:00,True,1,2,1824.05,1823.2,0.849999999999909,3399.999999999636,5500.199999999213,move_q25
1240,T3/S06,short,2022-05-12 23:10:00,2022-05-13 01:26:00,2022-05-13 01:25:00,True,1,2,1822.22,1821.33,0.8900000000001,3560.0000000004,4580.600000000057,move_q25
1040,T2/S04,long,2022-05-16 19:15:00,2022-05-16 19:44:00,2022-05-16 19:36:00,True,2,4,1813.9150000000002,1814.46,0.5449999999998454,4360.000000000582,8183.999999998196,move_q25
1041,T2/S04,long,2022-05-16 19:45:00,2022-05-16 19:51:00,2022-05-16 19:49:00,True,1,2,1814.39,1814.89,0.5,2000.0,6463.599999999773,move_q25
681,T2/S03,long,2022-05-16 22:00:00,2022-05-16 22:05:00,2022-05-16 22:04:00,True,1,2,1822.48,1823.13,0.650000000000091,2600.000000000364,4048.8500000005665,move_q25
346,T1/S01,long,2022-05-16 22:00:00,2022-05-16 22:05:00,2022-05-16 22:04:00,True,1,2,1822.48,1823.13,0.650000000000091,2600.000000000364,4048.8500000005665,move_q25
347,T1/S01,long,2022-05-16 22:06:00,2022-05-16 22:07:00,2022-05-16 22:06:00,True,1,2,1823.7099999999998,1824.65,0.9400000000002819,3760.0000000002183,5807.850000000397,move_q25
348,T1/S01,long,2022-05-16 22:12:00,2022-05-16 22:26:00,2022-05-16 22:25:00,True,1,2,1824.5700000000002,1825.49,0.9199999999998454,3680.000000000291,5631.300000000569,move_q25
682,T2/S03,long,2022-05-16 22:15:00,2022-05-16 22:26:00,2022-05-16 22:24:00,True,1,2,1823.95,1824.44,0.4900000000000091,1960.0000000000364,9510.639999999887,move_q25
683,T2/S03,long,2022-05-16 22:30:00,2022-05-16 22:47:00,2022-05-16 22:46:00,True,2,4,1824.6242362382095,1825.14,0.5157637617905948,3663.469999999992,6978.5699999979415,move_q25
349,T1/S01,long,2022-05-16 22:30:00,2022-05-16 22:47:00,2022-05-16 22:48:00,True,2,4,1824.8432573289904,1825.72,0.8767426710096515,5383.199999999906,6978.5699999979415,move_q25
350,T1/S01,long,2022-05-16 22:48:00,2022-05-16 22:51:00,2022-05-16 22:51:00,True,1,2,1825.42,1826.37,0.9499999999998181,3799.9999999992724,3599.5499999995977,move_q25
351,T1/S01,long,2022-05-16 22:54:00,2022-05-16 22:59:00,2022-05-16 22:58:00,True,1,2,1826.1300000000003,1826.86,0.7299999999995634,2919.9999999991633,4741.5,move_q25
352,T1/S01,long,2022-05-16 23:00:00,2022-05-17 02:24:00,2022-05-17 02:23:00,True,3,6,1825.0232392581502,1825.69,0.6667607418498847,5788.150000000309,16843.12000000052,move_q25
353,T1/S01,long,2022-05-20 23:24:00,2022-05-20 23:50:00,2022-05-20 23:49:00,True,1,2,1845.3399999999997,1845.9,0.5600000000004002,2240.000000000691,3564.4000000010997,move_q25
354,T1/S01,long,2022-05-20 23:54:00,2022-05-23 01:05:00,2022-05-23 01:05:00,True,1,2,1845.78,1848.76,2.980000000000018,11920.000000000073,18800.35000000029,move_q25
1611,T6/S12,short,2022-05-25 09:36:00,2022-05-25 11:25:00,2022-05-25 11:25:00,True,2,4,1858.3881282316443,1856.92,1.4681282316441866,8518.079999999898,13202.540000001107,move_q25
355,T1/S01,long,2022-05-25 23:00:00,2022-05-26 17:05:00,2022-05-26 10:43:00,True,7,16,1849.627161999585,1850.4,0.7728380004150495,18629.260000001796,112325.65000000175,move_q25
356,T1/S01,long,2022-05-26 22:18:00,2022-05-27 02:56:00,2022-05-27 02:56:00,True,2,4,1852.8211400651464,1853.33,0.5088599348534899,3124.400000000078,12988.8999999989,move_q25
1241,T3/S06,short,2022-05-31 23:00:00,2022-06-01 03:03:00,2022-06-01 03:02:00,True,1,2,1835.95,1834.98,0.9700000000000273,3880.000000000109,5717.04000000099,move_q25
1042,T2/S04,long,2022-06-01 19:30:00,2022-06-01 20:04:00,2022-06-01 19:31:00,True,1,4,1848.77,1849.21,0.44000000000005457,1760.0000000002183,10090.640000000123,move_q25
357,T1/S01,long,2022-06-01 22:18:00,2022-06-01 22:23:00,2022-06-01 22:22:00,True,1,2,1848.28,1848.85,0.5699999999999363,2279.9999999997453,3897.0899999995645,move_q25
358,T1/S01,long,2022-06-01 22:24:00,2022-06-02 09:25:00,2022-06-02 03:20:00,True,3,6,1847.4269220135927,1848.02,0.593077986407252,5148.5099999998265,68655.34999999826,move_q25
1043,T2/S04,long,2022-06-02 19:00:00,2022-06-03 03:26:00,2022-06-02 19:03:00,True,1,2,1868.0099999999998,1868.65,0.6400000000003274,2560.0000000004,18225.6299999993,move_q25
684,T2/S03,long,2022-06-02 22:00:00,2022-06-03 03:32:00,2022-06-02 22:03:00,True,1,2,1869.56,1870.15,0.5900000000001455,2360.000000000582,25697.440000000446,move_q25
1242,T3/S06,short,2022-06-03 23:00:00,2022-06-03 23:16:00,2022-06-03 23:15:00,True,1,2,1850.6,1849.84,0.7599999999999909,3039.9999999999636,4241.999999999357,move_q25
685,T2/S03,long,2022-06-07 22:15:00,2022-06-07 22:29:00,2022-06-07 22:28:00,True,1,2,1854.22,1855.35,1.1299999999998818,4519.999999999527,7999.269999999163,move_q25
686,T2/S03,long,2022-06-07 22:45:00,2022-06-07 22:55:00,2022-06-07 22:54:00,True,1,2,1853.52,1854.04,0.5199999999999818,2079.9999999999272,3689.399999999871,move_q25
687,T2/S03,long,2022-06-10 22:00:00,2022-06-10 22:08:00,2022-06-10 22:07:00,True,1,2,1873.6300000000003,1874.31,0.6799999999996089,2719.999999999345,4901.069999998772,move_q25
688,T2/S03,long,2022-06-10 22:15:00,2022-06-13 01:05:00,2022-06-13 01:05:00,True,2,4,1872.4617105448401,1878.36,5.898289455159784,41895.54999999914,79867.75999999851,move_q25
689,T2/S03,long,2022-06-16 22:00:00,2022-06-16 22:02:00,2022-06-16 22:01:00,True,1,2,1849.45,1850.57,1.1199999999998909,4479.999999999563,8144.639999999206,move_q25
690,T2/S03,long,2022-06-16 22:15:00,2022-06-16 22:38:00,2022-06-16 22:40:00,True,1,2,1851.15,1851.89,0.7400000000000091,2960.0000000000364,801.7899999992708,move_q25
359,T1/S01,long,2022-06-16 22:24:00,2022-06-16 22:38:00,2022-06-16 22:37:00,True,2,4,1850.7405211726384,1851.26,0.5194788273615814,3189.6000000005047,15306.900000000995,move_q25
691,T2/S03,long,2022-06-16 22:45:00,2022-06-16 22:48:00,2022-06-16 22:47:00,True,1,2,1851.61,1852.29,0.6800000000000637,2720.0000000002547,4977.600000000466,move_q25
360,T1/S01,long,2022-06-16 23:18:00,2022-06-16 23:45:00,2022-06-16 23:44:00,True,1,2,1854.86,1855.9,1.040000000000191,4160.000000000764,7917.480000001134,move_q25
692,T2/S03,long,2022-07-01 22:00:00,2022-07-01 23:19:00,2022-07-01 23:54:00,True,3,6,1807.5073657069188,1808.53,1.0226342930811825,9518.680000000273,11828.670000002607,move_q25
361,T1/S01,long,2022-07-06 23:18:00,2022-07-07 01:05:00,2022-07-07 01:05:00,True,2,4,1739.5741693811074,1740.24,0.6658306188926417,4088.2000000005974,10465.400000000536,move_q25
1612,T6/S12,short,2022-07-20 09:48:00,2022-07-20 13:50:00,2022-07-20 13:49:00,True,3,6,1709.2830095898798,1708.13,1.15300958987973,11301.799999999135,24313.09999999805,move_q25
1367,T5/S09,long,2022-07-20 13:12:00,2022-07-20 15:29:00,2022-07-20 16:29:00,True,2,4,1711.091936533767,1713.51,2.4180634662329794,14859.000000000498,31211.099999998714,move_q25
1044,T2/S04,long,2022-07-21 19:00:00,2022-07-21 19:28:00,2022-07-21 19:27:00,True,2,4,1712.25,1712.95,0.7000000000000455,5600.000000000364,9676.289999999726,move_q25
1045,T2/S04,long,2022-07-21 19:30:00,2022-07-21 20:09:00,2022-07-21 20:08:00,True,2,4,1711.94,1712.77,0.8299999999999272,6640.000000000327,11132.560000000136,move_q25
362,T1/S01,long,2022-07-21 22:30:00,2022-07-21 22:47:00,2022-07-21 22:55:00,True,1,2,1717.75,1718.36,0.6099999999999,2439.9999999996,3847.4399999999314,move_q25
363,T1/S01,long,2022-07-21 22:48:00,2022-07-21 22:59:00,2022-07-21 22:58:00,True,1,4,1718.08,1719.09,1.009999999999991,7.069999999999965,8910.18000000048,move_q25
364,T1/S01,long,2022-07-21 23:00:00,2022-07-22 09:06:00,2022-07-21 23:54:00,True,1,10,1719.6799999999998,1720.26,0.5800000000001546,2319.999999999709,27301.949999999375,move_q25
365,T1/S01,long,2022-07-27 22:00:00,2022-07-27 22:04:00,2022-07-27 22:03:00,True,1,2,1735.03,1735.89,0.8600000000001273,3440.0000000005093,6510.150000001046,move_q25
366,T1/S01,long,2022-07-27 22:06:00,2022-07-27 22:07:00,2022-07-27 22:06:00,True,1,2,1736.2,1737.53,1.3299999999999272,5319.999999999709,10358.5499999993,move_q25
367,T1/S01,long,2022-07-27 22:12:00,2022-07-27 22:13:00,2022-07-27 22:15:00,True,1,2,1738.9299999999998,1740.03,1.1000000000001364,4399.999999999636,4308.63999999958,move_q25
368,T1/S01,long,2022-07-27 22:18:00,2022-07-27 22:33:00,2022-07-28 02:14:00,True,3,4,1737.2331263679298,1737.83,0.5968736320701282,5181.459999999133,9934.29000000147,move_q25
369,T1/S01,long,2022-07-27 23:24:00,2022-07-27 23:39:00,2022-07-27 23:38:00,True,1,2,1734.6199999999997,1735.18,0.5600000000004002,2240.000000000691,4401.540000001264,move_q25
1368,T5/S09,long,2022-07-28 11:12:00,2022-07-28 15:34:00,2022-07-28 15:42:00,True,2,6,1744.7041985353947,1746.97,2.2658014646053743,13923.35000000044,52184.25,move_q25
370,T1/S01,long,2022-08-03 22:18:00,2022-08-03 22:25:00,2022-08-03 22:24:00,True,1,2,1764.72,1765.32,0.599999999999909,2399.999999999636,4778.739999999216,move_q25
371,T1/S01,long,2022-08-03 23:48:00,2022-08-03 23:52:00,2022-08-03 23:52:00,True,1,2,1764.9299999999998,1765.84,0.9100000000000819,3639.999999999418,4314.7499999996435,move_q25
372,T1/S01,long,2022-08-03 23:54:00,2022-08-04 03:34:00,2022-08-04 03:34:00,True,2,4,1765.2230944625405,1765.92,0.6969055374595428,4279.0000000009095,9032.1000000025,move_q25
373,T1/S01,long,2022-08-04 22:00:00,2022-08-04 22:50:00,2022-08-05 03:33:00,True,3,6,1793.3621207234187,1794.02,0.6578792765812977,5711.049999999893,13795.6,move_q25
693,T2/S03,long,2022-08-04 22:30:00,2022-08-05 03:21:00,2022-08-04 22:49:00,True,1,2,1792.95,1793.48,0.5299999999999727,2119.999999999891,6218.879999999714,move_q25
1046,T2/S04,long,2022-08-08 19:00:00,2022-08-08 19:21:00,2022-08-08 19:17:00,True,1,2,1787.3,1787.79,0.4900000000000091,1960.0000000000364,4984.5600000008635,move_q25
1613,T6/S12,short,2022-08-10 08:00:00,2022-08-10 08:17:00,2022-08-10 08:16:00,True,1,2,1790.39,1788.8,1.5900000000001455,6360.000000000582,12041.440000001658,move_q25
1614,T6/S12,short,2022-08-10 08:24:00,2022-08-10 10:23:00,2022-08-10 14:03:00,True,3,4,1791.2306264027748,1790.09,1.140626402774842,11180.420000000066,18194.049999997907,move_q25
1047,T2/S04,long,2022-08-12 19:45:00,2022-08-12 20:05:00,2022-08-12 20:04:00,True,1,2,1798.15,1799.32,1.1699999999998454,4679.9999999993815,9337.769999998767,move_q25
374,T1/S01,long,2022-08-12 22:54:00,2022-08-12 23:54:00,2022-08-26 22:54:00,False,38,6,1768.2312980385395,1737.68,-30.55129803853947,-3367486.274999991,8641.079999999418,move_q25
1615,T6/S12,short,2022-08-15 08:12:00,2022-08-15 08:25:00,2022-08-15 08:24:00,True,1,3,1793.86,1792.38,1.4799999999997908,5919.999999999163,11145.019999998978,move_q25
1616,T6/S12,short,2022-08-15 08:36:00,2022-08-15 09:14:00,2022-08-15 09:13:00,True,1,3,1793.02,1791.74,1.2799999999999727,5119.999999999891,9487.200000000512,move_q25
1617,T6/S12,short,2022-08-19 08:00:00,2022-08-19 11:05:00,2022-08-19 11:04:00,True,2,6,1753.7498000689418,1752.48,1.2698000689417768,7367.379999999625,25144.08000000095,move_q25
694,T2/S03,long,2022-08-23 22:00:00,2022-08-23 22:12:00,2022-08-23 22:11:00,True,1,3,1746.14,1746.68,0.5399999999999636,2159.9999999998545,4459.9499999996315,move_q25
695,T2/S03,long,2022-08-23 22:15:00,2022-08-23 22:19:00,2022-08-23 22:18:00,True,1,3,1746.58,1747.3,0.7200000000000273,2880.000000000109,5845.680000000221,move_q25
696,T2/S03,long,2022-08-23 22:30:00,2022-08-23 22:36:00,2022-08-23 22:35:00,True,1,3,1747.0700000000002,1747.62,0.5499999999997272,2199.999999999818,4390.199999999704,move_q25
697,T2/S03,long,2022-08-23 22:45:00,2022-08-23 22:56:00,2022-08-23 22:55:00,True,1,3,1746.55,1747.11,0.5599999999999454,2239.9999999997817,4476.44999999963,move_q25
1618,T6/S12,short,2022-08-29 08:00:00,2022-08-29 09:17:00,2022-08-29 09:17:00,True,2,6,1723.473588417787,1722.34,1.1335884177869957,6577.080000000344,20532.9600000017,move_q25
1048,T2/S04,long,2022-08-29 19:00:00,2022-08-29 21:04:00,2022-08-29 21:02:00,True,3,9,1738.803333333333,1739.31,0.506666666666888,6079.999999999927,17278.78999999918,move_q25
1049,T2/S04,long,2022-09-02 19:00:00,2022-09-02 21:31:00,2022-09-02 21:29:00,True,4,12,1713.4949999999997,1714.23,0.7350000000003547,11760.000000001128,18257.279999998354,move_q25
698,T2/S03,long,2022-09-07 22:00:00,2022-09-07 22:05:00,2022-09-07 22:04:00,True,1,3,1714.86,1715.41,0.5500000000001819,2200.0000000007276,4543.0000000015025,move_q25
699,T2/S03,long,2022-09-07 22:15:00,2022-09-07 22:58:00,2022-09-07 22:54:00,True,1,3,1716.83,1717.33,0.5,2000.0,4465.259999999699,move_q25
375,T1/S01,long,2022-09-07 23:36:00,2022-09-07 23:45:00,2022-09-07 23:44:00,True,1,3,1718.06,1718.77,0.7100000000000364,2840.0000000001455,5794.600000000377,move_q25
376,T1/S01,long,2022-09-07 23:48:00,2022-09-08 04:29:00,2022-09-08 04:28:00,True,2,6,1718.1667426710096,1718.68,0.5132573289904485,3151.400000000053,12435.0,move_q25
700,T2/S03,long,2022-09-16 22:30:00,2022-09-16 23:30:00,2022-09-16 23:29:00,True,1,3,1674.53,1675.15,0.6200000000001182,2480.000000000473,5654.200000000529,move_q25
377,T1/S01,long,2022-09-19 23:30:00,2022-09-20 03:01:00,2022-09-20 03:00:00,True,1,3,1675.7,1676.78,1.0799999999999272,4319.999999999709,9574.899999998865,move_q25
1619,T6/S12,short,2022-09-20 08:36:00,2022-09-20 08:58:00,2022-09-20 08:57:00,True,1,3,1672.2900000000002,1671.04,1.2500000000002274,5000.0,9930.550000000456,move_q25
1620,T6/S12,short,2022-09-21 08:00:00,2022-09-21 17:33:00,2022-09-21 17:36:00,True,6,21,1668.6595360469569,1667.08,1.579536046956946,30947.060000001104,85908.54999999604,move_q25
1369,T5/S09,long,2022-09-27 10:00:00,2022-09-27 10:04:00,2022-09-27 10:04:00,True,1,3,1635.64,1638.75,3.1099999999999,12439.9999999996,17159.369999999923,move_q25
1370,T5/S09,long,2022-09-27 10:12:00,2022-09-27 10:29:00,2022-09-27 14:07:00,True,2,3,1636.4273148901545,1638.91,2.4826851098455336,15256.100000000137,17484.839999999687,move_q25
1371,T5/S09,long,2022-09-27 10:36:00,2022-09-27 13:38:00,2022-09-27 14:07:00,True,2,6,1636.7508055329536,1638.91,2.159194467046518,13268.250000000548,35628.84000000086,move_q25
1050,T2/S04,long,2022-09-28 19:00:00,2022-09-28 19:01:00,2022-09-28 19:00:00,True,1,3,1658.8699999999997,1659.87,1.0000000000002274,4000.0,8677.0,move_q25
1051,T2/S04,long,2022-09-28 19:15:00,2022-09-28 19:53:00,2022-09-28 19:52:00,True,3,9,1658.2133333333334,1659.17,0.9566666666667061,11480.000000001382,23041.75000000277,move_q25
701,T2/S03,long,2022-09-28 22:00:00,2022-09-29 04:31:00,2022-09-29 04:18:00,True,6,18,1657.5512894467338,1658.36,0.8087105532661099,16977.664999998407,41694.5700000058,move_q25
1621,T6/S12,short,2022-09-29 09:24:00,2022-09-29 10:26:00,2022-09-29 10:26:00,True,2,6,1645.0225991037573,1643.56,1.462599103757384,8485.999999999927,23295.36000000088,move_q25
1052,T2/S04,long,2022-10-03 19:00:00,2022-10-03 19:03:00,2022-10-03 19:02:00,True,1,3,1690.3800000000003,1691.19,0.8099999999997181,3239.9999999997817,7806.479999998951,move_q25
1053,T2/S04,long,2022-10-03 19:15:00,2022-10-03 19:41:00,2022-10-03 19:40:00,True,2,6,1689.825,1690.47,0.6449999999999818,5159.9999999998545,11107.5,move_q25
1054,T2/S04,long,2022-10-03 19:45:00,2022-10-03 19:50:00,2022-10-03 19:49:00,True,1,3,1690.23,1690.75,0.5199999999999818,2079.9999999999272,5522.959999999028,move_q25
378,T1/S01,long,2022-10-03 22:00:00,2022-10-03 22:27:00,2022-10-03 22:27:00,True,3,9,1697.8586994585876,1698.54,0.6813005414123836,5914.3700000001945,15610.0,move_q25
702,T2/S03,long,2022-10-03 22:00:00,2022-10-03 22:27:00,2022-10-03 22:27:00,True,3,9,1697.9042286205413,1698.54,0.6357713794586743,5917.760000000228,15610.0,move_q25
703,T2/S03,long,2022-10-03 22:30:00,2022-10-03 22:31:00,2022-10-03 22:30:00,True,1,3,1697.75,1698.58,0.8299999999999272,3319.999999999709,7724.519999999102,move_q25
704,T2/S03,long,2022-10-03 22:45:00,2022-10-03 22:47:00,2022-10-03 22:46:00,True,1,3,1699.45,1699.96,0.5099999999999909,2039.9999999999636,4588.469999999918,move_q25
1298,T4/S08,long,2022-10-04 10:00:00,2022-10-04 10:08:00,2022-10-04 10:07:00,True,1,3,1706.11,1707.67,1.5600000000001728,6240.000000000691,14050.920000001557,move_q25
1299,T4/S08,long,2022-10-04 10:10:00,2022-10-04 10:20:00,2022-10-04 10:19:00,True,1,3,1708.9100000000003,1710.49,1.5799999999996999,6319.999999999709,14275.299999999343,move_q25
1300,T4/S08,long,2022-10-04 10:25:00,2022-10-04 12:03:00,2022-10-04 10:37:00,True,1,6,1708.78,1710.28,1.5,6000.0,27460.89000000181,move_q25
379,T1/S01,long,2022-10-05 22:00:00,2022-10-05 22:17:00,2022-10-05 22:16:00,True,1,3,1717.2900000000002,1718.0,0.709999999999809,2840.0000000001455,6473.780000000332,move_q25
380,T1/S01,long,2022-10-05 22:18:00,2022-10-06 02:18:00,2022-10-06 02:19:00,True,3,9,1717.1109849095726,1717.7,0.5890150904274378,5113.240000000435,30314.91999999942,move_q25
1055,T2/S04,long,2022-10-11 19:30:00,2022-10-11 19:41:00,2022-10-11 19:40:00,True,1,3,1682.1300000000003,1682.99,0.8599999999996726,3439.9999999996,7823.399999999163,move_q25
1056,T2/S04,long,2022-10-11 19:45:00,2022-10-11 19:47:00,2022-10-11 19:46:00,True,1,3,1681.94,1682.44,0.5,2000.0,4702.199999999916,move_q25
1622,T6/S12,short,2022-10-19 08:00:00,2022-10-19 09:02:00,2022-10-19 09:04:00,True,1,3,1646.35,1644.71,1.6399999999998727,6559.999999999491,9875.029999999413,move_q25
1057,T2/S04,long,2022-10-21 19:00:00,2022-10-21 19:02:00,2022-10-21 19:01:00,True,1,3,1650.9599999999998,1651.82,0.8600000000001273,3439.9999999996,8416.589999998654,move_q25
1058,T2/S04,long,2022-10-21 19:15:00,2022-10-21 19:25:00,2022-10-21 19:24:00,True,2,6,1649.6150000000002,1650.52,0.9049999999997453,7239.999999999782,16122.840000000084,move_q25
1059,T2/S04,long,2022-10-21 19:30:00,2022-10-21 19:32:00,2022-10-21 19:31:00,True,1,3,1648.95,1649.89,0.9400000000000546,3760.0000000002183,9019.060000000254,move_q25
1060,T2/S04,long,2022-10-21 19:45:00,2022-10-21 19:46:00,2022-10-21 19:45:00,True,1,3,1651.15,1652.24,1.0899999999999181,4359.999999999673,10247.599999999153,move_q25
705,T2/S03,long,2022-10-21 22:00:00,2022-10-21 22:11:00,2022-10-21 22:10:00,True,1,3,1654.0400000000002,1654.7,0.6599999999998545,2640.0000000003274,6349.160000000595,move_q25
706,T2/S03,long,2022-10-21 22:15:00,2022-10-21 22:18:00,2022-10-21 22:17:00,True,1,3,1654.8800000000003,1656.03,1.1499999999996362,4599.999999999454,10751.349999998725,move_q25
381,T1/S01,long,2022-10-21 22:18:00,2022-10-21 22:22:00,2022-10-21 22:21:00,True,1,3,1656.08,1656.76,0.6800000000000637,2720.0000000002547,6357.320000000595,move_q25
382,T1/S01,long,2022-10-21 22:24:00,2022-10-21 23:40:00,2022-10-21 23:41:00,True,2,6,1655.9723452768728,1656.62,0.6476547231270615,3976.599999999303,8726.189999998463,move_q25
707,T2/S03,long,2022-10-21 22:30:00,2022-10-21 23:40:00,2022-10-21 23:39:00,True,2,6,1655.3418133183163,1655.9,0.5581866816837646,3964.800000000424,18765.999999997865,move_q25
1623,T6/S12,short,2022-10-25 09:00:00,2022-10-25 10:15:00,2022-10-25 10:26:00,True,2,6,1648.7222233712514,1647.16,1.5622233712513207,9064.019999999402,19253.5200000018,move_q25
383,T1/S01,long,2022-10-28 23:00:00,2022-10-31 02:06:00,2022-10-31 01:15:00,True,2,6,1644.5385342019545,1645.31,0.7714657980454831,4736.7999999995845,12793.949999999139,move_q25
708,T2/S03,long,2022-11-03 22:00:00,2022-11-04 02:04:00,2022-11-04 02:03:00,True,2,6,1630.3148162748134,1630.84,0.5251837251864799,3730.379999999226,11498.629999998186,move_q25
1061,T2/S04,long,2022-11-04 19:30:00,2022-11-04 19:37:00,2022-11-04 19:35:00,True,1,3,1673.3200000000002,1673.83,0.5099999999997635,2039.9999999999636,5334.560000001646,move_q25
1062,T2/S04,long,2022-11-04 19:45:00,2022-11-04 19:55:00,2022-11-04 19:54:00,True,1,3,1674.3800000000003,1674.93,0.5499999999997272,2199.999999999818,5244.799999999566,move_q25
384,T1/S01,long,2022-11-04 22:00:00,2022-11-04 22:20:00,2022-11-04 22:19:00,True,1,3,1680.77,1681.55,0.7799999999999727,3119.999999999891,7446.65999999974,move_q25
709,T2/S03,long,2022-11-04 22:00:00,2022-11-04 22:20:00,2022-11-04 22:19:00,True,1,3,1680.77,1681.55,0.7799999999999727,3119.999999999891,7446.65999999974,move_q25
385,T1/S01,long,2022-11-04 22:24:00,2022-11-07 01:11:00,2022-11-07 01:07:00,True,2,12,1675.451290322581,1677.22,1.7687096774191104,3838.1000000002928,-31316.789999999826,move_q25
710,T2/S03,long,2022-11-04 22:30:00,2022-11-07 01:11:00,2022-11-07 01:07:00,True,2,33,1675.4287934886688,1677.22,1.791206511331211,5611.850000000426,121962.67000000489,move_q25
1063,T2/S04,long,2022-11-08 19:00:00,2022-11-08 19:01:00,2022-11-08 19:00:00,True,1,3,1715.19,1716.2,1.009999999999991,4039.9999999999636,9981.82999999991,move_q25
1064,T2/S04,long,2022-11-08 19:15:00,2022-11-08 19:27:00,2022-11-08 19:23:00,True,1,3,1711.7599999999998,1712.24,0.48000000000024556,1920.0000000000728,6635.0100000007205,move_q25
1065,T2/S04,long,2022-11-08 19:30:00,2022-11-08 19:36:00,2022-11-08 19:35:00,True,1,3,1712.61,1713.14,0.5300000000002001,2120.0000000008004,5255.480000001984,move_q25
1066,T2/S04,long,2022-11-08 19:45:00,2022-11-08 19:56:00,2022-11-08 19:55:00,True,1,3,1713.4900000000002,1714.03,0.5399999999997362,2159.9999999998545,5360.579999999639,move_q25
711,T2/S03,long,2022-11-08 22:00:00,2022-11-08 22:02:00,2022-11-08 22:01:00,True,1,3,1711.75,1712.36,0.6099999999999,2439.9999999996,6062.179999999005,move_q25
712,T2/S03,long,2022-11-08 22:15:00,2022-11-08 22:32:00,2022-11-08 22:31:00,True,1,3,1711.78,1712.65,0.8700000000001182,3480.000000000473,8656.500000001177,move_q25
713,T2/S03,long,2022-11-08 22:45:00,2022-11-08 22:47:00,2022-11-08 22:46:00,True,1,3,1711.69,1712.4,0.7100000000000364,2840.0000000001455,7176.240000000273,move_q25
1067,T2/S04,long,2022-11-10 19:00:00,2022-11-10 19:19:00,2022-11-10 19:18:00,True,2,6,1749.0949999999998,1749.71,0.6150000000002365,4920.000000000982,12276.630000000181,move_q25
1068,T2/S04,long,2022-11-10 19:30:00,2022-11-10 19:57:00,2022-11-10 19:55:00,True,2,6,1748.2900000000002,1748.79,0.4999999999997726,3999.9999999990905,16509.90000000091,move_q25
714,T2/S03,long,2022-11-10 22:00:00,2022-11-10 22:59:00,2022-11-10 22:58:00,True,1,3,1754.17,1755.13,0.9600000000000364,3840.0000000001455,9436.659999998265,move_q25
386,T1/S01,long,2022-11-10 22:18:00,2022-11-10 22:59:00,2022-11-10 22:53:00,True,2,3,1753.7171986970686,1754.57,0.8528013029313115,5236.199999999553,8733.929999998905,move_q25
387,T1/S01,long,2022-11-10 23:00:00,2022-11-10 23:09:00,2022-11-10 23:08:00,True,1,3,1755.7599999999998,1756.64,0.8800000000003365,3520.0000000004366,8664.499999998992,move_q25
388,T1/S01,long,2022-11-10 23:12:00,2022-11-10 23:26:00,2022-11-10 23:25:00,True,2,6,1756.034918566775,1756.68,0.6450814332249593,3960.800000000713,17259.030000002662,move_q25
389,T1/S01,long,2022-11-11 23:48:00,2022-11-14 10:02:00,2022-11-14 10:01:00,True,5,15,1763.0372530046222,1763.92,0.8827469953778291,14322.570000001017,28760.680000006083,move_q25
1069,T2/S04,long,2022-11-14 19:00:00,2022-11-14 19:03:00,2022-11-14 19:02:00,True,1,3,1769.7599999999998,1770.4,0.6400000000003274,2560.0000000004,6518.400000001019,move_q25
1070,T2/S04,long,2022-11-14 19:15:00,2022-11-14 19:17:00,2022-11-14 19:16:00,True,1,3,1770.27,1771.02,0.75,3000.0,7342.560000000278,move_q25
1071,T2/S04,long,2022-11-14 19:30:00,2022-11-14 19:38:00,2022-11-14 19:37:00,True,1,3,1771.6300000000003,1772.51,0.8799999999996544,3519.999999999527,8680.199999999071,move_q25
1072,T2/S04,long,2022-11-14 19:45:00,2022-11-14 19:52:00,2022-11-14 19:50:00,True,1,3,1770.1199999999997,1770.58,0.46000000000026375,1840.0000000001455,6956.400000000651,move_q25
715,T2/S03,long,2022-11-14 22:00:00,2022-11-14 22:01:00,2022-11-14 22:00:00,True,1,3,1773.02,1773.57,0.5499999999999545,2199.999999999818,5531.759999999627,move_q25
716,T2/S03,long,2022-11-14 22:15:00,2022-11-14 22:21:00,2022-11-14 22:20:00,True,1,3,1772.44,1773.06,0.6199999999998909,2479.9999999995634,6255.549999998974,move_q25
717,T2/S03,long,2022-11-14 22:30:00,2022-11-14 22:53:00,2022-11-14 22:52:00,True,1,3,1772.3,1772.86,0.5599999999999454,2239.9999999997817,5954.860000001588,move_q25
390,T1/S01,long,2022-11-15 23:18:00,2022-11-16 01:13:00,2022-11-16 01:13:00,True,1,3,1778.56,1779.22,0.6600000000000819,2640.0000000003274,5653.449999999532,move_q25
1243,T3/S06,short,2022-11-18 23:00:00,2022-11-21 02:41:00,2022-11-21 03:08:00,True,2,6,1749.7898384491116,1748.29,1.4998384491116212,9284.000000000844,10805.550000001873,move_q25
1372,T5/S09,long,2022-11-23 10:00:00,2022-11-23 16:47:00,2022-11-23 16:46:00,True,3,9,1738.3633711187774,1741.98,3.6166288812225957,36690.70000000032,103326.23999999982,move_q25
391,T1/S01,long,2022-11-23 22:00:00,2022-11-24 01:51:00,2022-11-24 01:52:00,True,2,6,1751.497654723127,1752.1,0.6023452768729385,3698.3999999995553,10729.3800000022,move_q25
718,T2/S03,long,2022-11-23 22:00:00,2022-11-24 01:51:00,2022-11-24 01:52:00,True,2,6,1751.2454990848937,1752.1,0.8545009151062004,6069.519999999418,10729.3800000022,move_q25
392,T1/S01,long,2022-11-30 23:00:00,2022-12-01 01:05:00,2022-12-01 01:05:00,True,2,6,1769.517654723127,1770.33,0.8123452768729749,4987.799999999779,11618.19999999904,move_q25
1073,T2/S04,long,2022-12-01 19:00:00,2022-12-01 19:29:00,2022-12-01 19:28:00,True,2,6,1801.4099999999999,1802.0,0.5900000000001455,4720.000000000255,11537.649999999134,move_q25
1074,T2/S04,long,2022-12-01 19:30:00,2022-12-01 21:17:00,2022-12-01 21:16:00,True,2,6,1801.3349999999998,1802.02,0.6850000000001728,5479.999999999563,13472.159999999807,move_q25
393,T1/S01,long,2022-12-02 22:30:00,2022-12-05 01:32:00,2022-12-05 01:31:00,True,3,9,1797.648899896325,1798.25,0.6011001036749803,5218.150000000009,23077.949999998356,move_q25
719,T2/S03,long,2022-12-02 22:30:00,2022-12-05 01:32:00,2022-12-05 01:31:00,True,3,9,1797.7203545337345,1798.25,0.5296454662654924,4929.940000000011,23077.949999998356,move_q25
1624,T6/S12,short,2022-12-05 09:24:00,2022-12-05 09:45:00,2022-12-05 09:44:00,True,1,3,1800.56,1799.05,1.509999999999991,6039.999999999964,15017.799999998537,move_q25
1244,T3/S06,short,2022-12-05 23:00:00,2022-12-06 07:32:00,2022-12-06 08:20:00,True,3,12,1769.7812158707436,1768.53,1.2512158707436356,12235.640000000181,35605.66999999453,move_q25
394,T1/S01,long,2022-12-07 22:00:00,2022-12-08 15:06:00,2022-12-08 15:05:00,True,5,15,1786.3609830508474,1787.21,0.8490169491526558,13775.300000000774,33894.769999998716,move_q25
1075,T2/S04,long,2022-12-16 19:00:00,2022-12-16 19:01:00,2022-12-16 19:00:00,True,1,3,1788.7099999999998,1789.29,0.5800000000001546,2319.999999999709,6319.679999999207,move_q25
1076,T2/S04,long,2022-12-16 19:15:00,2022-12-16 19:20:00,2022-12-16 19:19:00,True,1,3,1789.5899999999997,1790.67,1.080000000000382,4320.0000000006185,11672.630000001785,move_q25
1077,T2/S04,long,2022-12-16 19:30:00,2022-12-16 20:12:00,2022-12-16 20:11:00,True,2,6,1789.0700000000002,1789.87,0.7999999999997272,6399.999999998727,12024.09999999652,move_q25
395,T1/S01,long,2022-12-16 22:00:00,2022-12-16 22:03:00,2022-12-16 22:19:00,True,1,3,1792.9900000000002,1793.71,0.7199999999997999,2880.000000000109,6135.359999999402,move_q25
396,T1/S01,long,2022-12-16 22:06:00,2022-12-16 22:17:00,2022-12-16 22:32:00,True,1,3,1793.44,1794.25,0.8099999999999454,3239.9999999997817,-548.4499999995012,move_q25
720,T2/S03,long,2022-12-16 22:15:00,2022-12-16 22:31:00,2022-12-16 22:16:00,True,1,9,1792.8200000000002,1793.39,0.5699999999999363,2280.000000000655,24598.620000000097,move_q25
397,T1/S01,long,2022-12-16 22:36:00,2022-12-16 23:34:00,2022-12-19 02:41:00,True,2,6,1793.2074918566775,1793.83,0.6225081433224204,3822.19999999993,11211.8399999998,move_q25
721,T2/S03,long,2022-12-20 22:00:00,2022-12-20 22:52:00,2022-12-20 22:51:00,True,2,6,1817.9960791214978,1818.63,0.6339208785022947,4502.740000000844,14240.309999997087,move_q25
1625,T6/S12,short,2022-12-22 09:24:00,2022-12-22 11:28:00,2022-12-22 11:26:00,True,3,9,1817.0200000000002,1815.99,1.0300000000002,10096.060000000642,34089.44000000171,move_q25
1078,T2/S04,long,2022-12-27 19:00:00,2022-12-27 19:05:00,2022-12-27 19:04:00,True,1,3,1820.89,1821.55,0.6599999999998545,2639.999999999418,7238.399999998481,move_q25
1079,T2/S04,long,2022-12-27 19:15:00,2022-12-29 07:07:00,2022-12-29 11:02:00,True,11,39,1809.8751788928084,1810.46,0.5848211071916012,24371.250000000684,84517.00000000426,move_q25
1080,T2/S04,long,2022-12-29 19:45:00,2022-12-29 19:51:00,2022-12-29 19:50:00,True,1,3,1817.92,1818.51,0.5899999999999181,2359.9999999996726,6338.639999999383,move_q25
1081,T2/S04,long,2023-01-06 19:00:00,2023-01-06 19:01:00,2023-01-06 19:00:00,True,1,3,1863.4900000000002,1864.25,0.7599999999997635,3039.9999999999636,8611.559999999898,move_q25
1082,T2/S04,long,2023-01-06 19:15:00,2023-01-06 19:37:00,2023-01-06 19:36:00,True,2,6,1862.3799999999999,1863.32,0.9400000000000546,7519.999999999527,18271.890000001447,move_q25
1083,T2/S04,long,2023-01-06 19:45:00,2023-01-06 20:06:00,2023-01-06 20:05:00,True,1,3,1862.15,1862.82,0.6699999999998454,2679.9999999993815,7628.61999999824,move_q25
722,T2/S03,long,2023-01-06 22:00:00,2023-01-09 01:19:00,2023-01-09 01:18:00,True,2,6,1868.1319160917922,1868.83,0.6980839082077637,4958.48999999952,17443.52999999969,move_q25
398,T1/S01,long,2023-01-06 22:00:00,2023-01-09 01:19:00,2023-01-09 01:18:00,True,2,6,1868.3094462540714,1868.83,0.5205537459285097,3196.1999999995896,17443.52999999969,move_q25
1626,T6/S12,short,2023-01-13 08:00:00,2023-01-13 13:59:00,2023-01-13 13:58:00,True,7,21,1901.6577414432554,1900.0,1.6577414432554178,39110.26500000109,105877.33000000543,move_q25
1373,T5/S09,long,2023-01-13 11:12:00,2023-01-13 16:37:00,2023-01-13 16:36:00,True,3,9,1903.0170280926563,1905.6,2.5829719073435626,26204.249999999236,77765.91999999853,move_q25
723,T2/S03,long,2023-01-13 22:00:00,2023-01-13 22:55:00,2023-01-13 22:54:00,True,1,3,1920.1600000000003,1921.39,1.2299999999997908,4920.000000000073,14560.740000000216,move_q25
399,T1/S01,long,2023-01-19 22:00:00,2023-01-19 22:03:00,2023-01-19 22:02:00,True,1,3,1929.8,1930.74,0.9400000000000546,3760.0000000002183,11256.500000000653,move_q25
724,T2/S03,long,2023-01-19 22:00:00,2023-01-19 22:03:00,2023-01-19 22:02:00,True,1,3,1929.8,1930.74,0.9400000000000546,3760.0000000002183,11256.500000000653,move_q25
400,T1/S01,long,2023-01-19 22:06:00,2023-01-19 22:10:00,2023-01-19 22:09:00,True,1,4,1931.3699999999997,1932.51,1.1400000000003274,4560.0000000004,13943.200000000983,move_q25
401,T1/S01,long,2023-01-19 22:12:00,2023-01-19 22:14:00,2023-01-19 22:13:00,True,1,4,1933.8200000000002,1934.66,0.8399999999999181,3360.000000000582,10120.320000001753,move_q25
725,T2/S03,long,2023-01-19 22:15:00,2023-01-19 22:58:00,2023-01-20 03:24:00,True,4,24,1932.486883752447,1933.74,1.2531162475529527,16643.890000000698,59317.71000000109,move_q25
402,T1/S01,long,2023-01-19 22:18:00,2023-01-19 22:58:00,2023-01-19 22:57:00,True,3,28,1932.9926091464117,1933.62,0.6273908535881674,5446.379999999555,34934.7600000012,move_q25
1627,T6/S12,short,2023-01-23 09:00:00,2023-01-23 09:28:00,2023-01-23 09:27:00,True,1,4,1922.5899999999997,1920.77,1.819999999999709,7279.999999999745,20667.359999997985,move_q25
1628,T6/S12,short,2023-01-23 09:36:00,2023-01-23 10:03:00,2023-01-23 10:02:00,True,1,4,1920.5400000000002,1919.35,1.190000000000282,4760.000000000218,13578.399999998877,move_q25
403,T1/S01,long,2023-01-23 23:36:00,2023-01-24 01:24:00,2023-01-24 01:23:00,True,1,4,1931.73,1932.31,0.5799999999999272,2319.999999999709,7298.889999998987,move_q25
404,T1/S01,long,2023-01-24 22:54:00,2023-01-24 23:00:00,2023-01-24 22:59:00,True,1,4,1937.2900000000002,1937.86,0.569999999999709,2279.9999999997453,7060.019999999211,move_q25
1629,T6/S12,short,2023-01-25 08:12:00,2023-01-25 09:33:00,2023-01-25 09:32:00,True,4,16,1930.2159187386294,1928.99,1.2259187386293888,16172.319999999574,53815.99999999335,move_q25
1084,T2/S04,long,2023-01-25 19:45:00,2023-01-25 20:03:00,2023-01-25 20:02:00,True,2,8,1939.0199999999998,1939.66,0.6400000000003274,5120.0000000008,14506.960000001023,move_q25
726,T2/S03,long,2023-01-25 22:00:00,2023-01-25 22:03:00,2023-01-25 22:02:00,True,1,4,1942.48,1943.38,0.900000000000091,3600.000000000364,12786.719999999772,move_q25
405,T1/S01,long,2023-01-25 22:06:00,2023-01-25 22:38:00,2023-01-25 22:55:00,True,3,8,1945.6547794032947,1946.18,0.5252205967053669,4559.440000000362,2512.400000000571,move_q25
727,T2/S03,long,2023-01-25 22:15:00,2023-01-25 22:57:00,2023-01-25 22:36:00,True,1,8,1944.7099999999998,1945.22,0.5100000000002183,2039.9999999999636,30796.620000000574,move_q25
406,T1/S01,long,2023-01-25 23:00:00,2023-01-26 01:12:00,2023-01-26 01:06:00,True,2,4,1946.3137133550485,1946.87,0.5562866449513422,3415.599999999813,7983.990000001383,move_q25
1085,T2/S04,long,2023-01-31 19:00:00,2023-01-31 19:06:00,2023-01-31 19:05:00,True,1,4,1927.52,1928.04,0.5199999999999818,2079.9999999999272,6480.059999999885,move_q25
1086,T2/S04,long,2023-01-31 19:15:00,2023-01-31 19:17:00,2023-01-31 19:16:00,True,1,4,1928.2900000000002,1928.82,0.5299999999997453,2119.999999999891,6613.879999999768,move_q25
1087,T2/S04,long,2023-01-31 19:30:00,2023-01-31 20:32:00,2023-01-31 20:30:00,True,1,4,1930.0,1930.47,0.4700000000000273,1880.0000000001091,7765.909999998727,move_q25
728,T2/S03,long,2023-01-31 22:00:00,2023-02-01 03:02:00,2023-02-01 06:14:00,True,3,8,1927.537650408251,1928.07,0.5323495917489254,4955.109999999488,13257.919999999536,move_q25
407,T1/S01,long,2023-02-01 23:18:00,2023-02-02 01:05:00,2023-02-02 01:05:00,True,2,8,1951.099315960912,1952.43,1.3306840390880552,8170.400000000162,52501.13999999872,move_q25
1245,T3/S06,short,2023-02-02 23:00:00,2023-02-02 23:07:00,2023-02-02 23:06:00,True,1,4,1912.7900000000002,1911.76,1.0300000000002,4119.999999999891,11461.41999999836,move_q25
1246,T3/S06,short,2023-02-02 23:10:00,2023-02-02 23:26:00,2023-02-02 23:30:00,True,1,4,1912.3800000000003,1911.63,0.7500000000002274,3000.0,6580.020000002816,move_q25
1247,T3/S06,short,2023-02-09 23:00:00,2023-02-10 02:04:00,2023-02-10 02:03:00,True,1,4,1860.7900000000002,1859.93,0.8600000000001273,3439.9999999996,9427.950000000235,move_q25
1630,T6/S12,short,2023-02-15 08:36:00,2023-02-15 08:47:00,2023-02-15 09:31:00,True,1,4,1843.44,1841.75,1.6900000000000546,6760.000000000218,13063.339999999882,move_q25
1631,T6/S12,short,2023-02-15 08:48:00,2023-02-15 09:32:00,2023-02-15 09:31:00,True,2,8,1843.1504825922098,1841.75,1.4004825922097552,8125.599999999845,47174.39999999835,move_q25
1088,T2/S04,long,2023-02-17 19:00:00,2023-02-17 19:02:00,2023-02-17 19:01:00,True,1,4,1839.7,1841.73,2.0299999999999727,8119.999999999891,26893.299999999286,move_q25
1089,T2/S04,long,2023-02-17 19:15:00,2023-02-17 19:16:00,2023-02-17 19:15:00,True,1,4,1841.25,1841.74,0.4900000000000091,1960.0000000000364,6685.079999999881,move_q25
1090,T2/S04,long,2023-02-17 19:30:00,2023-02-17 20:35:00,2023-02-17 19:32:00,True,1,8,1842.0899999999997,1842.55,0.46000000000026375,1840.0000000001455,13515.659999999642,move_q25
729,T2/S03,long,2023-02-17 22:00:00,2023-02-17 22:09:00,2023-02-17 22:08:00,True,1,4,1842.89,1843.46,0.5699999999999363,2279.9999999997453,7100.459999999522,move_q25
730,T2/S03,long,2023-02-17 22:15:00,2023-02-17 22:23:00,2023-02-17 22:22:00,True,1,4,1842.75,1843.31,0.5599999999999454,2239.9999999997817,7502.909999999162,move_q25
408,T1/S01,long,2023-02-17 22:18:00,2023-02-17 23:10:00,2023-02-20 03:25:00,True,4,8,1840.43243599182,1841.06,0.6275640081798883,7671.969999999779,-9352.63000000048,move_q25
731,T2/S03,long,2023-02-17 22:30:00,2023-02-17 23:10:00,2023-02-20 03:21:00,True,4,4,1840.0078670380967,1840.49,0.48213296190328947,6403.690000000948,3821.6199999995206,move_q25
732,T2/S03,long,2023-02-20 01:09:00,2023-02-20 03:25:00,2023-02-20 03:11:00,True,3,12,1839.4494058874088,1840.15,0.7005941125912614,6521.130000000885,61836.839999997836,move_q25
1091,T2/S04,long,2023-02-28 19:00:00,2023-02-28 19:02:00,2023-02-28 19:01:00,True,1,4,1826.8399999999997,1827.84,1.0000000000002274,4000.0,13291.0,move_q25
1092,T2/S04,long,2023-02-28 19:15:00,2023-02-28 19:26:00,2023-02-28 19:19:00,True,1,4,1829.05,1829.51,0.4600000000000364,1840.0000000001455,9188.040000000727,move_q25
1093,T2/S04,long,2023-02-28 19:30:00,2023-02-28 19:35:00,2023-02-28 19:34:00,True,1,4,1830.5,1831.13,0.6300000000001091,2520.0000000004366,8535.040000001334,move_q25
1094,T2/S04,long,2023-02-28 19:45:00,2023-02-28 19:54:00,2023-02-28 19:52:00,True,1,4,1829.7,1830.18,0.4800000000000182,1920.0000000000728,9213.57000000073,move_q25
733,T2/S03,long,2023-02-28 22:00:00,2023-03-01 03:48:00,2023-03-01 03:47:00,True,4,16,1826.6051460623403,1827.06,0.45485393765966364,6041.36999999917,27143.129999999637,move_q25
409,T1/S01,long,2023-03-03 22:00:00,2023-03-03 22:04:00,2023-03-03 22:03:00,True,1,4,1853.5099999999998,1854.37,0.8600000000001273,3439.9999999996,11614.29999999865,move_q25
410,T1/S01,long,2023-03-03 22:06:00,2023-03-03 22:13:00,2023-03-03 22:12:00,True,1,4,1854.6300000000003,1856.16,1.5299999999997453,6119.999999999891,20697.839999999633,move_q25
411,T1/S01,long,2023-03-03 22:18:00,2023-03-03 22:21:00,2023-03-03 22:20:00,True,1,4,1854.31,1854.99,0.6800000000000637,2720.0000000002547,8819.850000001234,move_q25
412,T1/S01,long,2023-03-03 22:24:00,2023-03-06 04:57:00,2023-03-03 22:53:00,True,2,24,1854.1432885595184,1854.76,0.6167114404815948,1331.4799999997445,31785.659999998887,move_q25
1632,T6/S12,short,2023-03-15 08:36:00,2023-03-15 09:24:00,2023-03-15 09:29:00,True,2,8,1899.786832126853,1898.65,1.1368321268528234,6595.899999999418,29278.979999998377,move_q25
1095,T2/S04,long,2023-03-15 19:00:00,2023-03-15 19:03:00,2023-03-15 19:02:00,True,1,4,1933.6300000000003,1934.2,0.569999999999709,2279.9999999997453,7867.7099999991215,move_q25
1096,T2/S04,long,2023-03-17 19:00:00,2023-03-17 19:01:00,2023-03-17 19:00:00,True,1,4,1961.86,1962.44,0.5800000000001546,2320.0000000006185,8153.210000002011,move_q25
1097,T2/S04,long,2023-03-17 19:15:00,2023-03-17 19:17:00,2023-03-17 19:16:00,True,1,4,1962.5700000000002,1963.72,1.1499999999998636,4600.000000000364,16188.120000001007,move_q25
1098,T2/S04,long,2023-03-17 19:30:00,2023-03-17 19:32:00,2023-03-17 19:31:00,True,1,4,1968.6300000000003,1969.91,1.2799999999997453,5119.999999999891,19000.529999998485,move_q25
1099,T2/S04,long,2023-03-17 19:45:00,2023-03-17 19:46:00,2023-03-17 19:45:00,True,1,4,1971.58,1972.2,0.6200000000001182,2480.000000000473,7926.4200000022765,move_q25
1301,T4/S08,long,2023-03-20 09:00:00,2023-03-20 09:03:00,2023-03-20 09:01:00,True,1,4,1988.83,1990.21,1.3800000000001091,5520.000000000437,29514.640000001644,move_q25
1302,T4/S08,long,2023-03-20 09:05:00,2023-03-20 09:07:00,2023-03-20 09:05:00,True,1,4,1992.05,1993.56,1.509999999999991,6039.999999999964,45298.440000000126,move_q25
1303,T4/S08,long,2023-03-20 09:10:00,2023-03-20 09:18:00,2023-03-20 09:17:00,True,2,8,1996.8385053415661,1998.3,1.4614946584338213,7455.815000000113,58539.51999999795,move_q25
1304,T4/S08,long,2023-03-20 09:20:00,2023-03-20 09:23:00,2023-03-20 09:22:00,True,1,4,1998.48,2000.02,1.5399999999999636,6159.9999999998545,21991.399999999354,move_q25
1305,T4/S08,long,2023-03-20 09:25:00,2023-03-20 09:26:00,2023-03-20 09:25:00,True,1,4,2002.72,2004.66,1.9400000000000546,7760.000000000218,27612.020000000775,move_q25
1306,T4/S08,long,2023-03-20 09:30:00,2023-03-20 09:32:00,2023-03-20 09:31:00,True,1,4,2006.1199999999997,2009.44,3.320000000000391,13280.000000000655,45721.600000000646,move_q25
1307,T4/S08,long,2023-03-20 09:35:00,2023-03-20 09:41:00,2023-03-20 09:40:00,True,2,8,2006.642256199157,2008.81,2.167743800843027,11058.745000000064,93757.59999999974,move_q25
1308,T4/S08,long,2023-03-20 09:45:00,2023-03-20 10:19:00,2023-03-20 10:18:00,True,5,20,2003.3194128599264,2004.76,1.4405871400736032,16635.180000000277,123082.69999999735,move_q25
1309,T4/S08,long,2023-03-20 10:20:00,2023-03-20 10:35:00,2023-03-20 10:34:00,True,2,8,2003.1180417524258,2004.67,1.5519582475742482,7917.315000000694,54363.710000004445,move_q25
734,T2/S03,long,2023-03-22 22:00:00,2023-03-22 22:03:00,2023-03-22 22:02:00,True,2,8,1971.9829733915244,1974.59,2.6070266084755076,18517.709999999402,80429.5799999981,move_q25
735,T2/S03,long,2023-03-22 22:15:00,2023-03-23 01:49:00,2023-03-23 01:48:00,True,3,12,1968.3628233777397,1969.45,1.0871766222603583,10119.440000000639,59276.19000000096,move_q25
1633,T6/S12,short,2023-03-27 09:36:00,2023-03-27 10:06:00,2023-03-27 10:05:00,True,1,4,1969.45,1968.26,1.1900000000000546,4760.000000000218,17178.26000000166,move_q25
1100,T2/S04,long,2023-03-28 19:00:00,2023-03-28 19:07:00,2023-03-28 19:05:00,True,1,4,1966.73,1967.25,0.5199999999999818,2079.9999999999272,9446.319999998337,move_q25
1101,T2/S04,long,2023-03-28 19:15:00,2023-03-28 19:17:00,2023-03-28 19:16:00,True,1,4,1965.8,1966.37,0.5699999999999363,2279.9999999997453,9000.45000000222,move_q25
1102,T2/S04,long,2023-03-28 19:30:00,2023-03-28 19:41:00,2023-03-28 19:39:00,True,1,4,1968.2,1968.68,0.4800000000000182,1920.0000000000728,11148.560000000278,move_q25
1103,T2/S04,long,2023-03-28 19:45:00,2023-03-28 20:01:00,2023-03-28 20:00:00,True,1,4,1968.7099999999998,1969.71,1.0000000000002274,4000.0,15294.0,move_q25
736,T2/S03,long,2023-03-28 22:45:00,2023-03-29 12:33:00,2023-03-29 12:58:00,True,9,40,1967.573513305916,1967.97,0.3964866940839329,12388.425000000123,83981.0000000177,move_q25
1104,T2/S04,long,2023-03-30 19:30:00,2023-03-30 19:35:00,2023-03-30 19:34:00,True,1,4,1981.1,1981.82,0.7200000000000273,2880.000000000109,11155.680000000422,move_q25
1105,T2/S04,long,2023-03-30 19:45:00,2023-03-30 19:49:00,2023-03-30 19:48:00,True,1,4,1982.1300000000003,1982.72,0.5899999999996908,2359.9999999996726,9154.439999998729,move_q25
737,T2/S03,long,2023-03-30 22:15:00,2023-03-30 22:23:00,2023-03-30 22:22:00,True,1,4,1981.3,1981.89,0.5900000000001455,2360.000000000582,9009.720000002402,move_q25
738,T2/S03,long,2023-03-30 22:30:00,2023-03-30 22:42:00,2023-03-30 22:41:00,True,1,4,1982.25,1983.03,0.7799999999999727,3119.999999999891,11819.519999999859,move_q25
413,T1/S01,long,2023-03-30 22:42:00,2023-03-31 04:15:00,2023-03-31 04:23:00,True,3,16,1981.422914410782,1982.14,0.7170855892181862,6225.020000001554,13902.000000001559,move_q25
739,T2/S03,long,2023-03-30 22:45:00,2023-03-31 04:15:00,2023-03-30 22:59:00,True,2,20,1980.6324344209852,1981.29,0.6575655790147721,2055.5500000002266,38618.64000000382,move_q25
1106,T2/S04,long,2023-04-03 19:00:00,2023-04-03 19:07:00,2023-04-03 19:04:00,True,1,4,1987.98,1988.44,0.4600000000000364,1840.0000000001455,7997.309999999858,move_q25
1107,T2/S04,long,2023-04-03 19:15:00,2023-04-03 19:20:00,2023-04-03 19:17:00,True,1,4,1989.6,1990.08,0.4800000000000182,1920.0000000000728,11929.719999999857,move_q25
1108,T2/S04,long,2023-04-03 19:30:00,2023-04-04 15:21:00,2023-04-04 16:02:00,True,6,24,1984.932569556591,1985.73,0.7974304434089845,17282.70999999986,54551.87000000401,move_q25
1109,T2/S04,long,2023-04-04 19:00:00,2023-04-04 19:03:00,2023-04-04 19:02:00,True,1,4,2020.2900000000002,2020.79,0.4999999999997726,2000.0,8548.199999999424,move_q25
1110,T2/S04,long,2023-04-04 19:15:00,2023-04-04 22:01:00,2023-04-05 02:16:00,True,4,24,2021.7975,2022.43,0.6325000000001637,10119.99999999989,25671.759999994672,move_q25
740,T2/S03,long,2023-04-04 22:00:00,2023-04-04 22:47:00,2023-04-04 22:00:00,True,1,16,2021.32,2021.94,0.6200000000001182,11.780000000002106,29015.209999998842,move_q25
414,T1/S01,long,2023-04-10 23:06:00,2023-04-11 02:29:00,2023-04-11 02:28:00,True,1,4,1991.52,1992.1,0.5799999999999272,2319.999999999709,9254.479999998839,move_q25
415,T1/S01,long,2023-04-12 22:00:00,2023-04-12 22:02:00,2023-04-12 22:01:00,True,1,4,2015.8399999999997,2016.8,0.9600000000002638,3840.0000000001455,16134.749999999854,move_q25
416,T1/S01,long,2023-04-12 22:06:00,2023-04-12 22:18:00,2023-04-12 22:17:00,True,1,5,2016.8399999999997,2017.7,0.8600000000003547,3440.0000000005093,13765.160000002037,move_q25
417,T1/S01,long,2023-04-12 22:24:00,2023-04-13 02:27:00,2023-04-13 02:27:00,True,3,15,2015.9919087662713,2016.79,0.7980912337286554,6928.229999999271,56763.89999999942,move_q25
1634,T6/S12,short,2023-04-19 09:24:00,2023-04-19 09:25:00,2023-04-19 09:24:00,True,1,5,1991.4900000000002,1990.24,1.2500000000002274,5000.0,19806.00000000075,move_q25
1635,T6/S12,short,2023-04-19 09:36:00,2023-04-19 09:59:00,2023-04-19 09:58:00,True,3,15,1992.626323199347,1991.15,1.4763231993470072,14470.919999998892,69654.44999999684,move_q25
741,T2/S03,long,2023-04-19 22:00:00,2023-04-20 03:26:00,2023-04-20 03:25:00,True,2,10,1995.673553428129,1996.51,0.8364465718709653,5941.279999999536,30198.03999999909,move_q25
1636,T6/S12,short,2023-04-21 08:00:00,2023-04-21 08:13:00,2023-04-21 08:13:00,True,1,5,2000.58,1999.25,1.3299999999999272,5319.999999999709,16911.43999999985,move_q25
1637,T6/S12,short,2023-04-21 08:24:00,2023-04-21 08:31:00,2023-04-21 08:30:00,True,1,5,1999.61,1998.01,1.599999999999909,6399.999999999636,26005.899999999237,move_q25
1638,T6/S12,short,2023-04-21 08:36:00,2023-04-21 08:51:00,2023-04-21 08:50:00,True,1,5,1995.6600000000003,1994.43,1.2300000000002456,4920.000000000073,18513.000000002296,move_q25
1639,T6/S12,short,2023-04-21 09:00:00,2023-04-21 09:26:00,2023-04-21 09:26:00,True,2,10,1995.730244743192,1994.37,1.3602447431921973,7892.140000000877,45540.9000000046,move_q25
418,T1/S01,long,2023-04-21 23:30:00,2023-04-24 01:42:00,2023-04-24 01:41:00,True,2,10,1983.077654723127,1983.62,0.542345276872993,3329.9999999998904,26624.05999999892,move_q25
1640,T6/S12,short,2023-04-24 08:24:00,2023-04-24 16:25:00,2023-04-24 16:35:00,True,4,25,1980.908053365676,1978.62,2.2880533656762054,30184.000000001783,87266.42999999798,move_q25
1111,T2/S04,long,2023-05-02 19:00:00,2023-05-02 19:02:00,2023-05-02 19:01:00,True,1,5,2014.52,2015.35,0.8299999999999272,3319.999999999709,15123.680000001876,move_q25
1112,T2/S04,long,2023-05-02 19:15:00,2023-05-02 19:16:00,2023-05-02 19:15:00,True,1,5,2015.9299999999998,2016.73,0.8000000000001819,3199.999999999818,13772.799999999217,move_q25
1113,T2/S04,long,2023-05-02 19:30:00,2023-05-02 19:46:00,2023-05-02 20:01:00,True,2,10,2015.6650000000002,2016.25,0.584999999999809,4679.9999999993815,25521.119999996394,move_q25
742,T2/S03,long,2023-05-02 22:00:00,2023-05-02 22:01:00,2023-05-02 22:00:00,True,1,5,2014.3200000000002,2015.02,0.6999999999998181,2800.000000000182,12625.350000000315,move_q25
743,T2/S03,long,2023-05-02 22:15:00,2023-05-02 22:21:00,2023-05-02 22:20:00,True,1,5,2015.6600000000003,2016.35,0.6899999999995998,2759.999999999309,12816.800000000158,move_q25
744,T2/S03,long,2023-05-02 22:30:00,2023-05-02 22:36:00,2023-05-02 22:35:00,True,1,5,2015.61,2016.12,0.5099999999999909,2039.9999999999636,9366.840000003313,move_q25
419,T1/S01,long,2023-05-02 22:42:00,2023-05-02 22:47:00,2023-05-02 22:46:00,True,1,5,2016.11,2017.39,1.2800000000002,5120.0000000008,21878.639999999843,move_q25
745,T2/S03,long,2023-05-02 22:45:00,2023-05-02 22:47:00,2023-05-02 22:46:00,True,1,5,2016.39,2017.39,1.0,4000.0,17016.719999996367,move_q25
420,T1/S01,long,2023-05-02 22:48:00,2023-05-02 22:56:00,2023-05-02 22:55:00,True,1,5,2017.1300000000003,2017.82,0.6899999999995998,2759.999999999309,12034.979999996985,move_q25
421,T1/S01,long,2023-05-02 23:00:00,2023-05-03 04:17:00,2023-05-03 04:24:00,True,3,15,2016.8929996544175,2017.48,0.5870003455825099,5095.749999999874,29692.19999999682,move_q25
422,T1/S01,long,2023-05-05 22:54:00,2023-05-05 22:55:00,2023-05-05 22:54:00,True,1,5,2018.14,2018.71,0.5699999999999363,2279.9999999997453,11216.63999999777,move_q25
423,T1/S01,long,2023-05-10 22:18:00,2023-05-10 23:01:00,2023-05-10 23:32:00,True,2,10,2030.83325732899,2031.39,0.5567426710101699,3418.400000001206,79492.44000000351,move_q25
1641,T6/S12,short,2023-05-16 09:48:00,2023-05-16 14:34:00,2023-05-16 14:36:00,True,2,10,2007.3091175456743,2006.04,1.2691175456743622,7363.4200000005385,35502.62999999984,move_q25
1248,T3/S06,short,2023-05-16 23:00:00,2023-05-16 23:15:00,2023-05-16 23:12:00,True,1,5,1989.85,1989.1,0.75,3000.0,12059.119999997096,move_q25
1249,T3/S06,short,2023-05-16 23:20:00,2023-05-17 01:05:00,2023-05-16 23:29:00,True,1,5,1989.36,1988.6,0.7599999999999909,3039.9999999999636,16159.779999997416,move_q25
1642,T6/S12,short,2023-05-17 09:24:00,2023-05-17 11:11:00,2023-05-17 11:11:00,True,2,10,1988.265773871079,1986.73,1.5357738710790727,8910.55999999995,35757.89999999984,move_q25
424,T1/S01,long,2023-05-17 22:18:00,2023-05-18 01:47:00,2023-05-18 04:08:00,True,2,10,1983.1102280130292,1983.88,0.769771986970909,4726.4000000005035,22506.11999999984,move_q25
1643,T6/S12,short,2023-05-18 09:00:00,2023-05-18 09:52:00,2023-05-18 09:52:00,True,2,10,1978.8819165804896,1977.67,1.2119165804895147,7031.539999999931,39395.40000000082,move_q25
746,T2/S03,long,2023-05-19 22:00:00,2023-05-19 23:21:00,2023-05-19 23:21:00,True,2,10,1976.3835534281288,1976.91,0.5264465718712472,3739.3500000008326,18524.549999999508,move_q25
1644,T6/S12,short,2023-05-22 08:48:00,2023-05-22 09:10:00,2023-05-22 09:09:00,True,1,5,1973.35,1971.6,1.75,7000.0,27934.09999999918,move_q25
1645,T6/S12,short,2023-05-22 09:12:00,2023-05-22 14:33:00,2023-05-22 14:32:00,True,5,25,1976.5903933571735,1974.95,1.6403933571734797,27064.849999999402,103586.94000000854,move_q25
1114,T2/S04,long,2023-05-23 19:45:00,2023-05-23 19:47:00,2023-05-23 19:46:00,True,1,5,1973.8699999999997,1974.45,0.580000000000382,2320.0000000006185,10239.60000000316,move_q25
425,T1/S01,long,2023-05-23 22:00:00,2023-05-24 01:05:00,2023-05-24 01:47:00,True,2,10,1975.8197719869706,1976.52,0.7002280130293457,4299.400000000405,27092.880000000332,move_q25
747,T2/S03,long,2023-05-23 22:00:01,2023-05-24 01:05:00,2023-05-24 01:05:00,True,2,10,1975.6217105448402,1976.27,0.6482894551597838,4604.800000000046,27092.880000000332,move_q25
1250,T3/S06,short,2023-06-02 23:00:00,2023-06-05 01:05:00,2023-06-05 01:05:00,True,1,5,1948.6,1947.57,1.0299999999999727,4119.999999999891,17125.019999996985,move_q25
1115,T2/S04,long,2023-06-05 19:30:00,2023-06-05 20:43:00,2023-06-05 20:42:00,True,1,5,1958.7400000000002,1959.3,0.5599999999997181,2239.9999999997817,10515.929999998825,move_q25
748,T2/S03,long,2023-06-05 22:00:00,2023-06-05 22:05:00,2023-06-05 22:03:00,True,1,5,1960.89,1961.4,0.5099999999999909,2039.9999999999636,16807.699999997312,move_q25
749,T2/S03,long,2023-06-05 22:15:00,2023-06-05 22:22:00,2023-06-05 22:21:00,True,1,5,1962.22,1962.78,0.5599999999999454,2239.9999999997817,10176.64999999916,move_q25
426,T1/S01,long,2023-06-05 22:30:00,2023-06-06 05:13:00,2023-06-06 05:10:00,True,4,15,1961.5654053169735,1962.72,1.1545946830265166,14114.91999999981,106513.0,move_q25
750,T2/S03,long,2023-06-05 22:30:01,2023-06-06 05:13:00,2023-06-06 05:12:00,True,3,15,1962.5540653201547,1964.22,1.6659346798453498,15506.519999999971,106513.0,move_q25
1116,T2/S04,long,2023-06-08 19:00:00,2023-06-08 19:01:00,2023-06-08 19:00:00,True,1,5,1967.0,1967.84,0.8399999999999181,3359.9999999996726,15223.999999999134,move_q25
1117,T2/S04,long,2023-06-08 19:15:00,2023-06-08 19:18:00,2023-06-08 19:17:00,True,1,5,1968.14,1968.88,0.7400000000000091,2960.0000000000364,14295.0,move_q25
1118,T2/S04,long,2023-06-08 19:30:00,2023-06-09 01:08:00,2023-06-08 23:29:00,True,4,20,1965.0625,1965.94,0.8775000000000546,14040.000000000873,39323.3400000033,move_q25
1119,T2/S04,long,2023-06-15 19:00:00,2023-06-15 19:02:00,2023-06-15 19:01:00,True,1,5,1956.65,1957.37,0.7199999999997999,2879.9999999991996,14184.320000000174,move_q25
1120,T2/S04,long,2023-06-15 19:15:00,2023-06-15 19:31:00,2023-06-15 19:30:00,True,1,5,1958.81,1959.33,0.5199999999999818,2079.9999999999272,9981.91999999965,move_q25
1121,T2/S04,long,2023-06-15 19:45:00,2023-06-15 19:49:00,2023-06-15 19:48:00,True,1,5,1959.0899999999997,1959.67,0.580000000000382,2320.0000000006185,10760.96000000332,move_q25
751,T2/S03,long,2023-06-15 22:00:00,2023-06-15 22:04:00,2023-06-15 22:03:00,True,1,5,1957.6799999999998,1958.36,0.6800000000000637,2719.999999999345,13274.219999996676,move_q25
752,T2/S03,long,2023-06-15 22:15:00,2023-06-15 22:31:00,2023-06-15 22:30:00,True,1,5,1958.4900000000002,1959.05,0.5599999999997181,2239.9999999997817,10595.199999999124,move_q25
753,T2/S03,long,2023-06-15 22:45:00,2023-06-15 22:58:00,2023-06-15 22:55:00,True,1,5,1958.0,1958.49,0.4900000000000091,1960.0000000000364,10799.599999998947,move_q25
1646,T6/S12,short,2023-06-21 09:48:00,2023-06-21 12:14:00,2023-06-21 12:15:00,True,2,10,1934.2035884177872,1933.05,1.153588417787205,6693.119999999828,44406.09999999473,move_q25
1122,T2/S04,long,2023-06-30 19:00:00,2023-06-30 19:03:00,2023-06-30 19:02:00,True,1,5,1919.1799999999998,1919.99,0.8100000000001728,3239.9999999997817,15322.839999999294,move_q25
1123,T2/S04,long,2023-06-30 19:15:00,2023-06-30 19:19:00,2023-06-30 19:18:00,True,1,5,1919.08,1919.62,0.5399999999999636,2159.9999999998545,10295.77999999947,move_q25
1124,T2/S04,long,2023-06-30 19:30:00,2023-06-30 19:33:00,2023-06-30 19:31:00,True,1,5,1917.81,1918.27,0.4600000000000364,1840.0000000001455,12835.020000001592,move_q25
1125,T2/S04,long,2023-06-30 19:45:00,2023-06-30 19:51:00,2023-06-30 19:48:00,True,1,5,1918.61,1919.05,0.44000000000005457,1760.0000000002183,12657.45000000177,move_q25
1126,T2/S04,long,2023-07-03 19:00:00,2023-07-04 09:13:00,2023-07-04 08:02:00,True,4,20,1923.9725000000003,1924.59,0.6174999999996089,9879.99999999829,43480.53999999149,move_q25
754,T2/S03,long,2023-07-10 22:15:00,2023-07-10 22:32:00,2023-07-10 22:31:00,True,1,5,1925.39,1925.97,0.5799999999999272,2319.999999999709,12730.249999997328,move_q25
755,T2/S03,long,2023-07-10 22:45:00,2023-07-10 22:52:00,2023-07-10 22:51:00,True,1,5,1925.3200000000002,1926.16,0.8399999999999181,3360.000000000582,16276.300000003032,move_q25
1374,T5/S09,long,2023-07-11 10:00:00,2023-07-11 11:18:00,2023-07-11 11:21:00,True,2,10,1934.3242961757526,1936.23,1.9057038242474391,11710.55000000008,84857.75999999876,move_q25
1127,T2/S04,long,2023-07-12 19:00:00,2023-07-12 19:19:00,2023-07-12 19:14:00,True,1,5,1955.7900000000002,1956.26,0.4699999999997999,1880.0000000001091,17237.310000002344,move_q25
1128,T2/S04,long,2023-07-12 19:30:00,2023-07-12 19:44:00,2023-07-12 19:43:00,True,1,5,1958.6199999999997,1959.27,0.6500000000003183,2600.000000000364,12900.550000001806,move_q25
1129,T2/S04,long,2023-07-12 19:45:00,2023-07-12 22:47:00,2023-07-12 20:02:00,True,1,10,1958.9100000000003,1959.39,0.4799999999997908,1920.0000000000728,25238.70999999964,move_q25
756,T2/S03,long,2023-07-12 22:15:00,2023-07-13 04:09:00,2023-07-13 04:08:00,True,2,10,1957.667922004787,1958.18,0.5120779952130761,3637.2900000000154,22722.220000001995,move_q25
1310,T4/S08,long,2023-07-13 07:05:00,2023-07-13 09:22:00,2023-07-13 07:41:00,True,1,15,1960.6199999999997,1962.11,1.4900000000002365,5960.000000000036,101242.82999999418,move_q25
1130,T2/S04,long,2023-07-18 19:15:00,2023-07-18 19:26:00,2023-07-18 19:20:00,True,1,6,1980.64,1981.08,0.4399999999998272,1759.9999999993088,14119.69999999633,move_q25
1131,T2/S04,long,2023-07-28 19:00:00,2023-07-28 19:05:00,2023-07-28 19:04:00,True,1,6,1961.0400000000002,1961.79,0.7499999999997726,3000.0,15149.25,move_q25
1132,T2/S04,long,2023-07-28 19:15:00,2023-07-28 19:24:00,2023-07-28 19:21:00,True,1,6,1961.7400000000002,1962.19,0.4499999999998181,1800.000000000182,10721.899999999448,move_q25
1133,T2/S04,long,2023-07-31 19:00:00,2023-07-31 19:15:00,2023-07-31 19:14:00,True,1,6,1970.85,1971.53,0.6800000000000637,2720.0000000002547,13770.68000000129,move_q25
1134,T2/S04,long,2023-07-31 19:30:00,2023-07-31 19:42:00,2023-07-31 19:41:00,True,1,6,1971.45,1972.05,0.599999999999909,2399.999999999636,11761.819999998525,move_q25
1135,T2/S04,long,2023-07-31 19:45:00,2023-07-31 20:23:00,2023-07-31 20:20:00,True,2,12,1971.3400000000001,1971.88,0.5399999999999636,4320.0000000006185,20911.059999999445,move_q25
1647,T6/S12,short,2023-08-01 09:00:00,2023-08-01 09:11:00,2023-08-01 09:10:00,True,1,6,1958.8699999999997,1957.34,1.5299999999997453,6119.999999999891,27260.959999998333,move_q25
1648,T6/S12,short,2023-08-01 09:12:00,2023-08-01 10:10:00,2023-08-01 10:09:00,True,1,6,1957.14,1955.78,1.3600000000001273,5440.000000000509,24886.780000000555,move_q25
1251,T3/S06,short,2023-08-16 23:00:00,2023-08-17 03:51:00,2023-08-17 03:50:00,True,1,6,1892.14,1891.18,0.9600000000000364,3840.0000000001455,15540.479999999814,move_q25
1136,T2/S04,long,2023-08-23 19:00:00,2023-08-23 19:11:00,2023-08-23 19:10:00,True,1,6,1918.47,1919.03,0.5599999999999454,2239.9999999997817,11309.099999999065,move_q25
1137,T2/S04,long,2023-08-23 19:15:00,2023-08-23 19:35:00,2023-08-23 19:34:00,True,1,6,1919.1799999999998,1919.83,0.650000000000091,2599.9999999994543,13173.759999997379,move_q25
1138,T2/S04,long,2023-08-23 19:45:00,2023-08-23 22:05:00,2023-08-23 20:31:00,True,2,24,1918.565,1919.11,0.5449999999998454,4359.999999998763,-12103.739999998314,move_q25
757,T2/S03,long,2023-08-23 22:00:00,2023-08-24 01:06:00,2023-08-23 22:03:00,True,1,30,1916.82,1917.33,0.5099999999999909,12.749999999999773,87210.03000000038,move_q25
427,T1/S01,long,2023-08-25 22:00:00,2023-08-25 22:28:00,2023-08-25 22:27:00,True,1,6,1913.5400000000002,1914.12,0.5799999999996999,2319.999999999709,11833.769999998678,move_q25
1139,T2/S04,long,2023-08-28 19:00:00,2023-08-29 04:05:00,2023-08-29 02:20:00,True,5,30,1921.2580000000003,1921.55,0.29199999999968895,5839.999999997417,53417.44999999395,move_q25
1140,T2/S04,long,2023-08-29 19:00:00,2023-08-29 19:09:00,2023-08-29 19:07:00,True,1,6,1936.89,1937.35,0.459999999999809,1839.999999999236,15459.34000000019,move_q25
1141,T2/S04,long,2023-08-29 19:15:00,2023-08-29 19:53:00,2023-08-29 19:50:00,True,2,12,1935.0200000000004,1935.57,0.5499999999994998,4399.999999998727,23223.420000002665,move_q25
758,T2/S03,long,2023-08-29 22:00:00,2023-08-29 22:15:00,2023-08-29 22:14:00,True,1,6,1937.2099999999998,1937.85,0.6400000000001,2559.9999999994907,13420.15999999733,move_q25
759,T2/S03,long,2023-08-29 22:30:00,2023-08-30 12:26:00,2023-08-30 12:25:00,True,2,12,1937.2398676615514,1937.76,0.5201323384485477,3694.4999999999636,22255.759999998856,move_q25
1142,T2/S04,long,2023-08-30 19:00:00,2023-08-30 19:58:00,2023-08-30 19:55:00,True,2,12,1944.145,1944.7,0.5550000000000637,4440.000000000509,28824.800000002488,move_q25
760,T2/S03,long,2023-09-12 22:45:00,2023-09-13 01:09:00,2023-09-13 01:08:00,True,1,6,1912.89,1913.4,0.5099999999999909,2039.9999999999636,11181.939999999424,move_q25
428,T1/S01,long,2023-09-18 22:54:00,2023-09-19 02:31:00,2023-09-19 02:32:00,True,1,6,1933.6199999999997,1934.31,0.6900000000002819,2760.0000000002183,10771.20000000461,move_q25
1143,T2/S04,long,2023-09-20 19:00:00,2023-09-20 19:04:00,2023-09-20 19:03:00,True,1,6,1941.98,1942.48,0.5,2000.0,10782.419999999807,move_q25
1144,T2/S04,long,2023-09-20 19:15:00,2023-09-20 19:21:00,2023-09-20 19:20:00,True,1,6,1944.35,1944.88,0.5300000000002001,2120.0000000008004,11004.759999999615,move_q25
1145,T2/S04,long,2023-09-20 19:30:00,2023-09-20 19:54:00,2023-09-20 19:53:00,True,1,6,1945.6300000000003,1946.37,0.7399999999995543,2959.999999999127,15676.899999995376,move_q25
1649,T6/S12,short,2023-09-25 08:48:00,2023-09-25 09:08:00,2023-09-25 09:07:00,True,1,6,1922.36,1921.18,1.1799999999998363,4719.999999999345,21641.339999999615,move_q25
1650,T6/S12,short,2023-09-25 09:12:00,2023-09-25 11:18:00,2023-09-25 11:17:00,True,3,18,1923.3324239951032,1922.07,1.2624239951032905,12374.2800000008,73984.80000000038,move_q25
1252,T3/S06,short,2023-09-26 23:00:00,2023-09-27 05:25:00,2023-09-27 06:50:00,True,1,12,1900.4100000000003,1899.56,0.8500000000003638,3400.0000000005457,22264.31999999922,move_q25
1375,T5/S09,long,2023-09-29 10:12:00,2023-09-29 10:39:00,2023-09-29 10:38:00,True,1,6,1870.8699999999997,1873.43,2.5600000000004,10240.000000000691,54917.120000003706,move_q25
1376,T5/S09,long,2023-09-29 10:48:00,2023-09-29 15:44:00,2023-09-29 15:43:00,True,2,12,1871.3217493897478,1873.34,2.018250610252153,12402.14999999945,112553.64000000058,move_q25
1651,T6/S12,short,2023-10-06 09:48:00,2023-10-06 15:21:00,2023-10-06 15:04:00,True,3,18,1821.5181615996732,1820.45,1.0681615996732035,10470.119999999391,81701.25,move_q25
761,T2/S03,long,2023-10-09 22:15:00,2023-10-09 22:18:00,2023-10-09 22:17:00,True,1,6,1860.36,1861.07,0.7100000000000364,2840.0000000001455,16902.27000000459,move_q25
429,T1/S01,long,2023-10-09 22:18:00,2023-10-09 22:21:00,2023-10-09 22:26:00,True,1,6,1861.31,1862.14,0.8300000000001546,3320.0000000006185,13227.600000003007,move_q25
430,T1/S01,long,2023-10-09 22:24:00,2023-10-09 22:32:00,2023-10-09 22:31:00,True,1,12,1862.0,1862.81,0.8099999999999454,21.869999999998495,26958.520000000604,move_q25
762,T2/S03,long,2023-10-09 22:30:00,2023-10-09 22:33:00,2023-10-09 22:32:00,True,1,12,1862.46,1863.1,0.6399999999998727,17.279999999996306,10176.860000000801,move_q25
431,T1/S01,long,2023-10-09 22:36:00,2023-10-09 22:38:00,2023-10-09 22:37:00,True,1,60,1862.25,1862.86,0.6099999999999,59.16999999999023,122409.4099999996,move_q25
763,T2/S03,long,2023-10-09 22:45:00,2023-10-09 23:00:00,2023-10-10 02:51:00,True,2,24,1861.6168441995712,1862.16,0.543155800428849,1774.490000000354,23758.739999998805,move_q25
1377,T5/S09,long,2023-10-11 12:00:00,2023-10-11 13:24:00,2023-10-11 13:23:00,True,1,6,1869.7900000000002,1872.5,2.709999999999809,10840.000000000146,61045.46000000082,move_q25
1378,T5/S09,long,2023-10-11 13:36:00,2023-10-11 19:04:00,2023-10-11 19:04:00,True,1,6,1873.14,1875.35,2.209999999999809,8839.999999999236,47560.79999999794,move_q25
1146,T2/S04,long,2023-10-13 19:00:00,2023-10-13 19:02:00,2023-10-13 19:01:00,True,1,6,1923.08,1923.64,0.5600000000001728,2240.000000000691,12509.200000004137,move_q25
1147,T2/S04,long,2023-10-13 19:15:00,2023-10-13 19:46:00,2023-10-13 19:45:00,True,2,18,1924.935,1925.97,1.0350000000000819,8280.000000000655,109063.51000000435,move_q25
764,T2/S03,long,2023-10-13 22:00:00,2023-10-13 23:48:00,2023-10-13 23:47:00,True,1,6,1928.7599999999998,1929.33,0.5700000000001637,2279.9999999997453,13102.589999998536,move_q25
432,T1/S01,long,2023-10-13 23:30:00,2023-10-13 23:51:00,2023-10-13 23:50:00,True,1,6,1929.14,1929.81,0.6699999999998454,2679.9999999993815,15171.419999996655,move_q25
433,T1/S01,long,2023-10-13 23:54:00,2023-10-16 15:22:00,2023-10-16 15:20:00,True,11,72,1918.6487313587404,1920.06,1.4112686412595394,54508.83999999672,935634.1300000249,move_q25
1652,T6/S12,short,2023-10-16 09:00:00,2023-10-16 09:02:00,2023-10-16 09:01:00,True,1,6,1914.9100000000003,1913.21,1.7000000000002728,6800.000000000182,37790.5200000023,move_q25
1653,T6/S12,short,2023-10-16 09:12:00,2023-10-16 09:29:00,2023-10-16 09:28:00,True,2,12,1914.0973767666326,1912.89,1.2073767666324784,7005.199999999545,64502.01000000442,move_q25
1654,T6/S12,short,2023-10-16 09:36:00,2023-10-16 09:47:00,2023-10-16 09:46:00,True,1,6,1913.02,1911.38,1.6399999999998727,6559.999999999491,34407.04000000042,move_q25
1655,T6/S12,short,2023-10-16 09:48:00,2023-10-16 09:55:00,2023-10-16 09:57:00,True,1,6,1911.4599999999998,1909.48,1.9799999999997908,7920.000000000073,25415.530000003393,move_q25
1148,T2/S04,long,2023-10-16 19:30:00,2023-10-16 20:01:00,2023-10-16 20:00:00,True,1,7,1921.52,1922.16,0.6400000000001,2560.0000000004,15395.180000003213,move_q25
434,T1/S01,long,2023-10-19 22:00:00,2023-10-19 22:01:00,2023-10-19 22:00:00,True,1,7,1973.2599999999998,1974.06,0.8000000000001819,3199.999999999818,20974.09999999816,move_q25
435,T1/S01,long,2023-10-19 22:06:00,2023-10-19 22:11:00,2023-10-19 22:10:00,True,1,7,1973.89,1974.46,0.5699999999999363,2279.9999999997453,14174.719999998619,move_q25
436,T1/S01,long,2023-10-19 22:12:00,2023-10-19 22:19:00,2023-10-19 22:20:00,True,1,7,1976.5400000000002,1977.13,0.5899999999999181,2360.000000000582,9375.800000002997,move_q25
765,T2/S03,long,2023-10-19 22:15:00,2023-10-19 22:21:00,2023-10-19 22:18:00,True,1,7,1976.39,1976.9,0.5099999999999909,2039.9999999999636,18498.1999999947,move_q25
437,T1/S01,long,2023-10-19 22:24:00,2023-10-20 02:08:00,2023-10-19 22:52:00,True,2,42,1975.8608755760367,1976.54,0.6791244239632306,1473.700000000099,43401.960000006715,move_q25
766,T2/S03,long,2023-10-19 22:30:00,2023-10-20 02:08:00,2023-10-20 01:32:00,True,3,49,1974.7138890970402,1975.37,0.6561109029596537,3502.319999999064,223738.76000000437,move_q25
1311,T4/S08,long,2023-10-20 06:00:00,2023-10-20 08:31:00,2023-10-20 09:09:00,True,3,21,1978.4175420120996,1980.09,1.6724579879003159,11196.269999999686,123304.5000000012,move_q25
1312,T4/S08,long,2023-10-20 08:35:00,2023-10-20 09:10:00,2023-10-20 10:01:00,True,3,14,1978.1823795653147,1979.61,1.4276204346851955,9557.204999999765,84742.40000000723,move_q25
438,T1/S01,long,2023-10-27 22:00:00,2023-10-27 22:03:00,2023-10-27 22:02:00,True,1,7,2005.4900000000002,2006.73,1.2399999999997817,4960.000000000036,28783.07999999806,move_q25
439,T1/S01,long,2023-10-27 22:06:00,2023-10-27 22:09:00,2023-10-27 22:08:00,True,1,7,2007.89,2008.96,1.0699999999999363,4279.999999999745,28844.639999998057,move_q25
440,T1/S01,long,2023-10-27 22:12:00,2023-10-27 22:47:00,2023-10-27 22:48:00,True,3,49,2007.43006796452,2007.96,0.5299320354799875,4600.340000000662,-82089.50000001054,move_q25
767,T2/S03,long,2023-10-27 22:30:00,2023-10-30 02:45:00,2023-10-27 22:31:00,True,1,28,2006.18,2006.85,0.6699999999998454,23.44999999999421,-26378.800000006606,move_q25
1656,T6/S12,short,2023-11-07 09:48:00,2023-11-07 10:16:00,2023-11-07 10:15:00,True,1,7,1969.0700000000002,1967.68,1.3900000000001,5559.999999999491,33930.640000000756,move_q25
441,T1/S01,long,2023-11-07 23:36:00,2023-11-08 02:02:00,2023-11-08 02:01:00,True,1,7,1969.0099999999998,1969.59,0.5800000000001546,2319.999999999709,14776.39999999924,move_q25
1149,T2/S04,long,2023-11-09 19:00:00,2023-11-09 19:03:00,2023-11-09 19:01:00,True,1,7,1960.6799999999998,1961.23,0.5500000000001819,2199.999999999818,21489.159999999494,move_q25
1150,T2/S04,long,2023-11-09 19:15:00,2023-11-09 20:17:00,2023-11-09 20:15:00,True,3,21,1961.7633333333333,1962.34,0.5766666666665969,6919.999999999163,156246.0899999977,move_q25
1253,T3/S06,short,2023-11-10 23:10:00,2023-11-13 05:00:00,2023-11-13 05:06:00,True,2,16,1937.7377544426495,1936.74,0.997754442649466,6176.100000000119,35047.36000000668,move_q25
768,T2/S03,long,2023-11-13 22:00:00,2023-11-14 02:02:00,2023-11-14 02:01:00,True,1,8,1946.3399999999997,1947.03,0.6900000000002819,2760.0000000002183,22384.65000000541,move_q25
1151,T2/S04,long,2023-11-14 19:00:00,2023-11-14 20:08:00,2023-11-14 19:05:00,True,1,16,1964.33,1964.77,0.44000000000005457,1760.0000000002183,33772.19999999509,move_q25
769,T2/S03,long,2023-11-16 22:00:00,2023-11-17 02:54:00,2023-11-17 02:53:00,True,2,16,1982.6680247782626,1983.75,1.0819752217373662,7685.269999999565,65143.629999998964,move_q25
1152,T2/S04,long,2023-11-21 19:00:00,2023-11-21 19:59:00,2023-11-21 19:30:00,True,2,16,2000.1299999999999,2000.85,0.7200000000000273,5759.999999999309,44292.800000011695,move_q25
442,T1/S01,long,2023-11-27 23:00:00,2023-11-28 01:51:00,2023-11-28 01:57:00,True,1,8,2014.5899999999997,2015.22,0.6300000000003365,2520.0000000004366,14906.31999999948,move_q25
1153,T2/S04,long,2023-11-28 19:00:00,2023-11-28 19:03:00,2023-11-28 19:02:00,True,1,8,2039.78,2040.31,0.5299999999999727,2119.999999999891,15495.299999998955,move_q25
1154,T2/S04,long,2023-11-28 19:15:00,2023-11-28 21:46:00,2023-11-28 21:45:00,True,3,24,2040.7266666666667,2041.37,0.643333333333203,7719.999999998436,50270.499999993466,move_q25
770,T2/S03,long,2023-11-28 22:00:00,2023-11-29 01:15:00,2023-11-29 01:14:00,True,2,16,2041.183553428129,2041.76,0.5764465718709744,4094.4999999996,40932.919999995545,move_q25
771,T2/S03,long,2023-12-01 22:00:00,2023-12-01 22:04:00,2023-12-01 22:02:00,True,1,8,2067.19,2067.75,0.5599999999999454,2239.9999999997817,30353.399999992114,move_q25
772,T2/S03,long,2023-12-01 22:15:00,2023-12-01 22:32:00,2023-12-01 22:33:00,True,1,8,2069.61,2070.2,0.5899999999996908,2359.999999998763,17092.299999991043,move_q25
773,T2/S03,long,2023-12-01 22:45:00,2023-12-01 23:03:00,2023-12-01 22:59:00,True,1,8,2070.28,2070.82,0.5399999999999636,2159.9999999998545,15662.159999998945,move_q25
443,T1/S01,long,2023-12-01 23:42:00,2023-12-04 01:05:00,2023-12-04 01:05:00,True,1,8,2071.56,2073.78,2.2200000000002547,8880.000000001019,85653.25000000792,move_q25
1657,T6/S12,short,2023-12-04 09:48:00,2023-12-04 09:52:00,2023-12-04 09:51:00,True,1,8,2071.69,2070.45,1.2400000000002365,4960.000000000946,31543.559999997873,move_q25
1379,T5/S09,long,2023-12-06 10:24:00,2023-12-06 15:16:00,2023-12-06 15:15:00,True,3,24,2027.9282848693936,2030.06,2.1317151306063806,21626.250000000182,182644.80000000028,move_q25
444,T1/S01,long,2023-12-08 23:24:00,2023-12-11 01:05:00,2023-12-08 23:50:00,True,1,24,2003.7,2004.31,0.6099999999999,2439.9999999996,84200.25999999758,move_q25
445,T1/S01,long,2023-12-13 22:00:00,2023-12-13 22:02:00,2023-12-13 22:01:00,True,1,8,2013.85,2014.43,0.5800000000001546,2320.0000000006185,17619.760000004346,move_q25
774,T2/S03,long,2023-12-13 22:00:01,2023-12-13 22:02:00,2023-12-13 22:01:00,True,1,8,2013.85,2014.43,0.5800000000001546,2320.0000000006185,17619.760000004346,move_q25
446,T1/S01,long,2023-12-13 22:06:00,2023-12-13 22:06:00,2023-12-13 22:08:00,True,2,32,2013.6653345388786,2015.26,1.5946654611213944,3527.4000000001975,53634.34999999891,move_q25
775,T2/S03,long,2023-12-13 22:15:00,2023-12-13 22:17:00,2023-12-13 22:16:00,True,1,16,2015.0,2016.19,1.1900000000000546,141.61000000000624,32681.469999997546,move_q25
447,T1/S01,long,2023-12-13 22:18:00,2023-12-13 22:21:00,2023-12-13 22:20:00,True,1,8,2017.39,2020.56,3.1699999999998454,12679.999999999382,95567.8799999956,move_q25
448,T1/S01,long,2023-12-13 22:24:00,2023-12-13 22:32:00,2023-12-13 22:35:00,True,3,24,2019.2979990784468,2021.42,2.122000921553308,18421.090000000662,28770.580000001668,move_q25
776,T2/S03,long,2023-12-13 22:30:00,2023-12-13 22:36:00,2023-12-13 22:31:00,True,1,8,2016.3,2018.09,1.7899999999999636,7159.9999999998545,157013.91000000335,move_q25
449,T1/S01,long,2023-12-13 22:42:00,2023-12-13 22:54:00,2023-12-13 22:54:00,True,2,16,2019.6791530944624,2020.76,1.0808469055375554,6636.400000000162,41305.440000005125,move_q25
777,T2/S03,long,2023-12-13 22:45:00,2023-12-13 22:54:00,2023-12-13 22:54:00,True,2,16,2019.654441785161,2020.76,1.105558214838993,7852.780000000118,153956.64000000228,move_q25
450,T1/S01,long,2023-12-13 23:00:00,2023-12-13 23:06:00,2023-12-13 23:05:00,True,2,16,2023.2877524429966,2024.36,1.0722475570032657,6583.599999999364,80887.67999999112,move_q25
451,T1/S01,long,2023-12-13 23:12:00,2023-12-13 23:14:00,2023-12-13 23:14:00,True,1,8,2023.55,2024.85,1.2999999999999545,5199.999999999818,17791.199999998265,move_q25
452,T1/S01,long,2023-12-13 23:18:00,2023-12-13 23:23:00,2023-12-13 23:23:00,True,1,8,2024.6300000000003,2025.9,1.2699999999997544,5079.999999999927,18129.419999997976,move_q25
453,T1/S01,long,2023-12-13 23:24:00,2023-12-13 23:44:00,2023-12-13 23:43:00,True,1,8,2026.22,2027.06,0.8399999999999181,3359.9999999996726,23244.66000000058,move_q25
454,T1/S01,long,2023-12-13 23:48:00,2023-12-14 01:28:00,2023-12-14 01:23:00,True,2,8,2026.2932573289902,2027.08,0.7867426710097334,4830.599999999922,38265.60000000145,move_q25
455,T1/S01,long,2023-12-18 23:54:00,2023-12-19 01:50:00,2023-12-19 01:56:00,True,2,16,2026.9011400651468,2027.45,0.5488599348532262,3369.999999999854,38037.16000000174,move_q25
1155,T2/S04,long,2023-12-19 19:00:00,2023-12-19 19:04:00,2023-12-19 19:02:00,True,1,9,2044.4299999999998,2044.86,0.43000000000006366,1719.9999999993452,36206.32999999621,move_q25
1254,T3/S06,short,2023-12-20 23:50:00,2023-12-28 04:00:00,2024-01-03 11:44:00,True,18,188,2056.446368913309,2055.13,1.3163689133089065,76424.42999999225,-15337265.64000002,move_q25
1380,T5/S09,long,2023-12-22 12:24:00,2023-12-22 13:15:00,2023-12-22 13:14:00,True,1,9,2055.54,2057.67,2.130000000000109,8520.000000000437,68721.81999999592,move_q25
1381,T5/S09,long,2023-12-22 13:24:00,2023-12-22 13:26:00,2023-12-22 13:25:00,True,1,9,2058.1,2060.27,2.1700000000000728,8680.000000000291,69662.16000000997,move_q25
1382,T5/S09,long,2023-12-22 13:36:00,2023-12-22 13:40:00,2023-12-22 13:39:00,True,1,9,2060.14,2063.03,2.8900000000003274,11560.00000000131,87126.41000000176,move_q25
1383,T5/S09,long,2023-12-22 13:48:00,2023-12-22 14:31:00,2023-12-22 14:30:00,True,1,9,2061.74,2065.15,3.4100000000003092,13640.000000001237,110717.60000000296,move_q25
456,T1/S01,long,2023-12-26 22:00:00,2023-12-26 22:06:00,2023-12-26 22:05:00,True,1,9,2061.88,2062.85,0.9699999999997999,3879.9999999991996,35081.01999999046,move_q25
457,T1/S01,long,2023-12-26 22:12:00,2023-12-26 22:35:00,2023-12-26 22:34:00,True,1,9,2063.96,2065.17,1.2100000000000364,4840.0000000001455,33184.559999992234,move_q25
458,T1/S01,long,2023-12-26 22:36:00,2023-12-26 22:42:00,2023-12-26 22:42:00,True,1,9,2066.14,2066.71,0.5700000000001637,2280.000000000655,17119.959999999402,move_q25
459,T1/S01,long,2023-12-26 22:48:00,2023-12-26 22:59:00,2023-12-26 22:58:00,True,1,36,2067.73,2068.37,0.6399999999998727,21.759999999995774,74106.03000000062,move_q25
1,T1/S01,long,2018-01-02 22:00:00,2018-01-02 22:33:00,2018-01-02 22:33:00,True,1,1,1316.1899999999998,1317.12,0.9300000000000637,18.599999999996726,14.600000000000366,move_median
2,T1/S01,long,2018-01-02 22:36:00,2018-01-02 23:14:00,2018-01-03 01:32:00,True,1,1,1318.04,1318.83,0.7899999999999636,15.799999999999272,14.400000000000546,move_median
3,T1/S01,long,2018-01-02 23:18:00,2018-01-03 01:21:00,2018-01-03 01:33:00,True,1,1,1318.17,1319.24,1.0699999999999363,21.399999999998727,10.799999999999272,move_median
460,T2/S03,long,2018-01-04 22:00:00,2018-01-04 22:05:00,2018-01-04 22:04:00,True,1,1,1324.63,1325.66,1.0299999999999727,20.599999999999454,20.599999999999454,move_median
461,T2/S03,long,2018-01-04 22:15:00,2018-01-04 23:24:00,2018-01-04 22:49:00,True,2,2,1322.0405027217419,1322.77,0.7294972782581226,2278.2200000000266,26.599999999998545,move_median
4,T1/S01,long,2018-01-04 22:18:00,2018-01-04 23:24:00,2018-01-04 23:21:00,True,2,2,1322.2756481481483,1323.03,0.7543518518516521,1629.3999999999596,15.399999999999636,move_median
1492,T6/S12,short,2018-01-05 08:36:00,2018-01-05 10:20:00,2018-01-05 10:19:00,True,1,1,1318.7,1317.25,1.4500000000000455,29.00000000000091,21.19999999999891,move_median
5,T1/S01,long,2018-01-08 23:00:00,2018-01-09 04:23:00,2018-01-09 04:03:00,True,3,3,1317.7871814507553,1318.97,1.1828185492447574,5560.4300000000285,34.80000000000018,move_median
1313,T5/S09,long,2018-01-10 12:48:00,2018-01-10 12:50:00,2018-01-10 13:02:00,True,1,1,1320.32,1322.87,2.5499999999999545,50.99999999999909,41.60000000000309,move_median
1314,T5/S09,long,2018-01-10 13:00:00,2018-01-10 13:04:00,2018-01-10 13:03:00,True,1,1,1321.44,1324.39,2.9500000000000455,59.00000000000091,59.00000000000091,move_median
1315,T5/S09,long,2018-01-10 13:12:00,2018-01-11 16:59:00,2018-01-10 17:09:00,True,2,2,1317.29175900277,1319.61,2.31824099722985,5021.309999999747,87.15000000000668,move_median
6,T1/S01,long,2018-01-12 22:00:00,2018-01-12 22:13:00,2018-01-12 22:14:00,True,1,1,1337.79,1338.59,0.7999999999999545,16.799999999999045,10.709999999999809,move_median
462,T2/S03,long,2018-01-12 22:15:00,2018-01-15 03:01:00,2018-01-15 01:06:00,True,2,2,1335.8016453265045,1336.91,1.108354673495569,3462.50000000034,35.90999999999599,move_median
7,T1/S01,long,2018-01-12 22:18:00,2018-01-15 03:01:00,2018-01-15 01:06:00,True,2,2,1335.8109023600184,1336.91,1.0990976399816645,2375.1500000002343,36.749999999995225,move_median
1493,T6/S12,short,2018-01-17 08:12:00,2018-01-17 08:55:00,2018-01-17 08:54:00,True,1,1,1335.02,1333.5,1.5199999999999818,31.919999999999614,21.839999999999236,move_median
8,T1/S01,long,2018-01-22 23:18:00,2018-01-23 03:22:00,2018-01-23 02:42:00,True,2,2,1333.317491901897,1334.11,0.7925080981028714,1712.6099999998828,44.31000000000745,move_median
9,T1/S01,long,2018-01-23 22:00:00,2018-01-23 22:13:00,2018-01-23 22:12:00,True,1,1,1340.72,1341.49,0.7699999999999818,16.169999999999618,15.75,move_median
10,T1/S01,long,2018-01-23 22:18:00,2018-01-23 22:54:00,2018-01-24 01:34:00,True,1,1,1340.71,1341.62,0.9099999999998545,19.109999999996944,11.339999999999236,move_median
463,T2/S03,long,2018-01-23 22:45:00,2018-01-24 01:36:00,2018-01-24 01:40:00,True,1,1,1341.2,1341.88,0.6800000000000637,14.280000000001337,12.809999999997897,move_median
11,T1/S01,long,2018-01-23 23:00:00,2018-01-24 08:38:00,2018-01-24 01:41:00,True,1,1,1341.14,1341.9,0.7599999999999909,15.959999999999807,40.31999999999675,move_median
1316,T5/S09,long,2018-01-24 10:48:00,2018-01-24 12:31:00,2018-01-24 12:45:00,True,1,1,1347.83,1350.34,2.509999999999991,52.70999999999981,43.890000000003056,move_median
1317,T5/S09,long,2018-01-24 12:48:00,2018-01-24 15:01:00,2018-01-24 15:01:00,True,1,1,1350.34,1353.39,3.050000000000182,64.05000000000382,49.560000000002674,move_median
464,T2/S03,long,2018-01-24 22:00:00,2018-01-24 22:08:00,2018-01-24 22:07:00,True,1,1,1358.3799999999999,1359.17,0.790000000000191,16.589999999999236,16.589999999999236,move_median
12,T1/S01,long,2018-01-24 22:18:00,2018-01-25 03:59:00,2018-01-24 23:25:00,True,2,2,1357.724958371878,1358.51,0.7850416281219168,1697.2599999999009,25.7400000000016,move_median
1156,T3/S06,short,2018-01-25 23:30:00,2018-01-25 23:42:00,2018-01-25 23:41:00,True,1,1,1347.67,1346.68,0.9900000000000091,21.7800000000002,13.6400000000026,move_median
1318,T5/S09,long,2018-01-26 10:48:00,2018-01-30 16:14:00,2018-01-26 15:30:00,True,2,5,1350.1277664974618,1352.75,2.6222335025381653,5682.380000000136,339.2399999999866,move_median
1494,T6/S12,short,2018-02-01 09:36:00,2018-02-01 13:31:00,2018-02-01 12:49:00,True,2,1,1341.2161184210527,1339.74,1.4761184210526608,2692.4399999999996,33.0,move_median
465,T2/S03,long,2018-02-01 22:15:00,2018-02-01 22:23:00,2018-02-01 22:26:00,True,1,1,1348.27,1348.96,0.6900000000000546,15.1800000000012,0.0,move_median
13,T1/S01,long,2018-02-01 22:18:00,2018-02-01 22:26:00,2018-02-01 22:25:00,True,1,2,1347.68,1348.85,1.1699999999998454,25.7399999999966,40.4799999999982,move_median
14,T1/S01,long,2018-02-01 22:30:00,2018-02-01 22:45:00,2018-02-01 22:44:00,True,1,1,1348.92,1349.91,0.9900000000000091,21.7800000000002,21.7800000000002,move_median
15,T1/S01,long,2018-02-01 22:48:00,2018-02-01 22:55:00,2018-02-01 22:56:00,True,1,1,1349.25,1350.34,1.0899999999999181,23.9799999999982,11.2199999999998,move_median
16,T1/S01,long,2018-02-01 23:00:00,2018-02-01 23:04:00,2018-02-01 23:06:00,True,1,1,1349.98,1350.77,0.7899999999999636,17.3799999999992,12.099999999999,move_median
17,T1/S01,long,2018-02-01 23:06:00,2018-02-02 01:35:00,2018-02-02 01:30:00,True,3,3,1348.0213095238094,1348.89,0.8686904761907499,4086.320000000869,41.85999999999331,move_median
1319,T5/S09,long,2018-02-05 12:48:00,2018-02-05 22:08:00,2018-02-05 22:07:00,True,1,1,1337.28,1341.11,3.8299999999999272,88.08999999999833,87.62999999999876,move_median
18,T1/S01,long,2018-02-05 22:18:00,2018-02-05 22:19:00,2018-02-05 22:39:00,True,2,1,1337.5471197411002,1338.35,0.8028802588996768,1736.6299999998594,14.719999999997071,move_median
19,T1/S01,long,2018-02-05 22:24:00,2018-02-05 23:38:00,2018-02-05 22:39:00,True,2,2,1337.5464817383263,1338.35,0.8035182616736165,1738.0099999998633,31.74000000000251,move_median
1157,T3/S06,short,2018-02-06 23:40:00,2018-02-07 14:18:00,2018-02-07 01:55:00,True,2,3,1326.1568459105288,1324.56,1.5968459105288275,3533.8200000002403,44.15999999999121,move_median
778,T2/S04,long,2018-02-08 19:45:00,2018-02-08 19:56:00,2018-02-08 19:55:00,True,1,1,1319.0,1320.05,1.0499999999999545,24.149999999998954,22.77000000000021,move_median
20,T1/S01,long,2018-02-13 23:30:00,2018-02-14 01:13:00,2018-02-14 01:16:00,True,1,1,1329.35,1330.27,0.9200000000000728,21.160000000001673,14.490000000002512,move_median
466,T2/S03,long,2018-02-14 22:15:00,2018-02-15 01:43:00,2018-02-15 01:41:00,True,3,3,1351.3299662352276,1352.38,1.0500337647724791,5597.730000000785,80.96000000000481,move_median
1158,T3/S06,short,2018-02-16 23:00:00,2018-02-16 23:31:00,2018-02-16 23:30:00,True,1,1,1348.69,1347.85,0.8400000000001455,19.320000000003347,15.640000000001464,move_median
1159,T3/S06,short,2018-02-16 23:40:00,2018-02-16 23:43:00,2018-02-19 02:01:00,True,1,1,1348.16,1347.19,0.9700000000000273,22.310000000000628,11.959999999999582,move_median
1160,T3/S06,short,2018-02-16 23:50:00,2018-02-19 05:57:00,2018-02-19 03:34:00,True,2,2,1350.856638047899,1349.44,1.416638047898914,3135.0200000000996,24.610000000003765,move_median
779,T2/S04,long,2018-02-22 19:00:00,2018-02-22 19:23:00,2018-02-22 19:23:00,True,1,1,1329.49,1330.48,0.9900000000000091,22.77000000000021,13.799999999997908,move_median
780,T2/S04,long,2018-02-22 19:30:00,2018-02-22 20:34:00,2018-02-22 20:36:00,True,1,1,1331.24,1331.95,0.7100000000000364,16.330000000000837,11.729999999999793,move_median
467,T2/S03,long,2018-02-22 22:00:00,2018-02-22 22:47:00,2018-02-22 22:52:00,True,1,1,1330.83,1331.54,0.7100000000000364,16.330000000000837,12.650000000004184,move_median
1495,T6/S12,short,2018-03-01 08:12:00,2018-03-01 10:52:00,2018-03-01 09:57:00,True,2,1,1314.815298630137,1313.34,1.4752986301371038,2692.420000000004,25.53000000000293,move_median
21,T1/S01,long,2018-03-01 22:00:00,2018-03-01 22:01:00,2018-03-01 22:01:00,True,1,1,1316.28,1317.71,1.4300000000000637,34.32000000000153,17.04000000000087,move_median
22,T1/S01,long,2018-03-01 22:06:00,2018-03-01 22:20:00,2018-03-01 22:14:00,True,2,2,1316.4165249537893,1317.4,0.9834750462107422,2128.24,25.440000000004147,move_median
23,T1/S01,long,2018-03-01 22:24:00,2018-03-01 22:31:00,2018-03-01 22:30:00,True,1,1,1318.05,1319.24,1.1900000000000546,28.560000000001306,30.0,move_median
24,T1/S01,long,2018-03-01 22:36:00,2018-03-02 03:55:00,2018-03-02 03:52:00,True,4,4,1316.6204667232391,1317.62,0.9995332767607579,8245.149999999303,76.80000000000109,move_median
468,T2/S03,long,2018-03-01 22:45:00,2018-03-02 03:55:00,2018-03-02 03:52:00,True,3,4,1316.773584021005,1317.62,0.8464159789948553,4513.089999999648,91.20000000000437,move_median
781,T2/S04,long,2018-03-06 19:00:00,2018-03-07 01:03:00,2018-03-06 20:46:00,True,3,3,1334.724107676969,1335.67,0.9458923230311029,7589.840000000329,276.2400000000107,move_median
469,T2/S03,long,2018-03-09 22:00:00,2018-03-12 03:55:00,2018-03-09 22:39:00,True,2,2,1322.0129475703325,1322.85,0.8370524296674375,2618.2999999997182,25.749999999999318,move_median
25,T1/S01,long,2018-03-12 22:00:00,2018-03-13 01:12:00,2018-03-13 01:15:00,True,1,1,1323.83,1325.19,1.3600000000001273,34.00000000000318,6.749999999999545,move_median
470,T2/S03,long,2018-03-12 22:15:00,2018-03-13 01:13:00,2018-03-13 01:12:00,True,1,1,1323.46,1324.39,0.9300000000000637,23.25000000000159,22.749999999996362,move_median
782,T2/S04,long,2018-03-19 19:00:00,2018-03-19 19:03:00,2018-03-19 19:04:00,True,1,1,1317.71,1318.41,0.7000000000000455,17.500000000001137,15.499999999997272,move_median
783,T2/S04,long,2018-03-19 19:15:00,2018-03-19 20:49:00,2018-03-19 20:51:00,True,1,1,1317.8,1318.46,0.6600000000000819,16.500000000002046,12.749999999999773,move_median
784,T2/S04,long,2018-03-26 19:00:00,2018-03-27 06:16:00,2018-03-26 23:23:00,True,3,3,1352.6533644859812,1353.26,0.6066355140187625,4868.250000000075,16.750000000007503,move_median
471,T2/S03,long,2018-03-26 22:00:00,2018-03-27 06:16:00,2018-03-27 02:26:00,True,2,3,1352.9947858056264,1353.73,0.7352141943736115,2299.7500000000023,87.50000000000568,move_median
1496,T6/S12,short,2018-03-29 09:48:00,2018-03-29 13:19:00,2018-03-29 10:41:00,True,2,2,1325.5990749863165,1324.08,1.519074986316582,2775.350000000327,52.499999999997726,move_median
26,T1/S01,long,2018-03-29 22:48:00,2018-03-29 22:56:00,2018-03-29 22:59:00,True,1,1,1325.13,1326.44,1.3099999999999454,32.749999999998636,13.749999999998863,move_median
27,T1/S01,long,2018-03-29 23:00:00,2018-04-02 02:02:00,2018-04-02 01:01:00,True,2,2,1325.1069745958428,1326.17,1.0630254041573153,2301.4500000003336,28.74999999999659,move_median
785,T2/S04,long,2018-04-02 19:00:00,2018-04-02 19:03:00,2018-04-02 19:02:00,True,1,1,1338.75,1339.57,0.8199999999999363,20.49999999999841,18.75,move_median
786,T2/S04,long,2018-04-02 19:15:00,2018-04-02 19:17:00,2018-04-02 20:08:00,True,1,1,1339.1,1340.2,1.1000000000001364,27.50000000000341,14.250000000004093,move_median
787,T2/S04,long,2018-04-02 19:30:00,2018-04-02 20:09:00,2018-04-02 20:08:00,True,1,1,1339.39,1340.2,0.8099999999999454,20.249999999998636,20.249999999998636,move_median
472,T2/S03,long,2018-04-02 22:00:00,2018-04-02 22:58:00,2018-04-02 22:06:00,True,2,2,1340.5633471867006,1341.34,0.7766528132992789,2429.3699999998844,38.74999999999886,move_median
788,T2/S04,long,2018-04-06 19:00:00,2018-04-06 19:21:00,2018-04-06 19:21:00,True,1,1,1332.36,1333.06,0.7000000000000455,17.500000000001137,13.00000000000523,move_median
789,T2/S04,long,2018-04-06 19:30:00,2018-04-06 20:27:00,2018-04-06 20:26:00,True,1,1,1331.97,1332.69,0.7200000000000273,18.000000000000682,17.75000000000091,move_median
790,T2/S04,long,2018-04-09 19:00:00,2018-04-09 19:36:00,2018-04-09 19:35:00,True,1,1,1333.54,1335.42,1.8800000000001091,47.00000000000273,45.49999999999841,move_median
791,T2/S04,long,2018-04-09 19:45:00,2018-04-09 21:38:00,2018-04-09 21:40:00,True,1,1,1336.39,1337.26,0.8699999999998909,22.619999999997162,14.819999999998345,move_median
28,T1/S01,long,2018-04-09 22:00:00,2018-04-10 03:09:00,2018-04-10 01:15:00,True,2,2,1336.0475253924283,1336.9,0.8524746075718213,1846.460000000255,76.96000000000095,move_median
792,T2/S04,long,2018-04-11 19:00:00,2018-04-11 19:03:00,2018-04-11 19:02:00,True,1,1,1361.4,1362.3,0.8999999999998636,23.399999999996453,24.179999999995744,move_median
793,T2/S04,long,2018-04-11 19:15:00,2018-04-11 19:48:00,2018-04-11 19:41:00,True,3,4,1358.3913705457264,1359.06,0.6686294542735141,5366.419999999596,77.22000000000662,move_median
473,T2/S03,long,2018-04-13 22:15:00,2018-04-13 22:16:00,2018-04-13 22:16:00,True,1,1,1345.79,1346.55,0.7599999999999909,19.759999999999764,14.29999999999882,move_median
474,T2/S03,long,2018-04-13 22:30:00,2018-04-16 02:24:00,2018-04-16 02:18:00,True,3,3,1343.1484645669289,1343.95,0.8015354330711943,4275.390000000583,57.20000000000118,move_median
1497,T6/S12,short,2018-04-16 09:48:00,2018-04-16 10:10:00,2018-04-16 10:09:00,True,1,1,1343.39,1341.78,1.6100000000001273,41.86000000000331,37.960000000000946,move_median
475,T2/S03,long,2018-04-17 22:15:00,2018-04-17 22:29:00,2018-04-17 22:30:00,True,1,1,1346.65,1347.56,0.9099999999998545,23.659999999996217,13.77999999999929,move_median
29,T1/S01,long,2018-04-17 22:30:00,2018-04-18 10:49:00,2018-04-18 03:03:00,True,2,3,1345.8886057248383,1346.79,0.9013942751616923,1952.4200000001526,51.73999999998841,move_median
476,T2/S03,long,2018-04-17 22:30:00,2018-04-18 10:49:00,2018-04-18 03:02:00,True,2,3,1345.7837104506232,1346.55,0.7662895493767792,2397.719999999912,51.73999999998841,move_median
30,T1/S01,long,2018-04-24 22:00:00,2018-04-25 02:29:00,2018-04-25 01:32:00,True,2,2,1330.006538994001,1330.83,0.8234610059989791,1784.4399999998059,33.75,move_median
477,T2/S03,long,2018-04-24 22:00:00,2018-04-25 02:29:00,2018-04-25 01:32:00,True,2,2,1329.9983738019168,1330.83,0.8316261980830859,2602.9899999997187,33.75,move_median
31,T1/S01,long,2018-04-25 22:48:00,2018-04-26 03:04:00,2018-04-26 01:50:00,True,2,2,1321.2931748961698,1322.11,0.8168251038300696,1770.0599999998192,27.809999999993124,move_median
32,T1/S01,long,2018-04-27 22:00:00,2018-04-30 03:15:00,2018-04-30 03:16:00,True,2,2,1323.7481910475312,1324.5,0.7518089524687639,1629.1699999999596,12.149999999995096,move_median
478,T2/S03,long,2018-04-27 22:15:00,2018-04-30 03:15:00,2018-04-30 02:37:00,True,2,2,1322.7439744408946,1323.51,0.766025559105401,2397.659999999917,-79.6499999999951,move_median
479,T2/S03,long,2018-04-30 22:00:00,2018-05-02 06:41:00,2018-05-02 05:21:00,True,10,11,1309.2280705038968,1310.0,0.7719294961032119,24120.094999998873,298.7599999999893,move_median
480,T2/S03,long,2018-05-04 22:45:00,2018-05-04 23:22:00,2018-05-04 23:25:00,True,1,1,1314.23,1314.94,0.7100000000000364,19.880000000001022,14.839999999999238,move_median
1498,T6/S12,short,2018-05-07 09:24:00,2018-05-07 10:05:00,2018-05-07 11:16:00,True,1,1,1313.49,1312.02,1.4700000000000273,41.16000000000077,30.51999999999771,move_median
1499,T6/S12,short,2018-05-08 08:00:00,2018-05-08 11:37:00,2018-05-08 11:31:00,True,2,2,1313.3000109289617,1311.72,1.5800109289616557,2891.419999999816,61.32000000000154,move_median
33,T1/S01,long,2018-05-08 22:00:00,2018-05-08 22:01:00,2018-05-08 22:02:00,True,1,1,1314.96,1315.95,0.9900000000000091,27.720000000000255,19.880000000001022,move_median
34,T1/S01,long,2018-05-08 22:06:00,2018-05-09 02:26:00,2018-05-09 01:33:00,True,2,2,1314.5318265682656,1315.41,0.8781734317344672,1903.8800000001954,-60.76000000000204,move_median
794,T2/S04,long,2018-05-09 19:00:00,2018-05-09 20:17:00,2018-05-09 19:46:00,True,2,2,1311.4940417080436,1312.3,0.8059582919563582,3246.399999999744,28.55999999999949,move_median
35,T1/S01,long,2018-05-10 22:00:00,2018-05-11 10:52:00,2018-05-11 03:58:00,True,2,2,1320.0613099630993,1321.19,1.1286900369007071,2447.0000000001946,38.63999999999032,move_median
1161,T3/S06,short,2018-05-14 23:30:00,2018-05-15 07:26:00,2018-05-15 07:26:00,True,1,1,1313.73,1312.89,0.8399999999999181,23.519999999997708,17.64000000000306,move_median
481,T2/S03,long,2018-05-18 22:00:00,2018-05-21 16:21:00,2018-05-21 16:20:00,True,7,8,1287.5592003425065,1288.91,1.3507996574935532,28395.835000001312,166.88000000002012,move_median
1500,T6/S12,short,2018-05-21 09:36:00,2018-05-21 09:52:00,2018-05-21 09:55:00,True,1,1,1284.44,1283.03,1.4100000000000819,39.4800000000023,29.960000000004587,move_median
36,T1/S01,long,2018-05-21 22:00:00,2018-05-21 22:13:00,2018-05-21 23:27:00,True,1,1,1292.05,1292.81,0.7599999999999909,21.279999999999745,14.839999999999238,move_median
37,T1/S01,long,2018-05-21 22:18:00,2018-05-22 02:21:00,2018-05-22 09:04:00,True,3,1,1290.386135060522,1291.14,0.753864939478035,3549.950000000777,14.279999999999745,move_median
1501,T6/S12,short,2018-05-22 08:24:00,2018-05-22 09:43:00,2018-05-22 09:31:00,True,2,2,1291.1077401746727,1289.5,1.6077401746726991,2945.3800000001825,65.09999999999536,move_median
1502,T6/S12,short,2018-05-23 09:12:00,2018-05-23 09:33:00,2018-05-23 15:34:00,True,3,1,1294.8199554183814,1293.53,1.2899554183813962,7523.019999999942,30.900000000006,move_median
1503,T6/S12,short,2018-05-23 09:36:00,2018-05-23 15:51:00,2018-05-23 15:49:00,True,4,4,1294.7243309477337,1292.45,2.274330947733688,20973.87999999972,176.69999999999618,move_median
795,T2/S04,long,2018-05-24 19:00:00,2018-05-24 19:43:00,2018-05-24 20:47:00,True,1,1,1304.79,1305.5,0.7100000000000364,21.30000000000109,18.900000000003274,move_median
796,T2/S04,long,2018-05-24 19:45:00,2018-05-24 22:24:00,2018-05-25 09:52:00,True,3,1,1302.7250684931505,1303.42,0.6949315068495707,5580.300000001236,8.399999999999181,move_median
482,T2/S03,long,2018-05-24 22:00:00,2018-05-24 22:28:00,2018-05-24 22:25:00,True,1,1,1305.12,1305.91,0.790000000000191,23.700000000005726,24.300000000005184,move_median
483,T2/S03,long,2018-05-24 22:30:00,2018-05-25 11:48:00,2018-05-24 23:41:00,True,2,3,1304.4665655920842,1305.23,0.7634344079158382,2391.8399999999137,52.80000000000655,move_median
797,T2/S04,long,2018-05-30 19:30:00,2018-05-31 02:44:00,2018-05-31 02:44:00,True,1,1,1302.15,1302.96,0.8099999999999454,24.299999999998363,20.39999999999509,move_median
1162,T3/S06,short,2018-05-31 23:30:00,2018-05-31 23:47:00,2018-06-01 06:00:00,True,1,1,1298.74,1297.81,0.9300000000000637,27.900000000001906,15.599999999999453,move_median
1163,T3/S06,short,2018-05-31 23:50:00,2018-06-01 13:51:00,2018-06-01 14:24:00,True,1,1,1298.21,1297.29,0.9200000000000728,27.600000000002183,16.799999999998363,move_median
798,T2/S04,long,2018-06-05 19:45:00,2018-06-06 08:51:00,2018-06-06 03:24:00,True,2,2,1296.9734739454095,1297.74,0.7665260545904857,3089.0999999998917,33.89999999999645,move_median
38,T1/S01,long,2018-06-08 22:30:00,2018-06-11 02:19:00,2018-06-11 04:26:00,True,1,1,1299.06,1299.82,0.7599999999999909,22.799999999999727,15.299999999999727,move_median
799,T2/S04,long,2018-06-11 19:00:00,2018-06-12 16:57:00,2018-06-11 22:25:00,True,2,5,1299.563548387097,1300.34,0.7764516129029744,3129.0999999998553,111.000000000015,move_median
800,T2/S04,long,2018-06-13 19:00:00,2018-06-13 19:22:00,2018-06-13 19:33:00,True,1,1,1297.9,1298.57,0.6699999999998454,20.769999999995207,17.04999999999859,move_median
801,T2/S04,long,2018-06-13 19:30:00,2018-06-13 21:56:00,2018-06-13 21:02:00,True,2,3,1296.028610766559,1297.42,1.391389233441032,5608.690000000328,114.39000000000169,move_median
1504,T6/S12,short,2018-06-15 09:24:00,2018-06-15 10:05:00,2018-06-15 10:06:00,True,1,1,1299.07,1297.51,1.5599999999999454,48.35999999999831,33.169999999998026,move_median
1505,T6/S12,short,2018-06-21 09:36:00,2018-06-21 12:03:00,2018-06-21 11:53:00,True,2,2,1264.6368521549373,1262.92,1.7168521549372144,3146.989999999999,66.33999999999605,move_median
802,T2/S04,long,2018-06-21 19:45:00,2018-06-21 20:42:00,2018-06-21 20:43:00,True,1,1,1268.66,1269.69,1.0299999999999727,31.929999999999154,15.809999999999718,move_median
39,T1/S01,long,2018-06-22 23:00:00,2018-06-25 01:34:00,2018-06-25 01:34:00,True,2,1,1268.8325610317825,1271.35,2.517438968217448,5465.359999999916,30.37999999999352,move_median
1506,T6/S12,short,2018-07-02 08:48:00,2018-07-02 09:13:00,2018-07-02 09:15:00,True,1,1,1249.34,1247.93,1.4099999999998545,43.70999999999549,33.78999999999746,move_median
1507,T6/S12,short,2018-07-02 09:24:00,2018-07-02 16:08:00,2018-07-02 15:54:00,True,2,2,1250.609410801964,1249.07,1.5394108019640953,2821.740000000281,71.30000000000564,move_median
1164,T3/S06,short,2018-07-02 23:00:00,2018-07-03 04:44:00,2018-07-03 04:43:00,True,1,1,1239.92,1238.76,1.1600000000000819,35.96000000000254,29.45000000000141,move_median
803,T2/S04,long,2018-07-03 19:00:00,2018-07-04 03:11:00,2018-07-04 02:57:00,True,3,3,1253.8960159362553,1254.86,0.9639840637446468,7742.719999998357,57.60000000000582,move_median
1255,T4/S08,long,2018-07-04 06:10:00,2018-07-04 09:22:00,2018-07-04 09:10:00,True,2,2,1256.8874283193647,1258.78,1.8925716806352284,2145.23000000006,114.87999999999738,move_median
804,T2/S04,long,2018-07-05 19:45:00,2018-07-05 23:54:00,2018-07-05 22:26:00,True,2,2,1255.6340476190476,1256.48,0.8459523809524399,3410.8800000005067,33.92000000000553,move_median
1165,T3/S06,short,2018-07-11 23:00:00,2018-07-12 04:00:00,2018-07-12 03:59:00,True,1,1,1242.21,1241.36,0.8500000000001364,27.200000000004366,19.520000000004075,move_median
40,T1/S01,long,2018-07-16 23:30:00,2018-07-17 04:52:00,2018-07-17 04:42:00,True,3,3,1238.6733948652663,1239.89,1.2166051347337543,5733.860000000922,49.919999999998254,move_median
1508,T6/S12,short,2018-07-18 09:36:00,2018-07-18 11:14:00,2018-07-18 10:30:00,True,2,2,1224.5331842966193,1223.03,1.503184296619338,2756.8399999999365,74.88000000000466,move_median
484,T2/S03,long,2018-07-18 22:00:00,2018-07-19 03:14:00,2018-07-19 03:14:00,True,1,1,1227.71,1228.4,0.6900000000000546,22.080000000001746,19.19999999999709,move_median
1509,T6/S12,short,2018-07-19 08:36:00,2018-07-19 10:09:00,2018-07-19 10:10:00,True,1,1,1223.05,1221.02,2.0299999999999727,64.95999999999913,33.279999999998836,move_median
485,T2/S03,long,2018-07-19 22:00:00,2018-07-19 23:25:00,2018-07-19 23:26:00,True,1,1,1222.63,1223.43,0.7999999999999545,25.599999999998545,16.31999999999971,move_median
805,T2/S04,long,2018-07-20 19:00:00,2018-07-20 19:30:00,2018-07-20 19:50:00,True,1,1,1229.22,1229.88,0.6600000000000819,21.12000000000262,19.19999999999709,move_median
806,T2/S04,long,2018-07-20 19:45:00,2018-07-20 20:16:00,2018-07-20 20:15:00,True,1,1,1229.66,1230.51,0.849999999999909,27.199999999997086,29.75999999999476,move_median
41,T1/S01,long,2018-07-20 23:54:00,2018-07-23 01:34:00,2018-07-23 01:29:00,True,2,2,1230.4128360957643,1231.25,0.8371639042356946,1818.319999999784,41.599999999998545,move_median
1256,T4/S08,long,2018-07-23 06:30:00,2018-07-24 14:53:00,2018-07-23 14:30:00,True,3,8,1229.2923006416133,1231.81,2.517699358386608,6867.0249999999505,456.0600000000129,move_median
1510,T6/S12,short,2018-07-24 08:00:00,2018-07-26 17:22:00,2018-07-24 22:05:00,True,5,8,1225.591516118736,1224.13,1.4615161187359718,18315.719999997968,386.099999999979,move_median
42,T1/S01,long,2018-07-25 22:00:00,2018-07-26 02:24:00,2018-07-26 02:35:00,True,1,1,1232.32,1233.12,0.7999999999999545,26.399999999998503,18.1499999999985,move_median
807,T2/S04,long,2018-07-27 19:30:00,2018-07-30 14:54:00,2018-07-30 14:53:00,True,4,5,1222.543692870201,1223.45,0.9063071297989609,10906.50000000091,91.80000000000156,move_median
43,T1/S01,long,2018-07-31 22:06:00,2018-08-01 05:03:00,2018-08-01 01:54:00,True,2,3,1223.8528334866605,1224.72,0.8671665133394981,1885.220000000216,42.499999999992276,move_median
486,T2/S03,long,2018-07-31 22:45:00,2018-08-01 05:03:00,2018-08-01 04:56:00,True,3,3,1222.507478472482,1223.56,1.0525215275179107,5622.570000000058,81.25999999999569,move_median
1166,T3/S06,short,2018-08-02 23:00:00,2018-08-02 23:23:00,2018-08-02 23:30:00,True,1,1,1209.04,1208.16,0.8799999999998818,30.79999999999586,20.649999999997135,move_median
1167,T3/S06,short,2018-08-02 23:30:00,2018-08-02 23:33:00,2018-08-02 23:50:00,True,1,1,1208.17,1207.11,1.0600000000001728,37.10000000000605,19.600000000006045,move_median
1168,T3/S06,short,2018-08-02 23:40:00,2018-08-03 05:04:00,2018-08-03 05:03:00,True,1,1,1207.65,1206.76,0.8900000000001,31.150000000003498,21.700000000004138,move_median
808,T2/S04,long,2018-08-03 19:00:00,2018-08-06 04:35:00,2018-08-06 04:31:00,True,3,3,1214.9723708774113,1216.09,1.1176291225885961,8980.149999999961,75.5999999999949,move_median
1511,T6/S12,short,2018-08-06 09:48:00,2018-08-06 10:11:00,2018-08-06 10:31:00,True,1,1,1213.19,1211.62,1.5700000000001637,54.95000000000573,39.55000000000381,move_median
1169,T3/S06,short,2018-08-06 23:00:00,2018-08-07 20:22:00,2018-08-07 08:48:00,True,2,3,1210.5599775280898,1209.37,1.189977528089912,2647.700000000026,64.39999999998916,move_median
44,T1/S01,long,2018-08-08 23:36:00,2018-08-09 03:28:00,2018-08-09 03:32:00,True,1,1,1213.79,1214.57,0.7799999999999727,27.29999999999904,20.650000000005093,move_median
1512,T6/S12,short,2018-08-10 09:12:00,2018-08-13 03:25:00,2018-08-10 10:12:00,True,2,5,1208.8796080566142,1207.19,1.6896080566141336,3103.8100000000295,221.5500000000054,move_median
1170,T3/S06,short,2018-08-13 23:00:00,2018-08-14 03:01:00,2018-08-14 03:07:00,True,1,1,1193.29,1192.42,0.8699999999998909,31.319999999996067,20.519999999997708,move_median
1171,T3/S06,short,2018-08-15 23:00:00,2018-08-16 02:50:00,2018-08-16 02:49:00,True,1,1,1174.56,1173.72,0.8399999999999181,30.239999999997053,22.679999999995744,move_median
45,T1/S01,long,2018-08-17 23:00:00,2018-08-20 05:22:00,2018-08-20 02:22:00,True,2,1,1182.9748161764708,1183.77,0.7951838235292144,1730.3199999998615,18.359999999999673,move_median
46,T1/S01,long,2018-08-20 22:06:00,2018-08-21 03:08:00,2018-08-20 22:56:00,True,2,1,1189.2751470588234,1190.16,0.8848529411766322,1925.4400000001788,24.480000000002292,move_median
47,T1/S01,long,2018-08-21 23:42:00,2018-08-21 23:48:00,2018-08-21 23:47:00,True,1,1,1194.52,1196.44,1.9200000000000728,69.12000000000262,74.87999999999738,move_median
48,T1/S01,long,2018-08-21 23:54:00,2018-08-22 03:21:00,2018-08-22 01:29:00,True,2,1,1194.9853125000002,1195.76,0.7746874999997999,1685.7199999999018,21.959999999996395,move_median
1172,T3/S06,short,2018-08-23 23:30:00,2018-08-24 02:29:00,2018-08-24 02:33:00,True,1,1,1185.43,1184.23,1.2000000000000455,43.20000000000164,20.16000000000622,move_median
809,T2/S04,long,2018-08-24 19:00:00,2018-08-24 20:12:00,2018-08-24 20:11:00,True,2,3,1206.7456987115957,1207.52,0.774301288404331,3125.0799999998535,64.43999999999869,move_median
487,T2/S03,long,2018-08-24 22:00:00,2018-08-27 01:03:00,2018-08-27 01:01:00,True,1,1,1205.73,1206.83,1.099999999999909,39.599999999996726,47.15999999999803,move_median
810,T2/S04,long,2018-08-27 19:30:00,2018-08-27 23:25:00,2018-08-27 22:44:00,True,2,2,1209.0661446977206,1209.97,0.9038553022794531,3647.9600000002956,42.84000000001015,move_median
1513,T6/S12,short,2018-08-30 09:00:00,2018-08-30 16:35:00,2018-08-30 16:31:00,True,3,3,1204.3381808838642,1202.59,1.7481808838642792,10205.880000000165,235.44000000000685,move_median
1514,T6/S12,short,2018-09-06 08:48:00,2018-09-06 18:15:00,2018-09-06 18:10:00,True,5,5,1202.0547152201664,1200.41,1.6447152201662902,20618.14999999988,222.00000000000838,move_median
1320,T5/S09,long,2018-09-06 13:48:00,2018-09-11 23:40:00,2018-09-07 03:26:00,True,2,4,1199.2283501374886,1201.54,2.311649862511331,5044.019999999684,330.780000000002,move_median
1515,T6/S12,short,2018-09-10 09:00:00,2018-09-10 14:43:00,2018-09-10 13:35:00,True,2,2,1194.5757368134855,1192.99,1.5857368134854823,2916.169999999789,82.1399999999926,move_median
49,T1/S01,long,2018-09-11 23:48:00,2018-09-12 12:34:00,2018-09-12 02:26:00,True,2,4,1197.6263452708909,1198.38,0.7536547291092575,1641.4600000004361,78.66000000000622,move_median
811,T2/S04,long,2018-09-12 19:30:00,2018-09-12 20:03:00,2018-09-12 20:02:00,True,1,1,1204.17,1205.25,1.0799999999999272,41.039999999997235,41.039999999997235,move_median
50,T1/S01,long,2018-09-12 22:00:00,2018-09-13 11:37:00,2018-09-13 11:35:00,True,3,3,1205.8020788302608,1206.69,0.8879211697392293,4190.100000000182,77.51999999998998,move_median
488,T2/S03,long,2018-09-12 22:00:00,2018-09-13 11:37:00,2018-09-13 03:11:00,True,2,3,1206.1352849411016,1206.94,0.8047150588984096,2527.6100000004803,77.51999999998998,move_median
1173,T3/S06,short,2018-09-14 23:00:00,2018-09-17 03:01:00,2018-09-17 03:02:00,True,1,1,1193.89,1192.95,0.9400000000000546,36.66000000000213,23.40000000000532,move_median
812,T2/S04,long,2018-09-17 19:00:00,2018-09-18 14:05:00,2018-09-18 09:10:00,True,4,5,1199.611467729878,1200.51,0.8985322701219047,10817.42999999916,108.80999999998085,move_median
51,T1/S01,long,2018-09-20 23:00:00,2018-09-21 03:16:00,2018-09-21 03:21:00,True,1,1,1207.42,1208.81,1.3899999999998727,54.20999999999504,20.669999999998936,move_median
52,T1/S01,long,2018-09-21 23:18:00,2018-09-24 10:17:00,2018-09-24 02:28:00,True,2,3,1197.439173932997,1198.21,0.7708260670030995,1679.6299999999053,97.88999999999965,move_median
813,T2/S04,long,2018-09-28 19:00:00,2018-09-28 19:19:00,2018-09-28 20:42:00,True,1,1,1192.71,1193.43,0.7200000000000273,28.080000000001064,21.449999999998226,move_median
814,T2/S04,long,2018-09-28 19:30:00,2018-09-28 20:43:00,2018-09-28 20:42:00,True,1,1,1192.57,1193.43,0.8600000000001273,33.540000000004966,33.15000000000532,move_median
489,T2/S03,long,2018-09-28 22:00:00,2018-09-28 22:02:00,2018-10-01 15:20:00,True,5,1,1187.8421366507177,1188.52,0.6778633492822337,8854.589999999189,23.790000000004966,move_median
490,T2/S03,long,2018-09-28 22:15:00,2018-10-01 15:35:00,2018-10-01 15:07:00,True,5,5,1187.3327938755979,1188.05,0.7172061244020824,9368.505000000412,180.95999999999503,move_median
815,T2/S04,long,2018-10-02 19:00:00,2018-10-02 19:27:00,2018-10-02 19:26:00,True,1,1,1204.92,1205.67,0.75,30.000000000000004,30.000000000000004,move_median
816,T2/S04,long,2018-10-02 19:30:00,2018-10-03 01:34:00,2018-10-02 21:24:00,True,3,3,1202.6939303482586,1203.36,0.6660696517412816,5355.199999999595,68.80000000000109,move_median
53,T1/S01,long,2018-10-08 22:30:00,2018-10-08 22:57:00,2018-10-08 22:59:00,True,1,1,1187.87,1188.86,0.9900000000000091,39.60000000000037,24.400000000005097,move_median
54,T1/S01,long,2018-10-08 23:00:00,2018-10-09 02:42:00,2018-10-09 02:43:00,True,1,1,1189.01,1189.78,0.7699999999999818,30.799999999999272,29.600000000000364,move_median
55,T1/S01,long,2018-10-10 22:00:00,2018-10-10 22:11:00,2018-10-10 22:10:00,True,1,1,1191.96,1192.89,0.9300000000000637,37.20000000000255,37.20000000000255,move_median
56,T1/S01,long,2018-10-10 22:12:00,2018-10-10 22:58:00,2018-10-10 22:35:00,True,2,4,1192.138623853211,1192.94,0.8013761467891527,1747.0000000003301,148.40000000000146,move_median
57,T1/S01,long,2018-10-10 23:42:00,2018-10-11 09:40:00,2018-10-11 04:52:00,True,3,2,1192.2585066723154,1193.11,0.8514933276844658,4019.89999999926,52.000000000007276,move_median
817,T2/S04,long,2018-10-11 19:00:00,2018-10-11 19:07:00,2018-10-11 19:06:00,True,1,1,1219.65,1220.51,0.8599999999999,35.2599999999959,35.2599999999959,move_median
818,T2/S04,long,2018-10-11 19:15:00,2018-10-11 20:02:00,2018-10-11 19:29:00,True,2,2,1218.5586686463746,1219.35,0.7913313536253099,3197.7699999997735,61.08999999999105,move_median
491,T2/S03,long,2018-10-11 22:00:00,2018-10-11 22:39:00,2018-10-11 22:35:00,True,3,3,1221.7660646849877,1222.63,0.8639353150124407,4621.190000000458,72.97999999999888,move_median
1321,T5/S09,long,2018-10-15 12:24:00,2018-10-16 15:35:00,2018-10-15 16:48:00,True,2,2,1226.9367200365966,1229.27,2.3332799634033563,5100.550000000117,172.2000000000112,move_median
1516,T6/S12,short,2018-10-18 09:24:00,2018-10-19 10:13:00,2018-10-18 16:05:00,True,3,5,1223.5849837412288,1222.0,1.5849837412288252,9261.060000000098,277.1600000000183,move_median
58,T1/S01,long,2018-10-22 22:30:00,2018-10-23 04:25:00,2018-10-23 04:27:00,True,1,1,1222.69,1223.54,0.849999999999909,35.69999999999618,23.09999999999809,move_median
1322,T5/S09,long,2018-10-23 10:48:00,2018-10-23 11:04:00,2018-10-23 11:04:00,True,1,1,1231.77,1234.24,2.4700000000000273,103.74000000000115,86.51999999999771,move_median
1323,T5/S09,long,2018-10-23 11:12:00,2018-10-23 11:30:00,2018-10-23 12:09:00,True,1,1,1233.67,1236.21,2.5399999999999636,106.67999999999847,85.67999999999847,move_median
1324,T5/S09,long,2018-10-23 11:36:00,2018-10-23 14:45:00,2018-10-23 14:45:00,True,1,1,1235.72,1238.21,2.490000000000009,104.58000000000038,91.98000000000229,move_median
59,T1/S01,long,2018-10-24 22:30:00,2018-10-24 22:35:00,2018-10-24 22:52:00,True,1,1,1232.2199999999998,1233.05,0.8300000000001546,34.859999999996944,22.679999999998472,move_median
60,T1/S01,long,2018-10-24 22:36:00,2018-10-25 01:03:00,2018-10-25 01:20:00,True,1,1,1233.17,1233.98,0.8099999999999454,34.01999999999771,22.259999999998854,move_median
61,T1/S01,long,2018-10-25 23:48:00,2018-10-26 01:07:00,2018-10-26 02:12:00,True,1,1,1231.84,1232.97,1.1300000000001091,47.460000000004584,21.839999999999236,move_median
819,T2/S04,long,2018-11-01 19:00:00,2018-11-01 19:10:00,2018-11-01 19:19:00,True,1,1,1234.17,1234.97,0.7999999999999545,35.199999999998,22.4399999999996,move_median
820,T2/S04,long,2018-11-01 19:15:00,2018-11-01 19:22:00,2018-11-01 19:23:00,True,1,1,1234.78,1235.51,0.7300000000000182,32.1200000000008,29.480000000003205,move_median
821,T2/S04,long,2018-11-01 19:30:00,2018-11-02 10:03:00,2018-11-02 08:47:00,True,4,4,1233.00435735636,1233.87,0.8656426436398306,10425.799999998573,89.7599999999884,move_median
1517,T6/S12,short,2018-11-12 08:00:00,2018-11-12 08:42:00,2018-11-12 08:41:00,True,1,1,1208.35,1206.39,1.959999999999809,86.2399999999916,78.3199999999988,move_median
1518,T6/S12,short,2018-11-12 08:48:00,2018-11-12 09:48:00,2018-11-12 09:50:00,True,1,1,1206.6,1204.99,1.6099999999999,70.8399999999956,44.8799999999992,move_median
1174,T3/S06,short,2018-11-12 23:10:00,2018-11-12 23:34:00,2018-11-12 23:50:00,True,1,1,1201.13,1200.26,0.8700000000001182,38.2800000000052,24.640000000007603,move_median
1175,T3/S06,short,2018-11-12 23:40:00,2018-11-13 10:13:00,2018-11-13 08:34:00,True,2,2,1203.565989256938,1202.28,1.2859892569381373,2872.9000000003048,44.8799999999992,move_median
492,T2/S03,long,2018-11-14 22:15:00,2018-11-15 06:28:00,2018-11-15 02:01:00,True,2,3,1210.4537686685735,1211.21,0.7562313314265339,2379.859999999912,72.59999999998399,move_median
1519,T6/S12,short,2018-11-19 08:00:00,2018-11-20 17:17:00,2018-11-19 11:36:00,True,2,5,1220.359469122427,1218.57,1.7894691224271355,3303.360000000263,386.7599999999784,move_median
1520,T6/S12,short,2018-11-23 09:00:00,2018-11-23 09:14:00,2018-11-23 09:23:00,True,1,1,1226.01,1223.95,2.0599999999999454,92.69999999999754,51.75000000000409,move_median
1521,T6/S12,short,2018-11-23 09:24:00,2018-11-23 10:31:00,2018-11-23 10:31:00,True,1,1,1223.95,1222.22,1.7300000000000182,77.85000000000082,49.50000000000614,move_median
62,T1/S01,long,2018-11-27 23:18:00,2018-11-28 08:25:00,2018-11-28 08:12:00,True,2,2,1213.4302745995426,1214.19,0.7597254004574552,1659.9999999999295,46.800000000008595,move_median
822,T2/S04,long,2018-11-28 19:30:00,2018-11-28 19:50:00,2018-11-28 19:49:00,True,1,1,1220.45,1221.64,1.1900000000000546,54.74000000000251,50.139999999996235,move_median
493,T2/S03,long,2018-11-28 22:00:00,2018-11-29 03:02:00,2018-11-29 02:39:00,True,2,2,1220.9057097491268,1221.65,0.7442902508732914,2343.769999999943,56.120000000001255,move_median
63,T1/S01,long,2018-11-30 22:00:00,2018-11-30 22:31:00,2018-11-30 22:32:00,True,1,1,1221.09,1221.87,0.7799999999999727,35.879999999998745,30.36000000000377,move_median
64,T1/S01,long,2018-11-30 22:54:00,2018-12-03 01:06:00,2018-12-03 03:09:00,True,1,1,1222.45,1223.41,0.9600000000000364,44.16000000000167,25.75999999999749,move_median
1325,T5/S09,long,2018-12-03 10:00:00,2018-12-03 16:18:00,2018-12-03 16:47:00,True,1,1,1231.78,1234.25,2.4700000000000273,113.62000000000126,99.36000000000377,move_median
1522,T6/S12,short,2018-12-06 09:00:00,2018-12-06 20:44:00,2018-12-06 15:36:00,True,2,4,1238.4200108225107,1236.54,1.8800108225107124,3474.260000000097,222.63999999998578,move_median
823,T2/S04,long,2018-12-07 19:00:00,2018-12-07 19:41:00,2018-12-07 19:32:00,True,2,2,1244.2401235788434,1245.18,0.9398764211566686,3802.740000000148,69.4599999999996,move_median
824,T2/S04,long,2018-12-07 19:45:00,2018-12-07 19:48:00,2018-12-07 19:48:00,True,1,1,1245.7,1246.85,1.1499999999998636,52.89999999999373,27.139999999996235,move_median
494,T2/S03,long,2018-12-07 22:00:00,2018-12-10 01:03:00,2018-12-10 01:01:00,True,2,2,1248.2458558272467,1250.1,1.8541441727531947,5838.699999999628,47.83999999999833,move_median
65,T1/S01,long,2018-12-07 22:00:00,2018-12-10 01:03:00,2018-12-10 01:01:00,True,2,2,1248.2572461116195,1250.1,1.8427538883804573,4028.2599999997424,121.43999999999416,move_median
1523,T6/S12,short,2018-12-12 09:36:00,2018-12-13 12:47:00,2018-12-12 19:32:00,True,3,3,1245.8061401709401,1244.23,1.576140170940107,9220.420000000133,164.64000000001397,move_median
1524,T6/S12,short,2018-12-14 08:12:00,2018-12-14 09:37:00,2018-12-14 09:37:00,True,1,1,1240.59,1238.85,1.740000000000009,83.52000000000044,49.43999999999869,move_median
825,T2/S04,long,2018-12-17 19:00:00,2018-12-17 19:11:00,2018-12-17 19:22:00,True,1,1,1242.96,1243.65,0.6900000000000546,33.12000000000262,25.919999999998254,move_median
826,T2/S04,long,2018-12-17 19:15:00,2018-12-17 19:24:00,2018-12-17 19:24:00,True,1,1,1243.28,1244.01,0.7300000000000182,35.04000000000087,30.240000000005235,move_median
827,T2/S04,long,2018-12-17 19:30:00,2018-12-17 19:35:00,2018-12-17 19:34:00,True,1,1,1244.11,1245.01,0.900000000000091,43.200000000004366,43.200000000004366,move_median
828,T2/S04,long,2018-12-17 19:45:00,2018-12-17 19:57:00,2018-12-17 19:56:00,True,1,1,1245.49,1246.25,0.7599999999999909,36.47999999999956,36.47999999999956,move_median
495,T2/S03,long,2018-12-17 22:00:00,2018-12-17 22:23:00,2018-12-17 22:31:00,True,1,1,1245.78,1246.51,0.7300000000000182,35.04000000000087,28.31999999999607,move_median
496,T2/S03,long,2018-12-17 22:30:00,2018-12-18 03:33:00,2018-12-18 03:43:00,True,1,1,1246.38,1247.3,0.9199999999998454,44.15999999999258,27.359999999996944,move_median
1257,T4/S08,long,2018-12-18 06:00:00,2018-12-18 10:15:00,2018-12-18 09:56:00,True,3,3,1245.9973555677057,1247.65,1.6526444322944371,4534.030000000205,256.7599999999893,move_median
1525,T6/S12,short,2018-12-18 09:00:00,2018-12-19 21:01:00,2018-12-18 14:52:00,True,3,6,1248.6864159972656,1246.75,1.9364159972656125,11329.970000000452,597.8000000000245,move_median
1326,T5/S09,long,2018-12-20 11:36:00,2018-12-20 11:49:00,2018-12-20 11:49:00,True,1,1,1253.25,1255.81,2.5599999999999454,127.99999999999727,123.50000000000136,move_median
1327,T5/S09,long,2018-12-20 12:00:00,2018-12-20 16:13:00,2018-12-20 16:12:00,True,1,1,1257.13,1259.77,2.6399999999998727,134.6399999999935,134.6399999999935,move_median
66,T1/S01,long,2018-12-28 23:48:00,2018-12-31 09:04:00,2018-12-31 02:40:00,True,2,3,1279.434682793245,1280.49,1.055317206755035,2312.1999999998197,91.29000000000974,move_median
1328,T5/S09,long,2018-12-31 10:24:00,2018-12-31 13:25:00,2019-01-02 07:18:00,True,1,1,1281.8,1284.81,3.009999999999991,153.50999999999954,104.54999999999768,move_median
497,T2/S03,long,2019-01-03 22:00:00,2019-01-03 23:00:00,2019-01-03 22:59:00,True,1,1,1293.58,1295.01,1.4300000000000637,72.93000000000325,66.30000000000928,move_median
67,T1/S01,long,2019-01-03 22:30:00,2019-01-03 23:00:00,2019-01-03 22:45:00,True,2,1,1292.4242172523961,1293.18,0.7557827476039165,1655.9199999999305,52.02000000001067,move_median
68,T1/S01,long,2019-01-03 23:06:00,2019-01-04 01:59:00,2019-01-04 01:34:00,True,2,1,1293.134682793245,1293.99,0.8553172067549895,1874.0000000002185,28.560000000008813,move_median
829,T2/S04,long,2019-01-09 19:00:00,2019-01-09 19:50:00,2019-01-09 19:53:00,True,1,1,1288.7,1289.5,0.7999999999999545,40.79999999999768,31.109999999994898,move_median
69,T1/S01,long,2019-01-09 23:36:00,2019-01-10 04:05:00,2019-01-10 02:25:00,True,2,2,1292.065583941606,1292.87,0.8044160583938265,1763.2799999998206,69.16000000000804,move_median
1176,T3/S06,short,2019-01-10 23:00:00,2019-01-11 16:18:00,2019-01-11 16:08:00,True,3,3,1291.8210409878236,1290.34,1.4810409878236896,8635.950000000434,115.96000000000095,move_median
830,T2/S04,long,2019-01-16 19:00:00,2019-01-17 03:18:00,2019-01-16 21:09:00,True,2,2,1292.8760513326752,1293.65,0.7739486673249303,3136.0400000007266,61.35999999999149,move_median
1177,T3/S06,short,2019-01-18 23:10:00,2019-01-21 10:47:00,2019-01-21 10:47:00,True,1,1,1280.88,1279.74,1.1400000000001,59.28000000000521,27.560000000010405,move_median
1329,T5/S09,long,2019-01-22 12:36:00,2019-01-22 20:02:00,2019-01-23 17:40:00,True,2,2,1278.9456213017752,1282.51,3.5643786982248002,7830.940000000099,238.67999999999577,move_median
831,T2/S04,long,2019-01-25 19:00:00,2019-01-25 19:23:00,2019-01-25 19:14:00,True,2,2,1297.3248457932395,1298.25,0.9251542067604532,3749.6500000001793,56.71000000000868,move_median
832,T2/S04,long,2019-01-25 19:30:00,2019-01-25 20:24:00,2019-01-25 20:28:00,True,1,1,1297.9,1298.89,0.9900000000000091,52.47000000000048,31.26999999999566,move_median
498,T2/S03,long,2019-01-25 22:00:00,2019-01-25 22:59:00,2019-01-25 22:59:00,True,1,1,1298.74,1299.54,0.7999999999999545,42.39999999999759,34.45000000000482,move_median
70,T1/S01,long,2019-01-25 23:18:00,2019-01-28 03:05:00,2019-01-28 02:44:00,True,3,3,1300.6303485424587,1301.41,0.7796514575413767,3690.8700000006147,127.73000000000434,move_median
499,T2/S03,long,2019-01-28 22:45:00,2019-01-28 23:00:00,2019-01-28 23:01:00,True,1,1,1303.4,1304.14,0.7400000000000091,39.9600000000005,35.63999999999214,move_median
71,T1/S01,long,2019-01-30 22:00:00,2019-01-30 22:08:00,2019-01-30 22:23:00,True,2,1,1318.4793801276207,1319.29,0.8106198723792204,1778.4999999998051,31.860000000007858,move_median
500,T2/S03,long,2019-01-30 22:00:00,2019-01-30 22:08:00,2019-01-30 22:08:00,True,1,1,1320.04,1320.79,0.75,40.5,31.860000000007858,move_median
72,T1/S01,long,2019-01-30 22:12:00,2019-01-30 22:17:00,2019-01-30 22:40:00,True,1,1,1318.67,1319.55,0.8799999999998818,47.519999999993615,-4.320000000008349,move_median
501,T2/S03,long,2019-01-30 22:15:00,2019-01-30 22:24:00,2019-01-30 22:16:00,True,1,1,1317.83,1318.61,0.7799999999999727,42.119999999998534,76.68000000000393,move_median
73,T1/S01,long,2019-01-30 22:36:00,2019-01-30 22:41:00,2019-01-30 22:42:00,True,1,1,1318.88,1319.75,0.8699999999998909,46.97999999999411,36.17999999999165,move_median
74,T1/S01,long,2019-01-30 22:42:00,2019-01-30 23:31:00,2019-01-30 23:01:00,True,2,2,1318.2096262534185,1319.08,0.8703737465814356,1909.599999999686,93.42000000000098,move_median
502,T2/S03,long,2019-01-30 22:45:00,2019-01-30 23:31:00,2019-01-31 01:02:00,True,1,1,1319.35,1320.13,0.7800000000002001,42.12000000001081,10.260000000002947,move_median
75,T1/S01,long,2019-02-05 23:18:00,2019-02-06 04:29:00,2019-02-06 04:25:00,True,2,2,1313.7291340018232,1314.85,1.1208659981766687,2459.179999999685,120.96000000001278,move_median
1178,T3/S06,short,2019-02-06 23:00:00,2019-02-06 23:52:00,2019-02-06 23:51:00,True,1,1,1306.6,1305.63,0.9699999999997999,53.349999999988995,40.7000000000005,move_median
1330,T5/S09,long,2019-02-07 13:48:00,2019-02-07 14:53:00,2019-02-07 14:53:00,True,1,1,1306.77,1309.27,2.5,137.5,117.70000000000552,move_median
76,T1/S01,long,2019-02-15 22:00:00,2019-02-15 22:58:00,2019-02-18 03:01:00,True,1,1,1321.54,1322.31,0.7699999999999818,42.34999999999901,30.799999999997002,move_median
1331,T5/S09,long,2019-02-19 12:36:00,2019-02-19 15:10:00,2019-02-19 15:11:00,True,1,1,1329.37,1331.91,2.540000000000191,139.70000000001053,113.3000000000095,move_median
833,T2/S04,long,2019-02-19 19:00:00,2019-02-19 19:10:00,2019-02-19 19:09:00,True,1,1,1337.72,1338.71,0.9900000000000091,54.45000000000051,51.1500000000035,move_median
834,T2/S04,long,2019-02-19 19:15:00,2019-02-19 19:26:00,2019-02-19 19:25:00,True,1,1,1338.39,1339.17,0.7799999999999727,43.67999999999847,43.67999999999847,move_median
835,T2/S04,long,2019-02-19 19:30:00,2019-02-19 19:32:00,2019-02-19 19:37:00,True,1,1,1339.67,1340.87,1.199999999999818,67.19999999998983,31.919999999996442,move_median
836,T2/S04,long,2019-02-19 19:45:00,2019-02-19 20:02:00,2019-02-19 20:27:00,True,1,1,1340.32,1341.21,0.8900000000001,49.84000000000561,33.04000000000815,move_median
503,T2/S03,long,2019-02-19 22:00:00,2019-02-19 22:12:00,2019-02-19 22:12:00,True,1,1,1340.06,1340.75,0.6900000000000546,38.64000000000306,33.04000000000815,move_median
504,T2/S03,long,2019-02-19 22:15:00,2019-02-20 03:01:00,2019-02-19 22:43:00,True,2,2,1339.379781576448,1340.29,0.9102184235518962,2875.380000000169,84.5599999999995,move_median
1179,T3/S06,short,2019-02-21 23:00:00,2019-02-21 23:07:00,2019-02-21 23:06:00,True,1,1,1323.53,1322.65,0.8799999999998818,49.279999999993386,34.71999999999389,move_median
1180,T3/S06,short,2019-02-21 23:10:00,2019-02-22 11:45:00,2019-02-22 02:40:00,True,2,2,1325.8774710596617,1324.48,1.3974710596617115,3138.720000000044,107.52000000000407,move_median
837,T2/S04,long,2019-02-22 19:00:00,2019-02-22 19:01:00,2019-02-22 19:00:00,True,1,1,1330.85,1331.98,1.1300000000001091,63.28000000000612,63.28000000000612,move_median
838,T2/S04,long,2019-02-22 19:15:00,2019-02-22 19:49:00,2019-02-22 19:50:00,True,1,1,1331.86,1332.57,0.7100000000000364,39.760000000002044,28.55999999999949,move_median
1526,T6/S12,short,2019-03-01 09:12:00,2019-03-01 10:06:00,2019-03-01 10:06:00,True,1,1,1309.59,1307.88,1.709999999999809,95.7599999999893,62.15999999999441,move_median
1181,T3/S06,short,2019-03-01 23:00:00,2019-03-04 09:31:00,2019-03-04 07:57:00,True,3,3,1295.3196023993146,1294.13,1.1896023993144809,6941.329999999334,106.39999999997966,move_median
77,T1/S01,long,2019-03-05 22:00:00,2019-03-05 22:18:00,2019-03-05 22:21:00,True,1,1,1286.91,1287.72,0.8099999999999454,45.359999999996944,35.83999999999287,move_median
78,T1/S01,long,2019-03-05 22:24:00,2019-03-06 02:11:00,2019-03-06 02:10:00,True,1,1,1288.13,1288.95,0.8199999999999363,45.91999999999644,45.91999999999644,move_median
1527,T6/S12,short,2019-03-07 08:00:00,2019-03-07 10:01:00,2019-03-07 10:00:00,True,1,1,1284.33,1282.87,1.4600000000000364,81.76000000000204,64.95999999999185,move_median
1332,T5/S09,long,2019-03-08 10:00:00,2019-03-08 15:31:00,2019-03-08 15:30:00,True,1,1,1293.97,1298.15,4.180000000000064,234.08000000000357,232.3999999999924,move_median
79,T1/S01,long,2019-03-12 22:00:00,2019-03-13 02:27:00,2019-03-13 02:26:00,True,1,1,1301.84,1302.96,1.1200000000001182,63.84000000000674,63.84000000000674,move_median
1528,T6/S12,short,2019-03-26 08:00:00,2019-03-26 09:21:00,2019-03-26 09:28:00,True,1,1,1317.97,1316.41,1.5599999999999454,88.91999999999688,63.84000000000674,move_median
80,T1/S01,long,2019-04-04 22:00:00,2019-04-04 22:24:00,2019-04-04 22:28:00,True,1,1,1292.59,1293.93,1.3400000000001455,77.72000000000844,31.320000000011078,move_median
505,T2/S03,long,2019-04-04 22:15:00,2019-04-05 16:01:00,2019-04-04 22:28:00,True,1,7,1292.91,1293.93,1.0199999999999818,59.15999999999894,294.6399999999561,move_median
81,T1/S01,long,2019-04-04 22:30:00,2019-04-05 16:01:00,2019-04-05 15:56:00,True,6,6,1288.7631776279156,1290.54,1.7768223720843253,28718.779999998518,386.27999999996507,move_median
1182,T3/S06,short,2019-04-11 23:00:00,2019-04-12 15:33:00,2019-04-12 13:14:00,True,2,2,1294.8910884051534,1293.7,1.191088405153323,2681.1399999999126,165.30999999998835,move_median
82,T1/S01,long,2019-04-18 23:18:00,2019-04-22 02:53:00,2019-04-22 01:46:00,True,1,1,1275.51,1276.34,0.8299999999999272,50.629999999995555,89.67000000000166,move_median
1529,T6/S12,short,2019-04-23 09:24:00,2019-04-23 14:07:00,2019-04-23 13:27:00,True,2,2,1274.2598175965663,1272.71,1.5498175965662995,2888.8599999998028,132.05999999999267,move_median
83,T1/S01,long,2019-04-29 22:48:00,2019-04-30 03:17:00,2019-04-30 03:38:00,True,1,1,1280.46,1281.24,0.7799999999999727,48.35999999999831,35.33999999999605,move_median
506,T2/S03,long,2019-05-07 22:00:00,2019-05-08 03:56:00,2019-05-08 03:56:00,True,1,1,1285.27,1286.24,0.9700000000000273,60.14000000000169,34.71999999999662,move_median
839,T2/S04,long,2019-05-13 19:00:00,2019-05-13 19:08:00,2019-05-13 19:09:00,True,1,1,1298.05,1298.73,0.6800000000000637,42.16000000000395,35.960000000009586,move_median
840,T2/S04,long,2019-05-13 19:15:00,2019-05-13 19:51:00,2019-05-13 20:21:00,True,1,1,1299.95,1301.08,1.1299999999998818,70.05999999999267,34.71999999999662,move_median
507,T2/S03,long,2019-05-13 22:00:00,2019-05-14 01:05:00,2019-05-14 01:12:00,True,1,1,1299.79,1300.53,0.7400000000000091,45.880000000000564,49.59999999999718,move_median
84,T1/S01,long,2019-05-14 22:48:00,2019-05-15 02:57:00,2019-05-15 03:11:00,True,1,1,1296.76,1297.8,1.0399999999999636,64.47999999999774,33.479999999997744,move_median
841,T2/S04,long,2019-05-23 19:00:00,2019-05-24 19:39:00,2019-05-23 22:03:00,True,2,4,1284.6572901796703,1285.43,0.7727098203297373,3139.519999999816,182.06999999999198,move_median
85,T1/S01,long,2019-05-24 23:06:00,2019-05-27 04:15:00,2019-05-27 04:16:00,True,1,1,1285.16,1285.92,0.7599999999999909,47.87999999999943,35.90999999999599,move_median
86,T1/S01,long,2019-05-28 23:30:00,2019-05-29 03:13:00,2019-05-29 03:12:00,True,1,1,1279.8,1281.12,1.3199999999999363,84.47999999999593,84.47999999999593,move_median
842,T2/S04,long,2019-05-30 19:00:00,2019-05-30 20:36:00,2019-05-30 20:36:00,True,1,1,1287.45,1288.1,0.6499999999998636,41.59999999999127,35.19999999999709,move_median
508,T2/S03,long,2019-05-30 22:00:00,2019-05-30 22:07:00,2019-05-31 02:32:00,True,1,1,1288.27,1289.44,1.1700000000000728,74.88000000000466,33.279999999998836,move_median
509,T2/S03,long,2019-05-30 22:15:00,2019-05-30 23:00:00,2019-05-31 02:32:00,True,1,1,1288.3,1289.44,1.1400000000001,72.9600000000064,39.04000000000815,move_median
1258,T4/S08,long,2019-05-31 08:00:00,2019-05-31 09:59:00,2019-05-31 09:59:00,True,1,1,1292.7,1294.55,1.849999999999909,118.39999999999418,104.31999999999245,move_median
1259,T4/S08,long,2019-05-31 10:00:00,2019-05-31 12:27:00,2019-05-31 12:34:00,True,1,1,1294.61,1296.62,2.009999999999991,128.63999999999942,99.84000000001106,move_median
87,T1/S01,long,2019-05-31 22:06:00,2019-06-03 01:14:00,2019-06-03 01:05:00,True,2,1,1305.1629764065333,1306.64,1.4770235934668108,3255.36000000046,35.84000000001106,move_median
510,T2/S03,long,2019-05-31 22:15:00,2019-06-03 01:14:00,2019-06-03 01:06:00,True,1,2,1306.04,1306.84,0.7999999999999545,51.19999999999709,195.84000000001106,move_median
88,T1/S01,long,2019-06-03 22:00:00,2019-06-03 22:13:00,2019-06-03 22:12:00,True,1,1,1326.39,1327.92,1.5299999999999727,99.44999999999823,96.1999999999864,move_median
511,T2/S03,long,2019-06-03 22:15:00,2019-06-04 04:28:00,2019-06-04 03:24:00,True,2,2,1325.9734438131313,1326.77,0.7965561868686564,2523.489999999777,55.25000000000887,move_median
89,T1/S01,long,2019-06-03 22:18:00,2019-06-04 04:28:00,2019-06-04 03:24:00,True,2,2,1325.986575963719,1326.77,0.783424036281076,1727.449999999844,79.30000000000177,move_median
90,T1/S01,long,2019-06-04 22:00:00,2019-06-04 22:34:00,2019-06-04 22:33:00,True,1,1,1326.26,1327.29,1.0299999999999727,67.9799999999982,68.6399999999976,move_median
512,T2/S03,long,2019-06-04 22:00:00,2019-06-04 22:34:00,2019-06-04 22:33:00,True,1,1,1326.26,1327.29,1.0299999999999727,67.9799999999982,68.6399999999976,move_median
91,T1/S01,long,2019-06-04 22:36:00,2019-06-05 03:07:00,2019-06-05 03:06:00,True,2,3,1326.0866727107887,1327.1,1.0133272892112473,2235.399999999883,53.4599999999964,move_median
513,T2/S03,long,2019-06-04 22:45:00,2019-06-05 03:07:00,2019-06-04 23:44:00,True,2,2,1325.4964468286526,1326.43,0.933553171347512,2958.4300000000867,190.7399999999916,move_median
1333,T5/S09,long,2019-06-05 10:00:00,2019-06-05 12:24:00,2019-06-05 12:23:00,True,1,1,1333.68,1336.2,2.519999999999982,168.83999999999878,160.79999999999086,move_median
843,T2/S04,long,2019-06-11 19:45:00,2019-06-12 04:21:00,2019-06-12 04:11:00,True,2,2,1326.3091590853207,1327.09,0.7808409146791746,3175.6799999997793,91.1199999999933,move_median
514,T2/S03,long,2019-06-11 22:00:00,2019-06-12 04:21:00,2019-06-12 04:43:00,True,1,1,1327.59,1328.41,0.8200000000001637,54.94000000001097,12.730000000003658,move_median
515,T2/S03,long,2019-06-13 22:30:00,2019-06-13 22:48:00,2019-06-13 23:03:00,True,1,1,1340.64,1341.41,0.7699999999999818,51.58999999999878,35.50999999999818,move_median
844,T2/S04,long,2019-06-19 19:45:00,2019-06-19 21:01:00,2019-06-19 21:00:00,True,1,1,1346.22,1348.8,2.5799999999999272,172.85999999999513,172.85999999999513,move_median
516,T2/S03,long,2019-06-19 22:00:00,2019-06-19 22:20:00,2019-06-19 22:19:00,True,1,1,1352.57,1353.56,0.9900000000000091,67.32000000000062,73.44000000001051,move_median
517,T2/S03,long,2019-06-19 22:30:00,2019-06-19 22:57:00,2019-06-19 22:38:00,True,1,2,1351.86,1352.74,0.8800000000001091,59.84000000000742,297.16000000000804,move_median
92,T1/S01,long,2019-06-19 23:12:00,2019-06-19 23:17:00,2019-06-19 23:17:00,True,1,1,1358.21,1362.02,3.8099999999999454,262.8899999999962,40.01999999999498,move_median
93,T1/S01,long,2019-06-19 23:18:00,2019-06-20 03:24:00,2019-06-19 23:42:00,True,2,3,1360.3777863286555,1361.33,0.9522136713444525,2103.4399999999705,113.8499999999749,move_median
1260,T4/S08,long,2019-06-20 06:00:00,2019-06-20 06:19:00,2019-06-20 06:18:00,True,1,1,1379.86,1381.64,1.7800000000002,122.8200000000138,129.03000000000816,move_median
1261,T4/S08,long,2019-06-20 06:20:00,2019-06-20 08:47:00,2019-06-20 08:31:00,True,3,3,1379.049475303058,1380.89,1.8405246969421114,5086.290000000313,324.9899999999868,move_median
1262,T4/S08,long,2019-06-20 08:50:00,2019-06-20 09:05:00,2019-06-20 09:05:00,True,1,1,1382.03,1383.88,1.8500000000001364,129.50000000000955,122.49999999999999,move_median
1263,T4/S08,long,2019-06-20 09:10:00,2019-06-20 09:21:00,2019-06-20 09:20:00,True,1,1,1384.45,1386.4,1.9500000000000455,136.50000000000318,135.10000000000443,move_median
1264,T4/S08,long,2019-06-20 09:25:00,2019-06-20 15:20:00,2019-06-20 10:54:00,True,4,5,1381.4705820324616,1383.05,1.5794179675383475,7638.855000000266,958.299999999972,move_median
845,T2/S04,long,2019-06-20 19:30:00,2019-06-20 19:45:00,2019-06-20 19:45:00,True,1,1,1385.71,1386.74,1.0299999999999727,74.15999999999802,46.079999999990825,move_median
518,T2/S03,long,2019-06-20 22:00:00,2019-06-21 01:42:00,2019-06-20 23:03:00,True,2,3,1388.7474173228347,1389.75,1.0025826771652646,3183.1999999998943,118.0799999999908,move_median
94,T1/S01,long,2019-06-21 22:24:00,2019-06-21 22:26:00,2019-06-21 22:27:00,True,1,1,1399.3,1400.15,0.8500000000001364,62.05000000000995,40.14999999999668,move_median
95,T1/S01,long,2019-06-24 22:00:00,2019-06-24 22:47:00,2019-06-24 22:41:00,True,2,2,1417.9004699502937,1418.82,0.9195300497062817,2034.9200000000458,93.4399999999814,move_median
519,T2/S03,long,2019-06-24 22:00:00,2019-06-24 22:47:00,2019-06-24 22:28:00,True,2,2,1417.3087279596978,1418.04,0.7312720403022013,2322.5199999999045,93.4399999999814,move_median
96,T1/S01,long,2019-06-24 23:00:00,2019-06-24 23:12:00,2019-06-24 23:31:00,True,1,1,1419.1600000000003,1420.91,1.7499999999997726,127.74999999999999,48.90999999998871,move_median
97,T1/S01,long,2019-06-24 23:18:00,2019-06-24 23:32:00,2019-06-24 23:31:00,True,1,1,1419.51,1420.91,1.400000000000091,102.20000000000664,104.39000000000465,move_median
1265,T4/S08,long,2019-06-25 08:00:00,2019-06-25 09:56:00,2019-06-25 09:08:00,True,6,6,1426.1962117626813,1428.25,2.053788237318713,23868.100000000744,687.4599999999973,move_median
520,T2/S03,long,2019-06-27 22:30:00,2019-06-27 23:53:00,2019-06-28 01:05:00,True,1,1,1408.45,1409.28,0.8299999999999272,62.24999999999454,38.24999999999932,move_median
98,T1/S01,long,2019-06-27 22:54:00,2019-06-27 23:54:00,2019-06-28 01:05:00,True,1,1,1408.5,1409.28,0.7799999999999727,58.499999999997954,38.24999999999932,move_median
1530,T6/S12,short,2019-07-01 09:24:00,2019-07-01 09:57:00,2019-07-01 09:56:00,True,1,1,1385.36,1383.46,1.8999999999998636,142.49999999998977,128.999999999985,move_median
846,T2/S04,long,2019-07-02 19:00:00,2019-07-02 19:03:00,2019-07-02 19:02:00,True,1,1,1403.6500000000003,1404.72,1.069999999999709,80.24999999999523,80.24999999999523,move_median
847,T2/S04,long,2019-07-02 19:15:00,2019-07-02 19:16:00,2019-07-02 19:15:00,True,1,1,1403.84,1404.64,0.8000000000001819,60.800000000013824,60.800000000013824,move_median
848,T2/S04,long,2019-07-02 19:30:00,2019-07-02 19:42:00,2019-07-02 19:40:00,True,2,2,1403.9930716388617,1404.88,0.8869283611384162,3615.1200000002636,92.72000000000207,move_median
849,T2/S04,long,2019-07-02 19:45:00,2019-07-02 19:47:00,2019-07-02 19:46:00,True,1,1,1406.58,1407.68,1.1000000000001364,83.60000000001037,83.60000000001037,move_median
521,T2/S03,long,2019-07-02 22:00:00,2019-07-02 22:03:00,2019-07-02 22:02:00,True,1,1,1408.73,1409.66,0.9300000000000637,70.68000000000484,71.44000000000415,move_median
99,T1/S01,long,2019-07-02 22:00:00,2019-07-02 22:03:00,2019-07-02 22:02:00,True,1,1,1408.73,1409.66,0.9300000000000637,70.68000000000484,71.44000000000415,move_median
100,T1/S01,long,2019-07-02 22:06:00,2019-07-02 22:07:00,2019-07-02 22:14:00,True,2,1,1412.99178700361,1414.27,1.2782129963900388,2832.519999999839,43.31999999999516,move_median
101,T1/S01,long,2019-07-02 22:12:00,2019-07-02 22:15:00,2019-07-02 22:14:00,True,1,1,1413.44,1414.27,0.8299999999999272,63.07999999999447,60.799999999996544,move_median
522,T2/S03,long,2019-07-02 22:15:00,2019-07-02 22:17:00,2019-07-02 22:16:00,True,1,1,1414.45,1415.24,0.7899999999999636,60.03999999999724,60.03999999999724,move_median
102,T1/S01,long,2019-07-02 22:18:00,2019-07-02 22:35:00,2019-07-02 22:40:00,True,2,2,1413.4010554803788,1414.24,0.8389445196212364,1859.9400000002195,27.719999999992297,move_median
523,T2/S03,long,2019-07-02 22:30:00,2019-07-02 22:43:00,2019-07-02 22:37:00,True,1,1,1412.94,1413.64,0.7000000000000455,53.9000000000035,124.7399999999916,move_median
524,T2/S03,long,2019-07-02 22:45:00,2019-07-02 22:59:00,2019-07-02 23:31:00,True,1,1,1413.9399999999998,1415.33,1.3900000000001,107.0299999999902,-6.160000000011905,move_median
103,T1/S01,long,2019-07-02 22:48:00,2019-07-02 23:19:00,2019-07-02 23:18:00,True,1,3,1413.17,1414.0,0.8299999999999272,63.90999999999439,314.1600000000119,move_median
104,T1/S01,long,2019-07-02 23:36:00,2019-07-03 01:05:00,2019-07-02 23:44:00,True,2,2,1418.5055635707845,1419.38,0.8744364292156206,1939.5000000001469,651.3000000000106,move_median
1531,T6/S12,short,2019-07-04 09:24:00,2019-07-04 10:54:00,2019-07-04 10:54:00,True,1,1,1413.5299999999997,1411.93,1.5999999999996817,126.39999999999283,82.94999999999642,move_median
105,T1/S01,long,2019-07-05 22:18:00,2019-07-05 22:21:00,2019-07-05 22:25:00,True,1,1,1400.29,1401.33,1.0399999999999636,82.15999999999713,41.869999999997844,move_median
106,T1/S01,long,2019-07-05 22:24:00,2019-07-08 03:30:00,2019-07-05 22:29:00,True,1,6,1401.02,1401.92,0.900000000000091,71.10000000000719,246.47999999997347,move_median
1334,T5/S09,long,2019-07-08 10:00:00,2019-07-08 10:14:00,2019-07-09 18:00:00,True,4,1,1393.3197789947194,1396.84,3.5202210052805185,35997.77999999898,167.67000000001326,move_median
1335,T5/S09,long,2019-07-08 10:24:00,2019-07-10 15:32:00,2019-07-09 18:00:00,True,4,4,1394.3487854488558,1396.84,2.4912145511441395,25475.159999999214,1146.960000000025,move_median
850,T2/S04,long,2019-07-10 19:30:00,2019-07-10 19:55:00,2019-07-10 19:54:00,True,1,1,1410.82,1411.58,0.7599999999999909,63.07999999999924,64.73999999999774,move_median
107,T1/S01,long,2019-07-10 22:18:00,2019-07-10 22:23:00,2019-07-10 22:30:00,True,1,1,1416.4600000000003,1418.02,1.559999999999718,129.47999999999547,47.30999999999471,move_median
108,T1/S01,long,2019-07-10 22:24:00,2019-07-10 22:31:00,2019-07-10 22:30:00,True,1,1,1417.1100000000001,1418.02,0.9099999999998545,76.44000000000688,68.04000000001452,move_median
109,T1/S01,long,2019-07-10 22:36:00,2019-07-10 22:51:00,2019-07-11 01:05:00,True,1,1,1417.6300000000003,1419.53,1.8999999999996362,159.59999999998854,44.51999999999771,move_median
525,T2/S03,long,2019-07-10 22:45:00,2019-07-10 22:59:00,2019-07-11 01:05:00,True,1,1,1418.07,1419.53,1.4600000000000364,122.64000000000306,7.560000000012224,move_median
110,T1/S01,long,2019-07-10 22:54:00,2019-07-11 01:05:00,2019-07-10 22:58:00,True,1,2,1417.18,1418.09,0.9099999999998545,76.43999999998778,333.4799999999832,move_median
1532,T6/S12,short,2019-07-11 09:36:00,2019-07-11 10:41:00,2019-07-11 10:36:00,True,2,2,1422.260922587487,1420.75,1.5109225874869026,2849.5999999998285,184.79999999998472,move_median
1183,T3/S06,short,2019-07-11 23:30:00,2019-07-11 23:33:00,2019-07-11 23:32:00,True,1,1,1405.39,1401.62,3.770000000000209,320.4500000000178,300.050000000017,move_median
1184,T3/S06,short,2019-07-11 23:40:00,2019-07-12 02:41:00,2019-07-12 08:13:00,True,3,2,1408.254360504775,1406.96,1.294360504774886,7590.129999999972,163.20000000000618,move_median
526,T2/S03,long,2019-07-12 22:00:00,2019-07-15 01:05:00,2019-07-12 22:24:00,True,2,2,1415.0788115396676,1415.83,0.7511884603322869,2395.53999999986,318.2000000000039,move_median
111,T1/S01,long,2019-07-12 22:00:00,2019-07-15 01:05:00,2019-07-15 01:05:00,True,2,2,1415.3979514824798,1416.45,1.0520485175202339,2341.8600000002834,90.29999999999607,move_median
112,T1/S01,long,2019-07-15 23:30:00,2019-07-16 01:08:00,2019-07-16 01:05:00,True,2,2,1414.1883827493261,1415.0,0.8116172506738621,1806.660000000225,144.48000000000548,move_median
851,T2/S04,long,2019-07-17 19:00:00,2019-07-17 21:00:00,2019-07-17 20:57:00,True,2,2,1422.0591680939565,1423.26,1.2008319060435042,4907.800000000045,148.76999999998338,move_median
527,T2/S03,long,2019-07-17 22:00:00,2019-07-17 22:02:00,2019-07-17 22:03:00,True,1,1,1422.3699999999997,1423.1,0.7300000000002456,63.51000000000159,56.55000000000791,move_median
528,T2/S03,long,2019-07-17 22:15:00,2019-07-17 22:31:00,2019-07-17 22:31:00,True,1,1,1423.73,1424.54,0.8099999999999454,70.46999999999525,54.809999999989714,move_median
529,T2/S03,long,2019-07-17 22:45:00,2019-07-18 01:08:00,2019-07-18 01:08:00,True,1,1,1426.22,1427.77,1.5499999999999545,134.84999999999604,56.54999999998813,move_median
113,T1/S01,long,2019-07-17 23:36:00,2019-07-18 01:08:00,2019-07-18 01:07:00,True,1,1,1426.06,1426.87,0.8099999999999454,70.46999999999525,70.46999999999525,move_median
530,T2/S03,long,2019-07-18 22:00:00,2019-07-18 22:05:00,2019-07-18 22:06:00,True,1,1,1437.85,1438.63,0.7800000000002001,68.64000000001761,54.5600000000104,move_median
114,T1/S01,long,2019-07-18 22:00:00,2019-07-18 22:05:00,2019-07-18 22:06:00,True,1,1,1437.85,1438.63,0.7800000000002001,68.64000000001761,54.5600000000104,move_median
115,T1/S01,long,2019-07-18 22:06:00,2019-07-18 22:09:00,2019-07-18 22:08:00,True,1,1,1438.65,1443.2,4.5499999999999545,400.39999999999594,400.39999999999594,move_median
116,T1/S01,long,2019-07-18 22:12:00,2019-07-18 22:16:00,2019-07-18 22:15:00,True,1,1,1441.8,1443.05,1.25,112.5,112.5,move_median
531,T2/S03,long,2019-07-18 22:15:00,2019-07-18 22:17:00,2019-07-18 22:16:00,True,1,1,1442.47,1444.58,2.1099999999999,189.899999999991,189.899999999991,move_median
117,T1/S01,long,2019-07-18 22:18:00,2019-07-18 22:46:00,2019-07-18 22:24:00,True,2,2,1443.98134529148,1445.52,1.5386547085199709,3431.1999999997984,164.69999999999345,move_median
532,T2/S03,long,2019-07-18 22:30:00,2019-07-18 22:46:00,2019-07-18 22:42:00,True,2,2,1443.6570717193863,1444.71,1.0529282806137417,3362.0000000004293,327.600000000009,move_median
118,T1/S01,long,2019-07-18 22:48:00,2019-07-18 22:50:00,2019-07-18 22:49:00,True,1,1,1446.84,1447.8,0.9600000000000364,87.36000000000331,87.36000000000331,move_median
119,T1/S01,long,2019-07-18 22:54:00,2019-07-19 01:05:00,2019-07-19 01:05:00,True,1,2,1445.96,1448.92,2.9600000000000364,269.3600000000033,543.3600000000058,move_median
1533,T6/S12,short,2019-07-23 08:00:00,2019-07-23 08:32:00,2019-07-23 08:31:00,True,1,1,1416.72,1415.04,1.6800000000000637,156.24000000000592,143.21999999999662,move_median
1534,T6/S12,short,2019-07-23 08:36:00,2019-07-23 18:34:00,2019-07-23 18:33:00,True,6,7,1422.6035459500813,1420.6,2.0035459500813886,31426.620000000796,880.7100000000028,move_median
120,T1/S01,long,2019-07-29 22:00:00,2019-07-29 22:01:00,2019-07-29 22:00:00,True,1,1,1424.69,1425.49,0.7999999999999545,75.99999999999567,75.99999999999567,move_median
121,T1/S01,long,2019-07-29 22:06:00,2019-07-29 22:14:00,2019-07-29 22:14:00,True,1,1,1425.7100000000003,1426.8,1.0899999999996908,103.54999999999221,71.24999999999999,move_median
122,T1/S01,long,2019-07-29 22:18:00,2019-07-30 09:38:00,2019-07-29 23:44:00,True,2,4,1426.2814093959732,1427.2,0.9185906040268037,2053.050000000014,760.0,move_median
123,T1/S01,long,2019-07-30 22:00:00,2019-07-31 08:31:00,2019-07-31 08:15:00,True,3,3,1429.4457346169945,1430.18,0.7342653830055497,3508.320000000721,357.92999999998324,move_median
1185,T3/S06,short,2019-07-31 23:00:00,2019-08-01 02:11:00,2019-08-01 02:02:00,True,2,2,1415.7105157342655,1414.19,1.520515734265473,3478.939999999645,185.21999999998752,move_median
1535,T6/S12,short,2019-08-01 09:36:00,2019-08-01 11:00:00,2019-08-01 10:59:00,True,1,1,1406.13,1404.45,1.6800000000000637,164.64000000000624,152.88000000001693,move_median
533,T2/S03,long,2019-08-01 22:00:00,2019-08-01 22:02:00,2019-08-01 22:01:00,True,1,1,1439.46,1441.82,2.3599999999999,231.2799999999902,231.2799999999902,move_median
124,T1/S01,long,2019-08-01 22:00:00,2019-08-01 22:02:00,2019-08-01 22:01:00,True,1,1,1439.46,1441.82,2.3599999999999,231.2799999999902,231.2799999999902,move_median
125,T1/S01,long,2019-08-01 22:06:00,2019-08-01 22:11:00,2019-08-01 22:11:00,True,1,1,1442.1,1443.46,1.3600000000001273,134.6400000000126,72.2700000000018,move_median
126,T1/S01,long,2019-08-01 22:12:00,2019-08-01 22:16:00,2019-08-01 22:15:00,True,1,1,1443.65,1444.46,0.8099999999999454,80.99999999999454,80.99999999999454,move_median
534,T2/S03,long,2019-08-01 22:15:00,2019-08-01 22:17:00,2019-08-01 22:44:00,True,3,1,1441.5682858727812,1442.31,0.7417141272187564,4011.1899999994976,65.0000000000091,move_median
127,T1/S01,long,2019-08-01 22:18:00,2019-08-01 22:37:00,2019-08-01 22:43:00,True,4,4,1440.9709573573575,1442.19,1.2190426426425347,10148.530000000257,361.00000000001273,move_median
535,T2/S03,long,2019-08-01 22:30:00,2019-08-01 22:50:00,2019-08-01 22:37:00,True,1,2,1440.38,1441.11,0.7299999999997908,72.99999999997908,493.00000000000637,move_median
128,T1/S01,long,2019-08-05 22:18:00,2019-08-06 01:05:00,2019-08-06 01:05:00,True,5,5,1463.2824117790217,1470.93,7.647588220978378,94271.82000000068,1438.1999999999443,move_median
852,T2/S04,long,2019-08-06 19:45:00,2019-08-06 19:48:00,2019-08-06 19:52:00,True,1,1,1470.58,1471.33,0.75,78.0,56.15999999999622,move_median
853,T2/S04,long,2019-08-07 19:00:00,2019-08-07 19:05:00,2019-08-07 19:17:00,True,1,2,1506.85,1507.72,0.8700000000001182,91.35000000001241,142.80000000001337,move_median
854,T2/S04,long,2019-08-07 19:15:00,2019-08-07 19:16:00,2019-08-07 19:15:00,True,1,1,1505.94,1506.63,0.6900000000000546,72.45000000000573,74.55000000000382,move_median
855,T2/S04,long,2019-08-07 19:30:00,2019-08-07 19:36:00,2019-08-07 20:24:00,True,3,1,1505.0060024676127,1506.04,1.033997532387275,8380.550000000349,62.99999999999045,move_median
856,T2/S04,long,2019-08-07 19:45:00,2019-08-07 20:26:00,2019-08-07 20:24:00,True,3,3,1504.7926341764344,1506.04,1.2473658235655876,10109.899999999732,383.2499999999857,move_median
129,T1/S01,long,2019-08-08 22:00:00,2019-08-09 01:05:00,2019-08-09 01:05:00,True,4,4,1502.6757496098905,1506.36,3.684250390109355,30693.489999999263,939.1599999999412,move_median
536,T2/S03,long,2019-08-08 22:15:00,2019-08-09 01:05:00,2019-08-09 01:05:00,True,3,4,1502.747789065386,1506.36,3.612210934613813,19556.509999999616,1251.859999999946,move_median
130,T1/S01,long,2019-08-12 22:00:00,2019-08-12 22:14:00,2019-08-12 22:07:00,True,2,2,1509.87,1511.41,1.540000000000191,3465.000000000204,433.400000000006,move_median
537,T2/S03,long,2019-08-12 22:00:00,2019-08-12 22:14:00,2019-08-12 22:07:00,True,2,2,1509.8370308123249,1511.41,1.5729691876751986,5053.950000000292,502.69999999999305,move_median
131,T1/S01,long,2019-08-12 22:18:00,2019-08-12 22:24:00,2019-08-12 22:23:00,True,1,4,1512.39,1513.56,1.1699999999998454,2.339999999999693,153.49999999998863,move_median
538,T2/S03,long,2019-08-12 22:30:00,2019-08-12 22:33:00,2019-08-12 22:32:00,True,1,4,1512.19,1512.97,0.7799999999999727,1.5599999999999468,160.26000000000613,move_median
132,T1/S01,long,2019-08-12 22:36:00,2019-08-12 22:55:00,2019-08-12 23:16:00,True,2,6,1511.361746031746,1512.3,0.9382539682540028,2009.7400000001164,502.7199999999972,move_median
1536,T6/S12,short,2019-08-15 09:48:00,2019-08-15 10:49:00,2019-08-15 10:03:00,True,2,2,1513.2761273486428,1511.33,1.9461273486429036,3728.7800000002962,248.52000000003315,move_median
539,T2/S03,long,2019-08-15 22:15:00,2019-08-15 22:21:00,2019-08-15 22:20:00,True,1,1,1521.29,1521.98,0.6900000000000546,78.66000000000622,71.82000000001244,move_median
1537,T6/S12,short,2019-08-16 09:36:00,2019-08-16 09:39:00,2019-08-16 09:38:00,True,1,1,1515.48,1513.86,1.6200000000001182,184.68000000001345,180.11999999999168,move_median
1538,T6/S12,short,2019-08-16 09:48:00,2019-08-16 10:24:00,2019-08-16 10:27:00,True,1,1,1515.36,1513.96,1.3999999999998636,159.59999999998445,117.41999999999689,move_median
1539,T6/S12,short,2019-08-21 08:00:00,2019-08-21 08:15:00,2019-08-21 08:14:00,True,1,1,1503.18,1501.77,1.4100000000000819,160.74000000000933,141.360000000001,move_median
1540,T6/S12,short,2019-08-21 08:24:00,2019-08-21 09:44:00,2019-08-21 09:41:00,True,2,2,1504.0773173277662,1502.16,1.9173173277661135,3673.5799999999103,542.639999999999,move_median
857,T2/S04,long,2019-08-23 19:00:00,2019-08-23 19:53:00,2019-08-23 19:03:00,True,2,3,1525.2862506070908,1526.08,0.7937493929091488,3268.659999999514,243.07999999996673,move_median
540,T2/S03,long,2019-08-23 22:00:00,2019-08-23 22:01:00,2019-08-23 22:00:00,True,1,1,1527.49,1528.26,0.7699999999999818,90.85999999999785,90.85999999999785,move_median
133,T1/S01,long,2019-08-23 22:06:00,2019-08-26 01:05:00,2019-08-23 23:51:00,True,2,5,1526.4704074402127,1527.23,0.7595925597872792,1715.159999999819,6552.20000000001,move_median
541,T2/S03,long,2019-08-23 22:15:00,2019-08-26 01:05:00,2019-08-23 23:17:00,True,2,4,1526.3813075684384,1527.12,0.7386924315615033,2293.6399999993223,4447.199999999993,move_median
858,T2/S04,long,2019-08-27 19:00:00,2019-08-27 19:05:00,2019-08-27 19:04:00,True,1,1,1542.49,1544.1,1.6099999999999,228.6199999999858,228.6199999999858,move_median
859,T2/S04,long,2019-08-27 19:15:00,2019-08-27 19:22:00,2019-08-27 19:21:00,True,1,1,1543.49,1544.22,0.7300000000000182,103.66000000000257,99.40000000000644,move_median
860,T2/S04,long,2019-08-27 19:30:00,2019-08-27 19:35:00,2019-08-27 19:34:00,True,1,1,1542.32,1543.5,1.1800000000000637,167.56000000000904,168.98000000000775,move_median
861,T2/S04,long,2019-08-27 19:45:00,2019-08-27 21:16:00,2019-08-27 21:11:00,True,2,2,1541.363509534154,1542.16,0.796490465846091,3299.8600000005067,165.87999999994668,move_median
542,T2/S03,long,2019-08-27 22:00:00,2019-08-27 22:21:00,2019-08-27 22:10:00,True,2,2,1537.6059057301295,1538.42,0.8140942698705658,2642.5500000002885,204.48999999997656,move_median
862,T2/S04,long,2019-09-03 19:00:00,2019-09-03 20:04:00,2019-09-03 20:03:00,True,3,3,1546.1253125383764,1547.72,1.5946874616236073,12985.53999999985,257.400000000026,move_median
543,T2/S03,long,2019-09-04 22:00:00,2019-09-04 22:47:00,2019-09-04 22:32:00,True,2,2,1552.6862796427472,1553.42,0.7337203572528779,2382.3900000005574,243.3600000000406,move_median
863,T2/S04,long,2019-09-18 19:00:00,2019-09-18 19:02:00,2019-09-18 19:06:00,True,1,1,1508.02,1508.86,0.8399999999999181,120.95999999998821,74.87999999999738,move_median
864,T2/S04,long,2019-09-18 19:15:00,2019-09-18 19:37:00,2019-09-18 19:36:00,True,1,1,1508.7199999999998,1509.76,1.040000000000191,150.79999999999472,149.34999999999604,move_median
865,T2/S04,long,2019-09-18 19:45:00,2019-09-18 20:57:00,2019-09-18 20:24:00,True,2,2,1507.385416164053,1508.24,0.8545838359470963,3542.2500000002847,265.34999999998945,move_median
134,T1/S01,long,2019-09-20 22:00:00,2019-09-20 22:01:00,2019-09-20 22:00:00,True,1,1,1512.66,1513.43,0.7699999999999818,111.64999999999736,111.64999999999736,move_median
544,T2/S03,long,2019-09-20 22:00:00,2019-09-20 22:01:00,2019-09-20 22:00:00,True,1,1,1512.66,1513.43,0.7699999999999818,111.64999999999736,111.64999999999736,move_median
135,T1/S01,long,2019-09-20 22:06:00,2019-09-20 22:19:00,2019-09-20 22:20:00,True,1,2,1513.26,1514.15,0.8900000000001,0.8900000000001008,99.2800000000093,move_median
545,T2/S03,long,2019-09-20 22:15:00,2019-09-20 22:19:00,2019-09-20 22:18:00,True,1,2,1512.96,1513.94,0.9800000000000182,0.9800000000000191,314.1799999999789,move_median
136,T1/S01,long,2019-09-20 22:24:00,2019-09-20 22:29:00,2019-09-20 22:28:00,True,1,2,1514.19,1515.12,0.9299999999998363,0.9299999999998371,135.7799999999761,move_median
137,T1/S01,long,2019-09-20 22:30:00,2019-09-20 22:46:00,2019-09-20 22:46:00,True,1,1,1515.98,1516.85,0.8699999999998909,127.88999999998396,88.19999999998663,move_median
546,T2/S03,long,2019-09-20 22:30:00,2019-09-20 22:46:00,2019-09-20 22:46:00,True,1,1,1515.98,1516.85,0.8699999999998909,127.88999999998396,88.19999999998663,move_median
138,T1/S01,long,2019-09-20 22:48:00,2019-09-23 04:30:00,2019-09-23 01:21:00,True,2,4,1512.981569360112,1513.93,0.9484306398881017,2030.5900000000972,392.550000000012,move_median
1186,T3/S06,short,2019-09-25 23:00:00,2019-09-25 23:52:00,2019-09-25 23:51:00,True,1,1,1504.28,1503.34,0.9400000000000546,140.06000000000813,104.30000000000676,move_median
1541,T6/S12,short,2019-09-27 09:48:00,2019-09-27 09:54:00,2019-09-27 09:53:00,True,1,1,1498.5199999999998,1496.98,1.5399999999997362,230.99999999999454,203.999999999985,move_median
866,T2/S04,long,2019-10-01 19:00:00,2019-10-01 19:14:00,2019-10-01 19:06:00,True,2,2,1482.7239759036145,1483.88,1.1560240963856359,4797.500000000116,197.99999999999045,move_median
867,T2/S04,long,2019-10-01 19:15:00,2019-10-01 19:16:00,2019-10-01 19:15:00,True,1,1,1484.87,1486.06,1.1900000000000546,178.50000000000819,178.50000000000819,move_median
868,T2/S04,long,2019-10-01 19:30:00,2019-10-01 22:48:00,2019-10-01 20:05:00,True,3,7,1483.174649736229,1483.86,0.6853502637709425,5586.289999999158,1348.4299999999407,move_median
547,T2/S03,long,2019-10-01 22:45:00,2019-10-02 10:23:00,2019-10-01 22:58:00,True,1,1,1480.9300000000003,1481.88,0.9499999999998181,143.45000000000687,173.6499999999794,move_median
869,T2/S04,long,2019-10-02 19:00:00,2019-10-02 19:02:00,2019-10-02 19:01:00,True,1,1,1498.5299999999997,1499.43,0.9000000000003183,138.600000000014,138.600000000014,move_median
870,T2/S04,long,2019-10-02 19:15:00,2019-10-02 19:56:00,2019-10-02 19:51:00,True,2,2,1498.8297063071739,1499.74,0.9102936928261443,3781.360000000024,220.21999999997482,move_median
1542,T6/S12,short,2019-10-07 08:24:00,2019-10-07 10:21:00,2019-10-07 10:16:00,True,2,2,1507.2017935615738,1505.47,1.7317935615737952,3389.12000000016,900.550000000062,move_median
1187,T3/S06,short,2019-10-07 23:00:00,2019-10-07 23:20:00,2019-10-07 23:19:00,True,1,1,1492.8599999999997,1491.91,0.9499999999995907,148.19999999997162,118.55999999999858,move_median
1188,T3/S06,short,2019-10-07 23:30:00,2019-10-08 03:04:00,2019-10-08 03:04:00,True,1,1,1492.02,1490.5,1.5199999999999818,237.11999999999716,99.83999999998015,move_median
1336,T5/S09,long,2019-10-08 12:48:00,2019-10-08 13:10:00,2019-10-08 13:22:00,True,1,1,1501.11,1504.55,3.4400000000000546,536.6400000000085,383.7600000000057,move_median
1337,T5/S09,long,2019-10-08 13:12:00,2019-10-08 14:03:00,2019-10-08 14:04:00,True,1,1,1503.05,1506.08,3.0299999999999727,478.73999999999575,363.3999999999928,move_median
139,T1/S01,long,2019-10-08 23:00:00,2019-10-09 01:25:00,2019-10-09 01:33:00,True,1,1,1506.1,1506.86,0.7599999999999909,120.07999999999856,94.80000000002156,move_median
1543,T6/S12,short,2019-10-15 09:48:00,2019-10-15 15:06:00,2019-10-15 14:48:00,True,4,4,1495.0149069518716,1493.4,1.6149069518714896,15099.379999998764,682.5599999999899,move_median
871,T2/S04,long,2019-10-24 19:00:00,2019-10-24 19:06:00,2019-10-24 19:05:00,True,1,1,1499.9399999999998,1500.89,0.9500000000002728,152.00000000000728,150.40000000000876,move_median
872,T2/S04,long,2019-10-24 19:15:00,2019-10-24 19:17:00,2019-10-24 20:53:00,True,1,1,1501.85,1502.72,0.8700000000001182,139.20000000001892,81.59999999999854,move_median
873,T2/S04,long,2019-10-24 19:30:00,2019-10-24 20:43:00,2019-10-24 20:50:00,True,1,1,1501.78,1502.48,0.7000000000000455,112.00000000000728,81.59999999999854,move_median
548,T2/S03,long,2019-10-24 22:00:00,2019-10-25 07:38:00,2019-10-25 04:48:00,True,2,2,1501.7238492185106,1502.58,0.8561507814893048,2793.6199999994665,180.80000000005384,move_median
1338,T5/S09,long,2019-10-31 12:12:00,2019-10-31 14:32:00,2019-10-31 14:31:00,True,1,1,1505.78,1508.3,2.519999999999982,403.1999999999971,427.20000000001164,move_median
140,T1/S01,long,2019-11-07 22:48:00,2019-11-08 02:32:00,2019-11-08 01:43:00,True,2,2,1467.2447089487403,1468.01,0.7652910512597373,1761.6999999997468,171.72000000002805,move_median
1544,T6/S12,short,2019-11-12 08:00:00,2019-11-12 08:11:00,2019-11-12 08:11:00,True,1,1,1452.6399999999999,1451.22,1.4199999999998454,230.0400000000118,173.34000000002655,move_median
1545,T6/S12,short,2019-11-12 08:12:00,2019-11-12 08:20:00,2019-11-12 08:19:00,True,1,1,1451.23,1449.59,1.6400000000001,265.6800000000162,233.28000000000887,move_median
1546,T6/S12,short,2019-11-12 08:24:00,2019-11-12 08:29:00,2019-11-12 09:50:00,True,2,1,1452.2358473282445,1450.61,1.6258473282446175,3194.7900000003347,176.0400000000252,move_median
1547,T6/S12,short,2019-11-12 08:36:00,2019-11-12 10:21:00,2019-11-12 09:50:00,True,2,2,1452.2043256997458,1450.61,1.594325699745923,3132.850000000317,458.0299999999911,move_median
141,T1/S01,long,2019-11-12 22:00:00,2019-11-13 02:44:00,2019-11-12 22:43:00,True,2,2,1457.778125,1458.53,0.7518749999999272,1732.3199999997348,577.279999999997,move_median
874,T2/S04,long,2019-11-18 19:00:00,2019-11-18 19:06:00,2019-11-18 19:05:00,True,1,1,1471.2,1472.05,0.849999999999909,140.24999999998496,128.6999999999955,move_median
875,T2/S04,long,2019-11-18 19:15:00,2019-11-18 19:23:00,2019-11-18 20:41:00,True,2,1,1470.9693277310923,1471.85,0.8806722689075741,3667.9999999992424,84.1499999999985,move_median
876,T2/S04,long,2019-11-18 19:30:00,2019-11-19 02:09:00,2019-11-18 20:43:00,True,2,2,1471.3417234757562,1472.16,0.8182765242438563,3408.9400000004243,126.15999999999846,move_median
549,T2/S03,long,2019-11-18 22:00:00,2019-11-19 02:11:00,2019-11-19 02:08:00,True,1,1,1471.59,1472.34,0.75,124.49999999999999,224.10000000002262,move_median
1548,T6/S12,short,2019-11-25 09:00:00,2019-11-25 10:12:00,2019-11-25 10:11:00,True,1,1,1458.59,1456.59,2.0,332.0,293.8199999999969,move_median
877,T2/S04,long,2019-11-29 19:30:00,2019-12-02 15:36:00,2019-11-29 20:25:00,True,3,8,1463.776641361577,1464.46,0.6833586384229875,5580.990000000077,971.9399999999134,move_median
878,T2/S04,long,2019-12-02 19:00:00,2019-12-02 20:41:00,2019-12-02 20:43:00,True,1,1,1463.54,1464.28,0.7400000000000091,125.06000000000152,98.0199999999877,move_median
879,T2/S04,long,2019-12-03 19:00:00,2019-12-04 04:55:00,2019-12-03 20:59:00,True,2,3,1478.071345646438,1478.84,0.7686543535619421,3204.5199999996603,234.90999999994006,move_median
550,T2/S03,long,2019-12-03 22:00:00,2019-12-04 05:01:00,2019-12-04 02:12:00,True,2,2,1477.067805623472,1477.91,0.8421943765281412,2755.660000000201,300.81999999995696,move_median
1549,T6/S12,short,2019-12-06 08:24:00,2019-12-06 08:35:00,2019-12-06 15:30:00,True,3,1,1476.7347086403215,1467.39,9.344708640321414,55806.599999999635,197.19999999997526,move_median
1550,T6/S12,short,2019-12-06 08:36:00,2019-12-06 15:31:00,2019-12-06 15:30:00,True,4,4,1475.9603983765887,1467.39,8.570398376588628,80244.63999999908,5041.080000000003,move_median
142,T1/S01,long,2019-12-10 22:24:00,2019-12-11 09:25:00,2019-12-11 01:33:00,True,2,2,1463.5561956053425,1464.36,0.8038043946573907,1865.6299999996395,267.87999999996214,move_median
880,T2/S04,long,2019-12-11 19:00:00,2019-12-11 21:11:00,2019-12-11 21:10:00,True,2,2,1469.0987036594115,1470.88,1.7812963405885966,7447.6000000004615,244.3500000000247,move_median
1551,T6/S12,short,2019-12-19 08:48:00,2019-12-19 10:31:00,2019-12-19 11:00:00,True,1,1,1476.2,1474.34,1.8600000000001273,336.66000000002305,184.6199999999967,move_median
143,T1/S01,long,2019-12-23 22:48:00,2019-12-24 03:47:00,2019-12-24 03:46:00,True,1,1,1485.8899999999999,1487.02,1.1300000000001091,204.5299999999786,199.09999999998354,move_median
881,T2/S04,long,2019-12-24 19:00:00,2019-12-24 19:17:00,2019-12-24 19:16:00,True,1,1,1499.11,1499.78,0.6700000000000728,121.27000000001318,124.89000000000988,move_median
882,T2/S04,long,2019-12-24 19:30:00,2019-12-26 06:00:00,2019-12-26 06:00:00,True,1,1,1500.33,1503.3,2.9700000000000273,543.510000000005,543.510000000005,move_median
1266,T4/S08,long,2019-12-26 09:35:00,2019-12-26 14:16:00,2019-12-26 14:15:00,True,1,1,1503.89,1505.8,1.9099999999998545,349.52999999997337,345.8699999999767,move_median
144,T1/S01,long,2019-12-26 23:30:00,2019-12-27 04:23:00,2019-12-27 03:50:00,True,2,2,1510.1821050365907,1510.96,0.7778949634093806,1807.0500000002194,312.93000000004827,move_median
1267,T4/S08,long,2019-12-31 10:00:00,2019-12-31 17:26:00,2019-12-31 16:12:00,True,3,5,1521.5002205243964,1523.09,1.5897794756035637,4577.770000000041,1454.0999999999815,move_median
145,T1/S01,long,2020-01-03 23:30:00,2020-01-03 23:37:00,2020-01-03 23:37:00,True,1,1,1550.34,1551.15,0.8100000000001728,151.47000000003231,115.94000000002211,move_median
146,T1/S01,long,2020-01-03 23:42:00,2020-01-06 01:05:00,2020-01-06 01:05:00,True,1,1,1551.38,1580.83,29.449999999999818,5507.149999999967,4588.979999999994,move_median
1552,T6/S12,short,2020-01-09 08:36:00,2020-01-09 08:37:00,2020-01-09 08:37:00,True,1,1,1550.83,1545.08,5.75,1132.75,202.90999999999462,move_median
1553,T6/S12,short,2020-01-09 08:48:00,2020-01-09 16:02:00,2020-01-09 10:39:00,True,3,6,1547.70235,1546.37,1.3323500000001332,7994.100000000964,1364.2200000001549,move_median
883,T2/S04,long,2020-01-10 19:00:00,2020-01-10 19:01:00,2020-01-10 19:56:00,True,2,1,1558.297619047619,1559.22,0.9223809523809905,3873.999999999978,103.99999999999636,move_median
884,T2/S04,long,2020-01-10 19:15:00,2020-01-10 22:16:00,2020-01-10 19:56:00,True,2,2,1558.2980952380954,1559.22,0.9219047619046705,3871.99999999998,194.00000000000546,move_median
551,T2/S03,long,2020-01-10 22:00:00,2020-01-10 22:21:00,2020-01-10 22:20:00,True,1,1,1559.04,1559.76,0.7200000000000273,144.00000000000546,144.00000000000546,move_median
552,T2/S03,long,2020-01-10 22:30:00,2020-01-10 22:35:00,2020-01-10 23:02:00,True,1,1,1559.91,1560.73,0.8199999999999363,163.99999999998727,107.99999999999272,move_median
553,T2/S03,long,2020-01-10 22:45:00,2020-01-10 23:06:00,2020-01-10 23:05:00,True,1,1,1560.34,1561.03,0.6900000000000546,139.38000000001102,139.38000000001102,move_median
147,T1/S01,long,2020-01-10 23:48:00,2020-01-13 15:49:00,2020-01-13 14:47:00,True,8,8,1552.9581092384776,1554.34,1.3818907615222997,33371.2799999978,862.540000000226,move_median
148,T1/S01,long,2020-01-14 22:00:00,2020-01-14 22:29:00,2020-01-14 22:28:00,True,1,1,1546.16,1546.94,0.7799999999999727,159.11999999999443,159.11999999999443,move_median
1554,T6/S12,short,2020-01-16 08:00:00,2020-01-16 16:33:00,2020-01-16 15:33:00,True,3,3,1554.9767099567098,1553.5,1.476709956709783,8869.120000000205,701.7600000000575,move_median
149,T1/S01,long,2020-01-22 23:00:00,2020-01-23 01:18:00,2020-01-23 01:18:00,True,1,1,1559.06,1559.89,0.8300000000001546,170.98000000003185,107.11999999999627,move_median
885,T2/S04,long,2020-01-23 19:00:00,2020-01-23 19:20:00,2020-01-23 19:25:00,True,1,1,1563.99,1564.75,0.7599999999999909,156.55999999999813,117.41999999998689,move_median
886,T2/S04,long,2020-01-23 19:30:00,2020-01-23 19:35:00,2020-01-23 19:37:00,True,1,1,1565.03,1566.05,1.0199999999999818,210.11999999999625,119.47999999998503,move_median
887,T2/S04,long,2020-01-23 19:45:00,2020-01-24 16:46:00,2020-01-24 16:38:00,True,6,7,1561.8101269645954,1562.87,1.0598730354045074,18949.469999998233,3590.5799999999663,move_median
888,T2/S04,long,2020-01-24 19:00:00,2020-01-24 19:03:00,2020-01-24 19:02:00,True,1,1,1572.72,1573.41,0.6900000000000546,147.6600000000117,158.36000000000197,move_median
889,T2/S04,long,2020-01-24 19:15:00,2020-01-24 19:17:00,2020-01-24 19:16:00,True,1,1,1574.13,1574.79,0.6599999999998545,141.23999999996886,141.23999999996886,move_median
890,T2/S04,long,2020-01-24 19:30:00,2020-01-24 20:21:00,2020-01-24 20:03:00,True,2,2,1571.9628351126928,1572.91,0.9471648873072809,3992.3000000007696,309.60000000001173,move_median
554,T2/S03,long,2020-01-24 22:00:00,2020-01-24 22:09:00,2020-01-24 22:08:00,True,1,1,1571.18,1571.97,0.7899999999999636,169.84999999999218,169.84999999999218,move_median
555,T2/S03,long,2020-01-24 22:15:00,2020-01-24 22:40:00,2020-01-24 22:32:00,True,2,2,1570.8803977101538,1571.69,0.8096022898462252,2687.070000000231,257.0399999999627,move_median
556,T2/S03,long,2020-01-24 22:45:00,2020-01-27 01:05:00,2020-01-27 01:05:00,True,2,2,1570.6167309430552,1582.78,12.163269056944728,40369.88999999992,4037.0400000000122,move_median
150,T1/S01,long,2020-01-29 22:06:00,2020-01-29 22:15:00,2020-01-29 22:14:00,True,1,1,1576.16,1577.16,1.0,224.00000000000003,224.00000000000003,move_median
151,T1/S01,long,2020-01-29 22:18:00,2020-01-29 22:52:00,2020-01-29 22:43:00,True,2,2,1575.457399577167,1576.27,0.8126004228329293,1921.7999999999427,355.49999999998363,move_median
152,T1/S01,long,2020-01-29 22:54:00,2020-01-29 23:02:00,2020-01-29 23:02:00,True,1,1,1576.69,1577.54,0.849999999999909,191.24999999997954,155.25000000001228,move_median
153,T1/S01,long,2020-01-29 23:06:00,2020-01-30 01:51:00,2020-01-30 01:11:00,True,2,2,1575.3497251585625,1576.19,0.8402748414375765,1987.2500000003186,337.50000000005116,move_median
1339,T5/S09,long,2020-01-31 12:48:00,2020-01-31 16:33:00,2020-01-31 16:42:00,True,1,1,1580.35,1582.87,2.519999999999982,566.9999999999959,452.24999999999795,move_median
154,T1/S01,long,2020-02-06 22:00:00,2020-02-07 02:39:00,2020-02-07 02:38:00,True,2,2,1565.7357710181664,1566.88,1.1442289818337485,2708.390000000456,270.130000000064,move_median
155,T1/S01,long,2020-02-07 22:00:00,2020-02-10 01:28:00,2020-02-10 01:24:00,True,2,2,1570.7517567567568,1571.54,0.788243243243187,1866.560000000093,909.7200000000021,move_median
156,T1/S01,long,2020-02-11 22:00:00,2020-02-11 22:10:00,2020-02-12 02:47:00,True,2,1,1567.294031236809,1568.3,1.0059687631910492,2383.1399999996747,148.84999999996876,move_median
157,T1/S01,long,2020-02-11 22:12:00,2020-02-12 06:06:00,2020-02-12 04:30:00,True,3,3,1566.9191303462326,1567.75,0.8308696537674223,4079.5700000000215,348.07999999999583,move_median
1555,T6/S12,short,2020-02-12 08:00:00,2020-02-12 09:20:00,2020-02-12 09:21:00,True,1,1,1565.43,1563.79,1.6400000000001,378.8400000000231,249.48000000003572,move_median
891,T2/S04,long,2020-02-18 19:00:00,2020-02-18 22:50:00,2020-02-18 22:17:00,True,3,3,1601.5348438828817,1602.36,0.8251561171182402,6791.85999999977,360.3599999999874,move_median
892,T2/S04,long,2020-02-21 19:45:00,2020-02-21 19:48:00,2020-02-21 19:47:00,True,1,1,1644.25,1644.98,0.7300000000000182,168.6300000000042,168.6300000000042,move_median
1268,T4/S08,long,2020-02-24 10:00:00,2020-02-24 10:02:00,2020-02-24 10:02:00,True,1,1,1672.62,1675.76,3.1400000000001,725.3400000000231,371.9100000000294,move_median
1269,T4/S08,long,2020-02-24 10:05:00,2020-02-24 10:09:00,2020-02-24 10:11:00,True,1,1,1675.24,1678.32,3.0799999999999272,717.639999999983,414.73999999999364,move_median
1270,T4/S08,long,2020-02-24 10:10:00,2020-02-24 10:12:00,2020-02-24 10:12:00,True,1,1,1676.75,1678.53,1.7799999999999727,414.73999999999364,365.80999999998517,move_median
1271,T4/S08,long,2020-02-24 10:15:00,2020-02-24 10:26:00,2020-02-24 10:25:00,True,2,2,1677.9303072311727,1680.03,2.0996927688272535,2802.0399999998644,794.5300000000191,move_median
1272,T4/S08,long,2020-02-24 10:30:00,2020-02-24 10:31:00,2020-02-24 10:31:00,True,1,1,1682.22,1685.12,2.8999999999998636,681.4999999999679,399.5000000000107,move_median
1273,T4/S08,long,2020-02-24 10:35:00,2020-02-24 11:02:00,2020-02-24 11:01:00,True,2,2,1680.8570451998505,1683.2,2.3429548001495277,3136.0450000000646,782.0999999999892,move_median
1274,T4/S08,long,2020-02-24 11:05:00,2020-02-24 11:16:00,2020-02-24 11:14:00,True,2,2,1681.6852745610756,1683.47,1.7847254389243972,2388.855000000135,748.9200000000195,move_median
1340,T5/S09,long,2020-02-24 11:12:00,2020-02-24 11:16:00,2020-02-24 11:16:00,True,1,1,1681.87,1686.14,4.270000000000209,1011.9900000000497,492.96000000003664,move_median
1275,T4/S08,long,2020-02-24 11:20:00,2020-02-24 11:26:00,2020-02-24 11:25:00,True,1,1,1685.8,1687.86,2.0599999999999454,496.45999999998685,494.0499999999891,move_median
1341,T5/S09,long,2020-02-24 11:24:00,2020-02-24 11:26:00,2020-02-24 11:25:00,True,1,1,1685.31,1687.86,2.5499999999999545,614.549999999989,612.1399999999912,move_median
1276,T4/S08,long,2020-02-24 11:30:00,2020-02-24 12:54:00,2020-02-24 12:48:00,True,4,5,1682.8793332667933,1684.49,1.610666733206699,8068.635000000044,2429.9999999998895,move_median
1342,T5/S09,long,2020-02-24 11:36:00,2020-02-24 12:54:00,2020-02-24 12:50:00,True,2,2,1682.5612185929647,1684.98,2.4187814070353397,5776.049999999991,806.7599999999845,move_median
1556,T6/S12,short,2020-02-25 08:48:00,2020-02-25 08:57:00,2020-02-25 08:56:00,True,1,1,1638.5099999999998,1635.05,3.459999999999809,865.0000000000091,819.9999999999932,move_median
1557,T6/S12,short,2020-02-25 09:00:00,2020-02-25 09:14:00,2020-02-25 09:13:00,True,1,1,1637.06,1634.62,2.4400000000000546,610.0000000000136,544.9999999999591,move_median
1558,T6/S12,short,2020-02-25 09:24:00,2020-02-25 13:34:00,2020-02-25 10:01:00,True,3,9,1641.777443012884,1640.51,1.2674430128840868,7673.1000000001095,4125.240000000259,move_median
158,T1/S01,long,2020-02-26 22:00:00,2020-02-27 01:41:00,2020-02-27 01:05:00,True,6,7,1641.2526475620189,1642.42,1.167352437981208,19104.890000001455,1297.170000000007,move_median
893,T2/S04,long,2020-03-03 19:00:00,2020-03-03 19:03:00,2020-03-03 19:02:00,True,1,1,1639.9,1640.9,1.0,263.0,263.0,move_median
894,T2/S04,long,2020-03-03 19:15:00,2020-03-03 19:16:00,2020-03-03 19:15:00,True,1,1,1642.4700000000003,1643.74,1.2699999999997544,335.2799999999952,335.2799999999952,move_median
895,T2/S04,long,2020-03-03 19:30:00,2020-03-03 19:35:00,2020-03-03 19:34:00,True,1,1,1646.71,1647.41,0.7000000000000455,184.80000000001203,182.16000000001443,move_median
896,T2/S04,long,2020-03-03 19:45:00,2020-03-03 19:52:00,2020-03-03 19:51:00,True,2,2,1644.2867526377495,1646.05,1.7632473622504676,7520.249999999467,410.74999999998795,move_median
557,T2/S03,long,2020-03-03 22:00:00,2020-03-03 22:01:00,2020-03-03 22:00:00,True,1,1,1626.72,1630.09,3.369999999999891,896.4199999999711,896.4199999999711,move_median
558,T2/S03,long,2020-03-03 22:15:00,2020-03-03 22:29:00,2020-03-03 22:28:00,True,3,3,1635.5026170403587,1636.96,1.4573829596413361,8124.910000000706,571.3800000000267,move_median
559,T2/S03,long,2020-03-03 22:30:00,2020-03-03 22:35:00,2020-03-03 22:33:00,True,2,2,1635.2902580836549,1636.73,1.439741916345156,4853.369999999758,801.3200000000026,move_median
560,T2/S03,long,2020-03-03 22:45:00,2020-03-03 22:51:00,2020-03-03 23:11:00,True,3,1,1636.251032628182,1637.11,0.8589673718179256,4791.319999999162,148.49999999998772,move_median
897,T2/S04,long,2020-03-05 19:00:00,2020-03-05 19:03:00,2020-03-05 19:02:00,True,1,1,1662.2400000000002,1662.91,0.6699999999998454,180.90000000001967,172.800000000027,move_median
898,T2/S04,long,2020-03-05 19:15:00,2020-03-05 19:22:00,2020-03-05 19:21:00,True,1,1,1661.1900000000003,1661.85,0.6599999999996271,178.85999999996056,178.85999999996056,move_median
899,T2/S04,long,2020-03-05 19:30:00,2020-03-05 19:38:00,2020-03-05 19:39:00,True,1,1,1663.71,1664.54,0.8299999999999272,224.92999999998028,146.33999999999014,move_median
900,T2/S04,long,2020-03-05 19:45:00,2020-03-05 19:49:00,2020-03-05 19:48:00,True,1,1,1665.76,1666.41,0.650000000000091,176.15000000002465,176.15000000002465,move_median
561,T2/S03,long,2020-03-05 22:00:00,2020-03-05 22:07:00,2020-03-05 22:09:00,True,1,1,1671.89,1672.87,0.9799999999997908,265.5799999999433,168.01999999997042,move_median
562,T2/S03,long,2020-03-05 22:15:00,2020-03-05 22:17:00,2020-03-05 22:16:00,True,1,1,1672.16,1673.6,1.4399999999998272,390.23999999995317,387.52999999995563,move_median
159,T1/S01,long,2020-03-05 22:30:00,2020-03-05 22:40:00,2020-03-05 22:37:00,True,2,2,1672.0868586821382,1673.0,0.9131413178618004,2203.409999999756,343.9799999999975,move_median
563,T2/S03,long,2020-03-05 22:30:00,2020-03-05 22:40:00,2020-03-05 22:37:00,True,2,2,1672.0307049763035,1673.0,0.9692950236965316,3272.33999999966,343.9799999999975,move_median
160,T1/S01,long,2020-03-05 22:42:00,2020-03-05 22:46:00,2020-03-05 22:45:00,True,1,1,1672.7599999999998,1673.91,1.1500000000003183,315.1000000000249,323.32000000001744,move_median
564,T2/S03,long,2020-03-05 22:45:00,2020-03-05 22:46:00,2020-03-05 22:45:00,True,1,1,1673.07,1673.91,0.8400000000001455,230.1600000000399,238.3800000000324,move_median
161,T1/S01,long,2020-03-05 22:48:00,2020-03-06 01:10:00,2020-03-06 01:08:00,True,3,3,1670.9982506053268,1671.8,0.801749394673152,3973.469999999472,481.2500000000625,move_median
162,T1/S01,long,2020-03-06 22:00:00,2020-03-06 22:02:00,2020-03-06 22:01:00,True,1,1,1687.21,1688.28,1.0699999999999363,295.3199999999824,270.48000000000496,move_median
163,T1/S01,long,2020-03-06 22:06:00,2020-03-06 22:07:00,2020-03-06 22:06:00,True,1,1,1689.2600000000002,1691.99,2.729999999999791,756.210000000005,747.9000000000126,move_median
164,T1/S01,long,2020-03-06 22:12:00,2020-03-06 22:14:00,2020-03-06 22:13:00,True,1,1,1683.1,1684.77,1.6700000000000728,464.2600000000202,461.4800000000227,move_median
165,T1/S01,long,2020-03-06 22:18:00,2020-03-09 01:03:00,2020-03-06 22:28:00,True,4,5,1675.7560383349014,1676.73,0.9739616650986136,8282.570000000536,26013.960000000065,move_median
1559,T6/S12,short,2020-03-17 08:24:00,2020-03-17 08:36:00,2020-03-17 08:35:00,True,2,2,1488.0272245663386,1485.94,2.087224566338591,4452.049999999714,708.3400000000331,move_median
901,T2/S04,long,2020-03-17 19:00:00,2020-03-17 19:01:00,2020-03-17 19:00:00,True,1,1,1527.32,1527.98,0.6600000000000819,219.78000000002726,213.12000000003331,move_median
902,T2/S04,long,2020-03-17 19:15:00,2020-03-17 19:16:00,2020-03-17 19:15:00,True,1,1,1525.39,1528.23,2.839999999999918,945.7199999999729,945.7199999999729,move_median
903,T2/S04,long,2020-03-17 19:30:00,2020-03-17 19:33:00,2020-03-17 19:31:00,True,2,2,1523.2206459054207,1524.5,1.2793540945792756,5546.00000000026,1681.6999999999177,move_median
904,T2/S04,long,2020-03-17 19:45:00,2020-03-17 19:47:00,2020-03-17 19:46:00,True,1,1,1525.78,1527.13,1.3500000000001364,456.30000000004605,419.1200000000031,move_median
565,T2/S03,long,2020-03-17 22:00:00,2020-03-17 22:02:00,2020-03-17 22:01:00,True,1,1,1529.66,1531.06,1.3999999999998636,474.59999999995375,474.59999999995375,move_median
1560,T6/S12,short,2020-03-18 08:00:00,2020-03-18 08:01:00,2020-03-18 08:00:00,True,1,1,1518.69,1517.17,1.5199999999999818,516.7999999999938,448.80000000005566,move_median
1561,T6/S12,short,2020-03-18 08:12:00,2020-03-18 08:25:00,2020-03-18 08:24:00,True,2,2,1514.3285720951937,1512.5,1.8285720951937492,3918.6300000002007,838.8600000000124,move_median
1562,T6/S12,short,2020-03-18 08:36:00,2020-03-18 08:39:00,2020-03-18 08:38:00,True,1,1,1511.1299999999999,1509.13,1.9999999999997726,686.0,538.5100000000562,move_median
1563,T6/S12,short,2020-03-18 08:48:00,2020-03-18 09:31:00,2020-03-18 09:20:00,True,4,5,1513.0784983221477,1510.97,2.108498322147625,20106.639999999883,2710.720000000272,move_median
166,T1/S01,long,2020-03-20 22:48:00,2020-03-20 22:50:00,2020-03-20 22:49:00,True,1,1,1495.26,1497.38,2.1200000000001182,739.8800000000414,778.2700000000065,move_median
167,T1/S01,long,2020-03-20 22:54:00,2020-03-23 01:09:00,2020-03-23 00:05:00,True,1,2,1498.06,1500.94,2.880000000000109,1008.0000000000382,496.9999999999459,move_median
905,T2/S04,long,2020-03-23 19:00:00,2020-03-23 19:01:00,2020-03-23 19:00:00,True,1,1,1548.2600000000002,1549.01,0.7499999999997726,264.0,186.5599999999904,move_median
906,T2/S04,long,2020-03-23 19:15:00,2020-03-23 19:18:00,2020-03-23 19:17:00,True,1,1,1554.59,1556.47,1.8800000000001091,661.7600000000384,696.9600000000064,move_median
907,T2/S04,long,2020-03-23 19:30:00,2020-03-23 19:43:00,2020-03-23 19:32:00,True,2,2,1556.9639090491503,1558.18,1.2160909508497753,5294.860000000561,559.3200000000547,move_median
908,T2/S04,long,2020-03-23 19:45:00,2020-03-23 19:47:00,2020-03-23 19:46:00,True,1,1,1557.62,1558.76,1.1400000000001,404.7000000000355,394.0500000000452,move_median
566,T2/S03,long,2020-03-23 22:00:00,2020-03-23 22:16:00,2020-03-23 22:09:00,True,2,2,1551.8807200694046,1552.68,0.7992799305955032,2763.9099999999858,578.6500000000387,move_median
567,T2/S03,long,2020-03-23 22:30:00,2020-03-23 22:43:00,2020-03-23 22:46:00,True,1,1,1553.73,1554.5,0.7699999999999818,274.8899999999935,207.059999999974,move_median
568,T2/S03,long,2020-03-23 22:45:00,2020-03-24 01:03:00,2020-03-24 00:05:00,True,2,2,1552.3986618497108,1558.75,6.351338150289166,21975.62999999974,6693.750000000081,move_median
1277,T4/S08,long,2020-03-24 06:20:00,2020-03-24 08:36:00,2020-03-24 08:31:00,True,8,5,1566.5030776052022,1568.58,2.076922394797748,38645.29499999791,3034.0000000001014,move_median
909,T2/S04,long,2020-03-26 19:18:00,2020-03-26 19:24:00,2020-03-26 19:18:00,True,1,1,1634.82,1635.51,0.6900000000000546,258.75000000002046,247.5000000000307,move_median
910,T2/S04,long,2020-03-26 19:31:00,2020-03-26 19:36:00,2020-03-26 19:34:00,True,2,1,1635.8600159926891,1637.56,1.6999840073108317,7440.829999999513,908.5700000000309,move_median
911,T2/S04,long,2020-03-26 19:53:00,2020-03-26 21:48:00,2020-03-26 19:58:00,True,2,7,1636.4974263530485,1637.7,1.2025736469515778,5266.070000000495,2186.829999999649,move_median
1189,T3/S06,short,2020-03-31 23:00:00,2020-03-31 23:11:00,2020-03-31 23:09:00,True,1,1,1576.41,1575.47,0.9400000000000546,360.0200000000209,543.8600000000279,move_median
1190,T3/S06,short,2020-03-31 23:20:00,2020-03-31 23:24:00,2020-03-31 23:23:00,True,1,1,1577.58,1575.71,1.8699999999998909,718.0799999999581,495.35999999998603,move_median
1191,T3/S06,short,2020-03-31 23:30:00,2020-03-31 23:34:00,2020-03-31 23:30:00,True,1,1,1577.75,1576.73,1.0199999999999818,392.699999999993,358.0500000000245,move_median
1192,T3/S06,short,2020-03-31 23:40:00,2020-03-31 23:48:00,2020-03-31 23:42:00,True,1,1,1577.46,1576.51,0.9500000000000455,366.7000000000175,343.5400000000386,move_median
1193,T3/S06,short,2020-03-31 23:50:00,2020-04-01 01:05:00,2020-04-01 01:05:00,True,1,1,1575.41,1572.14,3.269999999999982,1265.489999999993,936.5400000000282,move_median
912,T2/S04,long,2020-04-02 19:00:00,2020-04-02 19:03:00,2020-04-02 19:02:00,True,1,1,1608.08,1609.84,1.759999999999991,684.6399999999965,672.9700000000071,move_median
913,T2/S04,long,2020-04-02 19:15:00,2020-04-02 19:16:00,2020-04-02 19:15:00,True,1,1,1611.45,1612.11,0.6599999999998545,257.39999999994325,257.39999999994325,move_median
914,T2/S04,long,2020-04-02 19:30:00,2020-04-02 19:37:00,2020-04-02 19:36:00,True,1,1,1611.73,1612.67,0.9400000000000546,366.6000000000213,425.0999999999681,move_median
915,T2/S04,long,2020-04-02 19:45:00,2020-04-02 19:59:00,2020-04-02 19:58:00,True,1,1,1611.61,1612.35,0.7400000000000091,289.34000000000356,273.7000000000178,move_median
916,T2/S04,long,2020-04-06 19:00:00,2020-04-06 19:03:00,2020-04-06 19:04:00,True,1,1,1646.5,1647.24,0.7400000000000091,290.08000000000357,207.75999999998928,move_median
917,T2/S04,long,2020-04-06 19:15:00,2020-04-06 19:25:00,2020-04-06 19:24:00,True,1,1,1650.35,1651.29,0.9400000000000546,368.4800000000214,352.80000000003565,move_median
918,T2/S04,long,2020-04-06 19:30:00,2020-04-06 19:35:00,2020-04-06 19:34:00,True,2,2,1649.7101343045754,1651.3,1.589865695424578,6984.280000000014,534.48000000005,move_median
919,T2/S04,long,2020-04-06 19:45:00,2020-04-06 19:54:00,2020-04-06 19:53:00,True,1,1,1650.63,1651.68,1.0499999999999545,413.6999999999821,492.5,move_median
168,T1/S01,long,2020-04-06 22:03:00,2020-04-06 22:04:00,2020-04-06 22:03:00,True,1,1,1659.75,1660.69,0.9400000000000546,371.3000000000216,375.25000000001796,move_median
569,T2/S03,long,2020-04-06 22:03:00,2020-04-06 22:04:00,2020-04-06 22:03:00,True,1,1,1659.75,1660.69,0.9400000000000546,371.3000000000216,375.25000000001796,move_median
169,T1/S01,long,2020-04-06 22:06:00,2020-04-06 22:08:00,2020-04-06 22:07:00,True,1,1,1662.11,1663.08,0.9700000000000273,384.1200000000108,403.9200000000828,move_median
170,T1/S01,long,2020-04-06 22:12:00,2020-04-06 22:14:00,2020-04-06 22:14:00,True,1,1,1661.38,1662.72,1.3399999999999181,530.6399999999676,257.399999999946,move_median
570,T2/S03,long,2020-04-06 22:15:00,2020-04-06 22:17:00,2020-04-06 22:16:00,True,1,1,1663.27,1664.5,1.2300000000000182,489.54000000000724,401.9799999999964,move_median
171,T1/S01,long,2020-04-06 22:18:00,2020-04-06 22:26:00,2020-04-06 22:21:00,True,2,2,1662.931299724301,1664.21,1.278700275699066,3246.620000000181,817.9500000000726,move_median
172,T1/S01,long,2020-04-06 22:30:00,2020-04-06 22:36:00,2020-04-06 22:35:00,True,1,1,1666.39,1668.15,1.759999999999991,703.9999999999964,435.99999999996726,move_median
571,T2/S03,long,2020-04-06 22:30:00,2020-04-06 22:36:00,2020-04-06 22:35:00,True,1,1,1666.39,1668.15,1.759999999999991,703.9999999999964,435.99999999996726,move_median
173,T1/S01,long,2020-04-06 22:42:00,2020-04-06 22:44:00,2020-04-06 22:43:00,True,1,1,1667.42,1668.72,1.2999999999999545,521.2999999999818,525.309999999978,move_median
572,T2/S03,long,2020-04-06 22:45:00,2020-04-06 22:52:00,2020-04-06 22:59:00,True,4,6,1664.5830242643267,1666.76,2.1769757356732953,21084.010000000162,1216.1199999999963,move_median
174,T1/S01,long,2020-04-06 22:48:00,2020-04-06 22:52:00,2020-04-06 22:51:00,True,2,5,1664.798372001573,1666.22,1.421627998427084,3615.1999999998425,1776.2899999999452,move_median
920,T2/S04,long,2020-04-09 19:45:00,2020-04-09 19:49:00,2020-04-09 19:48:00,True,1,1,1684.92,1685.97,1.0499999999999545,429.44999999998134,433.5399999999777,move_median
921,T2/S04,long,2020-04-13 19:00:00,2020-04-13 19:04:00,2020-04-13 19:03:00,True,2,2,1707.2728746316027,1709.58,2.3071253683972373,10176.729999999932,1216.5599999999215,move_median
922,T2/S04,long,2020-04-13 19:15:00,2020-04-13 19:23:00,2020-04-13 19:20:00,True,2,2,1709.564072059823,1710.34,0.7759279401768708,3424.169999999239,805.3500000000188,move_median
923,T2/S04,long,2020-04-13 19:30:00,2020-04-13 19:32:00,2020-04-13 19:31:00,True,1,1,1712.85,1714.54,1.6900000000000546,701.3500000000226,572.7000000000453,move_median
924,T2/S04,long,2020-04-13 19:45:00,2020-04-13 19:48:00,2020-04-13 19:53:00,True,1,1,1713.25,1714.1,0.849999999999909,353.59999999996217,270.40000000003783,move_median
573,T2/S03,long,2020-04-13 22:00:00,2020-04-14 02:06:00,2020-04-13 22:07:00,True,2,4,1720.1104857954545,1720.84,0.7295142045454668,2567.890000000013,2764.7099999999505,move_median
175,T1/S01,long,2020-04-13 22:00:00,2020-04-14 02:06:00,2020-04-13 22:12:00,True,2,4,1720.201055924912,1721.25,1.0489440750880021,2682.1500000001956,2764.7099999999505,move_median
574,T2/S03,long,2020-04-21 22:15:00,2020-04-21 22:17:00,2020-04-21 22:16:00,True,1,1,1681.89,1682.83,0.9399999999998272,406.07999999992535,397.4399999999332,move_median
925,T2/S04,long,2020-04-22 19:30:00,2020-04-22 19:31:00,2020-04-22 19:30:00,True,1,1,1714.34,1715.49,1.150000000000091,497.95000000003944,497.95000000003944,move_median
926,T2/S04,long,2020-04-22 19:45:00,2020-04-22 20:02:00,2020-04-22 19:49:00,True,2,2,1712.4076364456473,1713.25,0.8423635543526871,3735.039999999649,620.619999999929,move_median
575,T2/S03,long,2020-04-29 22:45:00,2020-04-29 23:00:00,2020-04-29 22:58:00,True,2,1,1713.4998218829514,1714.32,0.8201781170484992,2900.9699999998875,91.14000000001579,move_median
176,T1/S01,long,2020-04-29 22:48:00,2020-04-29 23:04:00,2020-04-29 23:02:00,True,1,1,1714.59,1715.5,0.9100000000000819,394.9400000000355,420.98000000001184,move_median
177,T1/S01,long,2020-04-29 23:06:00,2020-04-29 23:07:00,2020-04-29 23:06:00,True,1,1,1715.54,1717.08,1.5399999999999636,671.4399999999843,710.6800000000477,move_median
178,T1/S01,long,2020-04-29 23:12:00,2020-04-29 23:20:00,2020-04-29 23:17:00,True,2,1,1712.668440651668,1713.96,1.2915593483319299,3329.6399999998907,433.620000000004,move_median
179,T1/S01,long,2020-04-29 23:24:00,2020-04-30 02:39:00,2020-04-29 23:49:00,True,2,3,1713.6479053529868,1714.62,0.9720946470131366,2506.0599999998544,784.0200000000837,move_median
1564,T6/S12,short,2020-05-01 09:00:00,2020-05-01 09:01:00,2020-05-01 09:00:00,True,1,1,1672.28,1670.71,1.5699999999999363,690.7999999999721,598.399999999956,move_median
1565,T6/S12,short,2020-05-01 09:12:00,2020-05-01 09:47:00,2020-05-01 09:37:00,True,2,2,1676.0217922425322,1674.39,1.6317922425321285,3660.109999999648,1662.5699999998917,move_median
927,T2/S04,long,2020-05-01 19:00:00,2020-05-01 19:08:00,2020-05-01 19:07:00,True,1,1,1695.75,1696.82,1.0699999999999363,476.14999999997167,485.04999999996363,move_median
576,T2/S03,long,2020-05-01 22:00:00,2020-05-01 22:12:00,2020-05-01 22:08:00,True,2,2,1701.3746082299886,1702.31,0.9353917700113925,3318.770000000105,1521.8999999999312,move_median
180,T1/S01,long,2020-05-01 22:00:00,2020-05-01 22:12:00,2020-05-01 22:11:00,True,2,2,1701.866827852998,1704.04,2.1731721470018783,5617.65000000006,1521.8999999999312,move_median
577,T2/S03,long,2020-05-01 22:15:00,2020-05-01 22:18:00,2020-05-01 22:44:00,True,3,5,1701.6927261677374,1703.06,1.3672738322625264,7874.129999999845,-2415.4500000000608,move_median
181,T1/S01,long,2020-05-01 22:18:00,2020-05-01 22:34:00,2020-05-01 22:25:00,True,1,8,1699.06,1700.53,1.4700000000000273,2.9400000000001225,5543.599999999885,move_median
182,T1/S01,long,2020-05-01 22:48:00,2020-05-01 22:50:00,2020-05-01 22:49:00,True,1,1,1701.22,1702.55,1.3299999999999272,609.1399999999667,590.8199999999833,move_median
928,T2/S04,long,2020-05-07 19:00:00,2020-05-07 19:10:00,2020-05-07 19:23:00,True,1,1,1708.9,1709.89,0.9900000000000091,454.4100000000042,234.08999999999583,move_median
929,T2/S04,long,2020-05-07 19:15:00,2020-05-07 19:24:00,2020-05-07 19:25:00,True,1,1,1709.41,1710.08,0.6699999999998454,307.52999999992903,275.39999999995825,move_median
930,T2/S04,long,2020-05-07 19:30:00,2020-05-07 19:31:00,2020-05-07 19:30:00,True,1,1,1709.88,1710.64,0.7599999999999909,348.8399999999958,302.9399999999332,move_median
931,T2/S04,long,2020-05-07 19:45:00,2020-05-07 19:47:00,2020-05-07 19:46:00,True,1,1,1715.31,1716.0,0.6900000000000546,318.09000000002516,313.4800000000294,move_median
578,T2/S03,long,2020-05-07 22:00:00,2020-05-07 22:07:00,2020-05-07 22:08:00,True,1,1,1719.44,1720.14,0.7000000000000455,322.70000000002096,248.93999999998323,move_median
579,T2/S03,long,2020-05-07 22:15:00,2020-05-07 22:29:00,2020-05-07 22:23:00,True,2,2,1718.91233941094,1719.72,0.8076605890601058,2879.3099999998885,485.099999999979,move_median
580,T2/S03,long,2020-05-07 22:30:00,2020-05-07 23:08:00,2020-05-07 23:05:00,True,4,4,1717.0917721908668,1718.03,0.9382278091331955,9143.029999999646,1384.3699999997934,move_median
1566,T6/S12,short,2020-05-14 08:00:00,2020-05-14 10:57:00,2020-05-14 10:52:00,True,4,4,1716.3162628145387,1714.11,2.2062628145388317,21305.880000001318,2278.5000000001482,move_median
932,T2/S04,long,2020-05-14 19:00:00,2020-05-14 19:01:00,2020-05-14 19:00:00,True,1,1,1733.67,1734.71,1.0399999999999636,488.79999999998296,399.4999999999573,move_median
933,T2/S04,long,2020-05-14 19:15:00,2020-05-14 19:20:00,2020-05-14 19:19:00,True,1,1,1734.4,1735.41,1.009999999999991,475.70999999999566,423.89999999993574,move_median
934,T2/S04,long,2020-05-14 19:30:00,2020-05-14 21:49:00,2020-05-14 21:29:00,True,4,4,1731.742017480555,1733.02,1.277982519445004,15937.719999998879,1299.9599999999955,move_median
581,T2/S03,long,2020-05-14 22:00:00,2020-05-14 22:54:00,2020-05-14 22:18:00,True,2,3,1731.946597707576,1732.69,0.7434022924239798,2659.1500000000806,1090.2000000000862,move_median
1194,T3/S06,short,2020-05-18 23:00:00,2020-05-18 23:44:00,2020-05-18 23:26:00,True,1,1,1731.69,1730.73,0.9600000000000364,456.0000000000173,270.75000000007776,move_median
183,T1/S01,long,2020-05-19 22:18:00,2020-05-19 22:23:00,2020-05-19 22:22:00,True,1,1,1745.7199999999998,1746.73,1.0100000000002183,480.7599999999956,490.27999999998696,move_median
184,T1/S01,long,2020-05-19 22:24:00,2020-05-19 23:07:00,2020-05-19 22:59:00,True,2,4,1745.4513818860878,1746.23,0.7786181139122164,1667.7999999999413,1378.4399999999391,move_median
185,T1/S01,long,2020-05-21 22:48:00,2020-05-21 23:48:00,2020-05-21 23:45:00,True,2,2,1725.7078032036613,1726.55,0.8421967963386123,2208.2399999997183,506.0999999999781,move_median
1567,T6/S12,short,2020-05-25 08:00:00,2020-05-25 08:46:00,2020-05-25 08:45:00,True,1,1,1726.56,1725.0,1.5599999999999454,753.4799999999736,642.3899999999649,move_median
582,T2/S03,long,2020-05-27 22:00:00,2020-05-27 22:51:00,2020-05-27 22:29:00,True,2,2,1712.291287984388,1713.03,0.738712015612009,2649.7600000000825,953.4800000001233,move_median
186,T1/S01,long,2020-06-05 23:06:00,2020-06-05 23:10:00,2020-06-05 23:09:00,True,1,1,1681.9,1682.66,0.7599999999999909,369.3599999999956,369.3599999999956,move_median
187,T1/S01,long,2020-06-05 23:12:00,2020-06-05 23:16:00,2020-06-05 23:16:00,True,1,1,1683.41,1684.41,1.0,487.0,365.25,move_median
188,T1/S01,long,2020-06-08 22:30:00,2020-06-09 01:05:00,2020-06-08 23:01:00,True,2,2,1698.340087552341,1699.56,1.2199124476589986,3204.709999999672,978.8699999998848,move_median
1568,T6/S12,short,2020-06-11 08:00:00,2020-06-11 08:34:00,2020-06-11 08:34:00,True,1,1,1729.67,1727.99,1.6800000000000637,819.8400000000311,536.8000000000666,move_median
1569,T6/S12,short,2020-06-11 08:36:00,2020-06-11 11:52:00,2020-06-11 09:15:00,True,2,5,1729.3209773123908,1727.43,1.8909773123907598,4334.119999999857,3645.5999999999153,move_median
1570,T6/S12,short,2020-06-15 09:00:00,2020-06-15 09:09:00,2020-06-15 09:08:00,True,1,1,1722.06,1720.57,1.490000000000009,742.0200000000045,677.2799999999503,move_median
1571,T6/S12,short,2020-06-15 09:12:00,2020-06-15 10:11:00,2020-06-15 10:06:00,True,2,2,1722.5660365058673,1720.99,1.5760365058672505,3626.4599999998654,1521.950000000091,move_median
189,T1/S01,long,2020-06-15 22:00:00,2020-06-15 22:06:00,2020-06-15 22:10:00,True,1,1,1726.35,1727.11,0.7599999999999909,380.7599999999954,270.5400000000957,move_median
583,T2/S03,long,2020-06-15 22:00:00,2020-06-15 22:06:00,2020-06-15 22:10:00,True,1,1,1726.35,1727.11,0.7599999999999909,380.7599999999954,270.5400000000957,move_median
190,T1/S01,long,2020-06-15 22:12:00,2020-06-15 22:21:00,2020-06-15 22:20:00,True,1,1,1727.03,1727.84,0.8099999999999454,407.42999999997255,407.42999999997255,move_median
584,T2/S03,long,2020-06-15 22:15:00,2020-06-15 22:21:00,2020-06-15 22:56:00,True,2,1,1725.262221297837,1726.39,1.1277787021631411,4066.7700000001914,296.7699999999588,move_median
191,T1/S01,long,2020-06-15 22:24:00,2020-06-15 22:30:00,2020-06-15 22:56:00,True,2,4,1724.9420728291318,1726.39,1.4479271708682973,3101.4600000000974,532.6799999999726,move_median
585,T2/S03,long,2020-06-15 22:30:00,2020-06-15 22:57:00,2020-06-15 22:37:00,True,1,6,1724.94,1725.64,0.7000000000000455,1.4000000000000612,3452.4400000000733,move_median
586,T2/S03,long,2020-06-17 22:00:00,2020-06-17 22:30:00,2020-06-17 22:29:00,True,1,1,1726.9000000000003,1727.63,0.7299999999997908,375.95000000000937,329.5999999999344,move_median
192,T1/S01,long,2020-06-17 22:48:00,2020-06-17 22:51:00,2020-06-17 22:50:00,True,1,1,1728.73,1730.12,1.3899999999998727,715.8499999999344,731.3000000000376,move_median
935,T2/S04,long,2020-06-19 19:00:00,2020-06-19 19:34:00,2020-06-19 19:27:00,True,2,2,1740.569455390746,1741.42,0.8505446092540296,3841.9100000007006,827.2000000000705,move_median
936,T2/S04,long,2020-06-19 19:45:00,2020-06-19 19:54:00,2020-06-19 19:53:00,True,1,1,1741.7900000000002,1742.56,0.7699999999997544,398.8599999999906,398.8599999999906,move_median
1278,T4/S08,long,2020-06-22 09:45:00,2020-06-22 15:26:00,2020-06-22 10:34:00,True,5,5,1746.1592784974896,1747.72,1.5607215025104324,12589.560000000125,4219.470000000057,move_median
937,T2/S04,long,2020-06-23 19:00:00,2020-06-23 19:07:00,2020-06-23 19:06:00,True,1,1,1766.29,1767.02,0.7300000000000182,385.44000000000966,385.44000000000966,move_median
938,T2/S04,long,2020-06-23 19:15:00,2020-06-23 19:16:00,2020-06-23 19:15:00,True,1,1,1767.73,1768.7,0.9700000000000273,512.1600000000145,522.7200000000049,move_median
939,T2/S04,long,2020-06-23 19:30:00,2020-06-23 21:55:00,2020-06-23 20:03:00,True,2,2,1765.6216383307572,1766.45,0.828361669242895,3751.6500000006545,1872.6599999999808,move_median
193,T1/S01,long,2020-06-25 22:30:00,2020-06-25 22:58:00,2020-06-25 22:57:00,True,1,1,1762.93,1763.72,0.7899999999999636,421.06999999998067,421.06999999998067,move_median
194,T1/S01,long,2020-06-26 23:00:00,2020-06-29 01:10:00,2020-06-29 01:09:00,True,2,2,1770.0655572176513,1772.44,2.3744427823487513,6349.260000000185,2039.879999999966,move_median
587,T2/S03,long,2020-06-30 22:00:00,2020-07-01 01:12:00,2020-07-01 01:10:00,True,2,2,1781.0997171106835,1782.12,1.020282889316377,3714.8499999999044,548.7600000001125,move_median
195,T1/S01,long,2020-07-01 22:36:00,2020-07-01 22:58:00,2020-07-02 01:05:00,True,2,1,1770.495935050392,1771.33,0.834064949607864,2234.459999999669,334.18000000006367,move_median
196,T1/S01,long,2020-07-01 23:06:00,2020-07-02 04:58:00,2020-07-02 01:05:00,True,2,4,1770.5064925373135,1771.33,0.8235074626863934,2206.9999999996935,1150.2000000000592,move_median
1572,T6/S12,short,2020-07-02 09:00:00,2020-07-02 15:20:00,2020-07-02 15:14:00,True,4,4,1770.5606328333672,1768.9,1.6606328333671172,16164.599999998838,2650.3799999996845,move_median
940,T2/S04,long,2020-07-07 19:00:00,2020-07-07 19:02:00,2020-07-07 19:06:00,True,1,1,1795.2300000000002,1795.92,0.6899999999998272,377.4300000000298,306.31999999997015,move_median
941,T2/S04,long,2020-07-07 19:15:00,2020-07-07 19:29:00,2020-07-07 20:16:00,True,1,2,1795.5500000000002,1796.28,0.7299999999997908,400.04000000001,657.6000000001495,move_median
942,T2/S04,long,2020-07-07 19:30:00,2020-07-07 20:17:00,2020-07-07 20:23:00,True,1,1,1795.74,1796.41,0.6700000000000728,367.83000000004,301.94999999997503,move_median
588,T2/S03,long,2020-07-07 22:00:00,2020-07-07 22:31:00,2020-07-07 22:30:00,True,1,1,1795.71,1796.62,0.9099999999998545,500.49999999991996,500.49999999991996,move_median
589,T2/S03,long,2020-07-07 22:45:00,2020-07-08 03:09:00,2020-07-08 03:08:00,True,2,3,1795.545396825397,1796.34,0.7946031746030258,2903.479999999806,1482.1899999999048,move_median
943,T2/S04,long,2020-07-08 19:15:00,2020-07-08 20:13:00,2020-07-08 22:17:00,True,4,2,1809.5702421538954,1810.66,1.0897578461047033,13680.82000000085,775.6000000000503,move_median
197,T1/S01,long,2020-07-09 22:18:00,2020-07-10 04:47:00,2020-07-10 02:44:00,True,2,3,1803.2840949554898,1804.04,0.7559050445102002,2037.9199999998395,1000.800000000101,move_median
1573,T6/S12,short,2020-07-10 09:00:00,2020-07-10 09:53:00,2020-07-10 17:04:00,True,7,2,1803.7981066527702,1801.71,2.0881066527701933,42074.304999998916,1164.130000000081,move_median
1343,T5/S09,long,2020-07-17 13:48:00,2020-07-17 15:07:00,2020-07-17 15:24:00,True,1,1,1804.49,1807.42,2.9300000000000637,1664.2400000000362,1204.159999999938,move_median
944,T2/S04,long,2020-07-21 19:00:00,2020-07-21 19:24:00,2020-07-21 19:23:00,True,1,1,1839.69,1840.81,1.1199999999998909,639.5199999999377,679.4900000000312,move_median
945,T2/S04,long,2020-07-21 19:30:00,2020-07-21 19:32:00,2020-07-21 19:55:00,True,1,1,1840.5,1841.19,0.6900000000000546,394.68000000003116,331.7599999999584,move_median
946,T2/S04,long,2020-07-21 19:45:00,2020-07-21 19:57:00,2020-07-21 19:56:00,True,1,1,1840.87,1841.77,0.900000000000091,515.7000000000521,492.78000000007296,move_median
1279,T4/S08,long,2020-07-22 06:05:00,2020-07-22 08:49:00,2020-07-22 08:46:00,True,3,3,1856.0933792259445,1857.75,1.6566207740554546,5414.665000000032,2697.800000000026,move_median
1280,T4/S08,long,2020-07-22 09:00:00,2020-07-22 10:01:00,2020-07-22 10:00:00,True,2,2,1858.5839571556085,1860.92,2.3360428443916135,3925.7200000001994,1858.590000000153,move_median
1281,T4/S08,long,2020-07-22 10:05:00,2020-07-22 10:44:00,2020-07-22 10:41:00,True,4,4,1854.1556266940838,1856.44,2.284373305916233,12220.254999999954,3632.0899999998783,move_median
590,T2/S03,long,2020-07-22 22:45:00,2020-07-22 22:52:00,2020-07-22 22:49:00,True,2,2,1867.8468020579476,1868.61,0.7631979420523294,2818.489999999856,707.9999999998927,move_median
198,T1/S01,long,2020-07-22 23:48:00,2020-07-23 01:05:00,2020-07-23 01:05:00,True,1,1,1871.7499999999998,1873.78,2.0300000000002,1199.7299999999839,1312.0200000000161,move_median
1282,T4/S08,long,2020-07-27 07:00:00,2020-07-27 08:10:00,2020-07-27 08:09:00,True,2,2,1930.8414251991737,1932.74,1.8985748008262817,3217.134999999983,1921.3200000000052,move_median
1283,T4/S08,long,2020-07-27 11:00:00,2020-07-27 11:04:00,2020-07-27 11:07:00,True,1,1,1933.5199999999998,1935.3,1.7800000000002,1064.4399999999837,920.9199999999782,move_median
1284,T4/S08,long,2020-07-27 11:05:00,2020-07-27 11:14:00,2020-07-27 11:13:00,True,1,1,1935.0,1937.28,2.2799999999999727,1367.9999999999836,1350.0,move_median
1285,T4/S08,long,2020-07-27 11:15:00,2020-07-27 11:20:00,2020-07-27 11:24:00,True,1,2,1938.26,1940.25,1.990000000000009,1197.9800000000055,2739.0999999999726,move_median
1286,T4/S08,long,2020-07-27 11:25:00,2020-07-27 11:37:00,2020-07-27 11:45:00,True,1,1,1940.33,1942.28,1.9500000000000455,1185.6000000000276,972.800000000083,move_median
1287,T4/S08,long,2020-07-27 11:40:00,2020-07-27 13:01:00,2020-07-27 12:53:00,True,3,3,1939.313366621274,1940.98,1.666633378725919,5507.389999999923,3501.4000000000055,move_median
947,T2/S04,long,2020-07-28 19:00:00,2020-07-28 20:41:00,2020-07-28 20:40:00,True,4,5,1949.559554569232,1950.71,1.150445430768059,14515.170000000577,1863.340000000129,move_median
199,T1/S01,long,2020-07-30 22:30:00,2020-07-30 23:00:00,2020-07-30 22:58:00,True,2,2,1954.6523614632379,1955.55,0.8976385367620878,2478.379999999896,1024.6500000000565,move_median
591,T2/S03,long,2020-08-04 22:00:00,2020-08-04 22:01:00,2020-08-04 22:00:00,True,1,1,2005.06,2005.82,0.7599999999999909,473.4799999999944,473.4799999999944,move_median
592,T2/S03,long,2020-08-04 22:15:00,2020-08-04 22:27:00,2020-08-04 22:21:00,True,2,2,2006.4546713174134,2007.36,0.9053286825865143,3374.1599999993277,748.8000000000284,move_median
593,T2/S03,long,2020-08-04 22:30:00,2020-08-04 22:32:00,2020-08-04 22:31:00,True,1,1,2007.82,2008.77,0.9500000000000455,593.7500000000284,593.7500000000284,move_median
594,T2/S03,long,2020-08-04 22:45:00,2020-08-04 22:47:00,2020-08-04 22:46:00,True,1,1,2013.06,2013.97,0.9100000000000819,569.6600000000512,575.9200000000455,move_median
200,T1/S01,long,2020-08-04 23:24:00,2020-08-04 23:38:00,2020-08-04 23:37:00,True,1,1,2016.91,2017.7,0.7899999999999636,495.32999999997713,463.9800000000057,move_median
201,T1/S01,long,2020-08-04 23:42:00,2020-08-04 23:53:00,2020-08-04 23:49:00,True,2,2,2016.801156069364,2017.7,0.898843930636076,2488.000000000027,1840.04000000004,move_median
202,T1/S01,long,2020-08-04 23:54:00,2020-08-05 01:05:00,2020-08-05 01:05:00,True,1,1,2019.83,2021.3,1.4700000000000273,929.0400000000172,859.5200000000805,move_median
1344,T5/S09,long,2020-08-05 10:00:00,2020-08-05 10:33:00,2020-08-05 10:33:00,True,1,1,2033.47,2036.14,2.6700000000000728,1692.780000000046,1451.859999999977,move_median
1345,T5/S09,long,2020-08-05 10:36:00,2020-08-05 10:42:00,2020-08-05 10:42:00,True,1,1,2035.07,2038.6,3.5299999999999727,2248.609999999983,1668.9400000000753,move_median
1346,T5/S09,long,2020-08-05 10:48:00,2020-08-05 11:58:00,2020-08-05 11:38:00,True,2,2,2031.8811131059244,2034.2,2.3188868940756038,6458.100000000132,3174.399999999878,move_median
203,T1/S01,long,2020-08-06 23:06:00,2020-08-06 23:33:00,2020-08-06 23:36:00,True,1,1,2063.88,2065.3,1.4200000000000728,917.320000000047,368.219999999812,move_median
204,T1/S01,long,2020-08-06 23:48:00,2020-08-06 23:50:00,2020-08-07 01:05:00,True,2,1,2064.0298349479726,2066.33,2.300165052027296,6410.559999999816,342.9099999998352,move_median
1574,T6/S12,short,2020-08-11 09:24:00,2020-08-11 09:25:00,2020-08-11 09:26:00,True,1,1,2002.9600000000003,2000.87,2.090000000000373,1354.3200000000943,693.3599999999589,move_median
1575,T6/S12,short,2020-08-11 09:36:00,2020-08-11 10:35:00,2020-08-11 10:33:00,True,4,4,2002.764147952444,2000.47,2.2941479524440638,22576.710000000057,3335.8599999997696,move_median
1195,T3/S06,short,2020-08-11 23:00:00,2020-08-11 23:02:00,2020-08-11 23:06:00,True,1,1,1916.09,1914.98,1.1099999999999,728.1599999999344,354.23999999997613,move_median
1196,T3/S06,short,2020-08-11 23:10:00,2020-08-11 23:17:00,2020-08-11 23:16:00,True,1,1,1912.2799999999997,1910.29,1.9899999999997817,1307.430000000006,1222.0199999999343,move_median
1197,T3/S06,short,2020-08-11 23:20:00,2020-08-12 02:15:00,2020-08-11 23:30:00,True,2,7,1909.3193892593893,1907.82,1.4993892593893179,4271.760000000195,4388.939999999753,move_median
1347,T5/S09,long,2020-08-12 11:12:00,2020-08-12 11:18:00,2020-08-12 11:17:00,True,1,1,1941.69,1945.75,4.059999999999945,2712.0799999999635,2705.3999999999696,move_median
1348,T5/S09,long,2020-08-12 11:24:00,2020-08-12 14:14:00,2020-08-12 12:26:00,True,3,4,1933.4067879143442,1935.79,2.383212085655714,16248.739999999521,8560.560000000018,move_median
1349,T5/S09,long,2020-08-17 10:36:00,2020-08-17 15:11:00,2020-08-17 11:45:00,True,2,2,1951.6653439153438,1954.08,2.4146560846561442,6845.549999999695,3760.499999999875,move_median
948,T2/S04,long,2020-08-17 19:00:00,2020-08-17 19:15:00,2020-08-17 19:14:00,True,1,1,1985.6899999999998,1986.49,0.8000000000001819,558.3999999999683,551.4199999999746,move_median
949,T2/S04,long,2020-08-17 19:30:00,2020-08-17 19:31:00,2020-08-17 20:17:00,True,2,1,1985.8384145562886,1986.83,0.9915854437113012,4659.459999999356,426.39000000008906,move_median
950,T2/S04,long,2020-08-17 19:45:00,2020-08-17 19:54:00,2020-08-17 20:17:00,True,2,1,1985.748085106383,1986.83,1.0819148936168403,5084.999999999286,412.9999999999427,move_median
595,T2/S03,long,2020-08-17 22:00:00,2020-08-17 22:03:00,2020-08-17 22:02:00,True,1,1,1980.2,1981.19,0.9900000000000091,693.9900000000064,708.0099999999936,move_median
596,T2/S03,long,2020-08-17 22:15:00,2020-08-17 22:27:00,2020-08-17 22:26:00,True,1,1,1980.94,1981.77,0.8299999999999272,581.829999999949,581.829999999949,move_median
1576,T6/S12,short,2020-08-19 08:48:00,2020-08-19 08:50:00,2020-08-19 08:49:00,True,1,1,1987.8,1985.5,2.2999999999999545,1616.899999999968,1377.8800000000256,move_median
1577,T6/S12,short,2020-08-19 09:00:00,2020-08-19 09:14:00,2020-08-19 09:13:00,True,2,3,1991.0311642743222,1988.37,2.6611642743223456,6674.200000000254,2520.419999999955,move_median
1198,T3/S06,short,2020-08-19 23:40:00,2020-08-19 23:48:00,2020-08-19 23:47:00,True,1,1,1927.42,1926.43,0.9900000000000091,703.8900000000065,462.15000000006467,move_median
1199,T3/S06,short,2020-08-19 23:50:00,2020-08-20 02:25:00,2020-08-20 02:24:00,True,4,4,1934.761248689353,1932.21,2.5512486893528603,26765.149999999845,1452.4800000002979,move_median
597,T2/S03,long,2020-08-20 22:45:00,2020-08-20 22:46:00,2020-08-20 22:45:00,True,1,1,1953.33,1954.47,1.1400000000001,815.1000000000715,900.8999999999935,move_median
205,T1/S01,long,2020-08-25 22:30:00,2020-08-25 22:37:00,2020-08-25 22:36:00,True,1,10,1927.1599999999999,1928.95,1.790000000000191,1283.429999999974,5122.949999999914,move_median
1578,T6/S12,short,2020-08-26 08:24:00,2020-08-26 08:36:00,2020-08-26 08:35:00,True,1,1,1921.43,1919.45,1.9800000000000182,1437.4800000000132,1314.0600000001255,move_median
1579,T6/S12,short,2020-08-26 08:48:00,2020-08-26 09:04:00,2020-08-26 09:04:00,True,1,1,1919.01,1916.93,2.0799999999999272,1518.3999999999469,934.3999999999801,move_median
598,T2/S03,long,2020-08-26 22:00:00,2020-08-26 22:09:00,2020-08-26 22:08:00,True,1,1,1946.35,1947.37,1.0199999999999818,746.6399999999867,746.6399999999867,move_median
599,T2/S03,long,2020-08-26 22:15:00,2020-08-26 22:20:00,2020-08-26 22:19:00,True,1,1,1950.08,1951.14,1.0600000000001728,776.9800000001267,762.3199999999733,move_median
206,T1/S01,long,2020-08-26 22:24:00,2020-08-26 22:26:00,2020-08-26 22:26:00,True,1,1,1951.57,1952.56,0.9900000000000091,727.6500000000066,433.65000000010696,move_median
600,T2/S03,long,2020-08-26 22:30:00,2020-08-26 22:44:00,2020-08-26 22:41:00,True,2,2,1950.5815160197972,1951.63,1.0484839802029455,4025.1300000002375,956.8000000001339,move_median
601,T2/S03,long,2020-08-26 22:45:00,2020-08-26 22:47:00,2020-08-26 22:48:00,True,1,1,1951.98,1953.43,1.4500000000000455,1070.1000000000336,464.9399999999128,move_median
207,T1/S01,long,2020-08-26 23:24:00,2020-08-26 23:49:00,2020-08-26 23:46:00,True,2,2,1953.6178638416116,1954.43,0.8121361583885118,2338.1400000001386,894.1899999998589,move_median
208,T1/S01,long,2020-08-27 22:00:00,2020-08-27 22:01:00,2020-08-27 22:00:00,True,1,1,1930.46,1931.72,1.259999999999991,932.3999999999933,932.3999999999933,move_median
209,T1/S01,long,2020-08-27 22:06:00,2020-08-27 22:07:00,2020-08-27 22:07:00,True,1,1,1929.72,1930.58,0.8599999999999,638.1199999999258,534.2400000000202,move_median
210,T1/S01,long,2020-08-27 22:12:00,2020-08-27 22:21:00,2020-08-27 22:20:00,True,2,2,1929.9277037807838,1931.08,1.1522962192161685,3322.0699999995595,921.3199999998378,move_median
1580,T6/S12,short,2020-08-31 09:48:00,2020-08-31 10:08:00,2020-08-31 10:00:00,True,2,2,1965.2074479780133,1963.72,1.4874479780132788,3788.5299999998315,1981.6999999998918,move_median
1200,T3/S06,short,2020-09-01 23:10:00,2020-09-02 03:48:00,2020-09-02 01:48:00,True,2,2,1970.856645117387,1969.61,1.246645117387061,3663.8900000004674,2366.839999999891,move_median
211,T1/S01,long,2020-09-02 23:30:00,2020-09-02 23:34:00,2020-09-02 23:49:00,True,1,1,1943.61,1944.38,0.7700000000002092,580.5800000001577,452.40000000010286,move_median
212,T1/S01,long,2020-09-02 23:36:00,2020-09-03 02:24:00,2020-09-02 23:49:00,True,2,3,1943.1589982728844,1944.38,1.221001727115663,3534.800000000191,2272.5499999998215,move_median
1581,T6/S12,short,2020-09-03 09:00:00,2020-09-03 09:29:00,2020-09-03 09:25:00,True,3,3,1935.8501783264744,1933.49,2.360178326474397,15485.129999999835,2497.1099999999724,move_median
213,T1/S01,long,2020-09-04 22:06:00,2020-09-04 22:10:00,2020-09-04 22:16:00,True,2,1,1934.0603994490357,1935.2,1.13960055096436,3309.4000000003957,443.12000000011807,move_median
214,T1/S01,long,2020-09-04 22:12:00,2020-09-04 22:25:00,2020-09-04 22:16:00,True,2,1,1933.995008605852,1935.2,1.20499139414801,3500.500000000396,428.40000000013225,move_median
1350,T5/S09,long,2020-09-08 10:00:00,2020-09-08 17:30:00,2020-09-08 17:28:00,True,4,5,1918.8443378242143,1921.95,3.10566217578571,33885.88000000068,9245.619999999606,move_median
602,T2/S03,long,2020-09-09 22:00:00,2020-09-09 22:19:00,2020-09-09 22:18:00,True,1,1,1949.72,1950.66,0.9400000000000546,736.9600000000428,744.8000000000357,move_median
1582,T6/S12,short,2020-09-23 08:00:00,2020-09-23 08:05:00,2020-09-23 08:32:00,True,2,1,1889.1166537867077,1887.57,1.5466537867077932,4002.740000000047,841.0199999999501,move_median
1583,T6/S12,short,2020-09-23 08:12:00,2020-09-23 08:35:00,2020-09-23 08:34:00,True,1,1,1888.12,1886.31,1.8099999999999454,1426.279999999957,1386.8799999999928,move_median
951,T2/S04,long,2020-09-28 19:15:00,2020-09-28 19:21:00,2020-09-28 19:20:00,True,1,1,1874.26,1874.93,0.6700000000000728,529.3000000000575,521.4000000000647,move_median
952,T2/S04,long,2020-09-28 19:30:00,2020-09-28 19:37:00,2020-09-28 19:36:00,True,1,1,1873.83,1874.73,0.900000000000091,711.9000000000719,743.5400000000432,move_median
215,T1/S01,long,2020-09-28 22:00:00,2020-09-28 22:14:00,2020-09-28 22:13:00,True,2,4,1880.5323354926695,1881.58,1.0476645073304098,3072.7999999999442,1706.210000000072,move_median
1584,T6/S12,short,2020-10-05 08:00:00,2020-10-05 09:12:00,2020-10-05 09:12:00,True,1,1,1893.17,1891.57,1.6000000000001364,1283.2000000001094,1034.5799999999708,move_median
953,T2/S04,long,2020-10-05 19:00:00,2020-10-05 19:03:00,2020-10-05 19:02:00,True,1,1,1914.14,1915.14,1.0,805.0000000000001,805.0000000000001,move_median
954,T2/S04,long,2020-10-05 19:15:00,2020-10-05 19:23:00,2020-10-05 19:22:00,True,1,1,1913.42,1914.1,0.6799999999998363,548.079999999868,515.8399999998975,move_median
955,T2/S04,long,2020-10-05 19:30:00,2020-10-05 19:34:00,2020-10-05 19:33:00,True,1,1,1914.93,1915.96,1.0299999999999727,831.2099999999781,831.2099999999781,move_median
956,T2/S04,long,2020-10-05 19:45:00,2020-10-05 19:49:00,2020-10-05 19:53:00,True,1,1,1915.85,1916.7,0.8500000000001364,687.6500000001104,606.75,move_median
1201,T3/S06,short,2020-10-06 23:00:00,2020-10-06 23:03:00,2020-10-06 23:02:00,True,1,1,1887.7,1886.77,0.9300000000000637,753.3000000000516,737.1000000000663,move_median
1202,T3/S06,short,2020-10-06 23:10:00,2020-10-06 23:40:00,2020-10-06 23:39:00,True,1,1,1884.36,1882.74,1.6199999999998909,1313.8199999999115,1070.5199999999484,move_median
1203,T3/S06,short,2020-10-06 23:50:00,2020-10-06 23:53:00,2020-10-07 01:37:00,True,1,2,1877.26,1876.18,1.0799999999999272,879.1199999999409,854.699999999963,move_median
1351,T5/S09,long,2020-10-07 10:24:00,2020-10-08 04:47:00,2020-10-07 15:10:00,True,3,4,1886.7162715517245,1889.17,2.4537284482755695,17077.950000000266,456.3999999995849,move_median
216,T1/S01,long,2020-10-07 23:48:00,2020-10-08 08:38:00,2020-10-08 04:37:00,True,3,3,1885.83836426492,1886.61,0.7716357350798262,4240.909999999377,8190.749999999778,move_median
217,T1/S01,long,2020-10-09 23:48:00,2020-10-12 01:07:00,2020-10-12 01:06:00,True,2,2,1928.4584897410025,1929.91,1.4515102589975868,4315.340000000265,2107.4900000001667,move_median
603,T2/S03,long,2020-10-15 22:00:00,2020-10-15 22:31:00,2020-10-15 22:31:00,True,1,1,1905.99,1906.67,0.6800000000000637,568.4800000000532,551.7600000000684,move_median
604,T2/S03,long,2020-10-15 22:45:00,2020-10-15 23:09:00,2020-10-15 23:00:00,True,2,2,1906.6284927683328,1907.6,0.9715072316671467,3828.709999999665,988.8400000000534,move_median
218,T1/S01,long,2020-10-15 23:54:00,2020-10-16 01:05:00,2020-10-16 04:00:00,True,2,1,1906.967181208054,1908.39,1.4228187919461561,4240.000000000418,579.6000000000458,move_median
219,T1/S01,long,2020-10-22 22:00:00,2020-10-22 22:28:00,2020-10-22 22:27:00,True,2,2,1903.2257497484065,1904.13,0.9042502515935666,2695.570000000468,958.7400000002754,move_median
220,T1/S01,long,2020-11-04 23:18:00,2020-11-04 23:20:00,2020-11-04 23:34:00,True,1,1,1902.74,1903.55,0.8099999999999454,686.0699999999539,440.4399999999846,move_median
221,T1/S01,long,2020-11-04 23:24:00,2020-11-04 23:38:00,2020-11-04 23:38:00,True,1,1,1903.38,1904.2,0.8199999999999363,695.359999999946,568.159999999869,move_median
222,T1/S01,long,2020-11-04 23:42:00,2020-11-05 01:12:00,2020-11-05 01:11:00,True,1,1,1903.66,1905.13,1.4700000000000273,1248.0300000000232,1248.0300000000232,move_median
957,T2/S04,long,2020-11-05 19:00:00,2020-11-05 19:10:00,2020-11-05 19:08:00,True,2,2,1945.0287528344672,1945.85,0.8212471655326681,3983.869999999434,1616.899999999884,move_median
958,T2/S04,long,2020-11-05 19:15:00,2020-11-05 19:17:00,2020-11-05 19:17:00,True,1,1,1946.89,1948.19,1.2999999999999545,1111.4999999999613,521.5499999999145,move_median
959,T2/S04,long,2020-11-05 19:30:00,2020-11-05 19:31:00,2020-11-05 19:30:00,True,1,1,1943.28,1944.05,0.7699999999999818,659.1199999999844,650.5599999999922,move_median
960,T2/S04,long,2020-11-05 19:45:00,2020-11-05 20:04:00,2020-11-05 20:05:00,True,1,1,1947.69,1948.35,0.6599999999998545,565.6199999998753,437.0699999999922,move_median
605,T2/S03,long,2020-11-05 22:00:00,2020-11-05 22:02:00,2020-11-05 22:02:00,True,1,1,1949.71,1950.99,1.2799999999999727,1098.2399999999766,557.699999999883,move_median
606,T2/S03,long,2020-11-05 22:15:00,2020-11-05 22:16:00,2020-11-05 22:15:00,True,1,1,1948.5399999999997,1949.63,1.090000000000373,936.310000000125,936.310000000125,move_median
607,T2/S03,long,2020-11-05 22:30:00,2020-11-05 22:41:00,2020-11-05 22:40:00,True,2,2,1948.9062730254855,1950.26,1.3537269745145295,5364.82000000006,1444.8000000000548,move_median
608,T2/S03,long,2020-11-05 22:45:00,2020-11-05 22:46:00,2020-11-05 22:50:00,True,1,1,1950.69,1951.73,1.0399999999999636,898.5599999999686,509.7599999999293,move_median
223,T1/S01,long,2020-11-11 23:42:00,2020-11-12 01:05:00,2020-11-12 01:05:00,True,1,1,1865.47,1866.51,1.0399999999999636,899.5999999999686,1150.449999999937,move_median
961,T2/S04,long,2020-11-13 19:00:00,2020-11-13 19:09:00,2020-11-13 19:08:00,True,1,1,1891.27,1891.99,0.7200000000000273,624.2400000000237,606.9000000000394,move_median
962,T2/S04,long,2020-11-13 19:15:00,2020-11-13 19:18:00,2020-11-13 19:53:00,True,2,1,1889.7115036976168,1890.72,1.0084963023832643,4909.3600000002025,564.1999999998816,move_median
1585,T6/S12,short,2020-11-19 08:00:00,2020-11-19 08:31:00,2020-11-19 08:30:00,True,1,1,1862.41,1860.97,1.4400000000000546,1249.9200000000474,1145.760000000142,move_median
1586,T6/S12,short,2020-11-19 08:36:00,2020-11-19 08:37:00,2020-11-19 10:08:00,True,2,1,1863.2345325355273,1860.93,2.304532535527187,6162.320000000105,933.0400000001429,move_median
1587,T6/S12,short,2020-11-19 08:48:00,2020-11-19 10:07:00,2020-11-19 10:06:00,True,2,2,1864.1090059790733,1862.41,1.699005979073263,4546.539999999552,2219.959999999968,move_median
224,T1/S01,long,2020-11-19 22:18:00,2020-11-19 22:45:00,2020-11-19 22:44:00,True,1,1,1864.6,1865.44,0.8400000000001455,736.6800000001276,868.230000000008,move_median
225,T1/S01,long,2020-11-19 23:54:00,2020-11-20 03:13:00,2020-11-20 01:27:00,True,2,2,1863.0450993377483,1863.94,0.8949006622517572,2702.6000000000054,1504.8000000000322,move_median
226,T1/S01,long,2020-11-24 23:00:00,2020-11-24 23:51:00,2020-11-24 23:50:00,True,1,1,1807.47,1808.3,0.8299999999999272,732.8899999999358,697.5699999999679,move_median
227,T1/S01,long,2020-11-24 23:54:00,2020-11-25 01:48:00,2020-11-25 01:47:00,True,2,2,1806.3792724867724,1807.53,1.1507275132275936,3479.8000000000397,1096.160000000008,move_median
228,T1/S01,long,2020-12-01 23:48:00,2020-12-02 02:49:00,2020-12-02 02:03:00,True,3,3,1812.2707258354294,1813.06,0.7892741645705428,4393.09999999988,1362.9000000003705,move_median
229,T1/S01,long,2020-12-02 22:00:00,2020-12-02 23:03:00,2020-12-02 23:02:00,True,2,2,1828.5773093430175,1829.67,1.0926906569825405,3309.7599999999093,1502.4100000000485,move_median
609,T2/S03,long,2020-12-02 22:30:00,2020-12-02 23:03:00,2020-12-02 23:02:00,True,1,1,1828.87,1829.67,0.8000000000001819,711.2000000001617,755.6500000001213,move_median
230,T1/S01,long,2020-12-04 22:42:00,2020-12-04 23:06:00,2020-12-04 23:05:00,True,2,2,1836.2116946917242,1837.13,0.9183053082758761,2785.220000000183,964.4400000001381,move_median
231,T1/S01,long,2020-12-04 23:30:00,2020-12-04 23:39:00,2020-12-07 02:08:00,True,3,1,1836.118920179372,1836.92,0.801079820628047,4466.020000000608,464.880000000187,move_median
232,T1/S01,long,2020-12-04 23:42:00,2020-12-07 02:13:00,2020-12-07 02:10:00,True,3,3,1836.2593903532365,1837.3,1.0406096467634143,5803.479999999764,1559.0400000000081,move_median
963,T2/S04,long,2020-12-07 19:00:00,2020-12-07 19:06:00,2020-12-07 19:05:00,True,1,1,1864.48,1865.34,0.8599999999999,773.1399999999101,773.1399999999101,move_median
964,T2/S04,long,2020-12-07 19:15:00,2020-12-07 19:51:00,2020-12-07 19:50:00,True,1,1,1865.6700000000003,1866.34,0.669999999999618,603.6699999998607,603.6699999998607,move_median
610,T2/S03,long,2020-12-07 22:00:00,2020-12-07 22:28:00,2020-12-07 22:27:00,True,1,1,1859.69,1860.76,1.0699999999999363,964.0699999999426,973.0799999999344,move_median
611,T2/S03,long,2020-12-07 22:30:00,2020-12-07 22:37:00,2020-12-07 22:36:00,True,1,1,1861.4999999999998,1862.19,0.6900000000002819,623.0700000000493,623.0700000000493,move_median
612,T2/S03,long,2020-12-07 22:45:00,2020-12-07 22:58:00,2020-12-07 22:58:00,True,1,1,1862.8899999999999,1863.77,0.8800000000001091,796.3999999998931,588.2499999998765,move_median
1588,T6/S12,short,2020-12-28 08:36:00,2020-12-28 10:08:00,2020-12-28 09:10:00,True,3,3,1885.8663317931134,1884.4,1.4663317931133406,9837.619999998908,6339.929999999596,move_median
233,T1/S01,long,2020-12-30 23:24:00,2020-12-30 23:31:00,2020-12-30 23:30:00,True,1,1,1892.25,1893.01,0.7599999999999909,697.6799999999917,716.039999999975,move_median
234,T1/S01,long,2020-12-30 23:36:00,2020-12-31 01:12:00,2020-12-31 01:11:00,True,1,1,1893.68,1894.79,1.1099999999999,1022.3099999999081,1013.0999999999163,move_median
235,T1/S01,long,2021-01-04 23:30:00,2021-01-04 23:34:00,2021-01-04 23:35:00,True,1,1,1942.29,1943.13,0.8400000000001455,775.3200000001343,516.8799999999496,move_median
236,T1/S01,long,2021-01-04 23:36:00,2021-01-05 01:13:00,2021-01-05 01:12:00,True,2,2,1941.9940861618797,1943.56,1.5659138381201956,4797.959999999739,2005.0799999998571,move_median
237,T1/S01,long,2021-01-06 22:18:00,2021-01-06 23:10:00,2021-01-07 01:44:00,True,5,5,1918.9883271262447,1923.7,4.711672873755333,61991.48000000049,5741.120000000076,move_median
1204,T3/S06,short,2021-01-08 23:40:00,2021-01-11 01:12:00,2021-01-11 01:10:00,True,2,2,1852.7194267515924,1849.78,2.939426751592464,9229.800000000248,4892.499999999871,move_median
1352,T5/S09,long,2021-01-11 10:00:00,2021-01-11 10:03:00,2021-01-11 10:02:00,True,1,1,1846.2099999999998,1850.72,4.510000000000218,4329.599999999991,4329.599999999991,move_median
1353,T5/S09,long,2021-01-11 10:12:00,2021-01-11 10:15:00,2021-01-11 11:05:00,True,2,1,1848.2999293286218,1850.8,2.5000706713781256,7782.719999999672,2265.1199999999208,move_median
1354,T5/S09,long,2021-01-11 10:24:00,2021-01-11 10:39:00,2021-01-11 10:40:00,True,1,1,1851.18,1853.72,2.5399999999999636,2471.4199999999646,2091.9499999998675,move_median
1355,T5/S09,long,2021-01-11 10:48:00,2021-01-11 11:08:00,2021-01-11 17:00:00,True,4,2,1839.9724233432244,1843.51,3.5375766567756273,39341.39000000002,4011.3599999999024,move_median
238,T1/S01,long,2021-01-12 22:00:00,2021-01-12 22:37:00,2021-01-12 22:03:00,True,2,6,1853.24856,1854.58,1.3314399999999296,4160.749999999845,9650.00000000001,move_median
1205,T3/S06,short,2021-01-13 23:00:00,2021-01-13 23:03:00,2021-01-13 23:02:00,True,1,1,1848.79,1847.94,0.849999999999909,865.2999999999073,794.0399999999722,move_median
1206,T3/S06,short,2021-01-13 23:10:00,2021-01-13 23:11:00,2021-01-13 23:10:00,True,1,1,1848.49,1847.15,1.3399999999999181,1368.1399999999164,1143.5200000001207,move_median
1207,T3/S06,short,2021-01-13 23:20:00,2021-01-13 23:41:00,2021-01-13 23:40:00,True,1,1,1848.2900000000002,1847.36,0.930000000000291,951.3900000000651,777.4799999999908,move_median
1208,T3/S06,short,2021-01-13 23:50:00,2021-01-14 04:20:00,2021-01-14 04:07:00,True,3,3,1848.649894164339,1847.45,1.1998941643389571,8162.879999999692,1658.8800000001215,move_median
613,T2/S03,long,2021-01-20 22:00:00,2021-01-20 22:08:00,2021-01-20 22:08:00,True,1,1,1868.23,1869.02,0.7899999999999636,812.1199999999625,647.6399999998785,move_median
614,T2/S03,long,2021-01-22 22:00:00,2021-01-22 22:03:00,2021-01-22 22:04:00,True,1,1,1855.77,1856.48,0.7100000000000364,730.5900000000373,524.7899999999906,move_median
615,T2/S03,long,2021-01-22 22:15:00,2021-01-22 22:18:00,2021-01-22 22:19:00,True,1,1,1855.29,1856.33,1.0399999999999636,1071.1999999999628,566.4999999999532,move_median
616,T2/S03,long,2021-01-22 22:30:00,2021-01-25 01:05:00,2021-01-22 23:53:00,True,3,3,1854.1745212178578,1854.95,0.7754787821422724,4915.7600000007815,10206.900000000096,move_median
1589,T6/S12,short,2021-01-26 09:48:00,2021-01-26 09:58:00,2021-01-26 10:42:00,True,3,1,1855.217899037059,1853.69,1.5278990370588872,10472.219999999885,1083.559999999971,move_median
1356,T5/S09,long,2021-01-29 13:48:00,2021-01-29 14:08:00,2021-01-29 14:08:00,True,1,1,1863.05,1866.27,3.2200000000000273,3393.8800000000283,2403.1199999999712,move_median
1590,T6/S12,short,2021-02-02 09:36:00,2021-02-02 09:47:00,2021-02-02 09:46:00,True,2,2,1851.4230723523242,1849.87,1.5530723523243068,4443.340000000297,2753.3999999999032,move_median
1591,T6/S12,short,2021-02-04 08:12:00,2021-02-04 16:04:00,2021-02-04 10:09:00,True,4,4,1822.9260276911075,1821.22,1.7060276911074652,17497.019999999815,83747.43999999957,move_median
239,T1/S01,long,2021-02-04 22:00:00,2021-02-05 10:11:00,2021-02-05 01:05:00,True,2,2,1794.1320759193356,1795.15,1.017924080664443,3432.440000000284,28656.319999999992,move_median
965,T2/S04,long,2021-02-08 19:00:00,2021-02-09 02:55:00,2021-02-09 02:54:00,True,5,6,1832.941650182197,1833.86,0.9183498178028913,15877.349999997241,5014.209999998957,move_median
1209,T3/S06,short,2021-02-11 23:00:00,2021-02-11 23:05:00,2021-02-12 01:31:00,True,1,1,1826.3,1825.19,1.1099999999999,1441.88999999987,714.4499999999409,move_median
1210,T3/S06,short,2021-02-11 23:10:00,2021-02-11 23:50:00,2021-02-11 23:51:00,True,1,1,1826.38,1825.53,0.8500000000001364,1105.0000000001774,806.0000000001537,move_median
966,T2/S04,long,2021-02-22 19:00:00,2021-02-22 19:09:00,2021-02-22 19:08:00,True,1,1,1811.59,1812.31,0.7200000000000273,937.4400000000355,885.3600000000828,move_median
967,T2/S04,long,2021-02-22 19:15:00,2021-02-22 19:17:00,2021-02-22 20:08:00,True,2,1,1809.3915384615386,1810.35,0.9584615384612789,5083.679999999034,691.1199999999644,move_median
968,T2/S04,long,2021-02-22 19:30:00,2021-02-22 20:06:00,2021-02-22 20:04:00,True,2,2,1808.7496889726674,1809.57,0.8203110273325365,4351.7499999997,1605.1500000003207,move_median
1592,T6/S12,short,2021-02-26 08:00:00,2021-02-26 08:14:00,2021-02-26 08:13:00,True,2,2,1761.829961414791,1759.92,1.9099614147908142,5939.979999999699,4407.959999999857,move_median
1211,T3/S06,short,2021-03-01 23:00:00,2021-03-02 01:21:00,2021-03-02 01:20:00,True,1,1,1723.6,1722.74,0.8599999999999,1132.6199999998682,777.0299999998922,move_median
1212,T3/S06,short,2021-03-03 23:30:00,2021-03-03 23:38:00,2021-03-03 23:44:00,True,1,1,1714.45,1713.25,1.2000000000000455,1582.80000000006,699.069999999964,move_median
1213,T3/S06,short,2021-03-03 23:40:00,2021-03-03 23:48:00,2021-03-03 23:47:00,True,1,1,1713.82,1712.79,1.0299999999999727,1359.599999999964,1108.799999999892,move_median
1214,T3/S06,short,2021-03-03 23:50:00,2021-03-04 01:05:00,2021-03-04 01:13:00,True,1,1,1711.92,1710.92,1.0,1322.0,1282.340000000036,move_median
1215,T3/S06,short,2021-03-04 23:30:00,2021-03-04 23:46:00,2021-03-04 23:48:00,True,1,1,1699.5999999999997,1698.47,1.1299999999996544,1497.2499999998433,808.2499999998674,move_median
1216,T3/S06,short,2021-03-04 23:50:00,2021-03-05 01:06:00,2021-03-05 01:05:00,True,1,1,1698.33,1696.65,1.6799999999998363,2227.679999999783,2134.8599999998673,move_median
1593,T6/S12,short,2021-03-08 09:48:00,2021-03-08 09:54:00,2021-03-08 09:54:00,True,1,1,1699.03,1697.5,1.5299999999999727,2036.4299999999637,1424.1699999999153,move_median
969,T2/S04,long,2021-03-09 19:30:00,2021-03-09 19:40:00,2021-03-09 19:40:00,True,1,1,1716.3499999999997,1717.02,0.6700000000003001,893.7800000000971,733.7000000002427,move_median
970,T2/S04,long,2021-03-09 19:45:00,2021-03-09 20:03:00,2021-03-09 20:02:00,True,1,1,1718.0,1718.72,0.7200000000000273,961.2000000000364,1041.2999999999636,move_median
1594,T6/S12,short,2021-03-12 09:24:00,2021-03-12 11:19:00,2021-03-12 09:38:00,True,2,2,1709.9696177126473,1708.05,1.919617712647323,6025.679999999938,13851.31999999956,move_median
240,T1/S01,long,2021-03-12 22:00:00,2021-03-12 23:40:00,2021-03-12 22:39:00,True,1,1,1722.5399999999997,1723.34,0.8000000000001819,1091.999999999938,3644.5500000000998,move_median
617,T2/S03,long,2021-03-12 22:00:00,2021-03-12 23:40:00,2021-03-12 22:39:00,True,1,1,1722.5399999999997,1723.34,0.8000000000001819,1091.999999999938,3644.5500000000998,move_median
241,T1/S01,long,2021-03-12 23:54:00,2021-03-15 02:06:00,2021-03-15 00:46:00,True,1,2,1726.88,1727.75,0.8699999999998909,1198.8599999998496,1502.0199999995739,move_median
242,T1/S01,long,2021-03-15 22:48:00,2021-03-16 03:06:00,2021-03-16 03:05:00,True,2,2,1730.5995968199886,1731.82,1.220403180011317,4298.259999999811,2888.379999999887,move_median
618,T2/S03,long,2021-03-19 22:15:00,2021-03-19 22:25:00,2021-03-19 22:26:00,True,1,1,1742.18,1743.07,0.8899999999998727,1235.3199999998233,805.0399999998991,move_median
619,T2/S03,long,2021-03-19 22:30:00,2021-03-19 22:38:00,2021-03-19 22:38:00,True,1,1,1742.85,1743.53,0.6800000000000637,945.2000000000885,986.9000000000506,move_median
620,T2/S03,long,2021-03-19 22:45:00,2021-03-22 05:00:00,2021-03-22 05:26:00,True,7,5,1739.171993254562,1740.11,0.9380067454378604,20997.74999999784,4398.7199999997965,move_median
971,T2/S04,long,2021-03-31 19:00:00,2021-03-31 19:07:00,2021-03-31 19:06:00,True,1,1,1708.16,1709.06,0.8999999999998636,1260.8999999998089,1218.869999999847,move_median
972,T2/S04,long,2021-03-31 19:15:00,2021-03-31 19:18:00,2021-03-31 19:17:00,True,1,1,1709.17,1709.83,0.6599999999998545,925.9799999997957,954.0399999997703,move_median
973,T2/S04,long,2021-03-31 19:30:00,2021-03-31 19:31:00,2021-03-31 19:31:00,True,1,1,1708.71,1709.66,0.9500000000000455,1334.750000000064,828.9499999998851,move_median
974,T2/S04,long,2021-03-31 19:45:00,2021-03-31 19:55:00,2021-03-31 19:56:00,True,1,1,1710.7699999999998,1711.97,1.2000000000002728,1688.400000000064,858.2700000001792,move_median
621,T2/S03,long,2021-03-31 22:00:00,2021-03-31 22:01:00,2021-03-31 22:00:00,True,1,1,1707.8699999999997,1708.66,0.7900000000004184,1112.320000000269,1084.1600000002945,move_median
622,T2/S03,long,2021-03-31 22:15:00,2021-03-31 22:23:00,2021-03-31 23:34:00,True,2,1,1707.0036184356304,1707.79,0.7863815643695489,3548.9399999996585,902.400000000141,move_median
623,T2/S03,long,2021-03-31 22:30:00,2021-03-31 22:40:00,2021-03-31 22:39:00,True,1,1,1707.38,1708.12,0.7399999999997817,1044.8799999996916,931.9199999997945,move_median
624,T2/S03,long,2021-03-31 22:45:00,2021-03-31 23:35:00,2021-03-31 23:34:00,True,2,2,1706.9265153863182,1707.79,0.8634846136817487,3900.3599999996586,1583.679999999846,move_median
975,T2/S04,long,2021-04-06 19:00:00,2021-04-06 21:25:00,2021-04-06 19:21:00,True,2,3,1743.8917777367546,1744.68,0.7882222632454159,4269.800000000019,2919.0199999999227,move_median
976,T2/S04,long,2021-04-08 19:00:00,2021-04-08 19:09:00,2021-04-08 19:08:00,True,1,1,1755.7400000000002,1756.4,0.6599999999998545,939.1800000001165,939.1800000001165,move_median
977,T2/S04,long,2021-04-08 19:15:00,2021-04-08 19:16:00,2021-04-08 19:19:00,True,1,1,1756.64,1757.32,0.6799999999998363,968.9999999997667,797.9999999999222,move_median
978,T2/S04,long,2021-04-08 19:30:00,2021-04-08 22:55:00,2021-04-08 23:13:00,True,2,2,1755.6854118297404,1756.57,0.8845881702595761,4800.659999999532,71.35000000025957,move_median
625,T2/S03,long,2021-04-08 22:00:00,2021-04-08 23:18:00,2021-04-08 22:59:00,True,1,1,1755.07,1755.81,0.7400000000000091,1055.980000000013,2383.090000000104,move_median
979,T2/S04,long,2021-04-13 19:00:00,2021-04-13 19:14:00,2021-04-13 19:15:00,True,1,1,1743.87,1745.12,1.25,1789.9999999999998,744.6400000002996,move_median
980,T2/S04,long,2021-04-15 19:00:00,2021-04-15 19:01:00,2021-04-15 19:00:00,True,1,1,1766.66,1768.24,1.5799999999999272,2264.1399999998957,2421.7699999997526,move_median
981,T2/S04,long,2021-04-15 19:15:00,2021-04-15 19:17:00,2021-04-15 21:07:00,True,2,1,1766.9459838175799,1767.75,0.8040161824201277,4372.239999999917,762.1399999999608,move_median
982,T2/S04,long,2021-04-15 19:30:00,2021-04-16 03:04:00,2021-04-15 21:07:00,True,2,6,1766.9356444199302,1767.75,0.8143555800697868,4429.279999999864,8441.559999999554,move_median
626,T2/S03,long,2021-04-15 22:00:00,2021-04-16 03:04:00,2021-04-16 03:01:00,True,3,3,1764.982175781829,1765.71,0.7278242181710084,4910.629999999822,-647.5500000000652,move_median
627,T2/S03,long,2021-04-20 22:15:00,2021-04-20 23:35:00,2021-04-20 23:27:00,True,2,2,1778.2490566037739,1778.99,0.7409433962261573,3377.2199999997947,1585.950000000212,move_median
983,T2/S04,long,2021-04-21 19:30:00,2021-04-21 19:33:00,2021-04-21 20:00:00,True,2,1,1790.5615207035546,1791.67,1.1084792964454664,6050.080000000533,787.319999999947,move_median
984,T2/S04,long,2021-04-21 19:45:00,2021-04-21 19:51:00,2021-04-21 19:50:00,True,1,1,1791.34,1792.11,0.7699999999999818,1124.1999999999734,1124.1999999999734,move_median
243,T1/S01,long,2021-04-22 23:18:00,2021-04-22 23:46:00,2021-04-22 23:46:00,True,1,1,1783.57,1784.39,0.8200000000001637,1198.8400000002393,979.5400000001063,move_median
244,T1/S01,long,2021-04-29 22:00:00,2021-04-29 22:07:00,2021-04-29 22:44:00,True,1,1,1773.4200000000003,1774.37,0.9499999999995907,1390.7999999997337,761.2799999999734,move_median
245,T1/S01,long,2021-04-29 22:12:00,2021-04-29 22:42:00,2021-04-29 22:44:00,True,1,1,1773.3699999999997,1774.37,1.0000000000002274,1465.0,922.9500000001599,move_median
246,T1/S01,long,2021-04-29 22:48:00,2021-04-30 02:45:00,2021-04-30 02:37:00,True,3,3,1772.4961385816525,1773.23,0.7338614183474874,4511.779999999823,2449.889999999774,move_median
985,T2/S04,long,2021-05-03 19:00:00,2021-05-03 19:05:00,2021-05-03 19:04:00,True,1,1,1792.47,1793.17,0.7000000000000455,1030.400000000067,1000.9600000000937,move_median
986,T2/S04,long,2021-05-03 19:15:00,2021-05-03 19:19:00,2021-05-03 19:19:00,True,1,1,1792.88,1793.81,0.9299999999998363,1370.8199999997587,751.7399999999866,move_median
987,T2/S04,long,2021-05-03 19:30:00,2021-05-03 19:32:00,2021-05-03 19:33:00,True,1,1,1793.37,1794.38,1.0100000000002183,1490.7600000003222,826.5600000002551,move_median
988,T2/S04,long,2021-05-03 19:45:00,2021-05-03 21:48:00,2021-05-03 21:44:00,True,2,2,1792.3254117217455,1793.2,0.8745882782545777,4790.120000000428,1713.3200000001207,move_median
628,T2/S03,long,2021-05-03 22:00:00,2021-05-03 22:04:00,2021-05-03 23:33:00,True,1,1,1792.29,1792.97,0.6800000000000637,1007.0800000000943,992.2700000001078,move_median
247,T1/S01,long,2021-05-05 23:30:00,2021-05-05 23:34:00,2021-05-05 23:34:00,True,1,1,1786.67,1787.46,0.7899999999999636,1171.569999999946,1067.7600000000405,move_median
248,T1/S01,long,2021-05-05 23:36:00,2021-05-06 04:16:00,2021-05-06 04:15:00,True,4,4,1784.4810216271885,1785.61,1.128978372811389,10962.379999998913,3430.3499999992437,move_median
989,T2/S04,long,2021-05-06 19:00:00,2021-05-06 19:06:00,2021-05-06 19:08:00,True,1,1,1814.37,1815.11,0.7400000000000091,1104.0800000000136,925.0400000001765,move_median
990,T2/S04,long,2021-05-06 19:15:00,2021-05-06 20:48:00,2021-05-06 20:26:00,True,2,2,1814.5028139788865,1815.41,0.9071860211136027,4984.080000000245,1942.2000000002718,move_median
629,T2/S03,long,2021-05-06 22:00:00,2021-05-06 22:35:00,2021-05-06 22:35:00,True,1,1,1814.03,1814.95,0.9200000000000728,1377.240000000109,913.1700000001906,move_median
630,T2/S03,long,2021-05-06 22:45:00,2021-05-06 23:00:00,2021-05-06 23:35:00,True,1,1,1814.79,1815.56,0.7699999999999818,1154.2299999999727,809.4599999999455,move_median
249,T1/S01,long,2021-05-11 22:54:00,2021-05-12 13:13:00,2021-05-12 09:30:00,True,7,7,1831.3261353327778,1832.92,1.5938646672223058,34437.0400000018,26462.629999999823,move_median
991,T2/S04,long,2021-05-13 19:45:00,2021-05-13 19:46:00,2021-05-13 19:48:00,True,1,1,1826.35,1827.14,0.790000000000191,1226.8700000002966,869.6800000002684,move_median
631,T2/S03,long,2021-05-13 22:00:00,2021-05-13 22:03:00,2021-05-13 22:02:00,True,1,1,1825.51,1826.74,1.2300000000000182,1913.8800000000283,1913.8800000000283,move_median
632,T2/S03,long,2021-05-13 22:15:00,2021-05-13 22:17:00,2021-05-13 22:17:00,True,1,1,1825.01,1825.71,0.7000000000000455,1091.300000000071,873.0399999999148,move_median
633,T2/S03,long,2021-05-13 22:30:00,2021-05-13 23:15:00,2021-05-13 23:14:00,True,1,1,1827.13,1827.86,0.7299999999997908,1139.5299999996735,1139.5299999996735,move_median
1357,T5/S09,long,2021-05-14 10:00:00,2021-05-14 12:12:00,2021-05-14 15:13:00,True,1,1,1834.82,1837.34,2.519999999999982,3938.7599999999716,3188.519999999943,move_median
250,T1/S01,long,2021-05-14 22:00:00,2021-05-14 22:14:00,2021-05-14 22:14:00,True,1,1,1841.79,1843.07,1.2799999999999727,2009.599999999957,1083.3000000000857,move_median
251,T1/S01,long,2021-05-14 22:18:00,2021-05-14 22:59:00,2021-05-14 23:45:00,True,1,1,1842.79,1843.76,0.9700000000000273,1524.840000000043,1163.2800000000143,move_median
252,T1/S01,long,2021-05-14 23:00:00,2021-05-14 23:40:00,2021-05-14 23:12:00,True,2,8,1841.7716059757236,1842.73,0.9583940242764584,2052.880000000078,6221.54000000043,move_median
1288,T4/S08,long,2021-05-17 06:10:00,2021-05-17 08:07:00,2021-05-17 08:09:00,True,1,1,1852.06,1853.94,1.8800000000001091,2987.3200000001734,2399.389999999986,move_median
1289,T4/S08,long,2021-05-17 08:10:00,2021-05-17 16:33:00,2021-05-17 16:30:00,True,5,6,1849.2035566982113,1850.74,1.5364433017887222,14043.860000000037,16344.180000001072,move_median
992,T2/S04,long,2021-05-17 19:45:00,2021-05-17 19:49:00,2021-05-17 19:50:00,True,1,1,1866.9,1867.56,0.6599999999998545,1073.1599999997634,959.339999999867,move_median
634,T2/S03,long,2021-05-17 22:00:00,2021-05-18 01:09:00,2021-05-18 01:08:00,True,2,2,1865.9612280701754,1866.82,0.8587719298245702,4062.849999999463,1741.9599999998968,move_median
993,T2/S04,long,2021-05-25 19:45:00,2021-05-25 19:52:00,2021-05-25 19:51:00,True,1,1,1893.7,1894.46,0.7599999999999909,1244.119999999985,1260.4899999999702,move_median
253,T1/S01,long,2021-05-25 22:00:00,2021-05-25 23:03:00,2021-05-26 03:15:00,True,2,1,1898.6636577624963,1899.64,0.9763422375037862,3691.5500000004213,1033.829999999806,move_median
635,T2/S03,long,2021-05-25 22:00:00,2021-05-25 23:03:00,2021-05-25 23:22:00,True,1,1,1899.49,1900.21,0.7200000000000273,1181.5200000000448,1033.829999999806,move_median
254,T1/S01,long,2021-05-25 23:06:00,2021-05-26 03:23:00,2021-05-26 03:23:00,True,2,2,1899.1979920739766,1899.97,0.7720079260234343,2922.050000000262,2023.3500000004042,move_median
255,T1/S01,long,2021-05-27 22:00:00,2021-05-27 22:13:00,2021-05-27 22:13:00,True,1,1,1897.76,1898.52,0.7599999999999909,1252.479999999985,972.3199999998652,move_median
256,T1/S01,long,2021-05-27 22:18:00,2021-05-28 02:44:00,2021-05-28 02:38:00,True,2,4,1896.7520998600094,1897.76,1.0079001399906247,2159.9299999999803,-3935.3000000001657,move_median
257,T1/S01,long,2021-05-28 22:48:00,2021-05-28 22:53:00,2021-05-28 22:55:00,True,1,1,1903.83,1904.8,0.9700000000000273,1633.480000000046,943.040000000291,move_median
258,T1/S01,long,2021-05-28 22:54:00,2021-05-31 03:09:00,2021-05-31 03:08:00,True,2,2,1903.6294772608467,1904.53,0.9005227391533026,3445.3999999997855,2663.8799999998773,move_median
994,T2/S04,long,2021-06-02 19:00:00,2021-06-02 19:03:00,2021-06-02 19:02:00,True,1,1,1905.48,1906.17,0.6900000000000546,1166.7900000000923,1166.7900000000923,move_median
995,T2/S04,long,2021-06-02 19:15:00,2021-06-02 19:45:00,2021-06-02 19:55:00,True,1,1,1905.96,1906.62,0.6599999999998545,1117.3799999997536,897.2899999999537,move_median
259,T1/S01,long,2021-06-02 22:12:00,2021-06-02 22:54:00,2021-06-02 22:54:00,True,1,1,1907.97,1908.94,0.9700000000000273,1644.1500000000462,1203.4500000000617,move_median
1595,T6/S12,short,2021-06-03 08:48:00,2021-06-03 15:34:00,2021-06-03 09:09:00,True,1,1,1900.97,1899.4,1.5699999999999363,2665.859999999892,27762.300000000232,move_median
996,T2/S04,long,2021-06-04 19:00:00,2021-06-04 22:13:00,2021-06-04 21:39:00,True,3,3,1890.8776007382344,1891.56,0.6823992617655676,6655.43999999974,3172.929999999905,move_median
997,T2/S04,long,2021-06-07 19:15:00,2021-06-07 19:39:00,2021-06-07 19:38:00,True,1,1,1894.64,1895.29,0.6499999999998636,1143.99999999976,1143.99999999976,move_median
998,T2/S04,long,2021-06-07 19:45:00,2021-06-07 20:18:00,2021-06-07 20:22:00,True,1,1,1895.17,1895.89,0.7200000000000273,1268.6400000000483,1021.9599999998719,move_median
260,T1/S01,long,2021-06-07 22:00:00,2021-06-07 22:13:00,2021-06-07 22:17:00,True,1,1,1898.87,1899.71,0.8400000000001455,1481.7600000002567,1058.4000000002407,move_median
636,T2/S03,long,2021-06-07 22:00:00,2021-06-07 22:13:00,2021-06-07 22:17:00,True,1,1,1898.87,1899.71,0.8400000000001455,1481.7600000002567,1058.4000000002407,move_median
637,T2/S03,long,2021-06-07 22:15:00,2021-06-08 03:43:00,2021-06-08 03:42:00,True,1,2,1899.59,1900.41,0.8200000000001637,3.280000000000585,1449.7600000002894,move_median
261,T1/S01,long,2021-06-07 22:18:00,2021-06-08 03:43:00,2021-06-08 03:58:00,True,1,2,1899.85,1900.91,1.0600000000001728,4.240000000000601,1836.8000000003376,move_median
262,T1/S01,long,2021-06-10 22:12:00,2021-06-10 22:16:00,2021-06-10 22:16:00,True,1,1,1896.72,1897.61,0.8899999999998727,1584.1999999997734,1335.0000000000002,move_median
263,T1/S01,long,2021-06-10 22:18:00,2021-06-10 22:22:00,2021-06-10 22:24:00,True,1,1,1897.6799999999998,1899.2,1.5200000000002092,2708.6399999999676,997.9199999999028,move_median
264,T1/S01,long,2021-06-10 22:24:00,2021-06-10 22:25:00,2021-06-10 22:24:00,True,1,1,1898.31,1899.2,0.8900000000001,1588.6500000001786,1410.149999999935,move_median
265,T1/S01,long,2021-06-10 22:30:00,2021-06-10 23:44:00,2021-06-10 23:44:00,True,1,1,1898.67,1899.55,0.8799999999998818,1572.5599999997887,1215.1599999997075,move_median
266,T1/S01,long,2021-06-10 23:48:00,2021-06-11 01:35:00,2021-06-11 01:32:00,True,2,4,1898.0213818860877,1898.78,0.7586181139122345,1624.9599999999803,4559.049999999919,move_median
1217,T3/S06,short,2021-06-11 23:00:00,2021-06-11 23:17:00,2021-06-11 23:18:00,True,1,1,1876.5999999999997,1875.62,0.9799999999997908,1764.980000000033,972.5399999999345,move_median
1218,T3/S06,short,2021-06-11 23:20:00,2021-06-14 01:54:00,2021-06-14 01:54:00,True,1,1,1875.7199999999998,1874.81,0.9099999999998545,1640.7300000001478,1316.190000000033,move_median
638,T2/S03,long,2021-06-14 22:00:00,2021-06-14 22:19:00,2021-06-14 22:21:00,True,1,1,1864.65,1865.59,0.9399999999998272,1696.6999999996883,956.6499999999508,move_median
639,T2/S03,long,2021-06-14 22:30:00,2021-06-14 23:01:00,2021-06-15 01:07:00,True,1,1,1865.64,1866.67,1.0299999999999727,1861.2099999999507,1011.9199999999014,move_median
267,T1/S01,long,2021-06-14 23:18:00,2021-06-15 01:12:00,2021-06-15 01:33:00,True,1,1,1866.24,1867.04,0.7999999999999545,1447.9999999999177,977.3999999999342,move_median
268,T1/S01,long,2021-06-15 23:30:00,2021-06-16 07:30:00,2021-06-16 01:37:00,True,1,1,1858.88,1859.87,0.9899999999997817,1793.8799999996047,833.519999999654,move_median
1219,T3/S06,short,2021-06-16 23:00:00,2021-06-16 23:23:00,2021-06-16 23:22:00,True,1,1,1828.18,1827.08,1.1000000000001364,2010.8000000002494,1901.1199999999335,move_median
1220,T3/S06,short,2021-06-16 23:30:00,2021-06-16 23:31:00,2021-06-16 23:30:00,True,1,1,1824.4699999999998,1821.91,2.559999999999718,4689.9199999999,4689.9199999999,move_median
1221,T3/S06,short,2021-06-16 23:40:00,2021-06-16 23:41:00,2021-06-16 23:41:00,True,1,1,1820.3199999999997,1814.88,5.4399999999996,10020.479999999683,1086.7799999998492,move_median
1222,T3/S06,short,2021-06-16 23:50:00,2021-06-16 23:52:00,2021-06-16 23:51:00,True,1,1,1811.6900000000003,1808.04,3.6500000000003183,6734.250000000167,6642.000000000252,move_median
1596,T6/S12,short,2021-06-17 09:48:00,2021-06-17 10:09:00,2021-06-17 10:11:00,True,1,1,1813.75,1811.83,1.9200000000000728,3565.440000000135,2079.8399999997973,move_median
269,T1/S01,long,2021-06-25 23:18:00,2021-06-25 23:49:00,2021-06-25 23:51:00,True,1,1,1780.1799999999998,1780.94,0.7600000000002183,1415.119999999983,968.2399999999662,move_median
270,T1/S01,long,2021-06-25 23:54:00,2021-06-28 01:24:00,2021-06-28 01:36:00,True,1,1,1781.01,1781.81,0.7999999999999545,1491.1999999999152,1081.1199999998644,move_median
640,T2/S03,long,2021-06-30 22:00:00,2021-06-30 22:28:00,2021-06-30 22:27:00,True,1,1,1769.47,1770.33,0.8599999999999,1604.7599999998133,1567.4399999998473,move_median
641,T2/S03,long,2021-06-30 22:30:00,2021-06-30 22:38:00,2021-06-30 22:41:00,True,1,1,1770.46,1771.23,0.7699999999999818,1439.1299999999662,990.5699999999491,move_median
271,T1/S01,long,2021-06-30 22:42:00,2021-07-01 08:46:00,2021-07-01 04:13:00,True,4,4,1768.4640263470683,1769.83,1.3659736529316433,13790.869999998738,57813.900000000176,move_median
642,T2/S03,long,2021-06-30 22:45:00,2021-07-01 08:46:00,2021-07-01 04:13:00,True,4,4,1768.585307988882,1769.83,1.244692011117877,13882.049999998924,57102.9200000004,move_median
272,T1/S01,long,2021-07-01 22:48:00,2021-07-02 10:19:00,2021-07-01 23:41:00,True,1,2,1776.19,1776.95,0.7599999999999909,1596.7599999999811,3193.5199999994843,move_median
273,T1/S01,long,2021-07-02 22:00:00,2021-07-02 22:05:00,2021-07-02 22:05:00,True,1,1,1790.09,1790.94,0.8500000000001364,1791.8000000002874,1370.2000000001917,move_median
274,T1/S01,long,2021-07-02 22:06:00,2021-07-05 04:36:00,2021-07-05 04:19:00,True,4,4,1788.15923560716,1789.04,0.8807643928398647,9102.699999999466,7047.399999999347,move_median
1358,T5/S09,long,2021-07-06 10:24:00,2021-07-06 10:54:00,2021-07-06 10:53:00,True,1,1,1806.14,1808.75,2.6099999999999,5543.6399999997875,5564.879999999768,move_median
1359,T5/S09,long,2021-07-06 11:00:00,2021-07-06 14:48:00,2021-07-06 14:48:00,True,1,1,1807.4699999999998,1810.18,2.7100000000002638,5788.560000000078,4613.760000000175,move_median
1360,T5/S09,long,2021-07-08 11:48:00,2021-07-08 13:46:00,2021-07-08 13:45:00,True,2,2,1810.4,1812.96,2.5599999999999454,10982.400000000252,9030.450000000077,move_median
275,T1/S01,long,2021-07-08 23:12:00,2021-07-09 02:49:00,2021-07-09 01:23:00,True,2,1,1802.5790890076687,1803.41,0.8309109923313827,3575.4100000006456,1449.2100000001574,move_median
643,T2/S03,long,2021-07-09 22:00:00,2021-07-12 04:03:00,2021-07-12 04:07:00,True,4,5,1809.1689281970653,1810.57,1.4010718029346663,16039.46999999903,5523.299999999409,move_median
276,T1/S01,long,2021-07-19 23:30:00,2021-07-19 23:34:00,2021-07-19 23:34:00,True,1,1,1811.7,1812.5,0.7999999999999545,1741.599999999901,1436.8199999996832,move_median
277,T1/S01,long,2021-07-19 23:36:00,2021-07-19 23:48:00,2021-07-20 03:04:00,True,2,1,1811.7618055555552,1812.62,0.8581944444447345,3707.399999999547,1286.1999999998216,move_median
278,T1/S01,long,2021-07-19 23:54:00,2021-07-20 03:05:00,2021-07-20 03:04:00,True,2,2,1811.777288292457,1812.62,0.8427117075430033,3642.1999999996065,3796.6799999995233,move_median
1223,T3/S06,short,2021-07-30 23:00:00,2021-07-30 23:02:00,2021-07-30 23:01:00,True,1,1,1814.3899999999999,1813.53,0.8599999999999,1883.4000000002789,1554.9000000000794,move_median
1224,T3/S06,short,2021-07-30 23:10:00,2021-08-02 02:24:00,2021-08-02 02:33:00,True,1,1,1813.6,1812.68,0.9199999999998454,2017.559999999661,1381.5899999997407,move_median
999,T2/S04,long,2021-08-11 19:00:00,2021-08-11 20:03:00,2021-08-11 19:48:00,True,3,3,1749.3090584542958,1750.27,0.960941545704145,9797.759999999917,11155.68000000034,move_median
644,T2/S03,long,2021-08-11 22:00:00,2021-08-11 22:13:00,2021-08-11 22:14:00,True,1,1,1751.56,1752.26,0.7000000000000455,1552.6000000001009,1153.3599999999597,move_median
645,T2/S03,long,2021-08-11 22:15:00,2021-08-11 22:59:00,2021-08-12 02:56:00,True,2,1,1751.3739752019537,1752.12,0.7460247980461645,3971.0899999994117,1132.1999999999798,move_median
1000,T2/S04,long,2021-08-13 19:00:00,2021-08-13 19:02:00,2021-08-13 19:01:00,True,1,1,1776.73,1777.6,0.8699999999998909,1934.0099999997574,1934.0099999997574,move_median
1001,T2/S04,long,2021-08-13 19:15:00,2021-08-13 21:11:00,2021-08-13 21:10:00,True,2,2,1777.3686957918405,1778.48,1.1113042081594813,6918.980000000477,2381.8199999998583,move_median
646,T2/S03,long,2021-08-13 22:00:00,2021-08-13 22:21:00,2021-08-13 22:48:00,True,1,1,1776.99,1777.96,0.9700000000000273,2164.0700000000606,1160.1199999999594,move_median
647,T2/S03,long,2021-08-13 22:30:00,2021-08-13 22:49:00,2021-08-13 22:48:00,True,1,1,1777.15,1777.96,0.8099999999999454,1808.7299999998781,1831.0599999998576,move_median
279,T1/S01,long,2021-08-16 22:54:00,2021-08-17 04:05:00,2021-08-17 04:05:00,True,2,2,1787.2266209732693,1788.38,1.1533790267308177,5048.3400000003185,2617.2899999996544,move_median
280,T1/S01,long,2021-08-25 22:00:00,2021-08-26 14:09:00,2021-08-26 13:52:00,True,6,6,1787.3595835831468,1788.15,0.7904164168533043,14501.770000002047,7577.959999998717,move_median
648,T2/S03,long,2021-08-26 22:45:00,2021-08-26 22:56:00,2021-08-27 01:20:00,True,1,1,1792.2,1793.06,0.8599999999999,1941.8799999997739,1196.7399999999384,move_median
649,T2/S03,long,2021-08-27 22:45:00,2021-08-27 22:52:00,2021-08-27 22:58:00,True,1,1,1818.16,1818.9,0.7400000000000091,1672.4000000000206,1152.5999999999794,move_median
281,T1/S01,long,2021-08-27 23:06:00,2021-08-30 03:21:00,2021-08-30 03:21:00,True,1,1,1818.47,1819.35,0.8799999999998818,1990.5599999997328,1696.5,move_median
1002,T2/S04,long,2021-09-03 19:00:00,2021-09-03 19:49:00,2021-09-03 19:49:00,True,1,1,1829.34,1830.14,0.8000000000001819,1828.0000000004159,1233.9000000004364,move_median
1597,T6/S12,short,2021-09-07 08:24:00,2021-09-07 11:09:00,2021-09-07 08:30:00,True,1,1,1820.8000000000002,1818.87,1.930000000000291,4413.910000000145,12372.669999999669,move_median
1225,T3/S06,short,2021-09-10 23:00:00,2021-09-13 01:06:00,2021-09-13 03:06:00,True,1,1,1787.89,1786.45,1.4400000000000546,3329.2800000001266,1202.2400000004836,move_median
282,T1/S01,long,2021-09-20 23:18:00,2021-09-21 04:57:00,2021-09-21 04:57:00,True,2,2,1764.5958361391697,1765.62,1.0241638608301855,4562.649999999782,3912.350000000126,move_median
1003,T2/S04,long,2021-09-21 19:00:00,2021-09-21 19:41:00,2021-09-21 19:40:00,True,2,2,1776.265811452072,1777.19,0.9241885479279972,5842.720000000525,2391.6599999999366,move_median
1004,T2/S04,long,2021-09-21 19:45:00,2021-09-21 20:30:00,2021-09-21 20:29:00,True,1,1,1776.95,1777.75,0.7999999999999545,1861.5999999998942,1838.3299999999153,move_median
1226,T3/S06,short,2021-09-23 23:50:00,2021-09-24 15:23:00,2021-09-24 15:22:00,True,6,6,1749.8299868138165,1748.24,1.5899868138164948,27733.344999999994,13333.320000000593,move_median
1005,T2/S04,long,2021-09-30 19:00:00,2021-09-30 19:04:00,2021-09-30 19:03:00,True,1,1,1758.0,1758.69,0.6900000000000546,1627.0200000001284,1556.2800000001928,move_median
1006,T2/S04,long,2021-09-30 19:15:00,2021-09-30 19:22:00,2021-09-30 19:22:00,True,1,1,1757.97,1758.84,0.8699999999998909,2054.0699999997423,1558.2600000001933,move_median
1007,T2/S04,long,2021-09-30 19:30:00,2021-09-30 19:31:00,2021-09-30 19:30:00,True,1,1,1758.1600000000003,1758.81,0.6499999999996362,1536.5999999996775,1536.5999999996775,move_median
1008,T2/S04,long,2021-09-30 19:45:00,2021-09-30 22:02:00,2021-09-30 22:01:00,True,3,4,1756.887387865342,1757.88,0.9926121346582022,10290.410000000516,-3455.8199999995477,move_median
650,T2/S03,long,2021-09-30 22:00:00,2021-09-30 23:11:00,2021-09-30 22:01:00,True,1,6,1756.8799999999999,1757.88,1.0000000000002274,9.999999999999432,-4396.620000000301,move_median
1009,T2/S04,long,2021-10-01 02:18:00,2021-10-01 04:46:00,2021-10-01 04:12:00,True,3,3,1752.475456297581,1753.19,0.7145437024189505,7414.820000000558,21725.779999999697,move_median
1010,T2/S04,long,2021-10-04 19:30:00,2021-10-04 19:40:00,2021-10-04 19:44:00,True,1,1,1768.5,1769.57,1.0699999999999363,2562.6499999998478,1245.3999999999564,move_median
1011,T2/S04,long,2021-10-04 19:45:00,2021-10-04 22:49:00,2021-10-04 22:53:00,True,3,4,1767.380892565163,1768.01,0.6291074348368966,6540.829999999876,5441.19000000159,move_median
1012,T2/S04,long,2021-10-06 19:00:00,2021-10-06 19:38:00,2021-10-06 19:43:00,True,1,1,1762.1,1762.76,0.6600000000000819,1589.2800000001969,1252.159999999956,move_median
283,T1/S01,long,2021-10-06 22:18:00,2021-10-06 22:36:00,2021-10-07 10:20:00,True,5,1,1760.5629251793646,1766.0,5.4370748206354165,79571.58999999962,1349.5999999998685,move_median
284,T1/S01,long,2021-10-06 22:42:00,2021-10-06 23:01:00,2021-10-07 10:17:00,True,5,1,1760.2959461675093,1764.49,4.194053832490681,61392.5600000002,1303.0199999999122,move_median
285,T1/S01,long,2021-10-06 23:06:00,2021-10-07 02:43:00,2021-10-07 10:17:00,True,5,2,1760.3264121303189,1764.49,4.163587869681123,60959.090000000055,2730.0799999997143,move_median
651,T2/S03,long,2021-10-13 22:15:00,2021-10-13 22:18:00,2021-10-13 22:21:00,True,1,1,1791.4,1792.24,0.8399999999999181,2033.6399999998018,1452.5999999997798,move_median
652,T2/S03,long,2021-10-13 22:30:00,2021-10-13 22:32:00,2021-10-13 22:31:00,True,1,1,1792.24,1793.12,0.8799999999998818,2133.1199999997134,2084.6399999997575,move_median
653,T2/S03,long,2021-10-13 22:45:00,2021-10-13 23:01:00,2021-10-13 23:00:00,True,1,1,1792.04,1793.06,1.0199999999999818,2476.559999999956,2525.1199999999117,move_median
1598,T6/S12,short,2021-10-15 09:36:00,2021-10-15 10:23:00,2021-10-15 10:22:00,True,1,1,1791.6,1790.11,1.490000000000009,3625.170000000022,3503.519999999579,move_median
1227,T3/S06,short,2021-10-15 23:00:00,2021-10-15 23:21:00,2021-10-15 23:23:00,True,1,1,1768.33,1767.43,0.8999999999998636,2195.9999999996667,1390.7999999998444,move_median
1228,T3/S06,short,2021-10-15 23:30:00,2021-10-18 01:16:00,2021-10-18 01:15:00,True,1,1,1767.05,1765.96,1.0899999999999181,2662.8699999998,2271.9900000001553,move_median
286,T1/S01,long,2021-10-21 22:48:00,2021-10-21 22:54:00,2021-10-21 22:57:00,True,1,1,1783.91,1784.78,0.8699999999998909,2129.759999999733,1517.7599999997328,move_median
287,T1/S01,long,2021-10-21 23:30:00,2021-10-22 01:37:00,2021-10-22 01:43:00,True,1,1,1783.14,1783.92,0.7799999999999727,1911.7799999999331,1691.1899999995765,move_median
1013,T2/S04,long,2021-10-25 19:00:00,2021-10-25 21:31:00,2021-10-25 21:18:00,True,2,2,1807.015249457701,1807.79,0.7747505422989889,5000.239999999793,3042.959999999464,move_median
288,T1/S01,long,2021-10-26 22:48:00,2021-10-27 03:14:00,2021-10-27 13:45:00,True,6,2,1788.9937646108267,1789.76,0.7662353891732891,14225.160000000611,2607.6000000004256,move_median
289,T1/S01,long,2021-11-03 22:00:00,2021-11-04 01:03:00,2021-11-04 00:10:00,True,3,3,1771.8249146375597,1772.57,0.7450853624402498,5324.379999999666,15948.550000000065,move_median
1014,T2/S04,long,2021-11-04 19:15:00,2021-11-04 19:18:00,2021-11-04 19:19:00,True,1,1,1792.04,1792.79,0.75,1872.75,1373.3499999998864,move_median
1015,T2/S04,long,2021-11-05 19:00:00,2021-11-05 19:26:00,2021-11-05 19:26:00,True,1,1,1814.03,1814.83,0.7999999999999545,1999.9999999998863,1299.9999999999545,move_median
1016,T2/S04,long,2021-11-05 19:30:00,2021-11-05 20:21:00,2021-11-05 20:20:00,True,2,2,1813.941271720744,1815.0,1.0587282792560018,6884.910000000104,3929.709999999841,move_median
654,T2/S03,long,2021-11-05 22:00:00,2021-11-05 22:27:00,2021-11-05 22:26:00,True,1,1,1816.8,1817.48,0.6800000000000637,1707.4800000001599,1707.4800000001599,move_median
290,T1/S01,long,2021-11-05 22:00:00,2021-11-05 22:27:00,2021-11-05 22:27:00,True,1,1,1816.8,1817.57,0.7699999999999818,1933.4699999999543,1707.4800000001599,move_median
655,T2/S03,long,2021-11-05 22:30:00,2021-11-05 22:45:00,2021-11-08 01:10:00,True,2,1,1816.801558718861,1817.59,0.7884412811388302,4431.0399999997635,453.0600000001603,move_median
291,T1/S01,long,2021-11-05 22:36:00,2021-11-08 01:11:00,2021-11-08 01:10:00,True,2,3,1816.8104294610262,1817.59,0.7795705389737577,3630.460000000104,3351.5999999998166,move_median
656,T2/S03,long,2021-11-08 01:05:00,2021-11-08 01:34:00,2021-11-08 01:09:00,True,1,1,1815.95,1816.95,1.0,2520.0,5014.800000000023,move_median
1017,T2/S04,long,2021-11-08 19:00:00,2021-11-08 20:19:00,2021-11-08 20:19:00,True,1,1,1824.08,1825.09,1.009999999999991,2560.3499999999767,1571.7000000002997,move_median
292,T1/S01,long,2021-11-09 22:18:00,2021-11-09 22:58:00,2021-11-10 15:24:00,True,6,1,1827.067571206351,1827.91,0.8424287936491055,15705.400000001518,1776.6000000001152,move_median
1018,T2/S04,long,2021-11-10 19:00:00,2021-11-10 21:43:00,2021-11-10 21:43:00,True,7,7,1848.7846607474705,1849.46,0.6753392525295112,16353.340000000027,9481.659999997733,move_median
1019,T2/S04,long,2021-11-12 19:00:00,2021-11-12 19:46:00,2021-11-12 19:45:00,True,2,2,1862.613089468069,1863.55,0.936910531931062,6147.069999999284,3636.6199999996043,move_median
657,T2/S03,long,2021-11-12 22:00:00,2021-11-12 22:45:00,2021-11-12 22:50:00,True,1,1,1863.85,1864.61,0.7599999999999909,1951.6799999999766,1412.4000000004671,move_median
293,T1/S01,long,2021-11-15 22:00:00,2021-11-16 04:05:00,2021-11-16 03:06:00,True,4,4,1864.324600778066,1865.37,1.0453992219338488,11286.129999998606,27509.700000000703,move_median
1599,T6/S12,short,2021-11-19 09:48:00,2021-11-19 09:55:00,2021-11-19 10:24:00,True,1,1,1857.46,1855.51,1.9500000000000455,5120.70000000012,2678.5199999999522,move_median
1229,T3/S06,short,2021-11-19 23:00:00,2021-11-19 23:46:00,2021-11-19 23:45:00,True,1,1,1847.13,1845.72,1.4100000000000819,3709.710000000215,2025.8700000005504,move_median
1230,T3/S06,short,2021-11-19 23:50:00,2021-11-22 01:05:00,2021-11-22 01:05:00,True,1,1,1845.11,1844.2,0.9099999999998545,2397.8499999996166,4980.149999999665,move_median
1231,T3/S06,short,2021-11-22 23:10:00,2021-11-23 04:16:00,2021-11-23 04:15:00,True,3,3,1808.641228632479,1806.81,1.8312286324789966,15426.270000000468,9416.200000000457,move_median
294,T1/S01,long,2021-11-23 22:30:00,2021-11-24 02:01:00,2021-11-24 02:01:00,True,2,2,1790.7038967527058,1791.53,0.8261032472942134,3968.5999999997966,2770.5599999999035,move_median
295,T1/S01,long,2021-12-02 23:48:00,2021-12-03 01:15:00,2021-12-03 01:15:00,True,1,1,1769.19,1770.09,0.8999999999998636,2402.9999999996357,1949.1000000000486,move_median
296,T1/S01,long,2021-12-03 22:06:00,2021-12-06 02:05:00,2021-12-06 02:15:00,True,3,3,1783.7201223823772,1784.97,1.2498776176228148,9191.600000000368,4196.610000000438,move_median
658,T2/S03,long,2021-12-07 22:15:00,2021-12-08 02:23:00,2021-12-08 02:28:00,True,2,2,1785.1211339671565,1785.91,0.7888660328435435,4563.590000000178,3325.6799999994146,move_median
297,T1/S01,long,2021-12-08 22:36:00,2021-12-09 02:18:00,2021-12-09 06:04:00,True,3,3,1784.570274121319,1785.31,0.7397258786809289,5451.039999999224,4730.879999999975,move_median
1020,T2/S04,long,2021-12-10 19:00:00,2021-12-10 20:13:00,2021-12-13 01:27:00,True,2,2,1783.539080322484,1784.36,0.8209196775158034,5498.519999999842,3696.2600000003185,move_median
1021,T2/S04,long,2021-12-16 19:00:00,2021-12-16 22:01:00,2021-12-16 22:00:00,True,3,3,1796.7133535730968,1797.67,0.9566464269032622,10240.900000000049,4219.8000000010825,move_median
659,T2/S03,long,2021-12-16 22:30:00,2021-12-16 22:34:00,2021-12-16 22:35:00,True,1,1,1797.19,1797.99,0.7999999999999545,2171.1999999998766,1492.6999999998766,move_median
298,T1/S01,long,2021-12-16 23:48:00,2021-12-16 23:50:00,2021-12-17 03:16:00,True,2,1,1798.1326621371218,1799.63,1.4973378628783394,7272.570000000723,1440.0099999999259,move_median
299,T1/S01,long,2021-12-16 23:54:00,2021-12-17 03:17:00,2021-12-17 03:16:00,True,2,2,1798.5362962962965,1799.63,1.093703703703568,5315.400000000295,6446.399999999085,move_median
1361,T5/S09,long,2021-12-17 10:12:00,2021-12-17 14:36:00,2021-12-17 14:35:00,True,1,1,1808.62,1811.76,3.1400000000001,8578.480000000272,8687.760000000173,move_median
300,T1/S01,long,2021-12-22 22:00:00,2021-12-22 22:07:00,2021-12-22 22:59:00,True,1,1,1803.72,1804.98,1.259999999999991,3464.999999999975,1622.499999999775,move_median
301,T1/S01,long,2021-12-22 22:12:00,2021-12-22 23:00:00,2021-12-22 22:59:00,True,1,2,1804.04,1804.98,0.9400000000000546,2.8200000000002707,2587.8200000001502,move_median
660,T2/S03,long,2021-12-22 22:15:00,2021-12-22 23:00:00,2021-12-22 22:59:00,True,1,2,1804.04,1804.98,0.9400000000000546,2.8200000000002707,3632.819999999825,move_median
302,T1/S01,long,2021-12-22 23:06:00,2021-12-23 03:06:00,2021-12-23 01:18:00,True,2,4,1803.2192986530422,1804.03,0.8107013469577851,1745.4399999998634,10815.879999999572,move_median
661,T2/S03,long,2021-12-29 22:00:00,2021-12-30 02:41:00,2021-12-30 10:43:00,True,5,2,1800.5629824561406,1801.28,0.717017543859356,11341.424999999943,3492.4999999993647,move_median
662,T2/S03,long,2021-12-30 22:00:00,2021-12-30 22:02:00,2021-12-30 22:02:00,True,1,1,1815.19,1816.02,0.8299999999999272,2324.8299999997967,1428.5099999999745,move_median
303,T1/S01,long,2021-12-30 22:12:00,2021-12-30 22:36:00,2021-12-30 22:36:00,True,1,1,1816.04,1816.8,0.7599999999999909,2131.0399999999745,1822.600000000255,move_median
663,T2/S03,long,2021-12-30 22:15:00,2021-12-30 22:36:00,2021-12-30 22:36:00,True,1,1,1816.0699999999997,1816.8,0.7300000000002456,2046.9200000000508,1738.4800000003313,move_median
304,T1/S01,long,2021-12-30 22:42:00,2021-12-30 22:47:00,2021-12-31 02:59:00,True,2,1,1816.1570672591397,1816.91,0.7529327408603876,3727.7700000006544,252.99000000040905,move_median
664,T2/S03,long,2021-12-30 22:45:00,2021-12-31 02:11:00,2021-12-30 22:59:00,True,1,1,1816.41,1817.11,0.6999999999998181,1967.6999999994887,702.75,move_median
305,T1/S01,long,2021-12-30 23:16:00,2021-12-31 02:11:00,2021-12-31 01:55:00,True,1,1,1815.28,1816.14,0.8600000000001273,2420.0400000003583,3883.3200000003076,move_median
1022,T2/S04,long,2021-12-31 19:15:00,2021-12-31 19:29:00,2021-12-31 19:28:00,True,1,1,1826.4,1827.12,0.7199999999997999,2031.1199999994358,1749.0199999996921,move_median
1023,T2/S04,long,2021-12-31 19:30:00,2021-12-31 20:29:00,2021-12-31 20:28:00,True,2,2,1825.7414536928488,1827.15,1.408546307151255,9611.920000000728,6918.80000000077,move_median
306,T1/S01,long,2022-01-03 22:48:00,2022-01-04 01:34:00,2022-01-04 01:58:00,True,2,2,1803.288629971876,1804.19,0.9013700281241199,4487.020000000299,3065.0400000004383,move_median
665,T2/S03,long,2022-01-04 22:00:00,2022-01-04 22:57:00,2022-01-04 22:57:00,True,1,1,1814.61,1815.29,0.6800000000000637,1933.920000000181,1507.320000000569,move_median
307,T1/S01,long,2022-01-11 22:00:00,2022-01-11 22:12:00,2022-01-11 22:30:00,True,1,1,1820.91,1822.22,1.3099999999999454,3729.5699999998446,1679.729999999767,move_median
666,T2/S03,long,2022-01-11 22:00:00,2022-01-11 22:12:00,2022-01-11 22:12:00,True,1,1,1820.91,1821.61,0.6999999999998181,1992.8999999994821,1679.729999999767,move_median
667,T2/S03,long,2022-01-11 22:15:00,2022-01-11 22:30:00,2022-01-11 22:30:00,True,1,2,1821.35,1822.22,0.8700000000001182,6.0900000000008525,2478.360000000337,move_median
308,T1/S01,long,2022-01-11 22:18:00,2022-01-11 22:31:00,2022-01-11 22:30:00,True,1,4,1820.97,1822.22,1.25,8.750000000000036,6876.020000000234,move_median
668,T2/S03,long,2022-01-11 22:45:00,2022-01-11 22:57:00,2022-01-11 22:56:00,True,1,2,1822.06,1822.98,0.9200000000000728,13.800000000001287,2633.0400000002082,move_median
309,T1/S01,long,2022-01-11 23:00:00,2022-01-12 02:33:00,2022-01-12 15:40:00,True,5,2,1818.899556496988,1823.75,4.850443503012002,73275.6499999995,3660.1399999992923,move_median
310,T1/S01,long,2022-01-13 22:30:00,2022-01-13 22:40:00,2022-01-13 23:14:00,True,1,1,1821.68,1822.53,0.849999999999909,2455.6499999997372,1502.2799999999474,move_median
311,T1/S01,long,2022-01-13 22:42:00,2022-01-13 23:37:00,2022-01-14 03:26:00,True,2,1,1821.4693243243244,1822.69,1.2206756756756931,6142.440000000765,1532.7600000005787,move_median
1362,T5/S09,long,2022-01-19 13:36:00,2022-01-20 02:20:00,2022-01-19 15:20:00,True,1,1,1819.34,1822.33,2.990000000000009,8656.050000000027,60013.35000000005,move_median
1024,T2/S04,long,2022-01-19 19:00:00,2022-01-20 02:20:00,2022-01-19 19:04:00,True,1,2,1840.28,1841.0,0.7200000000000273,2084.4000000000788,6947.999999999604,move_median
669,T2/S03,long,2022-01-19 22:00:00,2022-01-20 02:59:00,2022-01-20 03:17:00,True,3,4,1841.3541887114473,1842.12,0.7658112885526407,6281.949999998785,12361.649999999288,move_median
312,T1/S01,long,2022-01-24 23:30:00,2022-01-25 06:01:00,2022-01-25 01:48:00,True,2,6,1842.1768576709799,1842.93,0.7531423290201928,1629.7999999999608,26652.570000000163,move_median
1025,T2/S04,long,2022-01-25 19:00:00,2022-01-25 19:25:00,2022-01-25 19:38:00,True,1,2,1849.48,1850.27,0.7899999999999636,2454.529999999887,3666.259999999491,move_median
1026,T2/S04,long,2022-01-25 19:30:00,2022-01-25 19:36:00,2022-01-25 19:35:00,True,1,1,1849.24,1850.06,0.8199999999999363,2553.4799999998017,2553.4799999998017,move_median
1027,T2/S04,long,2022-01-25 19:45:00,2022-01-25 19:58:00,2022-01-25 20:00:00,True,1,1,1849.38,1850.55,1.1699999999998454,3649.2299999995175,1964.9699999996312,move_median
670,T2/S03,long,2022-01-25 22:00:00,2022-01-26 15:24:00,2022-01-26 15:23:00,True,6,6,1847.0538863619415,1848.01,0.9561136380584685,19233.66000000004,10149.749999999292,move_median
1232,T3/S06,short,2022-01-26 23:00:00,2022-01-26 23:08:00,2022-01-26 23:31:00,True,1,1,1817.68,1816.78,0.900000000000091,2829.600000000286,1854.9600000004577,move_median
1233,T3/S06,short,2022-01-26 23:10:00,2022-01-26 23:26:00,2022-01-26 23:27:00,True,1,1,1817.86,1816.93,0.9299999999998363,2926.709999999485,1793.7899999997994,move_median
1234,T3/S06,short,2022-01-26 23:30:00,2022-01-26 23:31:00,2022-01-27 03:16:00,True,2,1,1818.8821138363603,1817.34,1.542113836360386,8236.430000000195,1733.049999999857,move_median
1235,T3/S06,short,2022-01-26 23:40:00,2022-01-27 03:04:00,2022-01-27 03:16:00,True,2,2,1818.6059655688625,1817.34,1.2659655688626117,6765.32000000032,4131.739999999111,move_median
1600,T6/S12,short,2022-01-27 08:24:00,2022-01-27 08:43:00,2022-01-27 08:42:00,True,1,1,1812.44,1810.73,1.7100000000000364,5408.730000000115,5155.690000000345,move_median
1601,T6/S12,short,2022-01-27 08:48:00,2022-01-27 09:45:00,2022-01-27 10:00:00,True,2,2,1811.637103517588,1810.14,1.4971035175879024,7448.089999999585,6568.109999999798,move_median
313,T1/S01,long,2022-01-28 23:00:00,2022-01-28 23:10:00,2022-01-28 23:10:00,True,1,1,1788.9,1789.79,0.8899999999998727,2835.5399999995943,1847.8799999997684,move_median
314,T1/S01,long,2022-01-28 23:12:00,2022-01-28 23:35:00,2022-01-28 23:34:00,True,1,1,1789.98,1790.83,0.849999999999909,2711.4999999997094,2711.4999999997094,move_median
315,T1/S01,long,2022-01-28 23:36:00,2022-01-31 03:59:00,2022-01-31 03:59:00,True,3,3,1789.4463166582025,1790.25,0.8036833417975231,6329.810000000364,5751.00000000058,move_median
1028,T2/S04,long,2022-02-02 19:00:00,2022-02-02 19:08:00,2022-02-02 19:09:00,True,1,1,1809.0,1809.92,0.9200000000000728,2950.4400000002333,1667.639999999942,move_median
1029,T2/S04,long,2022-02-02 19:15:00,2022-02-02 20:00:00,2022-02-02 20:03:00,True,2,2,1809.5191262135922,1810.53,1.0108737864077284,7288.399999999738,3402.6000000005547,move_median
316,T1/S01,long,2022-02-07 22:00:00,2022-02-08 03:46:00,2022-02-08 04:02:00,True,2,2,1821.7348571961918,1822.55,0.8151428038081576,4366.719999999434,3442.189999999795,move_median
1030,T2/S04,long,2022-02-08 19:00:00,2022-02-08 19:09:00,2022-02-08 19:08:00,True,1,1,1826.4,1827.18,0.7799999999999727,2557.6199999999103,2557.6199999999103,move_median
1031,T2/S04,long,2022-02-08 19:15:00,2022-02-08 20:36:00,2022-02-08 21:04:00,True,1,2,1827.75,1828.65,0.900000000000091,2955.6000000002987,4400.5599999989845,move_median
317,T1/S01,long,2022-02-11 22:00:00,2022-02-11 22:03:00,2022-02-11 22:02:00,True,1,1,1859.18,1861.8,2.619999999999891,8627.659999999642,8726.449999999551,move_median
671,T2/S03,long,2022-02-11 22:00:00,2022-02-11 22:03:00,2022-02-11 22:02:00,True,1,1,1859.18,1861.8,2.619999999999891,8627.659999999642,8726.449999999551,move_median
318,T1/S01,long,2022-02-11 22:06:00,2022-02-11 22:09:00,2022-02-11 22:08:00,True,1,1,1860.09,1861.56,1.4700000000000273,4892.160000000091,4792.320000000182,move_median
319,T1/S01,long,2022-02-11 22:12:00,2022-02-11 22:16:00,2022-02-11 22:16:00,True,1,1,1862.15,1862.95,0.7999999999999545,2670.399999999848,2503.5000000000005,move_median
672,T2/S03,long,2022-02-11 22:15:00,2022-02-11 22:16:00,2022-02-11 22:16:00,True,1,1,1862.24,1862.95,0.7100000000000364,2369.9800000001214,2203.0800000002737,move_median
320,T1/S01,long,2022-02-11 22:18:00,2022-02-11 22:19:00,2022-02-11 22:18:00,True,1,1,1861.78,1862.96,1.1800000000000637,3949.460000000213,3915.990000000243,move_median
321,T1/S01,long,2022-02-11 22:24:00,2022-02-11 22:25:00,2022-02-11 22:26:00,True,1,1,1864.3,1865.08,0.7799999999999727,2616.1199999999085,1811.159999999878,move_median
673,T2/S03,long,2022-02-11 22:30:00,2022-02-11 23:15:00,2022-02-11 23:15:00,True,2,2,1861.9008526771895,1862.97,1.0691473228105224,6908.830000000125,4669.0100000011,move_median
322,T1/S01,long,2022-02-11 22:30:00,2022-02-11 23:15:00,2022-02-11 23:15:00,True,2,2,1862.065617384979,1862.97,0.9043826150209497,4973.2000000001335,4669.0100000011,move_median
674,T2/S03,long,2022-02-16 22:30:00,2022-02-16 22:35:00,2022-02-16 22:35:00,True,1,1,1871.81,1872.51,0.7000000000000455,2363.900000000154,1823.5799999998771,move_median
1032,T2/S04,long,2022-02-23 19:00:00,2022-02-23 19:01:00,2022-02-23 19:00:00,True,1,1,1908.55,1909.47,0.9200000000000728,3110.520000000246,3076.710000000277,move_median
1033,T2/S04,long,2022-02-23 19:15:00,2022-02-23 19:26:00,2022-02-23 19:26:00,True,1,1,1909.45,1910.13,0.6800000000000637,2302.4800000002156,1760.7199999999384,move_median
1034,T2/S04,long,2022-02-23 19:30:00,2022-02-23 20:59:00,2022-02-23 20:58:00,True,3,3,1908.230623353819,1908.95,0.7193766461809901,8193.700000001289,5491.800000001172,move_median
1290,T4/S08,long,2022-02-24 09:00:00,2022-02-24 09:21:00,2022-02-24 09:58:00,True,2,1,1941.9930545373766,1944.03,2.0369454626234074,9169.309999999805,5439.999999999691,move_median
1291,T4/S08,long,2022-02-24 09:25:00,2022-02-24 09:55:00,2022-02-24 09:58:00,True,3,3,1941.6078666775857,1944.03,2.422133322414311,14788.334999999652,16099.920000000868,move_median
1292,T4/S08,long,2022-02-24 10:00:00,2022-02-24 10:48:00,2022-02-24 10:49:00,True,3,4,1943.4868279175828,1945.29,1.803172082417177,11070.574999999932,25527.449999999502,move_median
1293,T4/S08,long,2022-02-24 10:50:00,2022-02-24 11:18:00,2022-02-24 11:25:00,True,2,3,1944.782282762371,1946.83,2.047717237628831,9414.379999999419,17969.43999999876,move_median
1294,T4/S08,long,2022-02-24 11:20:00,2022-02-24 11:25:00,2022-02-24 11:24:00,True,1,1,1944.2199999999998,1946.03,1.8100000000001728,6392.919999999807,6322.2799999998715,move_median
1295,T4/S08,long,2022-02-24 11:30:00,2022-02-24 11:35:00,2022-02-24 11:34:00,True,1,1,1944.6800000000003,1946.88,2.199999999999818,7794.60000000016,7830.030000000129,move_median
1296,T4/S08,long,2022-02-24 11:40:00,2022-02-24 11:48:00,2022-02-24 11:52:00,True,1,1,1948.2599999999998,1950.51,2.2500000000002274,8010.000000000001,5446.799999999903,move_median
1297,T4/S08,long,2022-02-24 11:50:00,2022-02-24 11:57:00,2022-02-24 11:56:00,True,1,1,1949.8900000000003,1951.93,2.0399999999997362,7284.83999999987,7320.549999999838,move_median
1236,T3/S06,short,2022-02-24 23:00:00,2022-02-24 23:06:00,2022-02-24 23:06:00,True,1,1,1898.26,1896.83,1.4300000000000637,5126.5500000002285,2043.449999999772,move_median
1237,T3/S06,short,2022-02-24 23:10:00,2022-02-25 13:27:00,2022-02-25 13:28:00,True,6,6,1905.5788366621214,1902.04,3.538836662121412,66178.01500000077,21498.109999999215,move_median
323,T1/S01,long,2022-02-25 22:42:00,2022-02-28 01:05:00,2022-02-28 01:05:00,True,4,3,1889.7838011301342,1922.29,32.506198869865784,385425.9999999995,333526.5600000014,move_median
1602,T6/S12,short,2022-02-28 09:36:00,2022-02-28 10:00:00,2022-02-28 09:59:00,True,2,4,1898.0803826266806,1896.46,1.6203826266805663,9401.460000000323,13846.000000001095,move_median
324,T1/S01,long,2022-02-28 23:00:00,2022-02-28 23:12:00,2022-03-01 06:41:00,True,6,2,1905.753484705297,1906.49,0.7365152947029401,14807.639999999545,2303.3799999998814,move_median
325,T1/S01,long,2022-02-28 23:18:00,2022-03-01 10:06:00,2022-03-01 07:52:00,True,6,12,1906.0511280775927,1906.79,0.7388719224072702,14855.019999998989,66904.70000000275,move_median
1363,T5/S09,long,2022-03-01 12:36:00,2022-03-01 17:47:00,2022-03-01 12:49:00,True,1,4,1921.6300000000003,1924.56,2.929999999999609,11719.999999999345,92086.35000000021,move_median
675,T2/S03,long,2022-03-01 22:00:00,2022-03-01 22:37:00,2022-03-01 22:01:00,True,1,2,1940.4599999999998,1941.38,0.9200000000003001,3680.000000000291,12704.48000000017,move_median
676,T2/S03,long,2022-03-01 22:45:00,2022-03-01 23:03:00,2022-03-01 22:48:00,True,1,2,1944.55,1945.55,1.0,4000.0,17296.71000000034,move_median
326,T1/S01,long,2022-03-01 23:18:00,2022-03-01 23:54:00,2022-03-01 23:51:00,True,2,6,1943.7474592833876,1944.56,0.812540716612375,4988.999999999842,35894.87999999974,move_median
327,T1/S01,long,2022-03-02 22:18:00,2022-03-03 01:05:00,2022-03-03 01:08:00,True,3,8,1928.8713765695197,1929.82,0.948623430480211,8234.99999999924,32817.38999999974,move_median
328,T1/S01,long,2022-03-03 22:18:00,2022-03-03 22:19:00,2022-03-03 22:18:00,True,1,2,1938.3699999999997,1940.25,1.8800000000003365,7520.000000000437,9351.120000000543,move_median
329,T1/S01,long,2022-03-03 22:24:00,2022-03-03 22:25:00,2022-03-03 22:24:00,True,1,2,1938.65,1939.8,1.1499999999998636,4599.999999999454,5740.799999999319,move_median
330,T1/S01,long,2022-03-03 22:30:00,2022-03-03 22:34:00,2022-03-03 22:34:00,True,1,2,1939.31,1940.23,0.9200000000000728,3680.000000000291,3502.8000000002276,move_median
331,T1/S01,long,2022-03-03 22:36:00,2022-03-03 22:38:00,2022-03-04 02:13:00,True,3,2,1938.5848174173484,1939.56,0.9751825826515415,8465.559999998937,2756.049999999772,move_median
332,T1/S01,long,2022-03-03 22:42:00,2022-03-04 02:11:00,2022-03-04 02:10:00,True,4,8,1938.1054871165643,1939.08,0.9745128834356365,11913.419999999174,16301.999999997719,move_median
333,T1/S01,long,2022-03-07 22:00:00,2022-03-07 22:03:00,2022-03-07 22:02:00,True,1,2,1996.0899999999997,1996.97,0.8800000000003365,3520.0000000004366,4443.120000000551,move_median
334,T1/S01,long,2022-03-07 22:06:00,2022-03-07 22:35:00,2022-03-07 22:36:00,True,3,6,1994.8565706715817,1995.65,0.7934293284183696,6887.760000000952,9053.820000002117,move_median
677,T2/S03,long,2022-03-07 22:15:00,2022-03-07 22:35:00,2022-03-07 22:36:00,True,3,6,1994.7868510958317,1995.65,0.8631489041683835,8034.190000000919,10470.060000001979,move_median
1364,T5/S09,long,2022-03-08 10:00:00,2022-03-08 10:03:00,2022-03-08 10:03:00,True,1,2,2016.1300000000003,2018.97,2.8399999999996908,11359.999999999673,11570.189999999908,move_median
1365,T5/S09,long,2022-03-08 10:12:00,2022-03-08 10:25:00,2022-03-08 11:09:00,True,3,6,2008.520399211434,2011.1,2.5796007885658128,26170.049999998355,31846.40000000014,move_median
1035,T2/S04,long,2022-03-08 19:00:00,2022-03-08 19:06:00,2022-03-08 19:05:00,True,3,6,2066.7566666666667,2067.58,0.8233333333332666,9879.9999999992,12130.559999998397,move_median
1036,T2/S04,long,2022-03-08 19:15:00,2022-03-08 19:16:00,2022-03-08 19:15:00,True,1,2,2044.45,2048.54,4.089999999999918,16359.999999999673,21300.719999999572,move_median
335,T1/S01,long,2022-03-08 23:48:00,2022-03-09 04:21:00,2022-03-09 04:15:00,True,11,20,2044.617242647059,2046.03,1.412757352941071,54566.33999999745,160890.63999999693,move_median
1603,T6/S12,short,2022-03-15 08:00:00,2022-03-15 08:27:00,2022-03-15 08:52:00,True,3,4,1929.02474801061,1927.76,1.264748010609992,12397.060000000278,13261.360000000608,move_median
1604,T6/S12,short,2022-03-15 08:36:00,2022-03-15 08:52:00,2022-03-15 08:51:00,True,2,4,1930.2708583247156,1928.69,1.5808583247155639,9172.139999999305,21500.15999999954,move_median
1366,T5/S09,long,2022-03-23 12:24:00,2022-03-23 15:08:00,2022-03-23 15:35:00,True,2,4,1930.8284458909682,1933.31,2.4815541090317765,15249.150000000142,24204.18000000236,move_median
336,T1/S01,long,2022-03-23 22:00:00,2022-03-23 22:18:00,2022-03-24 01:45:00,True,2,2,1945.977035830619,1946.77,0.7929641693810936,4868.800000000374,3129.500000001035,move_median
337,T1/S01,long,2022-03-23 22:24:00,2022-03-24 01:11:00,2022-03-24 01:03:00,True,2,8,1944.85515137401,1945.73,0.8748486259901256,1878.3000000002332,3933.240000000312,move_median
1605,T6/S12,short,2022-03-25 08:36:00,2022-03-25 08:38:00,2022-03-25 08:41:00,True,1,2,1957.35,1955.53,1.8199999999999363,7279.999999999745,6367.899999999474,move_median
1606,T6/S12,short,2022-03-25 08:48:00,2022-03-25 09:03:00,2022-03-25 09:03:00,True,1,2,1957.02,1955.53,1.490000000000009,5960.000000000036,6904.380000000317,move_median
1607,T6/S12,short,2022-03-28 08:48:00,2022-03-28 08:55:00,2022-03-28 08:54:00,True,1,2,1936.4299999999998,1934.47,1.959999999999809,7840.0000000001455,11106.650000000476,move_median
1608,T6/S12,short,2022-03-28 09:00:00,2022-03-28 09:36:00,2022-03-28 09:36:00,True,2,4,1935.6718476387452,1933.55,2.121847638745294,12310.959999999995,16638.299999999468,move_median
678,T2/S03,long,2022-03-29 22:00:00,2022-03-29 22:02:00,2022-03-29 22:02:00,True,1,2,1917.2,1918.23,1.0299999999999727,4119.999999999891,3698.7299999993056,move_median
679,T2/S03,long,2022-03-29 22:15:00,2022-03-29 22:26:00,2022-03-29 22:26:00,True,1,2,1917.7400000000002,1918.43,0.6899999999998272,2760.0000000002183,3820.7000000005346,move_median
680,T2/S03,long,2022-03-29 22:30:00,2022-03-29 22:45:00,2022-03-29 22:45:00,True,1,2,1918.7900000000002,1919.6,0.8099999999997181,3239.9999999997817,3119.5799999998394,move_median
338,T1/S01,long,2022-03-29 23:36:00,2022-03-30 01:05:00,2022-03-30 01:06:00,True,1,2,1919.31,1920.26,0.9500000000000455,3800.000000000182,4831.440000000965,move_median
1037,T2/S04,long,2022-03-30 19:00:00,2022-03-30 22:39:00,2022-03-30 22:43:00,True,4,8,1933.955,1934.85,0.8949999999999818,14319.99999999789,14105.779999996565,move_median
1609,T6/S12,short,2022-03-31 08:00:00,2022-03-31 08:30:00,2022-03-31 08:29:00,True,1,2,1921.14,1919.68,1.4600000000000364,5840.0000000001455,6582.300000000755,move_median
1610,T6/S12,short,2022-03-31 08:36:00,2022-03-31 11:36:00,2022-03-31 11:35:00,True,6,12,1925.814718387138,1924.1,1.7147183871381912,33595.62000000194,62104.349999996215,move_median
1038,T2/S04,long,2022-03-31 19:00:00,2022-03-31 19:48:00,2022-03-31 19:47:00,True,3,6,1942.4133333333334,1943.03,0.6166666666665606,7399.999999999636,10374.570000000222,move_median
1039,T2/S04,long,2022-04-12 19:30:00,2022-04-12 19:31:00,2022-04-12 19:31:00,True,1,2,1973.95,1975.23,1.2799999999999727,5119.999999999891,3165.7599999998893,move_median
339,T1/S01,long,2022-04-14 23:54:00,2022-04-18 01:16:00,2022-04-18 01:16:00,True,1,2,1973.17,1973.97,0.7999999999999545,3199.999999999818,4448.620000000111,move_median
340,T1/S01,long,2022-04-20 23:00:00,2022-04-20 23:49:00,2022-04-21 16:10:00,True,12,4,1947.8590078840527,1949.17,1.3109921159473288,55538.87000000168,6591.239999998168,move_median
341,T1/S01,long,2022-04-20 23:54:00,2022-04-21 02:59:00,2022-04-21 16:10:00,True,11,4,1947.770164664457,1949.17,1.3998353355430027,54067.240000001446,6361.680000001168,move_median
342,T1/S01,long,2022-04-21 23:00:00,2022-04-21 23:02:00,2022-04-21 23:41:00,True,1,2,1951.15,1951.91,0.7599999999999909,3039.9999999999636,3922.559999999219,move_median
343,T1/S01,long,2022-04-21 23:06:00,2022-04-21 23:46:00,2022-04-22 02:04:00,True,2,2,1951.0967426710097,1951.87,0.773257328990212,4747.799999999088,3129.8699999999444,move_median
344,T1/S01,long,2022-04-25 22:06:00,2022-04-25 22:19:00,2022-04-26 03:22:00,True,2,2,1900.0982410423455,1901.36,1.261758957654365,7747.199999999152,3870.0900000006704,move_median
345,T1/S01,long,2022-04-28 23:30:00,2022-04-29 03:00:00,2022-04-29 03:08:00,True,2,4,1895.3697719869706,1896.12,0.7502280130293002,4606.399999999216,6397.039999999777,move_median
1238,T3/S06,short,2022-05-02 23:50:00,2022-05-03 04:15:00,2022-05-03 04:20:00,True,2,4,1863.9836672051695,1862.75,1.2336672051694677,7636.400000000026,7951.559999999776,move_median
1239,T3/S06,short,2022-05-12 23:00:00,2022-05-12 23:01:00,2022-05-12 23:00:00,True,1,2,1824.05,1823.2,0.849999999999909,3399.999999999636,5500.199999999213,move_median
1240,T3/S06,short,2022-05-12 23:10:00,2022-05-13 01:26:00,2022-05-13 01:25:00,True,1,2,1822.22,1821.33,0.8900000000001,3560.0000000004,4580.600000000057,move_median
1040,T2/S04,long,2022-05-16 19:15:00,2022-05-16 19:44:00,2022-05-16 19:49:00,True,2,4,1813.9150000000002,1814.89,0.974999999999909,7800.000000001091,8183.999999998196,move_median
1041,T2/S04,long,2022-05-16 19:45:00,2022-05-16 19:51:00,2022-05-16 19:50:00,True,1,2,1814.39,1815.43,1.0399999999999636,4159.9999999998545,6463.599999999773,move_median
681,T2/S03,long,2022-05-16 22:00:00,2022-05-16 22:05:00,2022-05-16 22:05:00,True,1,2,1822.48,1823.65,1.1700000000000728,4680.000000000291,4048.8500000005665,move_median
346,T1/S01,long,2022-05-16 22:00:00,2022-05-16 22:05:00,2022-05-16 22:05:00,True,1,2,1822.48,1823.65,1.1700000000000728,4680.000000000291,4048.8500000005665,move_median
347,T1/S01,long,2022-05-16 22:06:00,2022-05-16 22:07:00,2022-05-16 22:06:00,True,1,2,1823.7099999999998,1824.65,0.9400000000002819,3760.0000000002183,5807.850000000397,move_median
348,T1/S01,long,2022-05-16 22:12:00,2022-05-16 22:26:00,2022-05-16 22:25:00,True,1,2,1824.5700000000002,1825.49,0.9199999999998454,3680.000000000291,5631.300000000569,move_median
682,T2/S03,long,2022-05-16 22:15:00,2022-05-16 22:26:00,2022-05-16 22:25:00,True,1,2,1823.95,1825.49,1.5399999999999636,6159.9999999998545,9510.639999999887,move_median
683,T2/S03,long,2022-05-16 22:30:00,2022-05-16 22:47:00,2022-05-16 22:48:00,True,2,4,1824.6242362382095,1825.72,1.095763761790522,7783.209999999475,6978.5699999979415,move_median
349,T1/S01,long,2022-05-16 22:30:00,2022-05-16 22:47:00,2022-05-16 22:48:00,True,2,4,1824.8432573289904,1825.72,0.8767426710096515,5383.199999999906,6978.5699999979415,move_median
350,T1/S01,long,2022-05-16 22:48:00,2022-05-16 22:51:00,2022-05-16 22:51:00,True,1,2,1825.42,1826.37,0.9499999999998181,3799.9999999992724,3599.5499999995977,move_median
351,T1/S01,long,2022-05-16 22:54:00,2022-05-16 22:59:00,2022-05-17 02:23:00,True,3,2,1824.7214191913374,1825.69,0.9685808086626366,8408.2499999999,4741.5,move_median
352,T1/S01,long,2022-05-16 23:00:00,2022-05-17 02:24:00,2022-05-17 02:25:00,True,3,6,1825.0232392581502,1825.79,0.7667607418497937,6656.24999999952,16843.12000000052,move_median
353,T1/S01,long,2022-05-20 23:24:00,2022-05-20 23:50:00,2022-05-23 01:05:00,True,1,2,1845.3399999999997,1848.76,3.4200000000003,13680.000000000291,3564.4000000010997,move_median
354,T1/S01,long,2022-05-20 23:54:00,2022-05-23 01:05:00,2022-05-23 01:05:00,True,1,2,1845.78,1848.76,2.980000000000018,11920.000000000073,18800.35000000029,move_median
1611,T6/S12,short,2022-05-25 09:36:00,2022-05-25 11:25:00,2022-05-25 11:26:00,True,2,4,1858.3881282316443,1856.63,1.7581282316441502,10200.659999999687,13202.540000001107,move_median
355,T1/S01,long,2022-05-25 23:00:00,2022-05-26 17:05:00,2022-05-26 17:04:00,True,8,16,1848.7147214370054,1850.91,2.1952785629946447,61351.45000000186,112325.65000000175,move_median
356,T1/S01,long,2022-05-26 22:18:00,2022-05-27 02:56:00,2022-05-27 04:47:00,True,4,4,1850.9683950920246,1852.28,1.3116049079753793,16034.370000000039,12988.8999999989,move_median
1241,T3/S06,short,2022-05-31 23:00:00,2022-06-01 03:03:00,2022-06-01 03:02:00,True,1,2,1835.95,1834.98,0.9700000000000273,3880.000000000109,5717.04000000099,move_median
1042,T2/S04,long,2022-06-01 19:30:00,2022-06-01 20:04:00,2022-06-01 20:03:00,True,2,4,1847.81,1848.71,0.900000000000091,7200.000000000728,10090.640000000123,move_median
357,T1/S01,long,2022-06-01 22:18:00,2022-06-01 22:23:00,2022-06-02 03:21:00,True,2,2,1847.7537133550488,1848.57,0.8162866449511057,5011.999999999756,3897.0899999995645,move_median
358,T1/S01,long,2022-06-01 22:24:00,2022-06-02 09:25:00,2022-06-02 03:21:00,True,3,6,1847.4269220135927,1848.57,1.1430779864072065,9923.059999999432,68655.34999999826,move_median
1043,T2/S04,long,2022-06-02 19:00:00,2022-06-03 03:26:00,2022-06-02 19:04:00,True,1,2,1868.0099999999998,1869.3,1.290000000000191,5159.9999999998545,18225.6299999993,move_median
684,T2/S03,long,2022-06-02 22:00:00,2022-06-03 03:32:00,2022-06-02 22:04:00,True,1,2,1869.56,1870.25,0.6900000000000546,2760.0000000002183,25697.440000000446,move_median
1242,T3/S06,short,2022-06-03 23:00:00,2022-06-03 23:16:00,2022-06-03 23:16:00,True,1,2,1850.6,1849.76,0.8399999999999181,3359.9999999996726,4241.999999999357,move_median
685,T2/S03,long,2022-06-07 22:15:00,2022-06-07 22:29:00,2022-06-07 22:28:00,True,1,2,1854.22,1855.35,1.1299999999998818,4519.999999999527,7999.269999999163,move_median
686,T2/S03,long,2022-06-07 22:45:00,2022-06-07 22:55:00,2022-06-07 22:55:00,True,1,2,1853.52,1854.62,1.099999999999909,4399.999999999636,3689.399999999871,move_median
687,T2/S03,long,2022-06-10 22:00:00,2022-06-10 22:08:00,2022-06-10 22:09:00,True,1,2,1873.6300000000003,1874.45,0.819999999999709,3279.9999999997453,4901.069999998772,move_median
688,T2/S03,long,2022-06-10 22:15:00,2022-06-13 01:05:00,2022-06-13 01:05:00,True,2,4,1872.4617105448401,1878.36,5.898289455159784,41895.54999999914,79867.75999999851,move_median
689,T2/S03,long,2022-06-16 22:00:00,2022-06-16 22:02:00,2022-06-16 22:01:00,True,1,2,1849.45,1850.57,1.1199999999998909,4479.999999999563,8144.639999999206,move_median
690,T2/S03,long,2022-06-16 22:15:00,2022-06-16 22:38:00,2022-06-16 22:40:00,True,1,2,1851.15,1851.89,0.7400000000000091,2960.0000000000364,801.7899999992708,move_median
359,T1/S01,long,2022-06-16 22:24:00,2022-06-16 22:38:00,2022-06-16 22:38:00,True,2,4,1850.7405211726384,1851.54,0.7994788273615541,4908.800000000338,15306.900000000995,move_median
691,T2/S03,long,2022-06-16 22:45:00,2022-06-16 22:48:00,2022-06-16 22:47:00,True,1,2,1851.61,1852.29,0.6800000000000637,2720.0000000002547,4977.600000000466,move_median
360,T1/S01,long,2022-06-16 23:18:00,2022-06-16 23:45:00,2022-06-16 23:44:00,True,1,2,1854.86,1855.9,1.040000000000191,4160.000000000764,7917.480000001134,move_median
692,T2/S03,long,2022-07-01 22:00:00,2022-07-01 23:19:00,2022-07-01 23:54:00,True,3,6,1807.5073657069188,1808.53,1.0226342930811825,9518.680000000273,11828.670000002607,move_median
361,T1/S01,long,2022-07-06 23:18:00,2022-07-07 01:05:00,2022-07-07 01:08:00,True,2,4,1739.5741693811074,1740.42,0.8458306188927054,5193.400000000988,10465.400000000536,move_median
1612,T6/S12,short,2022-07-20 09:48:00,2022-07-20 13:50:00,2022-07-20 13:50:00,True,3,6,1709.2830095898798,1707.31,1.9730095898798936,19339.44000000074,24313.09999999805,move_median
1367,T5/S09,long,2022-07-20 13:12:00,2022-07-20 15:29:00,2022-07-20 16:29:00,True,2,4,1711.091936533767,1713.51,2.4180634662329794,14859.000000000498,31211.099999998714,move_median
1044,T2/S04,long,2022-07-21 19:00:00,2022-07-21 19:28:00,2022-07-21 19:34:00,True,2,4,1712.25,1713.18,0.9300000000000637,7440.000000000509,9676.289999999726,move_median
1045,T2/S04,long,2022-07-21 19:30:00,2022-07-21 20:09:00,2022-07-21 20:08:00,True,2,4,1711.94,1712.77,0.8299999999999272,6640.000000000327,11132.560000000136,move_median
362,T1/S01,long,2022-07-21 22:30:00,2022-07-21 22:47:00,2022-07-21 22:58:00,True,1,2,1717.75,1719.09,1.3399999999999181,5359.999999999673,3847.4399999999314,move_median
363,T1/S01,long,2022-07-21 22:48:00,2022-07-21 22:59:00,2022-07-21 22:58:00,True,1,4,1718.08,1719.09,1.009999999999991,7.069999999999965,8910.18000000048,move_median
364,T1/S01,long,2022-07-21 23:00:00,2022-07-22 09:06:00,2022-07-22 09:23:00,True,4,10,1717.1834519427402,1718.06,0.8765480572596971,10715.799999999213,27301.949999999375,move_median
365,T1/S01,long,2022-07-27 22:00:00,2022-07-27 22:04:00,2022-07-27 22:03:00,True,1,2,1735.03,1735.89,0.8600000000001273,3440.0000000005093,6510.150000001046,move_median
366,T1/S01,long,2022-07-27 22:06:00,2022-07-27 22:07:00,2022-07-27 22:06:00,True,1,2,1736.2,1737.53,1.3299999999999272,5319.999999999709,10358.5499999993,move_median
367,T1/S01,long,2022-07-27 22:12:00,2022-07-27 22:13:00,2022-07-27 22:15:00,True,1,2,1738.9299999999998,1740.03,1.1000000000001364,4399.999999999636,4308.63999999958,move_median
368,T1/S01,long,2022-07-27 22:18:00,2022-07-27 22:33:00,2022-07-28 02:15:00,True,3,4,1737.2331263679298,1738.49,1.25687363207021,10910.919999999844,9934.29000000147,move_median
369,T1/S01,long,2022-07-27 23:24:00,2022-07-27 23:39:00,2022-07-27 23:52:00,True,1,2,1734.6199999999997,1735.38,0.7600000000004457,3040.000000000873,4401.540000001264,move_median
1368,T5/S09,long,2022-07-28 11:12:00,2022-07-28 15:34:00,2022-07-28 15:43:00,True,2,6,1744.7041985353947,1747.93,3.2258014646054107,19822.550000000665,52184.25,move_median
370,T1/S01,long,2022-08-03 22:18:00,2022-08-03 22:25:00,2022-08-03 22:26:00,True,1,2,1764.72,1765.52,0.7999999999999545,3199.999999999818,4778.739999999216,move_median
371,T1/S01,long,2022-08-03 23:48:00,2022-08-03 23:52:00,2022-08-03 23:52:00,True,1,2,1764.9299999999998,1765.84,0.9100000000000819,3639.999999999418,4314.7499999996435,move_median
372,T1/S01,long,2022-08-03 23:54:00,2022-08-04 03:34:00,2022-08-04 03:35:00,True,2,4,1765.2230944625405,1766.02,0.7969055374594518,4893.000000000352,9032.1000000025,move_median
373,T1/S01,long,2022-08-04 22:00:00,2022-08-04 22:50:00,2022-08-05 03:36:00,True,3,6,1793.3621207234187,1794.16,0.7978792765813978,6926.390000000762,13795.6,move_median
693,T2/S03,long,2022-08-04 22:30:00,2022-08-05 03:21:00,2022-08-04 22:51:00,True,1,2,1792.95,1793.89,0.9400000000000546,3760.0000000002183,6218.879999999714,move_median
1046,T2/S04,long,2022-08-08 19:00:00,2022-08-08 19:21:00,2022-08-08 19:21:00,True,1,2,1787.3,1788.03,0.7300000000000182,2920.0000000000728,4984.5600000008635,move_median
1613,T6/S12,short,2022-08-10 08:00:00,2022-08-10 08:17:00,2022-08-10 08:16:00,True,1,2,1790.39,1788.8,1.5900000000001455,6360.000000000582,12041.440000001658,move_median
1614,T6/S12,short,2022-08-10 08:24:00,2022-08-10 10:23:00,2022-08-10 14:04:00,True,3,4,1791.2306264027748,1789.96,1.2706264027747238,12454.679999998907,18194.049999997907,move_median
1047,T2/S04,long,2022-08-12 19:45:00,2022-08-12 20:05:00,2022-08-12 20:04:00,True,1,2,1798.15,1799.32,1.1699999999998454,4679.9999999993815,9337.769999998767,move_median
374,T1/S01,long,2022-08-12 22:54:00,2022-08-12 23:54:00,2022-08-26 22:54:00,False,38,6,1768.2312980385395,1737.68,-30.55129803853947,-3367486.274999991,8641.079999999418,move_median
1615,T6/S12,short,2022-08-15 08:12:00,2022-08-15 08:25:00,2022-08-15 08:24:00,True,1,3,1793.86,1792.38,1.4799999999997908,5919.999999999163,11145.019999998978,move_median
1616,T6/S12,short,2022-08-15 08:36:00,2022-08-15 09:14:00,2022-08-15 09:57:00,True,1,3,1793.02,1791.59,1.4300000000000637,5720.000000000255,9487.200000000512,move_median
1617,T6/S12,short,2022-08-19 08:00:00,2022-08-19 11:05:00,2022-08-19 11:20:00,True,2,6,1753.7498000689418,1752.2,1.5498000689417495,8991.939999999468,25144.08000000095,move_median
694,T2/S03,long,2022-08-23 22:00:00,2022-08-23 22:12:00,2022-08-23 22:12:00,True,1,3,1746.14,1746.86,0.7199999999997999,2879.9999999991996,4459.9499999996315,move_median
695,T2/S03,long,2022-08-23 22:15:00,2022-08-23 22:19:00,2022-08-23 22:18:00,True,1,3,1746.58,1747.3,0.7200000000000273,2880.000000000109,5845.680000000221,move_median
696,T2/S03,long,2022-08-23 22:30:00,2022-08-23 22:36:00,2022-08-23 22:36:00,True,1,3,1747.0700000000002,1747.8,0.7299999999997908,2920.0000000000728,4390.199999999704,move_median
697,T2/S03,long,2022-08-23 22:45:00,2022-08-23 22:56:00,2022-08-23 22:57:00,True,1,3,1746.55,1747.47,0.9200000000000728,3680.000000000291,4476.44999999963,move_median
1618,T6/S12,short,2022-08-29 08:00:00,2022-08-29 09:17:00,2022-08-29 10:17:00,True,2,6,1723.473588417787,1721.83,1.6435884177869866,9536.100000000291,20532.9600000017,move_median
1048,T2/S04,long,2022-08-29 19:00:00,2022-08-29 21:04:00,2022-08-29 21:03:00,True,3,9,1738.803333333333,1739.5,0.6966666666669425,8360.000000000582,17278.78999999918,move_median
1049,T2/S04,long,2022-09-02 19:00:00,2022-09-02 21:31:00,2022-09-02 21:30:00,True,4,12,1713.4949999999997,1714.32,0.8250000000002728,13199.999999999818,18257.279999998354,move_median
698,T2/S03,long,2022-09-07 22:00:00,2022-09-07 22:05:00,2022-09-07 22:11:00,True,1,3,1714.86,1716.06,1.2000000000000455,4800.000000000182,4543.0000000015025,move_median
699,T2/S03,long,2022-09-07 22:15:00,2022-09-07 22:58:00,2022-09-07 22:58:00,True,1,3,1716.83,1717.53,0.7000000000000455,2800.000000000182,4465.259999999699,move_median
375,T1/S01,long,2022-09-07 23:36:00,2022-09-07 23:45:00,2022-09-07 23:52:00,True,1,3,1718.06,1719.02,0.9600000000000364,3840.0000000001455,5794.600000000377,move_median
376,T1/S01,long,2022-09-07 23:48:00,2022-09-08 04:29:00,2022-09-08 04:30:00,True,2,6,1718.1667426710096,1719.29,1.1232573289903485,6896.799999999439,12435.0,move_median
700,T2/S03,long,2022-09-16 22:30:00,2022-09-16 23:30:00,2022-09-16 23:50:00,True,1,3,1674.53,1675.51,0.9800000000000182,3920.0000000000728,5654.200000000529,move_median
377,T1/S01,long,2022-09-19 23:30:00,2022-09-20 03:01:00,2022-09-20 03:00:00,True,1,3,1675.7,1676.78,1.0799999999999272,4319.999999999709,9574.899999998865,move_median
1619,T6/S12,short,2022-09-20 08:36:00,2022-09-20 08:58:00,2022-09-20 08:59:00,True,1,3,1672.2900000000002,1670.72,1.5700000000001637,6279.999999999745,9930.550000000456,move_median
1620,T6/S12,short,2022-09-21 08:00:00,2022-09-21 17:33:00,2022-09-21 17:44:00,True,6,21,1668.6595360469569,1666.74,1.919536046956864,37608.5099999995,85908.54999999604,move_median
1369,T5/S09,long,2022-09-27 10:00:00,2022-09-27 10:04:00,2022-09-27 10:04:00,True,1,3,1635.64,1638.75,3.1099999999999,12439.9999999996,17159.369999999923,move_median
1370,T5/S09,long,2022-09-27 10:12:00,2022-09-27 10:29:00,2022-09-27 14:07:00,True,2,3,1636.4273148901545,1638.91,2.4826851098455336,15256.100000000137,17484.839999999687,move_median
1371,T5/S09,long,2022-09-27 10:36:00,2022-09-27 13:38:00,2022-09-27 14:22:00,True,2,6,1636.7508055329536,1639.32,2.5691944670463727,15787.699999999651,35628.84000000086,move_median
1050,T2/S04,long,2022-09-28 19:00:00,2022-09-28 19:01:00,2022-09-28 19:00:00,True,1,3,1658.8699999999997,1659.87,1.0000000000002274,4000.0,8677.0,move_median
1051,T2/S04,long,2022-09-28 19:15:00,2022-09-28 19:53:00,2022-09-28 19:52:00,True,3,9,1658.2133333333334,1659.17,0.9566666666667061,11480.000000001382,23041.75000000277,move_median
701,T2/S03,long,2022-09-28 22:00:00,2022-09-29 04:31:00,2022-09-29 04:18:00,True,6,18,1657.5512894467338,1658.36,0.8087105532661099,16977.664999998407,41694.5700000058,move_median
1621,T6/S12,short,2022-09-29 09:24:00,2022-09-29 10:26:00,2022-09-29 10:27:00,True,2,6,1645.0225991037573,1643.34,1.6825991037574113,9762.440000000086,23295.36000000088,move_median
1052,T2/S04,long,2022-10-03 19:00:00,2022-10-03 19:03:00,2022-10-03 19:02:00,True,1,3,1690.3800000000003,1691.19,0.8099999999997181,3239.9999999997817,7806.479999998951,move_median
1053,T2/S04,long,2022-10-03 19:15:00,2022-10-03 19:41:00,2022-10-03 19:47:00,True,2,6,1689.825,1690.59,0.7649999999998727,6119.999999998981,11107.5,move_median
1054,T2/S04,long,2022-10-03 19:45:00,2022-10-03 19:50:00,2022-10-03 19:59:00,True,1,3,1690.23,1691.18,0.9500000000000455,3800.000000000182,5522.959999999028,move_median
378,T1/S01,long,2022-10-03 22:00:00,2022-10-03 22:27:00,2022-10-03 22:38:00,True,3,9,1697.8586994585876,1698.94,1.0813005414124746,9386.770000000983,15610.0,move_median
702,T2/S03,long,2022-10-03 22:00:00,2022-10-03 22:27:00,2022-10-03 22:38:00,True,3,9,1697.9042286205413,1698.94,1.0357713794587653,9640.960000001072,15610.0,move_median
703,T2/S03,long,2022-10-03 22:30:00,2022-10-03 22:31:00,2022-10-03 22:30:00,True,1,3,1697.75,1698.58,0.8299999999999272,3319.999999999709,7724.519999999102,move_median
704,T2/S03,long,2022-10-03 22:45:00,2022-10-03 22:47:00,2022-10-03 22:49:00,True,1,3,1699.45,1701.31,1.8599999999999,7439.9999999996,4588.469999999918,move_median
1298,T4/S08,long,2022-10-04 10:00:00,2022-10-04 10:08:00,2022-10-04 10:08:00,True,1,3,1706.11,1709.09,2.980000000000018,11920.000000000073,14050.920000001557,move_median
1299,T4/S08,long,2022-10-04 10:10:00,2022-10-04 10:20:00,2022-10-04 13:22:00,True,2,3,1708.5019170832109,1710.71,2.2080829167891807,11264.534999999878,14275.299999999343,move_median
1300,T4/S08,long,2022-10-04 10:25:00,2022-10-04 12:03:00,2022-10-04 13:22:00,True,2,6,1708.3999862785454,1710.71,2.310013721454652,11784.535000000315,27460.89000000181,move_median
379,T1/S01,long,2022-10-05 22:00:00,2022-10-05 22:17:00,2022-10-05 22:17:00,True,1,3,1717.2900000000002,1718.43,1.1399999999998727,4560.0000000004,6473.780000000332,move_median
380,T1/S01,long,2022-10-05 22:18:00,2022-10-06 02:18:00,2022-10-06 02:21:00,True,3,9,1717.1109849095726,1717.88,0.7690150904275015,6675.820000000989,30314.91999999942,move_median
1055,T2/S04,long,2022-10-11 19:30:00,2022-10-11 19:41:00,2022-10-11 19:40:00,True,1,3,1682.1300000000003,1682.99,0.8599999999996726,3439.9999999996,7823.399999999163,move_median
1056,T2/S04,long,2022-10-11 19:45:00,2022-10-11 19:47:00,2022-10-11 19:48:00,True,1,3,1681.94,1682.91,0.9700000000000273,3880.000000000109,4702.199999999916,move_median
1622,T6/S12,short,2022-10-19 08:00:00,2022-10-19 09:02:00,2022-10-19 09:04:00,True,1,3,1646.35,1644.71,1.6399999999998727,6559.999999999491,9875.029999999413,move_median
1057,T2/S04,long,2022-10-21 19:00:00,2022-10-21 19:02:00,2022-10-21 19:01:00,True,1,3,1650.9599999999998,1651.82,0.8600000000001273,3439.9999999996,8416.589999998654,move_median
1058,T2/S04,long,2022-10-21 19:15:00,2022-10-21 19:25:00,2022-10-21 19:24:00,True,2,6,1649.6150000000002,1650.52,0.9049999999997453,7239.999999999782,16122.840000000084,move_median
1059,T2/S04,long,2022-10-21 19:30:00,2022-10-21 19:32:00,2022-10-21 19:31:00,True,1,3,1648.95,1649.89,0.9400000000000546,3760.0000000002183,9019.060000000254,move_median
1060,T2/S04,long,2022-10-21 19:45:00,2022-10-21 19:46:00,2022-10-21 19:45:00,True,1,3,1651.15,1652.24,1.0899999999999181,4359.999999999673,10247.599999999153,move_median
705,T2/S03,long,2022-10-21 22:00:00,2022-10-21 22:11:00,2022-10-21 22:12:00,True,1,3,1654.0400000000002,1654.85,0.8099999999997181,3239.9999999997817,6349.160000000595,move_median
706,T2/S03,long,2022-10-21 22:15:00,2022-10-21 22:18:00,2022-10-21 22:17:00,True,1,3,1654.8800000000003,1656.03,1.1499999999996362,4599.999999999454,10751.349999998725,move_median
381,T1/S01,long,2022-10-21 22:18:00,2022-10-21 22:22:00,2022-10-21 22:24:00,True,1,3,1656.08,1656.99,0.9100000000000819,3640.0000000003274,6357.320000000595,move_median
382,T1/S01,long,2022-10-21 22:24:00,2022-10-21 23:40:00,2022-10-21 23:51:00,True,2,6,1655.9723452768728,1657.13,1.1576547231272798,7108.000000000643,8726.189999998463,move_median
707,T2/S03,long,2022-10-21 22:30:00,2022-10-21 23:40:00,2022-10-21 23:41:00,True,2,6,1655.3418133183163,1656.62,1.2781866816835645,9078.959999999002,18765.999999997865,move_median
1623,T6/S12,short,2022-10-25 09:00:00,2022-10-25 10:15:00,2022-10-25 10:26:00,True,2,6,1648.7222233712514,1647.16,1.5622233712513207,9064.019999999402,19253.5200000018,move_median
383,T1/S01,long,2022-10-28 23:00:00,2022-10-31 02:06:00,2022-10-31 01:15:00,True,2,6,1644.5385342019545,1645.31,0.7714657980454831,4736.7999999995845,12793.949999999139,move_median
708,T2/S03,long,2022-11-03 22:00:00,2022-11-04 02:04:00,2022-11-04 02:04:00,True,2,6,1630.3148162748134,1631.09,0.7751837251864799,5506.129999999226,11498.629999998186,move_median
1061,T2/S04,long,2022-11-04 19:30:00,2022-11-04 19:37:00,2022-11-04 19:38:00,True,1,3,1673.3200000000002,1674.15,0.8299999999999272,3320.0000000006185,5334.560000001646,move_median
1062,T2/S04,long,2022-11-04 19:45:00,2022-11-04 19:55:00,2022-11-04 20:27:00,True,1,3,1674.3800000000003,1675.16,0.7799999999997453,3119.999999999891,5244.799999999566,move_median
384,T1/S01,long,2022-11-04 22:00:00,2022-11-04 22:20:00,2022-11-04 22:19:00,True,1,3,1680.77,1681.55,0.7799999999999727,3119.999999999891,7446.65999999974,move_median
709,T2/S03,long,2022-11-04 22:00:00,2022-11-04 22:20:00,2022-11-04 22:19:00,True,1,3,1680.77,1681.55,0.7799999999999727,3119.999999999891,7446.65999999974,move_median
385,T1/S01,long,2022-11-04 22:24:00,2022-11-07 01:11:00,2022-11-07 01:07:00,True,2,12,1675.451290322581,1677.22,1.7687096774191104,3838.1000000002928,-31316.789999999826,move_median
710,T2/S03,long,2022-11-04 22:30:00,2022-11-07 01:11:00,2022-11-07 01:07:00,True,2,33,1675.4287934886688,1677.22,1.791206511331211,5611.850000000426,121962.67000000489,move_median
1063,T2/S04,long,2022-11-08 19:00:00,2022-11-08 19:01:00,2022-11-08 19:00:00,True,1,3,1715.19,1716.2,1.009999999999991,4039.9999999999636,9981.82999999991,move_median
1064,T2/S04,long,2022-11-08 19:15:00,2022-11-08 19:27:00,2022-11-08 19:26:00,True,1,3,1711.7599999999998,1712.47,0.7100000000002638,2840.0000000001455,6635.0100000007205,move_median
1065,T2/S04,long,2022-11-08 19:30:00,2022-11-08 19:36:00,2022-11-08 19:39:00,True,1,3,1712.61,1713.32,0.7100000000000364,2840.0000000001455,5255.480000001984,move_median
1066,T2/S04,long,2022-11-08 19:45:00,2022-11-08 19:56:00,2022-11-08 19:56:00,True,1,3,1713.4900000000002,1714.48,0.9899999999997817,3960.0000000000364,5360.579999999639,move_median
711,T2/S03,long,2022-11-08 22:00:00,2022-11-08 22:02:00,2022-11-08 22:02:00,True,1,3,1711.75,1712.53,0.7799999999999727,3119.999999999891,6062.179999999005,move_median
712,T2/S03,long,2022-11-08 22:15:00,2022-11-08 22:32:00,2022-11-08 22:31:00,True,1,3,1711.78,1712.65,0.8700000000001182,3480.000000000473,8656.500000001177,move_median
713,T2/S03,long,2022-11-08 22:45:00,2022-11-08 22:47:00,2022-11-08 22:46:00,True,1,3,1711.69,1712.4,0.7100000000000364,2840.0000000001455,7176.240000000273,move_median
1067,T2/S04,long,2022-11-10 19:00:00,2022-11-10 19:19:00,2022-11-10 20:02:00,True,2,6,1749.0949999999998,1750.04,0.9450000000001637,7560.0000000004,12276.630000000181,move_median
1068,T2/S04,long,2022-11-10 19:30:00,2022-11-10 19:57:00,2022-11-10 19:56:00,True,2,6,1748.2900000000002,1749.17,0.8799999999998818,7039.999999999964,16509.90000000091,move_median
714,T2/S03,long,2022-11-10 22:00:00,2022-11-10 22:59:00,2022-11-10 22:58:00,True,1,3,1754.17,1755.13,0.9600000000000364,3840.0000000001455,9436.659999998265,move_median
386,T1/S01,long,2022-11-10 22:18:00,2022-11-10 22:59:00,2022-11-10 22:53:00,True,2,3,1753.7171986970686,1754.57,0.8528013029313115,5236.199999999553,8733.929999998905,move_median
387,T1/S01,long,2022-11-10 23:00:00,2022-11-10 23:09:00,2022-11-10 23:08:00,True,1,3,1755.7599999999998,1756.64,0.8800000000003365,3520.0000000004366,8664.499999998992,move_median
388,T1/S01,long,2022-11-10 23:12:00,2022-11-10 23:26:00,2022-11-11 07:29:00,True,5,6,1752.612446841294,1757.46,4.847553158705978,78651.55000000153,17259.030000002662,move_median
389,T1/S01,long,2022-11-11 23:48:00,2022-11-14 10:02:00,2022-11-14 14:59:00,True,7,15,1760.428999377722,1761.81,1.381000622277952,33289.01999999902,28760.680000006083,move_median
1069,T2/S04,long,2022-11-14 19:00:00,2022-11-14 19:03:00,2022-11-14 19:03:00,True,1,3,1769.7599999999998,1770.65,0.8900000000003274,3560.0000000004,6518.400000001019,move_median
1070,T2/S04,long,2022-11-14 19:15:00,2022-11-14 19:17:00,2022-11-14 19:16:00,True,1,3,1770.27,1771.02,0.75,3000.0,7342.560000000278,move_median
1071,T2/S04,long,2022-11-14 19:30:00,2022-11-14 19:38:00,2022-11-14 19:37:00,True,1,3,1771.6300000000003,1772.51,0.8799999999996544,3519.999999999527,8680.199999999071,move_median
1072,T2/S04,long,2022-11-14 19:45:00,2022-11-14 19:52:00,2022-11-14 19:51:00,True,1,3,1770.1199999999997,1770.81,0.6900000000002819,2760.0000000002183,6956.400000000651,move_median
715,T2/S03,long,2022-11-14 22:00:00,2022-11-14 22:01:00,2022-11-14 22:01:00,True,1,3,1773.02,1773.99,0.9700000000000273,3880.000000000109,5531.759999999627,move_median
716,T2/S03,long,2022-11-14 22:15:00,2022-11-14 22:21:00,2022-11-14 22:22:00,True,1,3,1772.44,1773.21,0.7699999999999818,3079.9999999999272,6255.549999998974,move_median
717,T2/S03,long,2022-11-14 22:30:00,2022-11-14 22:53:00,2022-11-15 03:20:00,True,3,3,1770.823784916201,1772.05,1.2262150837989338,11413.609999999462,5954.860000001588,move_median
390,T1/S01,long,2022-11-15 23:18:00,2022-11-16 01:13:00,2022-11-16 01:16:00,True,1,3,1778.56,1779.7,1.1400000000001,4560.0000000004,5653.449999999532,move_median
1243,T3/S06,short,2022-11-18 23:00:00,2022-11-21 02:41:00,2022-11-21 03:08:00,True,2,6,1749.7898384491116,1748.29,1.4998384491116212,9284.000000000844,10805.550000001873,move_median
1372,T5/S09,long,2022-11-23 10:00:00,2022-11-23 16:47:00,2022-11-23 16:46:00,True,3,9,1738.3633711187774,1741.98,3.6166288812225957,36690.70000000032,103326.23999999982,move_median
391,T1/S01,long,2022-11-23 22:00:00,2022-11-24 01:51:00,2022-11-24 01:59:00,True,2,6,1751.497654723127,1752.33,0.8323452768729567,5110.5999999996675,10729.3800000022,move_median
718,T2/S03,long,2022-11-23 22:00:00,2022-11-24 01:51:00,2022-11-24 01:52:00,True,2,6,1751.2454990848937,1752.1,0.8545009151062004,6069.519999999418,10729.3800000022,move_median
392,T1/S01,long,2022-11-30 23:00:00,2022-12-01 01:05:00,2022-12-01 01:05:00,True,2,6,1769.517654723127,1770.33,0.8123452768729749,4987.799999999779,11618.19999999904,move_median
1073,T2/S04,long,2022-12-01 19:00:00,2022-12-01 19:29:00,2022-12-01 19:30:00,True,2,6,1801.4099999999999,1802.33,0.9200000000000728,7359.999999999673,11537.649999999134,move_median
1074,T2/S04,long,2022-12-01 19:30:00,2022-12-01 21:17:00,2022-12-01 21:18:00,True,2,6,1801.3349999999998,1802.48,1.1450000000002092,9159.999999999854,13472.159999999807,move_median
393,T1/S01,long,2022-12-02 22:30:00,2022-12-05 01:32:00,2022-12-05 01:44:00,True,3,9,1797.648899896325,1798.78,1.131100103674953,9819.079999999773,23077.949999998356,move_median
719,T2/S03,long,2022-12-02 22:30:00,2022-12-05 01:32:00,2022-12-05 01:44:00,True,3,9,1797.7203545337345,1798.78,1.059645466265465,9863.179999999758,23077.949999998356,move_median
1624,T6/S12,short,2022-12-05 09:24:00,2022-12-05 09:45:00,2022-12-05 09:44:00,True,1,3,1800.56,1799.05,1.509999999999991,6039.999999999964,15017.799999998537,move_median
1244,T3/S06,short,2022-12-05 23:00:00,2022-12-06 07:32:00,2022-12-06 08:20:00,True,3,12,1769.7812158707436,1768.53,1.2512158707436356,12235.640000000181,35605.66999999453,move_median
394,T1/S01,long,2022-12-07 22:00:00,2022-12-08 15:06:00,2022-12-08 15:36:00,True,5,15,1786.3609830508474,1790.87,4.50901694915251,73158.79999999842,33894.769999998716,move_median
1075,T2/S04,long,2022-12-16 19:00:00,2022-12-16 19:01:00,2022-12-16 19:01:00,True,1,3,1788.7099999999998,1789.41,0.7000000000002728,2800.000000000182,6319.679999999207,move_median
1076,T2/S04,long,2022-12-16 19:15:00,2022-12-16 19:20:00,2022-12-16 19:19:00,True,1,3,1789.5899999999997,1790.67,1.080000000000382,4320.0000000006185,11672.630000001785,move_median
1077,T2/S04,long,2022-12-16 19:30:00,2022-12-16 20:12:00,2022-12-16 20:11:00,True,2,6,1789.0700000000002,1789.87,0.7999999999997272,6399.999999998727,12024.09999999652,move_median
395,T1/S01,long,2022-12-16 22:00:00,2022-12-16 22:03:00,2022-12-16 22:24:00,True,1,3,1792.9900000000002,1793.91,0.9199999999998454,3680.000000000291,6135.359999999402,move_median
396,T1/S01,long,2022-12-16 22:06:00,2022-12-16 22:17:00,2022-12-16 22:32:00,True,1,3,1793.44,1794.25,0.8099999999999454,3239.9999999997817,-548.4499999995012,move_median
720,T2/S03,long,2022-12-16 22:15:00,2022-12-16 22:31:00,2022-12-16 22:18:00,True,1,9,1792.8200000000002,1793.51,0.6899999999998272,2760.0000000002183,24598.620000000097,move_median
397,T1/S01,long,2022-12-16 22:36:00,2022-12-16 23:34:00,2022-12-19 02:42:00,True,2,6,1793.2074918566775,1794.32,1.1125081433224295,6830.799999999985,11211.8399999998,move_median
721,T2/S03,long,2022-12-20 22:00:00,2022-12-20 22:52:00,2022-12-20 22:52:00,True,2,6,1817.9960791214978,1818.79,0.7939208785021492,5639.21999999981,14240.309999997087,move_median
1625,T6/S12,short,2022-12-22 09:24:00,2022-12-22 11:28:00,2022-12-22 11:28:00,True,3,9,1817.0200000000002,1815.62,1.4000000000003183,13722.8000000018,34089.44000000171,move_median
1078,T2/S04,long,2022-12-27 19:00:00,2022-12-27 19:05:00,2022-12-27 19:04:00,True,1,3,1820.89,1821.55,0.6599999999998545,2639.999999999418,7238.399999998481,move_median
1079,T2/S04,long,2022-12-27 19:15:00,2022-12-29 07:07:00,2022-12-29 11:03:00,True,11,39,1809.8751788928084,1810.55,0.6748211071915193,28121.819999997257,84517.00000000426,move_median
1080,T2/S04,long,2022-12-29 19:45:00,2022-12-29 19:51:00,2022-12-29 19:51:00,True,1,3,1817.92,1818.7,0.7799999999999727,3119.999999999891,6338.639999999383,move_median
1081,T2/S04,long,2023-01-06 19:00:00,2023-01-06 19:01:00,2023-01-06 19:00:00,True,1,3,1863.4900000000002,1864.25,0.7599999999997635,3039.9999999999636,8611.559999999898,move_median
1082,T2/S04,long,2023-01-06 19:15:00,2023-01-06 19:37:00,2023-01-06 19:36:00,True,2,6,1862.3799999999999,1863.32,0.9400000000000546,7519.999999999527,18271.890000001447,move_median
1083,T2/S04,long,2023-01-06 19:45:00,2023-01-06 20:06:00,2023-01-06 20:05:00,True,1,3,1862.15,1862.82,0.6699999999998454,2679.9999999993815,7628.61999999824,move_median
722,T2/S03,long,2023-01-06 22:00:00,2023-01-09 01:19:00,2023-01-09 01:19:00,True,2,6,1868.1319160917922,1869.11,0.9780839082077364,6947.329999999326,17443.52999999969,move_median
398,T1/S01,long,2023-01-06 22:00:00,2023-01-09 01:19:00,2023-01-09 01:19:00,True,2,6,1868.3094462540714,1869.11,0.8005537459284824,4915.399999999422,17443.52999999969,move_median
1626,T6/S12,short,2023-01-13 08:00:00,2023-01-13 13:59:00,2023-01-13 13:58:00,True,7,21,1901.6577414432554,1900.0,1.6577414432554178,39110.26500000109,105877.33000000543,move_median
1373,T5/S09,long,2023-01-13 11:12:00,2023-01-13 16:37:00,2023-01-13 16:36:00,True,3,9,1903.0170280926563,1905.6,2.5829719073435626,26204.249999999236,77765.91999999853,move_median
723,T2/S03,long,2023-01-13 22:00:00,2023-01-13 22:55:00,2023-01-13 22:54:00,True,1,3,1920.1600000000003,1921.39,1.2299999999997908,4920.000000000073,14560.740000000216,move_median
399,T1/S01,long,2023-01-19 22:00:00,2023-01-19 22:03:00,2023-01-19 22:02:00,True,1,3,1929.8,1930.74,0.9400000000000546,3760.0000000002183,11256.500000000653,move_median
724,T2/S03,long,2023-01-19 22:00:00,2023-01-19 22:03:00,2023-01-19 22:02:00,True,1,3,1929.8,1930.74,0.9400000000000546,3760.0000000002183,11256.500000000653,move_median
400,T1/S01,long,2023-01-19 22:06:00,2023-01-19 22:10:00,2023-01-19 22:09:00,True,1,4,1931.3699999999997,1932.51,1.1400000000003274,4560.0000000004,13943.200000000983,move_median
401,T1/S01,long,2023-01-19 22:12:00,2023-01-19 22:14:00,2023-01-19 22:13:00,True,1,4,1933.8200000000002,1934.66,0.8399999999999181,3360.000000000582,10120.320000001753,move_median
725,T2/S03,long,2023-01-19 22:15:00,2023-01-19 22:58:00,2023-01-20 03:24:00,True,4,24,1932.486883752447,1933.74,1.2531162475529527,16643.890000000698,59317.71000000109,move_median
402,T1/S01,long,2023-01-19 22:18:00,2023-01-19 22:58:00,2023-01-20 01:29:00,True,3,28,1932.9926091464117,1933.74,0.7473908535882856,6488.1000000005815,34934.7600000012,move_median
1627,T6/S12,short,2023-01-23 09:00:00,2023-01-23 09:28:00,2023-01-23 09:27:00,True,1,4,1922.5899999999997,1920.77,1.819999999999709,7279.999999999745,20667.359999997985,move_median
1628,T6/S12,short,2023-01-23 09:36:00,2023-01-23 10:03:00,2023-01-23 10:15:00,True,1,4,1920.5400000000002,1919.1,1.440000000000282,5760.000000000218,13578.399999998877,move_median
403,T1/S01,long,2023-01-23 23:36:00,2023-01-24 01:24:00,2023-01-24 01:25:00,True,1,4,1931.73,1932.53,0.7999999999999545,3199.999999999818,7298.889999998987,move_median
404,T1/S01,long,2023-01-24 22:54:00,2023-01-24 23:00:00,2023-01-25 02:02:00,True,1,4,1937.2900000000002,1938.32,1.0299999999997453,4119.999999999891,7060.019999999211,move_median
1629,T6/S12,short,2023-01-25 08:12:00,2023-01-25 09:33:00,2023-01-25 09:33:00,True,4,16,1930.2159187386294,1928.4,1.815918738629307,23955.599999998496,53815.99999999335,move_median
1084,T2/S04,long,2023-01-25 19:45:00,2023-01-25 20:03:00,2023-01-25 20:13:00,True,2,8,1939.0199999999998,1939.94,0.9200000000003001,7360.000000000582,14506.960000001023,move_median
726,T2/S03,long,2023-01-25 22:00:00,2023-01-25 22:03:00,2023-01-25 22:02:00,True,1,4,1942.48,1943.38,0.900000000000091,3600.000000000364,12786.719999999772,move_median
405,T1/S01,long,2023-01-25 22:06:00,2023-01-25 22:38:00,2023-01-25 22:56:00,True,3,8,1945.6547794032947,1946.48,0.8252205967053214,7163.739999999967,2512.400000000571,move_median
727,T2/S03,long,2023-01-25 22:15:00,2023-01-25 22:57:00,2023-01-25 22:37:00,True,1,8,1944.7099999999998,1945.87,1.1600000000000819,4639.999999999418,30796.620000000574,move_median
406,T1/S01,long,2023-01-25 23:00:00,2023-01-26 01:12:00,2023-01-26 01:08:00,True,2,4,1946.3137133550485,1947.12,0.8062866449513422,4950.599999999813,7983.990000001383,move_median
1085,T2/S04,long,2023-01-31 19:00:00,2023-01-31 19:06:00,2023-01-31 19:06:00,True,1,4,1927.52,1928.42,0.900000000000091,3600.000000000364,6480.059999999885,move_median
1086,T2/S04,long,2023-01-31 19:15:00,2023-01-31 19:17:00,2023-01-31 19:18:00,True,1,4,1928.2900000000002,1929.2,0.9099999999998545,3640.0000000003274,6613.879999999768,move_median
1087,T2/S04,long,2023-01-31 19:30:00,2023-01-31 20:32:00,2023-01-31 21:34:00,True,1,4,1930.0,1930.85,0.849999999999909,3399.999999999636,7765.909999998727,move_median
728,T2/S03,long,2023-01-31 22:00:00,2023-02-01 03:02:00,2023-02-01 06:15:00,True,3,8,1927.537650408251,1928.27,0.7323495917489709,6816.709999999912,13257.919999999536,move_median
407,T1/S01,long,2023-02-01 23:18:00,2023-02-02 01:05:00,2023-02-02 01:05:00,True,2,8,1951.099315960912,1952.43,1.3306840390880552,8170.400000000162,52501.13999999872,move_median
1245,T3/S06,short,2023-02-02 23:00:00,2023-02-02 23:07:00,2023-02-02 23:06:00,True,1,4,1912.7900000000002,1911.76,1.0300000000002,4119.999999999891,11461.41999999836,move_median
1246,T3/S06,short,2023-02-02 23:10:00,2023-02-02 23:26:00,2023-02-03 09:35:00,True,2,4,1913.5404523424882,1911.07,2.4704523424882154,15292.10000000101,6580.020000002816,move_median
1247,T3/S06,short,2023-02-09 23:00:00,2023-02-10 02:04:00,2023-02-10 02:03:00,True,1,4,1860.7900000000002,1859.93,0.8600000000001273,3439.9999999996,9427.950000000235,move_median
1630,T6/S12,short,2023-02-15 08:36:00,2023-02-15 08:47:00,2023-02-15 09:31:00,True,1,4,1843.44,1841.75,1.6900000000000546,6760.000000000218,13063.339999999882,move_median
1631,T6/S12,short,2023-02-15 08:48:00,2023-02-15 09:32:00,2023-02-15 09:32:00,True,2,8,1843.1504825922098,1840.41,2.7404825922096734,15900.27999999937,47174.39999999835,move_median
1088,T2/S04,long,2023-02-17 19:00:00,2023-02-17 19:02:00,2023-02-17 19:01:00,True,1,4,1839.7,1841.73,2.0299999999999727,8119.999999999891,26893.299999999286,move_median
1089,T2/S04,long,2023-02-17 19:15:00,2023-02-17 19:16:00,2023-02-17 19:16:00,True,1,4,1841.25,1842.04,0.7899999999999636,3159.9999999998545,6685.079999999881,move_median
1090,T2/S04,long,2023-02-17 19:30:00,2023-02-17 20:35:00,2023-02-17 20:44:00,True,2,8,1841.2149999999997,1842.25,1.0350000000003092,8280.000000000655,13515.659999999642,move_median
729,T2/S03,long,2023-02-17 22:00:00,2023-02-17 22:09:00,2023-02-20 03:30:00,True,4,4,1840.3349533202834,1841.45,1.11504667971667,14810.049999999846,7100.459999999522,move_median
730,T2/S03,long,2023-02-17 22:15:00,2023-02-17 22:23:00,2023-02-20 03:29:00,True,4,4,1840.2881185062492,1841.1,0.8118814937506613,10783.409999999081,7502.909999999162,move_median
408,T1/S01,long,2023-02-17 22:18:00,2023-02-17 23:10:00,2023-02-20 03:30:00,True,4,8,1840.43243599182,1841.45,1.0175640081799884,12439.720000001002,-9352.63000000048,move_median
731,T2/S03,long,2023-02-17 22:30:00,2023-02-17 23:10:00,2023-02-20 03:25:00,True,4,4,1840.0078670380967,1841.06,1.0521329619032258,13974.430000000102,3821.6199999995206,move_median
732,T2/S03,long,2023-02-20 01:09:00,2023-02-20 03:25:00,2023-02-20 03:21:00,True,3,12,1839.4494058874088,1840.49,1.0405941125911795,9685.850000000122,61836.839999997836,move_median
1091,T2/S04,long,2023-02-28 19:00:00,2023-02-28 19:02:00,2023-02-28 19:01:00,True,1,4,1826.8399999999997,1827.84,1.0000000000002274,4000.0,13291.0,move_median
1092,T2/S04,long,2023-02-28 19:15:00,2023-02-28 19:26:00,2023-02-28 19:25:00,True,1,4,1829.05,1829.74,0.6900000000000546,2760.0000000002183,9188.040000000727,move_median
1093,T2/S04,long,2023-02-28 19:30:00,2023-02-28 19:35:00,2023-02-28 19:46:00,True,2,4,1829.2949999999996,1830.1,0.805000000000291,6439.9999999996,8535.040000001334,move_median
1094,T2/S04,long,2023-02-28 19:45:00,2023-02-28 19:54:00,2023-02-28 19:53:00,True,1,4,1829.7,1830.38,0.6800000000000637,2720.0000000002547,9213.57000000073,move_median
733,T2/S03,long,2023-02-28 22:00:00,2023-03-01 03:48:00,2023-03-01 03:49:00,True,4,16,1826.6051460623403,1827.66,1.0548539376598,14010.570000000978,27143.129999999637,move_median
409,T1/S01,long,2023-03-03 22:00:00,2023-03-03 22:04:00,2023-03-03 22:03:00,True,1,4,1853.5099999999998,1854.37,0.8600000000001273,3439.9999999996,11614.29999999865,move_median
410,T1/S01,long,2023-03-03 22:06:00,2023-03-03 22:13:00,2023-03-03 22:12:00,True,1,4,1854.6300000000003,1856.16,1.5299999999997453,6119.999999999891,20697.839999999633,move_median
411,T1/S01,long,2023-03-03 22:18:00,2023-03-03 22:21:00,2023-03-03 22:23:00,True,1,4,1854.31,1855.5,1.1900000000000546,4760.000000000218,8819.850000001234,move_median
412,T1/S01,long,2023-03-03 22:24:00,2023-03-06 04:57:00,2023-03-03 22:55:00,True,2,24,1854.1432885595184,1855.29,1.1467114404815675,2475.7499999996858,31785.659999998887,move_median
1632,T6/S12,short,2023-03-15 08:36:00,2023-03-15 09:24:00,2023-03-15 09:32:00,True,2,8,1899.786832126853,1898.06,1.726832126852969,10019.080000000262,29278.979999998377,move_median
1095,T2/S04,long,2023-03-15 19:00:00,2023-03-15 19:03:00,2023-03-15 19:03:00,True,1,4,1933.6300000000003,1935.93,2.299999999999727,9199.999999999818,7867.7099999991215,move_median
1096,T2/S04,long,2023-03-17 19:00:00,2023-03-17 19:01:00,2023-03-17 19:01:00,True,1,4,1961.86,1963.28,1.4200000000000728,5680.000000000291,8153.210000002011,move_median
1097,T2/S04,long,2023-03-17 19:15:00,2023-03-17 19:17:00,2023-03-17 19:16:00,True,1,4,1962.5700000000002,1963.72,1.1499999999998636,4600.000000000364,16188.120000001007,move_median
1098,T2/S04,long,2023-03-17 19:30:00,2023-03-17 19:32:00,2023-03-17 19:31:00,True,1,4,1968.6300000000003,1969.91,1.2799999999997453,5119.999999999891,19000.529999998485,move_median
1099,T2/S04,long,2023-03-17 19:45:00,2023-03-17 19:46:00,2023-03-17 19:50:00,True,1,4,1971.58,1972.29,0.7100000000000364,2840.0000000001455,7926.4200000022765,move_median
1301,T4/S08,long,2023-03-20 09:00:00,2023-03-20 09:03:00,2023-03-20 09:02:00,True,1,4,1988.83,1990.9,2.0700000000001637,8280.000000000655,29514.640000001644,move_median
1302,T4/S08,long,2023-03-20 09:05:00,2023-03-20 09:07:00,2023-03-20 09:06:00,True,1,4,1992.05,1995.31,3.259999999999991,13039.999999999964,45298.440000000126,move_median
1303,T4/S08,long,2023-03-20 09:10:00,2023-03-20 09:18:00,2023-03-20 09:18:00,True,2,8,1996.8385053415661,1998.72,1.881494658433894,9598.445000000484,58539.51999999795,move_median
1304,T4/S08,long,2023-03-20 09:20:00,2023-03-20 09:23:00,2023-03-20 09:24:00,True,1,4,1998.48,2002.67,4.190000000000055,16760.00000000022,21991.399999999354,move_median
1305,T4/S08,long,2023-03-20 09:25:00,2023-03-20 09:26:00,2023-03-20 09:25:00,True,1,4,2002.72,2004.66,1.9400000000000546,7760.000000000218,27612.020000000775,move_median
1306,T4/S08,long,2023-03-20 09:30:00,2023-03-20 09:32:00,2023-03-20 09:31:00,True,1,4,2006.1199999999997,2009.44,3.320000000000391,13280.000000000655,45721.600000000646,move_median
1307,T4/S08,long,2023-03-20 09:35:00,2023-03-20 09:41:00,2023-03-20 09:40:00,True,2,8,2006.642256199157,2008.81,2.167743800843027,11058.745000000064,93757.59999999974,move_median
1308,T4/S08,long,2023-03-20 09:45:00,2023-03-20 10:19:00,2023-03-20 10:35:00,True,5,20,2003.3194128599264,2005.13,1.8105871400737215,20907.75500000164,123082.69999999735,move_median
1309,T4/S08,long,2023-03-20 10:20:00,2023-03-20 10:35:00,2023-03-20 10:35:00,True,2,8,2003.1180417524258,2005.13,2.0119582475742845,10264.005000000881,54363.710000004445,move_median
734,T2/S03,long,2023-03-22 22:00:00,2023-03-22 22:03:00,2023-03-22 22:02:00,True,2,8,1971.9829733915244,1974.59,2.6070266084755076,18517.709999999402,80429.5799999981,move_median
735,T2/S03,long,2023-03-22 22:15:00,2023-03-23 01:49:00,2023-03-23 01:48:00,True,3,12,1968.3628233777397,1969.45,1.0871766222603583,10119.440000000639,59276.19000000096,move_median
1633,T6/S12,short,2023-03-27 09:36:00,2023-03-27 10:06:00,2023-03-27 10:07:00,True,1,4,1969.45,1967.97,1.4800000000000182,5920.000000000073,17178.26000000166,move_median
1100,T2/S04,long,2023-03-28 19:00:00,2023-03-28 19:07:00,2023-03-28 19:07:00,True,1,4,1966.73,1967.7,0.9700000000000273,3880.000000000109,9446.319999998337,move_median
1101,T2/S04,long,2023-03-28 19:15:00,2023-03-28 19:17:00,2023-03-28 19:18:00,True,1,4,1965.8,1966.47,0.6700000000000728,2680.000000000291,9000.45000000222,move_median
1102,T2/S04,long,2023-03-28 19:30:00,2023-03-28 19:41:00,2023-03-28 19:40:00,True,1,4,1968.2,1968.98,0.7799999999999727,3119.999999999891,11148.560000000278,move_median
1103,T2/S04,long,2023-03-28 19:45:00,2023-03-28 20:01:00,2023-03-28 20:00:00,True,1,4,1968.7099999999998,1969.71,1.0000000000002274,4000.0,15294.0,move_median
736,T2/S03,long,2023-03-28 22:45:00,2023-03-29 12:33:00,2023-03-29 13:21:00,True,9,40,1967.573513305916,1968.46,0.886486694083942,27698.720000000398,83981.0000000177,move_median
1104,T2/S04,long,2023-03-30 19:30:00,2023-03-30 19:35:00,2023-03-30 19:34:00,True,1,4,1981.1,1981.82,0.7200000000000273,2880.000000000109,11155.680000000422,move_median
1105,T2/S04,long,2023-03-30 19:45:00,2023-03-30 19:49:00,2023-03-30 19:49:00,True,1,4,1982.1300000000003,1984.15,2.0199999999997544,8079.999999999927,9154.439999998729,move_median
737,T2/S03,long,2023-03-30 22:15:00,2023-03-30 22:23:00,2023-03-30 22:28:00,True,1,4,1981.3,1982.27,0.9700000000000273,3880.000000000109,9009.720000002402,move_median
738,T2/S03,long,2023-03-30 22:30:00,2023-03-30 22:42:00,2023-03-30 22:41:00,True,1,4,1982.25,1983.03,0.7799999999999727,3119.999999999891,11819.519999999859,move_median
413,T1/S01,long,2023-03-30 22:42:00,2023-03-31 04:15:00,2023-03-31 04:30:00,True,3,16,1981.422914410782,1982.18,0.7570855892181498,6572.260000001237,13902.000000001559,move_median
739,T2/S03,long,2023-03-30 22:45:00,2023-03-31 04:15:00,2023-03-30 23:00:00,True,2,20,1980.6324344209852,1981.4,0.7675655790148994,2399.4100000006247,38618.64000000382,move_median
1106,T2/S04,long,2023-04-03 19:00:00,2023-04-03 19:07:00,2023-04-03 19:11:00,True,1,4,1987.98,1988.87,0.8899999999998727,3559.9999999994907,7997.309999999858,move_median
1107,T2/S04,long,2023-04-03 19:15:00,2023-04-03 19:20:00,2023-04-03 19:19:00,True,1,4,1989.6,1990.37,0.7699999999999818,3079.9999999999272,11929.719999999857,move_median
1108,T2/S04,long,2023-04-03 19:30:00,2023-04-04 15:21:00,2023-04-04 16:02:00,True,6,24,1984.932569556591,1985.73,0.7974304434089845,17282.70999999986,54551.87000000401,move_median
1109,T2/S04,long,2023-04-04 19:00:00,2023-04-04 19:03:00,2023-04-04 19:03:00,True,1,4,2020.2900000000002,2021.66,1.3699999999998909,5480.000000000473,8548.199999999424,move_median
1110,T2/S04,long,2023-04-04 19:15:00,2023-04-04 22:01:00,2023-04-05 02:19:00,True,4,24,2021.7975,2022.83,1.0325000000000273,16519.999999997708,25671.759999994672,move_median
740,T2/S03,long,2023-04-04 22:00:00,2023-04-04 22:47:00,2023-04-04 22:02:00,True,1,16,2021.32,2022.3,0.9800000000000182,18.620000000000122,29015.209999998842,move_median
414,T1/S01,long,2023-04-10 23:06:00,2023-04-11 02:29:00,2023-04-11 02:33:00,True,1,4,1991.52,1992.38,0.8600000000001273,3440.0000000005093,9254.479999998839,move_median
415,T1/S01,long,2023-04-12 22:00:00,2023-04-12 22:02:00,2023-04-12 22:01:00,True,1,4,2015.8399999999997,2016.8,0.9600000000002638,3840.0000000001455,16134.749999999854,move_median
416,T1/S01,long,2023-04-12 22:06:00,2023-04-12 22:18:00,2023-04-12 22:17:00,True,1,5,2016.8399999999997,2017.7,0.8600000000003547,3440.0000000005093,13765.160000002037,move_median
417,T1/S01,long,2023-04-12 22:24:00,2023-04-13 02:27:00,2023-04-13 02:27:00,True,3,15,2015.9919087662713,2016.79,0.7980912337286554,6928.229999999271,56763.89999999942,move_median
1634,T6/S12,short,2023-04-19 09:24:00,2023-04-19 09:25:00,2023-04-19 09:25:00,True,1,5,1991.4900000000002,1989.99,1.5000000000002274,6000.0,19806.00000000075,move_median
1635,T6/S12,short,2023-04-19 09:36:00,2023-04-19 09:59:00,2023-04-19 09:58:00,True,3,15,1992.626323199347,1991.15,1.4763231993470072,14470.919999998892,69654.44999999684,move_median
741,T2/S03,long,2023-04-19 22:00:00,2023-04-20 03:26:00,2023-04-20 03:25:00,True,2,10,1995.673553428129,1996.51,0.8364465718709653,5941.279999999536,30198.03999999909,move_median
1636,T6/S12,short,2023-04-21 08:00:00,2023-04-21 08:13:00,2023-04-21 08:28:00,True,1,5,2000.58,1998.97,1.6099999999999,6439.9999999996,16911.43999999985,move_median
1637,T6/S12,short,2023-04-21 08:24:00,2023-04-21 08:31:00,2023-04-21 08:30:00,True,1,5,1999.61,1998.01,1.599999999999909,6399.999999999636,26005.899999999237,move_median
1638,T6/S12,short,2023-04-21 08:36:00,2023-04-21 08:51:00,2023-04-21 08:57:00,True,1,5,1995.6600000000003,1994.14,1.5200000000002092,6079.999999999927,18513.000000002296,move_median
1639,T6/S12,short,2023-04-21 09:00:00,2023-04-21 09:26:00,2023-04-21 09:27:00,True,2,10,1995.730244743192,1992.11,3.6202447431921883,21004.660000000826,45540.9000000046,move_median
418,T1/S01,long,2023-04-21 23:30:00,2023-04-24 01:42:00,2023-04-24 01:59:00,True,2,10,1983.077654723127,1984.0,0.9223452768731022,5663.200000000561,26624.05999999892,move_median
1640,T6/S12,short,2023-04-24 08:24:00,2023-04-24 16:25:00,2023-04-24 16:35:00,True,4,25,1980.908053365676,1978.62,2.2880533656762054,30184.000000001783,87266.42999999798,move_median
1111,T2/S04,long,2023-05-02 19:00:00,2023-05-02 19:02:00,2023-05-02 19:01:00,True,1,5,2014.52,2015.35,0.8299999999999272,3319.999999999709,15123.680000001876,move_median
1112,T2/S04,long,2023-05-02 19:15:00,2023-05-02 19:16:00,2023-05-02 19:15:00,True,1,5,2015.9299999999998,2016.73,0.8000000000001819,3199.999999999818,13772.799999999217,move_median
1113,T2/S04,long,2023-05-02 19:30:00,2023-05-02 19:46:00,2023-05-02 20:02:00,True,2,10,2015.6650000000002,2016.48,0.8149999999998272,6519.999999999527,25521.119999996394,move_median
742,T2/S03,long,2023-05-02 22:00:00,2023-05-02 22:01:00,2023-05-02 22:00:00,True,1,5,2014.3200000000002,2015.02,0.6999999999998181,2800.000000000182,12625.350000000315,move_median
743,T2/S03,long,2023-05-02 22:15:00,2023-05-02 22:21:00,2023-05-02 22:20:00,True,1,5,2015.6600000000003,2016.35,0.6899999999995998,2759.999999999309,12816.800000000158,move_median
744,T2/S03,long,2023-05-02 22:30:00,2023-05-02 22:36:00,2023-05-02 22:37:00,True,1,5,2015.61,2016.31,0.7000000000000455,2800.000000000182,9366.840000003313,move_median
419,T1/S01,long,2023-05-02 22:42:00,2023-05-02 22:47:00,2023-05-02 22:46:00,True,1,5,2016.11,2017.39,1.2800000000002,5120.0000000008,21878.639999999843,move_median
745,T2/S03,long,2023-05-02 22:45:00,2023-05-02 22:47:00,2023-05-02 22:46:00,True,1,5,2016.39,2017.39,1.0,4000.0,17016.719999996367,move_median
420,T1/S01,long,2023-05-02 22:48:00,2023-05-02 22:56:00,2023-05-02 22:56:00,True,1,5,2017.1300000000003,2017.93,0.7999999999997272,3199.999999999818,12034.979999996985,move_median
421,T1/S01,long,2023-05-02 23:00:00,2023-05-03 04:17:00,2023-05-03 04:25:00,True,3,15,2016.8929996544175,2017.8,0.9070003455824462,7873.669999999322,29692.19999999682,move_median
422,T1/S01,long,2023-05-05 22:54:00,2023-05-05 22:55:00,2023-05-08 03:20:00,True,3,5,2016.6012371846562,2017.55,0.9487628153437981,8236.209999999239,11216.63999999777,move_median
423,T1/S01,long,2023-05-10 22:18:00,2023-05-10 23:01:00,2023-05-11 02:00:00,True,2,10,2030.83325732899,2031.91,1.0767426710101518,6611.200000001095,79492.44000000351,move_median
1641,T6/S12,short,2023-05-16 09:48:00,2023-05-16 14:34:00,2023-05-16 14:53:00,True,2,10,2007.3091175456743,2005.73,1.5791175456743076,9162.040000000223,35502.62999999984,move_median
1248,T3/S06,short,2023-05-16 23:00:00,2023-05-16 23:15:00,2023-05-16 23:14:00,True,1,5,1989.85,1988.86,0.9900000000000091,3960.0000000000364,12059.119999997096,move_median
1249,T3/S06,short,2023-05-16 23:20:00,2023-05-17 01:05:00,2023-05-17 01:05:00,True,1,5,1989.36,1988.2,1.1599999999998545,4639.999999999418,16159.779999997416,move_median
1642,T6/S12,short,2023-05-17 09:24:00,2023-05-17 11:11:00,2023-05-17 11:11:00,True,2,10,1988.265773871079,1986.73,1.5357738710790727,8910.55999999995,35757.89999999984,move_median
424,T1/S01,long,2023-05-17 22:18:00,2023-05-18 01:47:00,2023-05-18 04:08:00,True,2,10,1983.1102280130292,1983.88,0.769771986970909,4726.4000000005035,22506.11999999984,move_median
1643,T6/S12,short,2023-05-18 09:00:00,2023-05-18 09:52:00,2023-05-18 09:59:00,True,2,10,1978.8819165804896,1977.35,1.5319165804896784,8888.18000000088,39395.40000000082,move_median
746,T2/S03,long,2023-05-19 22:00:00,2023-05-19 23:21:00,2023-05-19 23:25:00,True,2,10,1976.3835534281288,1977.17,0.7864465718712381,5586.130000000768,18524.549999999508,move_median
1644,T6/S12,short,2023-05-22 08:48:00,2023-05-22 09:10:00,2023-05-22 09:09:00,True,1,5,1973.35,1971.6,1.75,7000.0,27934.09999999918,move_median
1645,T6/S12,short,2023-05-22 09:12:00,2023-05-22 14:33:00,2023-05-22 14:32:00,True,5,25,1976.5903933571735,1974.95,1.6403933571734797,27064.849999999402,103586.94000000854,move_median
1114,T2/S04,long,2023-05-23 19:45:00,2023-05-23 19:47:00,2023-05-23 20:30:00,True,2,5,1972.9699999999998,1973.78,0.8100000000001728,6480.000000000473,10239.60000000316,move_median
425,T1/S01,long,2023-05-23 22:00:00,2023-05-24 01:05:00,2023-05-24 01:48:00,True,2,10,1975.8197719869706,1976.65,0.8302280130294548,5097.600000001075,27092.880000000332,move_median
747,T2/S03,long,2023-05-23 22:00:01,2023-05-24 01:05:00,2023-05-24 01:47:00,True,2,10,1975.6217105448402,1976.52,0.8982894551597838,6380.550000000046,27092.880000000332,move_median
1250,T3/S06,short,2023-06-02 23:00:00,2023-06-05 01:05:00,2023-06-05 01:05:00,True,1,5,1948.6,1947.57,1.0299999999999727,4119.999999999891,17125.019999996985,move_median
1115,T2/S04,long,2023-06-05 19:30:00,2023-06-05 20:43:00,2023-06-05 20:44:00,True,1,5,1958.7400000000002,1959.39,0.6499999999998636,2600.000000000364,10515.929999998825,move_median
748,T2/S03,long,2023-06-05 22:00:00,2023-06-05 22:05:00,2023-06-05 22:04:00,True,1,5,1960.89,1961.77,0.8799999999998818,3519.999999999527,16807.699999997312,move_median
749,T2/S03,long,2023-06-05 22:15:00,2023-06-05 22:22:00,2023-06-05 22:22:00,True,1,5,1962.22,1962.98,0.7599999999999909,3039.9999999999636,10176.64999999916,move_median
426,T1/S01,long,2023-06-05 22:30:00,2023-06-06 05:13:00,2023-06-06 05:10:00,True,4,15,1961.5654053169735,1962.72,1.1545946830265166,14114.91999999981,106513.0,move_median
750,T2/S03,long,2023-06-05 22:30:01,2023-06-06 05:13:00,2023-06-06 05:12:00,True,3,15,1962.5540653201547,1964.22,1.6659346798453498,15506.519999999971,106513.0,move_median
1116,T2/S04,long,2023-06-08 19:00:00,2023-06-08 19:01:00,2023-06-08 19:00:00,True,1,5,1967.0,1967.84,0.8399999999999181,3359.9999999996726,15223.999999999134,move_median
1117,T2/S04,long,2023-06-08 19:15:00,2023-06-08 19:18:00,2023-06-08 19:17:00,True,1,5,1968.14,1968.88,0.7400000000000091,2960.0000000000364,14295.0,move_median
1118,T2/S04,long,2023-06-08 19:30:00,2023-06-09 01:08:00,2023-06-08 23:29:00,True,4,20,1965.0625,1965.94,0.8775000000000546,14040.000000000873,39323.3400000033,move_median
1119,T2/S04,long,2023-06-15 19:00:00,2023-06-15 19:02:00,2023-06-15 19:01:00,True,1,5,1956.65,1957.37,0.7199999999997999,2879.9999999991996,14184.320000000174,move_median
1120,T2/S04,long,2023-06-15 19:15:00,2023-06-15 19:31:00,2023-06-15 19:31:00,True,1,5,1958.81,1959.83,1.0199999999999818,4079.9999999999272,9981.91999999965,move_median
1121,T2/S04,long,2023-06-15 19:45:00,2023-06-15 19:49:00,2023-06-15 19:49:00,True,1,5,1959.0899999999997,1959.84,0.7500000000002274,3000.0,10760.96000000332,move_median
751,T2/S03,long,2023-06-15 22:00:00,2023-06-15 22:04:00,2023-06-15 22:03:00,True,1,5,1957.6799999999998,1958.36,0.6800000000000637,2719.999999999345,13274.219999996676,move_median
752,T2/S03,long,2023-06-15 22:15:00,2023-06-15 22:31:00,2023-06-15 22:36:00,True,1,5,1958.4900000000002,1959.22,0.7299999999997908,2920.0000000000728,10595.199999999124,move_median
753,T2/S03,long,2023-06-15 22:45:00,2023-06-15 22:58:00,2023-06-15 22:58:00,True,1,5,1958.0,1958.83,0.8299999999999272,3319.999999999709,10799.599999998947,move_median
1646,T6/S12,short,2023-06-21 09:48:00,2023-06-21 12:14:00,2023-06-21 12:18:00,True,2,10,1934.2035884177872,1932.66,1.5435884177870776,8955.89999999909,44406.09999999473,move_median
1122,T2/S04,long,2023-06-30 19:00:00,2023-06-30 19:03:00,2023-06-30 19:02:00,True,1,5,1919.1799999999998,1919.99,0.8100000000001728,3239.9999999997817,15322.839999999294,move_median
1123,T2/S04,long,2023-06-30 19:15:00,2023-06-30 19:19:00,2023-06-30 19:53:00,True,1,5,1919.08,1919.78,0.7000000000000455,2800.000000000182,10295.77999999947,move_median
1124,T2/S04,long,2023-06-30 19:30:00,2023-06-30 19:33:00,2023-06-30 19:32:00,True,1,5,1917.81,1918.49,0.6800000000000637,2720.0000000002547,12835.020000001592,move_median
1125,T2/S04,long,2023-06-30 19:45:00,2023-06-30 19:51:00,2023-06-30 19:51:00,True,1,5,1918.61,1919.67,1.0600000000001728,4240.000000000691,12657.45000000177,move_median
1126,T2/S04,long,2023-07-03 19:00:00,2023-07-04 09:13:00,2023-07-04 09:12:00,True,4,20,1923.9725000000003,1924.82,0.8474999999996271,13559.999999998581,43480.53999999149,move_median
754,T2/S03,long,2023-07-10 22:15:00,2023-07-10 22:32:00,2023-07-10 22:32:00,True,1,5,1925.39,1926.12,0.7299999999997908,2919.9999999991633,12730.249999997328,move_median
755,T2/S03,long,2023-07-10 22:45:00,2023-07-10 22:52:00,2023-07-10 22:51:00,True,1,5,1925.3200000000002,1926.16,0.8399999999999181,3360.000000000582,16276.300000003032,move_median
1374,T5/S09,long,2023-07-11 10:00:00,2023-07-11 11:18:00,2023-07-11 11:32:00,True,2,10,1934.3242961757526,1936.74,2.41570382424743,14844.500000000022,84857.75999999876,move_median
1127,T2/S04,long,2023-07-12 19:00:00,2023-07-12 19:19:00,2023-07-12 19:18:00,True,1,5,1955.7900000000002,1956.7,0.9099999999998545,3640.0000000003274,17237.310000002344,move_median
1128,T2/S04,long,2023-07-12 19:30:00,2023-07-12 19:44:00,2023-07-12 19:43:00,True,1,5,1958.6199999999997,1959.27,0.6500000000003183,2600.000000000364,12900.550000001806,move_median
1129,T2/S04,long,2023-07-12 19:45:00,2023-07-12 22:47:00,2023-07-13 03:16:00,True,2,10,1958.0200000000004,1958.8,0.779999999999518,6239.999999998872,25238.70999999964,move_median
756,T2/S03,long,2023-07-12 22:15:00,2023-07-13 04:09:00,2023-07-13 04:11:00,True,2,10,1957.667922004787,1958.49,0.8220779952130215,5839.219999999628,22722.220000001995,move_median
1310,T4/S08,long,2023-07-13 07:05:00,2023-07-13 09:22:00,2023-07-13 09:24:00,True,3,15,1959.1425834640374,1961.28,2.1374165359625295,14308.935000000325,101242.82999999418,move_median
1130,T2/S04,long,2023-07-18 19:15:00,2023-07-18 19:26:00,2023-07-18 19:25:00,True,1,6,1980.64,1981.35,0.709999999999809,2839.999999999236,14119.69999999633,move_median
1131,T2/S04,long,2023-07-28 19:00:00,2023-07-28 19:05:00,2023-07-28 19:04:00,True,1,6,1961.0400000000002,1961.79,0.7499999999997726,3000.0,15149.25,move_median
1132,T2/S04,long,2023-07-28 19:15:00,2023-07-28 19:24:00,2023-07-28 19:24:00,True,1,6,1961.7400000000002,1962.43,0.6899999999998272,2760.0000000002183,10721.899999999448,move_median
1133,T2/S04,long,2023-07-31 19:00:00,2023-07-31 19:15:00,2023-07-31 19:14:00,True,1,6,1970.85,1971.53,0.6800000000000637,2720.0000000002547,13770.68000000129,move_median
1134,T2/S04,long,2023-07-31 19:30:00,2023-07-31 19:42:00,2023-07-31 19:42:00,True,1,6,1971.45,1972.1,0.6499999999998636,2599.9999999994543,11761.819999998525,move_median
1135,T2/S04,long,2023-07-31 19:45:00,2023-07-31 20:23:00,2023-08-14 19:45:00,False,32,12,1938.8269508871354,1912.49,-26.336950887135345,-3174353.184999997,20911.059999999445,move_median
1647,T6/S12,short,2023-08-01 09:00:00,2023-08-01 09:11:00,2023-08-01 09:10:00,True,1,6,1958.8699999999997,1957.34,1.5299999999997453,6119.999999999891,27260.959999998333,move_median
1648,T6/S12,short,2023-08-01 09:12:00,2023-08-01 10:10:00,2023-08-01 10:10:00,True,1,6,1957.14,1955.5,1.6400000000001,6560.0000000004,24886.780000000555,move_median
1251,T3/S06,short,2023-08-16 23:00:00,2023-08-17 03:51:00,2023-08-17 03:50:00,True,1,6,1892.14,1891.18,0.9600000000000364,3840.0000000001455,15540.479999999814,move_median
1136,T2/S04,long,2023-08-23 19:00:00,2023-08-23 19:11:00,2023-08-23 19:12:00,True,1,6,1918.47,1919.19,0.7200000000000273,2880.000000000109,11309.099999999065,move_median
1137,T2/S04,long,2023-08-23 19:15:00,2023-08-23 19:35:00,2023-08-23 19:34:00,True,1,6,1919.1799999999998,1919.83,0.650000000000091,2599.9999999994543,13173.759999997379,move_median
1138,T2/S04,long,2023-08-23 19:45:00,2023-08-23 22:05:00,2023-08-24 03:17:00,True,3,24,1917.6933333333334,1918.3,0.6066666666665697,7279.999999998836,-12103.739999998314,move_median
757,T2/S03,long,2023-08-23 22:00:00,2023-08-24 01:06:00,2023-08-24 01:05:00,True,2,30,1915.1831873401536,1917.03,1.8468126598463641,5776.829999999691,87210.03000000038,move_median
427,T1/S01,long,2023-08-25 22:00:00,2023-08-25 22:28:00,2023-08-25 23:46:00,True,1,6,1913.5400000000002,1914.7,1.1599999999998545,4640.000000000327,11833.769999998678,move_median
1139,T2/S04,long,2023-08-28 19:00:00,2023-08-29 04:05:00,2023-08-29 04:04:00,True,5,30,1921.2580000000003,1922.08,0.8219999999996617,16439.99999999687,53417.44999999395,move_median
1140,T2/S04,long,2023-08-29 19:00:00,2023-08-29 19:09:00,2023-08-29 19:08:00,True,1,6,1936.89,1937.62,0.7299999999997908,2919.9999999991633,15459.34000000019,move_median
1141,T2/S04,long,2023-08-29 19:15:00,2023-08-29 19:53:00,2023-08-29 19:53:00,True,2,12,1935.0200000000004,1935.86,0.8399999999994634,6719.999999998436,23223.420000002665,move_median
758,T2/S03,long,2023-08-29 22:00:00,2023-08-29 22:15:00,2023-08-29 22:48:00,True,1,6,1937.2099999999998,1937.89,0.680000000000291,2720.0000000002547,13420.15999999733,move_median
759,T2/S03,long,2023-08-29 22:30:00,2023-08-30 12:26:00,2023-08-30 12:27:00,True,2,12,1937.2398676615514,1938.23,0.990132338448575,7032.910000000157,22255.759999998856,move_median
1142,T2/S04,long,2023-08-30 19:00:00,2023-08-30 19:58:00,2023-08-30 19:57:00,True,2,12,1944.145,1944.94,0.7950000000000728,6360.000000000582,28824.800000002488,move_median
760,T2/S03,long,2023-09-12 22:45:00,2023-09-13 01:09:00,2023-09-13 01:40:00,True,1,6,1912.89,1913.68,0.7899999999999636,3159.9999999998545,11181.939999999424,move_median
428,T1/S01,long,2023-09-18 22:54:00,2023-09-19 02:31:00,2023-09-19 02:39:00,True,1,6,1933.6199999999997,1934.38,0.7600000000004457,3040.000000000873,10771.20000000461,move_median
1143,T2/S04,long,2023-09-20 19:00:00,2023-09-20 19:04:00,2023-09-20 19:05:00,True,1,6,1941.98,1942.76,0.7799999999999727,3119.999999999891,10782.419999999807,move_median
1144,T2/S04,long,2023-09-20 19:15:00,2023-09-20 19:21:00,2023-09-20 19:24:00,True,1,6,1944.35,1945.06,0.7100000000000364,2840.0000000001455,11004.759999999615,move_median
1145,T2/S04,long,2023-09-20 19:30:00,2023-09-20 19:54:00,2023-09-20 19:53:00,True,1,6,1945.6300000000003,1946.37,0.7399999999995543,2959.999999999127,15676.899999995376,move_median
1649,T6/S12,short,2023-09-25 08:48:00,2023-09-25 09:08:00,2023-09-25 10:49:00,True,3,6,1924.5206264027747,1923.13,1.3906264027746147,13630.919999998747,21641.339999999615,move_median
1650,T6/S12,short,2023-09-25 09:12:00,2023-09-25 11:18:00,2023-09-25 11:18:00,True,3,18,1923.3324239951032,1921.97,1.3624239951031996,13354.479999999907,73984.80000000038,move_median
1252,T3/S06,short,2023-09-26 23:00:00,2023-09-27 05:25:00,2023-09-27 06:50:00,True,1,12,1900.4100000000003,1899.56,0.8500000000003638,3400.0000000005457,22264.31999999922,move_median
1375,T5/S09,long,2023-09-29 10:12:00,2023-09-29 10:39:00,2023-09-29 10:38:00,True,1,6,1870.8699999999997,1873.43,2.5600000000004,10240.000000000691,54917.120000003706,move_median
1376,T5/S09,long,2023-09-29 10:48:00,2023-09-29 15:44:00,2023-09-29 15:51:00,True,2,12,1871.3217493897478,1873.8,2.4782506102521893,15228.849999999673,112553.64000000058,move_median
1651,T6/S12,short,2023-10-06 09:48:00,2023-10-06 15:21:00,2023-10-06 15:20:00,True,3,18,1821.5181615996732,1820.1,1.4181615996733399,13900.82000000073,81701.25,move_median
761,T2/S03,long,2023-10-09 22:15:00,2023-10-09 22:18:00,2023-10-09 22:17:00,True,1,6,1860.36,1861.07,0.7100000000000364,2840.0000000001455,16902.27000000459,move_median
429,T1/S01,long,2023-10-09 22:18:00,2023-10-09 22:21:00,2023-10-09 22:26:00,True,1,6,1861.31,1862.14,0.8300000000001546,3320.0000000006185,13227.600000003007,move_median
430,T1/S01,long,2023-10-09 22:24:00,2023-10-09 22:32:00,2023-10-09 22:31:00,True,1,12,1862.0,1862.81,0.8099999999999454,21.869999999998495,26958.520000000604,move_median
762,T2/S03,long,2023-10-09 22:30:00,2023-10-09 22:33:00,2023-10-09 22:45:00,True,1,12,1862.46,1863.29,0.8299999999999272,22.409999999997705,10176.860000000801,move_median
431,T1/S01,long,2023-10-09 22:36:00,2023-10-09 22:38:00,2023-10-09 22:40:00,True,1,60,1862.25,1863.1,0.849999999999909,82.44999999999109,122409.4099999996,move_median
763,T2/S03,long,2023-10-09 22:45:00,2023-10-09 23:00:00,2023-10-10 02:54:00,True,2,24,1861.6168441995712,1862.5,0.8831558004287672,2885.270000000087,23758.739999998805,move_median
1377,T5/S09,long,2023-10-11 12:00:00,2023-10-11 13:24:00,2023-10-11 13:23:00,True,1,6,1869.7900000000002,1872.5,2.709999999999809,10840.000000000146,61045.46000000082,move_median
1378,T5/S09,long,2023-10-11 13:36:00,2023-10-11 19:04:00,2023-10-11 19:05:00,True,1,6,1873.14,1876.01,2.869999999999891,11479.999999999563,47560.79999999794,move_median
1146,T2/S04,long,2023-10-13 19:00:00,2023-10-13 19:02:00,2023-10-13 19:03:00,True,1,6,1923.08,1923.96,0.8800000000001091,3520.0000000004366,12509.200000004137,move_median
1147,T2/S04,long,2023-10-13 19:15:00,2023-10-13 19:46:00,2023-10-13 19:45:00,True,2,18,1924.935,1925.97,1.0350000000000819,8280.000000000655,109063.51000000435,move_median
764,T2/S03,long,2023-10-13 22:00:00,2023-10-13 23:48:00,2023-10-13 23:49:00,True,1,6,1928.7599999999998,1929.53,0.7700000000002092,3079.9999999999272,13102.589999998536,move_median
432,T1/S01,long,2023-10-13 23:30:00,2023-10-13 23:51:00,2023-10-13 23:53:00,True,1,6,1929.14,1930.26,1.1199999999998909,4479.999999999563,15171.419999996655,move_median
433,T1/S01,long,2023-10-13 23:54:00,2023-10-16 15:22:00,2023-10-16 15:20:00,True,11,72,1918.6487313587404,1920.06,1.4112686412595394,54508.83999999672,935634.1300000249,move_median
1652,T6/S12,short,2023-10-16 09:00:00,2023-10-16 09:02:00,2023-10-16 09:01:00,True,1,6,1914.9100000000003,1913.21,1.7000000000002728,6800.000000000182,37790.5200000023,move_median
1653,T6/S12,short,2023-10-16 09:12:00,2023-10-16 09:29:00,2023-10-16 09:38:00,True,2,12,1914.0973767666326,1912.41,1.6873767666324966,9790.15999999965,64502.01000000442,move_median
1654,T6/S12,short,2023-10-16 09:36:00,2023-10-16 09:47:00,2023-10-16 09:46:00,True,1,6,1913.02,1911.38,1.6399999999998727,6559.999999999491,34407.04000000042,move_median
1655,T6/S12,short,2023-10-16 09:48:00,2023-10-16 09:55:00,2023-10-16 09:57:00,True,1,6,1911.4599999999998,1909.48,1.9799999999997908,7920.000000000073,25415.530000003393,move_median
1148,T2/S04,long,2023-10-16 19:30:00,2023-10-16 20:01:00,2023-10-16 20:01:00,True,1,7,1921.52,1922.47,0.9500000000000455,3800.000000000182,15395.180000003213,move_median
434,T1/S01,long,2023-10-19 22:00:00,2023-10-19 22:01:00,2023-10-19 22:00:00,True,1,7,1973.2599999999998,1974.06,0.8000000000001819,3199.999999999818,20974.09999999816,move_median
435,T1/S01,long,2023-10-19 22:06:00,2023-10-19 22:11:00,2023-10-19 22:11:00,True,1,7,1973.89,1976.36,2.4699999999998,9879.9999999992,14174.719999998619,move_median
436,T1/S01,long,2023-10-19 22:12:00,2023-10-19 22:19:00,2023-10-19 22:24:00,True,1,7,1976.5400000000002,1977.53,0.9899999999997817,3960.0000000000364,9375.800000002997,move_median
765,T2/S03,long,2023-10-19 22:15:00,2023-10-19 22:21:00,2023-10-19 22:20:00,True,1,7,1976.39,1977.13,0.7400000000000091,2960.0000000000364,18498.1999999947,move_median
437,T1/S01,long,2023-10-19 22:24:00,2023-10-20 02:08:00,2023-10-20 01:34:00,True,3,42,1974.8625578433453,1975.87,1.0074421566546334,4746.059999999687,43401.960000006715,move_median
766,T2/S03,long,2023-10-19 22:30:00,2023-10-20 02:08:00,2023-10-20 01:34:00,True,3,49,1974.7138890970402,1975.87,1.1561109029596537,6171.319999999063,223738.76000000437,move_median
1311,T4/S08,long,2023-10-20 06:00:00,2023-10-20 08:31:00,2023-10-20 09:09:00,True,3,21,1978.4175420120996,1980.09,1.6724579879003159,11196.269999999686,123304.5000000012,move_median
1312,T4/S08,long,2023-10-20 08:35:00,2023-10-20 09:10:00,2023-10-20 10:25:00,True,3,14,1978.1823795653147,1979.83,1.6476204346852228,11029.994999999948,84742.40000000723,move_median
438,T1/S01,long,2023-10-27 22:00:00,2023-10-27 22:03:00,2023-10-27 22:02:00,True,1,7,2005.4900000000002,2006.73,1.2399999999997817,4960.000000000036,28783.07999999806,move_median
439,T1/S01,long,2023-10-27 22:06:00,2023-10-27 22:09:00,2023-10-27 22:08:00,True,1,7,2007.89,2008.96,1.0699999999999363,4279.999999999745,28844.639999998057,move_median
440,T1/S01,long,2023-10-27 22:12:00,2023-10-27 22:47:00,2023-10-30 15:14:00,True,8,49,2000.1573836189928,2002.05,1.8926163810072012,52892.949999998644,-82089.50000001054,move_median
767,T2/S03,long,2023-10-27 22:30:00,2023-10-30 02:45:00,2023-10-27 22:33:00,True,1,28,2006.18,2007.03,0.849999999999909,29.749999999996334,-26378.800000006606,move_median
1656,T6/S12,short,2023-11-07 09:48:00,2023-11-07 10:16:00,2023-11-07 10:15:00,True,1,7,1969.0700000000002,1967.68,1.3900000000001,5559.999999999491,33930.640000000756,move_median
441,T1/S01,long,2023-11-07 23:36:00,2023-11-08 02:02:00,2023-11-08 02:19:00,True,1,7,1969.0099999999998,1969.85,0.8400000000001455,3359.9999999996726,14776.39999999924,move_median
1149,T2/S04,long,2023-11-09 19:00:00,2023-11-09 19:03:00,2023-11-09 19:02:00,True,1,7,1960.6799999999998,1961.42,0.7400000000002365,2960.0000000000364,21489.159999999494,move_median
1150,T2/S04,long,2023-11-09 19:15:00,2023-11-09 20:17:00,2023-11-09 20:16:00,True,3,21,1961.7633333333333,1963.75,1.9866666666666788,23840.000000000146,156246.0899999977,move_median
1253,T3/S06,short,2023-11-10 23:10:00,2023-11-13 05:00:00,2023-11-13 05:12:00,True,2,16,1937.7377544426495,1936.37,1.3677544426495842,8466.400000000851,35047.36000000668,move_median
768,T2/S03,long,2023-11-13 22:00:00,2023-11-14 02:02:00,2023-11-14 02:01:00,True,1,8,1946.3399999999997,1947.03,0.6900000000002819,2760.0000000002183,22384.65000000541,move_median
1151,T2/S04,long,2023-11-14 19:00:00,2023-11-14 20:08:00,2023-11-14 20:07:00,True,2,16,1963.4150000000002,1964.18,0.7649999999998727,6120.0000000008,33772.19999999509,move_median
769,T2/S03,long,2023-11-16 22:00:00,2023-11-17 02:54:00,2023-11-17 02:53:00,True,2,16,1982.6680247782626,1983.75,1.0819752217373662,7685.269999999565,65143.629999998964,move_median
1152,T2/S04,long,2023-11-21 19:00:00,2023-11-21 19:59:00,2023-11-21 19:58:00,True,2,16,2000.1299999999999,2001.16,1.0300000000002,8240.000000000691,44292.800000011695,move_median
442,T1/S01,long,2023-11-27 23:00:00,2023-11-28 01:51:00,2023-11-28 02:00:00,True,1,8,2014.5899999999997,2016.19,1.6000000000003638,6400.000000000546,14906.31999999948,move_median
1153,T2/S04,long,2023-11-28 19:00:00,2023-11-28 19:03:00,2023-11-28 19:12:00,True,1,8,2039.78,2040.67,0.8900000000001,3560.0000000004,15495.299999998955,move_median
1154,T2/S04,long,2023-11-28 19:15:00,2023-11-28 21:46:00,2023-11-28 21:45:00,True,3,24,2040.7266666666667,2041.37,0.643333333333203,7719.999999998436,50270.499999993466,move_median
770,T2/S03,long,2023-11-28 22:00:00,2023-11-29 01:15:00,2023-11-29 01:18:00,True,2,16,2041.183553428129,2041.94,0.756446571871038,5373.040000000052,40932.919999995545,move_median
771,T2/S03,long,2023-12-01 22:00:00,2023-12-01 22:04:00,2023-12-01 22:03:00,True,1,8,2067.19,2068.25,1.0599999999999454,4239.999999999782,30353.399999992114,move_median
772,T2/S03,long,2023-12-01 22:15:00,2023-12-01 22:32:00,2023-12-01 22:48:00,True,1,8,2069.61,2070.76,1.150000000000091,4600.000000000364,17092.299999991043,move_median
773,T2/S03,long,2023-12-01 22:45:00,2023-12-01 23:03:00,2023-12-01 23:04:00,True,1,8,2070.28,2071.54,1.2599999999997635,5039.999999999054,15662.159999998945,move_median
443,T1/S01,long,2023-12-01 23:42:00,2023-12-04 01:05:00,2023-12-04 01:05:00,True,1,8,2071.56,2073.78,2.2200000000002547,8880.000000001019,85653.25000000792,move_median
1657,T6/S12,short,2023-12-04 09:48:00,2023-12-04 09:52:00,2023-12-04 09:52:00,True,1,8,2071.69,2067.81,3.880000000000109,15520.000000000437,31543.559999997873,move_median
1379,T5/S09,long,2023-12-06 10:24:00,2023-12-06 15:16:00,2023-12-06 15:19:00,True,3,24,2027.9282848693936,2031.02,3.091715130606417,31365.45000000055,182644.80000000028,move_median
444,T1/S01,long,2023-12-08 23:24:00,2023-12-11 01:05:00,2023-12-11 01:05:00,True,1,24,2003.7,2006.28,2.5799999999999272,10319.999999999709,84200.25999999758,move_median
445,T1/S01,long,2023-12-13 22:00:00,2023-12-13 22:02:00,2023-12-13 22:04:00,True,1,8,2013.85,2014.88,1.0300000000002,4120.0000000008,17619.760000004346,move_median
774,T2/S03,long,2023-12-13 22:00:01,2023-12-13 22:02:00,2023-12-13 22:04:00,True,1,8,2013.85,2014.88,1.0300000000002,4120.0000000008,17619.760000004346,move_median
446,T1/S01,long,2023-12-13 22:06:00,2023-12-13 22:06:00,2023-12-13 22:08:00,True,2,32,2013.6653345388786,2015.26,1.5946654611213944,3527.4000000001975,53634.34999999891,move_median
775,T2/S03,long,2023-12-13 22:15:00,2023-12-13 22:17:00,2023-12-13 22:16:00,True,1,16,2015.0,2016.19,1.1900000000000546,141.61000000000624,32681.469999997546,move_median
447,T1/S01,long,2023-12-13 22:18:00,2023-12-13 22:21:00,2023-12-13 22:20:00,True,1,8,2017.39,2020.56,3.1699999999998454,12679.999999999382,95567.8799999956,move_median
448,T1/S01,long,2023-12-13 22:24:00,2023-12-13 22:32:00,2023-12-13 22:35:00,True,3,24,2019.2979990784468,2021.42,2.122000921553308,18421.090000000662,28770.580000001668,move_median
776,T2/S03,long,2023-12-13 22:30:00,2023-12-13 22:36:00,2023-12-13 22:31:00,True,1,8,2016.3,2018.09,1.7899999999999636,7159.9999999998545,157013.91000000335,move_median
449,T1/S01,long,2023-12-13 22:42:00,2023-12-13 22:54:00,2023-12-13 22:54:00,True,2,16,2019.6791530944624,2020.76,1.0808469055375554,6636.400000000162,41305.440000005125,move_median
777,T2/S03,long,2023-12-13 22:45:00,2023-12-13 22:54:00,2023-12-13 22:54:00,True,2,16,2019.654441785161,2020.76,1.105558214838993,7852.780000000118,153956.64000000228,move_median
450,T1/S01,long,2023-12-13 23:00:00,2023-12-13 23:06:00,2023-12-13 23:05:00,True,2,16,2023.2877524429966,2024.36,1.0722475570032657,6583.599999999364,80887.67999999112,move_median
451,T1/S01,long,2023-12-13 23:12:00,2023-12-13 23:14:00,2023-12-13 23:14:00,True,1,8,2023.55,2024.85,1.2999999999999545,5199.999999999818,17791.199999998265,move_median
452,T1/S01,long,2023-12-13 23:18:00,2023-12-13 23:23:00,2023-12-13 23:23:00,True,1,8,2024.6300000000003,2025.9,1.2699999999997544,5079.999999999927,18129.419999997976,move_median
453,T1/S01,long,2023-12-13 23:24:00,2023-12-13 23:44:00,2023-12-13 23:43:00,True,1,8,2026.22,2027.06,0.8399999999999181,3359.9999999996726,23244.66000000058,move_median
454,T1/S01,long,2023-12-13 23:48:00,2023-12-14 01:28:00,2023-12-14 01:23:00,True,2,8,2026.2932573289902,2027.08,0.7867426710097334,4830.599999999922,38265.60000000145,move_median
455,T1/S01,long,2023-12-18 23:54:00,2023-12-19 01:50:00,2023-12-19 01:58:00,True,2,16,2026.9011400651468,2027.71,0.808859934853217,4966.399999999798,38037.16000000174,move_median
1155,T2/S04,long,2023-12-19 19:00:00,2023-12-19 19:04:00,2023-12-19 19:03:00,True,1,9,2044.4299999999998,2045.36,0.9300000000000637,3719.999999999345,36206.32999999621,move_median
1254,T3/S06,short,2023-12-20 23:50:00,2023-12-28 04:00:00,2024-01-03 11:44:00,True,18,188,2056.446368913309,2055.13,1.3163689133089065,76424.42999999225,-15337265.64000002,move_median
1380,T5/S09,long,2023-12-22 12:24:00,2023-12-22 13:15:00,2023-12-22 13:24:00,True,1,9,2055.54,2059.54,4.0,16000.0,68721.81999999592,move_median
1381,T5/S09,long,2023-12-22 13:24:00,2023-12-22 13:26:00,2023-12-22 13:26:00,True,1,9,2058.1,2060.6,2.5,10000.0,69662.16000000997,move_median
1382,T5/S09,long,2023-12-22 13:36:00,2023-12-22 13:40:00,2023-12-22 13:39:00,True,1,9,2060.14,2063.03,2.8900000000003274,11560.00000000131,87126.41000000176,move_median
1383,T5/S09,long,2023-12-22 13:48:00,2023-12-22 14:31:00,2023-12-22 14:30:00,True,1,9,2061.74,2065.15,3.4100000000003092,13640.000000001237,110717.60000000296,move_median
456,T1/S01,long,2023-12-26 22:00:00,2023-12-26 22:06:00,2023-12-26 22:05:00,True,1,9,2061.88,2062.85,0.9699999999997999,3879.9999999991996,35081.01999999046,move_median
457,T1/S01,long,2023-12-26 22:12:00,2023-12-26 22:35:00,2023-12-26 22:34:00,True,1,9,2063.96,2065.17,1.2100000000000364,4840.0000000001455,33184.559999992234,move_median
458,T1/S01,long,2023-12-26 22:36:00,2023-12-26 22:42:00,2023-12-26 22:43:00,True,1,9,2066.14,2067.08,0.9400000000000546,3760.0000000002183,17119.959999999402,move_median
459,T1/S01,long,2023-12-26 22:48:00,2023-12-26 22:59:00,2023-12-26 23:19:00,True,1,36,2067.73,2068.55,0.8200000000001637,27.8800000000057,74106.03000000062,move_median
1,T1/S01,long,2018-01-02 22:00:00,2018-01-02 22:33:00,2018-01-02 22:32:00,True,1,1,1316.1899999999998,1316.91,0.7200000000002547,14.400000000000546,14.600000000000366,threshold
2,T1/S01,long,2018-01-02 22:36:00,2018-01-02 23:14:00,2018-01-02 23:13:00,True,1,1,1318.04,1318.76,0.7200000000000273,14.400000000000546,14.400000000000546,threshold
3,T1/S01,long,2018-01-02 23:18:00,2018-01-03 01:21:00,2018-01-03 01:32:00,True,1,1,1318.17,1318.83,0.6599999999998545,13.19999999999709,10.799999999999272,threshold
460,T2/S03,long,2018-01-04 22:00:00,2018-01-04 22:05:00,2018-01-04 22:04:00,True,1,1,1324.63,1325.66,1.0299999999999727,20.599999999999454,20.599999999999454,threshold
461,T2/S03,long,2018-01-04 22:15:00,2018-01-04 23:24:00,2018-01-04 22:44:00,True,2,2,1322.0405027217419,1322.66,0.6194972782582227,1934.690000000339,26.599999999998545,threshold
4,T1/S01,long,2018-01-04 22:18:00,2018-01-04 23:24:00,2018-01-04 22:44:00,True,2,2,1322.2756481481483,1322.66,0.38435185185176124,830.2000000001952,15.399999999999636,threshold
1492,T6/S12,short,2018-01-05 08:36:00,2018-01-05 10:20:00,2018-01-05 10:17:00,True,1,1,1318.7,1317.48,1.2200000000000273,24.400000000000546,21.19999999999891,threshold
5,T1/S01,long,2018-01-08 23:00:00,2018-01-09 04:23:00,2018-01-09 04:02:00,True,3,3,1317.7871814507553,1318.39,0.6028185492448301,2833.8500000003705,34.80000000000018,threshold
1313,T5/S09,long,2018-01-10 12:48:00,2018-01-10 12:50:00,2018-01-10 12:49:00,True,1,1,1320.32,1322.37,2.0499999999999545,40.99999999999909,41.60000000000309,threshold
1314,T5/S09,long,2018-01-10 13:00:00,2018-01-10 13:04:00,2018-01-10 13:03:00,True,1,1,1321.44,1324.39,2.9500000000000455,59.00000000000091,59.00000000000091,threshold
1315,T5/S09,long,2018-01-10 13:12:00,2018-01-11 16:59:00,2018-01-10 17:09:00,True,2,2,1317.29175900277,1319.61,2.31824099722985,5021.309999999747,87.15000000000668,threshold
6,T1/S01,long,2018-01-12 22:00:00,2018-01-12 22:13:00,2018-01-12 22:13:00,True,1,1,1337.79,1338.49,0.7000000000000455,14.700000000000953,10.709999999999809,threshold
462,T2/S03,long,2018-01-12 22:15:00,2018-01-15 03:01:00,2018-01-15 01:06:00,True,2,2,1335.8016453265045,1336.91,1.108354673495569,3462.50000000034,35.90999999999599,threshold
7,T1/S01,long,2018-01-12 22:18:00,2018-01-15 03:01:00,2018-01-15 01:02:00,True,2,2,1335.8109023600184,1336.17,0.35909763998165545,776.0100000002149,36.749999999995225,threshold
1493,T6/S12,short,2018-01-17 08:12:00,2018-01-17 08:55:00,2018-01-17 08:54:00,True,1,1,1335.02,1333.5,1.5199999999999818,31.919999999999614,21.839999999999236,threshold
8,T1/S01,long,2018-01-22 23:18:00,2018-01-23 03:22:00,2018-01-23 02:00:00,True,2,2,1333.317491901897,1333.66,0.34250809810305327,740.1600000002761,44.31000000000745,threshold
9,T1/S01,long,2018-01-23 22:00:00,2018-01-23 22:13:00,2018-01-23 22:12:00,True,1,1,1340.72,1341.49,0.7699999999999818,16.169999999999618,15.75,threshold
10,T1/S01,long,2018-01-23 22:18:00,2018-01-23 22:54:00,2018-01-23 22:54:00,True,1,1,1340.71,1341.32,0.6099999999999,12.809999999997897,11.339999999999236,threshold
463,T2/S03,long,2018-01-23 22:45:00,2018-01-24 01:36:00,2018-01-24 01:35:00,True,1,1,1341.2,1341.8,0.599999999999909,12.59999999999809,12.809999999997897,threshold
11,T1/S01,long,2018-01-23 23:00:00,2018-01-24 08:38:00,2018-01-24 01:35:00,True,1,1,1341.14,1341.8,0.6599999999998545,13.859999999996944,40.31999999999675,threshold
1316,T5/S09,long,2018-01-24 10:48:00,2018-01-24 12:31:00,2018-01-24 12:27:00,True,1,1,1347.83,1349.75,1.9200000000000728,40.32000000000153,43.890000000003056,threshold
1317,T5/S09,long,2018-01-24 12:48:00,2018-01-24 15:01:00,2018-01-24 14:59:00,True,1,1,1350.34,1352.22,1.8800000000001091,39.48000000000229,49.560000000002674,threshold
464,T2/S03,long,2018-01-24 22:00:00,2018-01-24 22:08:00,2018-01-24 22:07:00,True,1,1,1358.3799999999999,1359.17,0.790000000000191,16.589999999999236,16.589999999999236,threshold
12,T1/S01,long,2018-01-24 22:18:00,2018-01-25 03:59:00,2018-01-24 23:03:00,True,2,2,1357.724958371878,1358.28,0.5550416281218986,1199.9999999998615,25.7400000000016,threshold
1156,T3/S06,short,2018-01-25 23:30:00,2018-01-25 23:42:00,2018-01-25 23:41:00,True,1,1,1347.67,1346.68,0.9900000000000091,21.7800000000002,13.6400000000026,threshold
1318,T5/S09,long,2018-01-26 10:48:00,2018-01-30 16:14:00,2018-01-26 15:30:00,True,2,5,1350.1277664974618,1352.75,2.6222335025381653,5682.380000000136,339.2399999999866,threshold
1494,T6/S12,short,2018-02-01 09:36:00,2018-02-01 13:31:00,2018-02-01 12:10:00,True,2,1,1341.2161184210527,1340.08,1.1361184210527426,2072.280000000149,33.0,threshold
465,T2/S03,long,2018-02-01 22:15:00,2018-02-01 22:23:00,2018-02-01 22:25:00,True,1,1,1348.27,1348.85,0.5799999999999272,12.759999999998401,0.0,threshold
13,T1/S01,long,2018-02-01 22:18:00,2018-02-01 22:26:00,2018-02-01 22:22:00,True,1,2,1347.68,1348.26,0.5799999999999272,12.759999999998401,40.4799999999982,threshold
14,T1/S01,long,2018-02-01 22:30:00,2018-02-01 22:45:00,2018-02-01 22:44:00,True,1,1,1348.92,1349.91,0.9900000000000091,21.7800000000002,21.7800000000002,threshold
15,T1/S01,long,2018-02-01 22:48:00,2018-02-01 22:55:00,2018-02-01 22:55:00,True,1,1,1349.25,1349.83,0.5799999999999272,12.759999999998401,11.2199999999998,threshold
16,T1/S01,long,2018-02-01 23:00:00,2018-02-01 23:04:00,2018-02-01 23:06:00,True,1,1,1349.98,1350.77,0.7899999999999636,17.3799999999992,12.099999999999,threshold
17,T1/S01,long,2018-02-01 23:06:00,2018-02-02 01:35:00,2018-02-02 01:23:00,True,3,3,1348.0213095238094,1348.6,0.5786904761905589,2722.15999999997,41.85999999999331,threshold
1319,T5/S09,long,2018-02-05 12:48:00,2018-02-05 22:08:00,2018-02-05 22:07:00,True,1,1,1337.28,1341.11,3.8299999999999272,88.08999999999833,87.62999999999876,threshold
18,T1/S01,long,2018-02-05 22:18:00,2018-02-05 22:19:00,2018-02-05 22:18:00,True,1,1,1339.14,1339.78,0.6399999999998727,14.719999999997071,14.719999999997071,threshold
19,T1/S01,long,2018-02-05 22:24:00,2018-02-05 23:38:00,2018-02-05 22:39:00,True,2,2,1337.5464817383263,1338.35,0.8035182616736165,1738.0099999998633,31.74000000000251,threshold
1157,T3/S06,short,2018-02-06 23:40:00,2018-02-07 14:18:00,2018-02-07 01:38:00,True,2,3,1326.1568459105288,1325.32,0.8368459105288366,1851.9400000002602,44.15999999999121,threshold
778,T2/S04,long,2018-02-08 19:45:00,2018-02-08 19:56:00,2018-02-08 19:50:00,True,1,1,1319.0,1319.52,0.5199999999999818,11.959999999999582,22.77000000000021,threshold
20,T1/S01,long,2018-02-13 23:30:00,2018-02-14 01:13:00,2018-02-14 01:12:00,True,1,1,1329.35,1329.98,0.6300000000001091,14.490000000002512,14.490000000002512,threshold
466,T2/S03,long,2018-02-14 22:15:00,2018-02-15 01:43:00,2018-02-15 01:41:00,True,3,3,1351.3299662352276,1352.38,1.0500337647724791,5597.730000000785,80.96000000000481,threshold
1158,T3/S06,short,2018-02-16 23:00:00,2018-02-16 23:31:00,2018-02-16 23:30:00,True,1,1,1348.69,1347.85,0.8400000000001455,19.320000000003347,15.640000000001464,threshold
1159,T3/S06,short,2018-02-16 23:40:00,2018-02-16 23:43:00,2018-02-19 02:01:00,True,1,1,1348.16,1347.19,0.9700000000000273,22.310000000000628,11.959999999999582,threshold
1160,T3/S06,short,2018-02-16 23:50:00,2018-02-19 05:57:00,2018-02-19 03:31:00,True,2,2,1350.856638047899,1349.94,0.916638047898914,2028.5200000000998,24.610000000003765,threshold
779,T2/S04,long,2018-02-22 19:00:00,2018-02-22 19:23:00,2018-02-22 19:03:00,True,1,1,1329.49,1329.92,0.43000000000006366,9.890000000001464,13.799999999997908,threshold
780,T2/S04,long,2018-02-22 19:30:00,2018-02-22 20:34:00,2018-02-22 20:33:00,True,1,1,1331.24,1331.76,0.5199999999999818,11.959999999999582,11.729999999999793,threshold
467,T2/S03,long,2018-02-22 22:00:00,2018-02-22 22:47:00,2018-02-22 22:46:00,True,1,1,1330.83,1331.39,0.5600000000001728,12.880000000003974,12.650000000004184,threshold
1495,T6/S12,short,2018-03-01 08:12:00,2018-03-01 10:52:00,2018-03-01 09:29:00,True,2,1,1314.815298630137,1313.7,1.1152986301369765,2035.419999999772,25.53000000000293,threshold
21,T1/S01,long,2018-03-01 22:00:00,2018-03-01 22:01:00,2018-03-01 22:00:00,True,1,1,1316.28,1316.96,0.6800000000000637,16.320000000001528,17.04000000000087,threshold
22,T1/S01,long,2018-03-01 22:06:00,2018-03-01 22:20:00,2018-03-01 22:10:00,True,2,2,1316.4165249537893,1317.0,0.5834750462106513,1262.639999999803,25.440000000004147,threshold
23,T1/S01,long,2018-03-01 22:24:00,2018-03-01 22:31:00,2018-03-01 22:30:00,True,1,1,1318.05,1319.24,1.1900000000000546,28.560000000001306,30.0,threshold
24,T1/S01,long,2018-03-01 22:36:00,2018-03-02 03:55:00,2018-03-01 23:06:00,True,4,4,1316.6204667232391,1317.05,0.42953327676082154,3543.2199999998275,76.80000000000109,threshold
468,T2/S03,long,2018-03-01 22:45:00,2018-03-02 03:55:00,2018-03-02 02:06:00,True,3,4,1316.773584021005,1317.43,0.6564159789950281,3500.0100000005687,91.20000000000437,threshold
781,T2/S04,long,2018-03-06 19:00:00,2018-03-07 01:03:00,2018-03-06 20:45:00,True,3,3,1334.724107676969,1335.19,0.46589232303108474,3738.3200000001834,276.2400000000107,threshold
469,T2/S03,long,2018-03-09 22:00:00,2018-03-12 03:55:00,2018-03-09 22:36:00,True,2,2,1322.0129475703325,1322.54,0.5270524296674921,1648.619999999889,25.749999999999318,threshold
25,T1/S01,long,2018-03-12 22:00:00,2018-03-13 01:12:00,2018-03-13 01:12:00,True,1,1,1323.83,1324.39,0.5600000000001728,14.00000000000432,6.749999999999545,threshold
470,T2/S03,long,2018-03-12 22:15:00,2018-03-13 01:13:00,2018-03-13 01:11:00,True,1,1,1323.46,1324.12,0.6599999999998545,16.499999999996362,22.749999999996362,threshold
782,T2/S04,long,2018-03-19 19:00:00,2018-03-19 19:03:00,2018-03-19 19:02:00,True,1,1,1317.71,1318.35,0.6399999999998727,15.999999999996817,15.499999999997272,threshold
783,T2/S04,long,2018-03-19 19:15:00,2018-03-19 20:49:00,2018-03-19 19:26:00,True,1,1,1317.8,1318.3,0.5,12.5,12.749999999999773,threshold
784,T2/S04,long,2018-03-26 19:00:00,2018-03-27 06:16:00,2018-03-26 22:58:00,True,3,3,1352.6533644859812,1353.04,0.3866355140187352,3102.7499999998554,16.750000000007503,threshold
471,T2/S03,long,2018-03-26 22:00:00,2018-03-27 06:16:00,2018-03-26 23:50:00,True,2,3,1352.9947858056264,1353.53,0.535214194373566,1674.1499999998603,87.50000000000568,threshold
1496,T6/S12,short,2018-03-29 09:48:00,2018-03-29 13:19:00,2018-03-29 10:41:00,True,2,2,1325.5990749863165,1324.08,1.519074986316582,2775.350000000327,52.499999999997726,threshold
26,T1/S01,long,2018-03-29 22:48:00,2018-03-29 22:56:00,2018-03-29 22:55:00,True,1,1,1325.13,1325.69,0.5599999999999454,13.999999999998636,13.749999999998863,threshold
27,T1/S01,long,2018-03-29 23:00:00,2018-04-02 02:02:00,2018-03-29 23:06:00,True,2,2,1325.1069745958428,1325.52,0.41302540415722433,894.2000000001372,28.74999999999659,threshold
785,T2/S04,long,2018-04-02 19:00:00,2018-04-02 19:03:00,2018-04-02 19:02:00,True,1,1,1338.75,1339.57,0.8199999999999363,20.49999999999841,18.75,threshold
786,T2/S04,long,2018-04-02 19:15:00,2018-04-02 19:17:00,2018-04-02 19:16:00,True,1,1,1339.1,1339.67,0.5700000000001637,14.250000000004093,14.250000000004093,threshold
787,T2/S04,long,2018-04-02 19:30:00,2018-04-02 20:09:00,2018-04-02 20:08:00,True,1,1,1339.39,1340.2,0.8099999999999454,20.249999999998636,20.249999999998636,threshold
472,T2/S03,long,2018-04-02 22:00:00,2018-04-02 22:58:00,2018-04-02 22:05:00,True,2,2,1340.5633471867006,1341.18,0.6166528132994245,1928.8900000003398,38.74999999999886,threshold
788,T2/S04,long,2018-04-06 19:00:00,2018-04-06 19:21:00,2018-04-06 19:20:00,True,1,1,1332.36,1332.85,0.4900000000000091,12.250000000000227,13.00000000000523,threshold
789,T2/S04,long,2018-04-06 19:30:00,2018-04-06 20:27:00,2018-04-06 20:24:00,True,1,1,1331.97,1332.48,0.5099999999999909,12.749999999999773,17.75000000000091,threshold
790,T2/S04,long,2018-04-09 19:00:00,2018-04-09 19:36:00,2018-04-09 19:35:00,True,1,1,1333.54,1335.42,1.8800000000001091,47.00000000000273,45.49999999999841,threshold
791,T2/S04,long,2018-04-09 19:45:00,2018-04-09 21:38:00,2018-04-09 21:37:00,True,1,1,1336.39,1336.95,0.5599999999999454,14.559999999998583,14.819999999998345,threshold
28,T1/S01,long,2018-04-09 22:00:00,2018-04-10 03:09:00,2018-04-10 01:01:00,True,2,2,1336.0475253924283,1336.48,0.4324746075717485,936.7400000000974,76.96000000000095,threshold
792,T2/S04,long,2018-04-11 19:00:00,2018-04-11 19:03:00,2018-04-11 19:01:00,True,1,1,1361.4,1361.85,0.4499999999998181,11.69999999999527,24.179999999995744,threshold
793,T2/S04,long,2018-04-11 19:15:00,2018-04-11 19:48:00,2018-04-11 19:40:00,True,3,4,1358.3913705457264,1358.98,0.5886294542735868,4724.34000000018,77.22000000000662,threshold
473,T2/S03,long,2018-04-13 22:15:00,2018-04-13 22:16:00,2018-04-13 22:15:00,True,1,1,1345.79,1346.31,0.5199999999999818,13.519999999999527,14.29999999999882,threshold
474,T2/S03,long,2018-04-13 22:30:00,2018-04-16 02:24:00,2018-04-16 02:18:00,True,3,3,1343.1484645669289,1343.95,0.8015354330711943,4275.390000000583,57.20000000000118,threshold
1497,T6/S12,short,2018-04-16 09:48:00,2018-04-16 10:10:00,2018-04-16 10:09:00,True,1,1,1343.39,1341.78,1.6100000000001273,41.86000000000331,37.960000000000946,threshold
475,T2/S03,long,2018-04-17 22:15:00,2018-04-17 22:29:00,2018-04-17 22:28:00,True,1,1,1346.65,1347.19,0.5399999999999636,14.039999999999054,13.77999999999929,threshold
29,T1/S01,long,2018-04-17 22:30:00,2018-04-18 10:49:00,2018-04-18 02:54:00,True,2,3,1345.8886057248383,1346.32,0.43139427516166506,934.4000000000937,51.73999999998841,threshold
476,T2/S03,long,2018-04-17 22:30:00,2018-04-18 10:49:00,2018-04-18 02:54:00,True,2,3,1345.7837104506232,1346.32,0.536289549376761,1678.0499999998556,51.73999999998841,threshold
30,T1/S01,long,2018-04-24 22:00:00,2018-04-25 02:29:00,2018-04-25 01:09:00,True,2,2,1330.006538994001,1330.39,0.3834610059991519,830.9600000001805,33.75,threshold
477,T2/S03,long,2018-04-24 22:00:00,2018-04-25 02:29:00,2018-04-25 01:12:00,True,2,2,1329.9983738019168,1330.62,0.6216261980830495,1945.6899999996049,33.75,threshold
31,T1/S01,long,2018-04-25 22:48:00,2018-04-26 03:04:00,2018-04-26 01:10:00,True,2,2,1321.2931748961698,1321.64,0.34682510383026965,751.5700000002528,27.809999999993124,threshold
32,T1/S01,long,2018-04-27 22:00:00,2018-04-30 03:15:00,2018-04-30 03:14:00,True,2,2,1323.7481910475312,1324.22,0.4718089524687912,1022.4100000000187,12.149999999995096,threshold
478,T2/S03,long,2018-04-27 22:15:00,2018-04-30 03:15:00,2018-04-30 01:42:00,True,2,2,1322.7439744408946,1323.29,0.5460255591053738,1709.0599999998324,-79.6499999999951,threshold
479,T2/S03,long,2018-04-30 22:00:00,2018-05-02 06:41:00,2018-05-02 05:21:00,True,10,11,1309.2280705038968,1310.0,0.7719294961032119,24120.094999998873,298.7599999999893,threshold
480,T2/S03,long,2018-05-04 22:45:00,2018-05-04 23:22:00,2018-05-04 23:18:00,True,1,1,1314.23,1314.72,0.4900000000000091,13.720000000000256,14.839999999999238,threshold
1498,T6/S12,short,2018-05-07 09:24:00,2018-05-07 10:05:00,2018-05-07 10:04:00,True,1,1,1313.49,1312.22,1.2699999999999818,35.55999999999949,30.51999999999771,threshold
1499,T6/S12,short,2018-05-08 08:00:00,2018-05-08 11:37:00,2018-05-08 11:30:00,True,2,2,1313.3000109289617,1312.01,1.2900109289616921,2360.7199999998825,61.32000000000154,threshold
33,T1/S01,long,2018-05-08 22:00:00,2018-05-08 22:01:00,2018-05-08 22:00:00,True,1,1,1314.96,1315.68,0.7200000000000273,20.160000000000768,19.880000000001022,threshold
34,T1/S01,long,2018-05-08 22:06:00,2018-05-09 02:26:00,2018-05-08 23:37:00,True,2,2,1314.5318265682656,1314.89,0.35817343173448535,776.5200000002351,-60.76000000000204,threshold
794,T2/S04,long,2018-05-09 19:00:00,2018-05-09 20:17:00,2018-05-09 19:38:00,True,2,2,1311.4940417080436,1311.9,0.4059582919564946,1635.2000000002936,28.55999999999949,threshold
35,T1/S01,long,2018-05-10 22:00:00,2018-05-11 10:52:00,2018-05-11 03:55:00,True,2,2,1320.0613099630993,1320.49,0.42869003690066165,929.4000000000959,38.63999999999032,threshold
1161,T3/S06,short,2018-05-14 23:30:00,2018-05-15 07:26:00,2018-05-15 07:26:00,True,1,1,1313.73,1312.89,0.8399999999999181,23.519999999997708,17.64000000000306,threshold
481,T2/S03,long,2018-05-18 22:00:00,2018-05-21 16:21:00,2018-05-21 04:34:00,True,4,8,1290.3629140708917,1290.49,0.12708592910826155,1183.170000000221,166.88000000002012,threshold
1500,T6/S12,short,2018-05-21 09:36:00,2018-05-21 09:52:00,2018-05-21 09:51:00,True,1,1,1284.44,1283.22,1.2200000000000273,34.160000000000764,29.960000000004587,threshold
36,T1/S01,long,2018-05-21 22:00:00,2018-05-21 22:13:00,2018-05-21 22:14:00,True,1,1,1292.05,1292.74,0.6900000000000546,19.32000000000153,14.839999999999238,threshold
37,T1/S01,long,2018-05-21 22:18:00,2018-05-22 02:21:00,2018-05-22 02:21:00,True,1,1,1292.79,1293.39,0.6000000000001364,16.80000000000382,14.279999999999745,threshold
1501,T6/S12,short,2018-05-22 08:24:00,2018-05-22 09:43:00,2018-05-22 09:27:00,True,2,2,1291.1077401746727,1289.74,1.36774017467269,2505.700000000166,65.09999999999536,threshold
1502,T6/S12,short,2018-05-23 09:12:00,2018-05-23 09:33:00,2018-05-23 09:32:00,True,1,1,1290.39,1289.2,1.1900000000000546,35.70000000000164,30.900000000006,threshold
1503,T6/S12,short,2018-05-23 09:36:00,2018-05-23 15:51:00,2018-05-23 15:33:00,True,4,4,1294.7243309477337,1293.71,1.014330947733697,9354.159999999805,176.69999999999618,threshold
795,T2/S04,long,2018-05-24 19:00:00,2018-05-24 19:43:00,2018-05-24 19:41:00,True,1,1,1304.79,1305.24,0.4500000000000455,13.500000000001364,18.900000000003274,threshold
796,T2/S04,long,2018-05-24 19:45:00,2018-05-24 22:24:00,2018-05-24 22:25:00,True,1,1,1305.41,1305.91,0.5,15.0,8.399999999999181,threshold
482,T2/S03,long,2018-05-24 22:00:00,2018-05-24 22:28:00,2018-05-24 22:23:00,True,1,1,1305.12,1305.72,0.6000000000001364,18.000000000004093,24.300000000005184,threshold
483,T2/S03,long,2018-05-24 22:30:00,2018-05-25 11:48:00,2018-05-24 23:30:00,True,2,3,1304.4665655920842,1305.08,0.6134344079157472,1921.8899999996293,52.80000000000655,threshold
797,T2/S04,long,2018-05-30 19:30:00,2018-05-31 02:44:00,2018-05-31 02:43:00,True,1,1,1302.15,1302.77,0.6199999999998909,18.599999999996726,20.39999999999509,threshold
1162,T3/S06,short,2018-05-31 23:30:00,2018-05-31 23:47:00,2018-06-01 06:00:00,True,1,1,1298.74,1297.81,0.9300000000000637,27.900000000001906,15.599999999999453,threshold
1163,T3/S06,short,2018-05-31 23:50:00,2018-06-01 13:51:00,2018-06-01 14:24:00,True,1,1,1298.21,1297.29,0.9200000000000728,27.600000000002183,16.799999999998363,threshold
798,T2/S04,long,2018-06-05 19:45:00,2018-06-06 08:51:00,2018-06-06 02:09:00,True,2,2,1296.9734739454095,1297.35,0.3765260545903857,1517.3999999994885,33.89999999999645,threshold
38,T1/S01,long,2018-06-08 22:30:00,2018-06-11 02:19:00,2018-06-11 01:01:00,True,1,1,1299.06,1299.63,0.5700000000001637,17.10000000000491,15.299999999999727,threshold
799,T2/S04,long,2018-06-11 19:00:00,2018-06-12 16:57:00,2018-06-11 21:27:00,True,2,5,1299.563548387097,1299.95,0.3864516129031017,1557.4000000003684,111.000000000015,threshold
800,T2/S04,long,2018-06-13 19:00:00,2018-06-13 19:22:00,2018-06-13 19:19:00,True,1,1,1297.9,1298.35,0.4499999999998181,13.949999999994361,17.04999999999859,threshold
801,T2/S04,long,2018-06-13 19:30:00,2018-06-13 21:56:00,2018-06-13 21:02:00,True,2,3,1296.028610766559,1297.42,1.391389233441032,5608.690000000328,114.39000000000169,threshold
1504,T6/S12,short,2018-06-15 09:24:00,2018-06-15 10:05:00,2018-06-15 10:04:00,True,1,1,1299.07,1297.87,1.2000000000000455,37.20000000000141,33.169999999998026,threshold
1505,T6/S12,short,2018-06-21 09:36:00,2018-06-21 12:03:00,2018-06-21 11:50:00,True,2,2,1264.6368521549373,1263.38,1.256852154937178,2303.809999999932,66.33999999999605,threshold
802,T2/S04,long,2018-06-21 19:45:00,2018-06-21 20:42:00,2018-06-21 20:41:00,True,1,1,1268.66,1269.2,0.5399999999999636,16.739999999998872,15.809999999999718,threshold
39,T1/S01,long,2018-06-22 23:00:00,2018-06-25 01:34:00,2018-06-22 23:52:00,True,2,1,1268.8325610317825,1269.21,0.37743896821757517,819.4200000001925,30.37999999999352,threshold
1506,T6/S12,short,2018-07-02 08:48:00,2018-07-02 09:13:00,2018-07-02 09:11:00,True,1,1,1249.34,1248.17,1.1699999999998454,36.26999999999521,33.78999999999746,threshold
1507,T6/S12,short,2018-07-02 09:24:00,2018-07-02 16:08:00,2018-07-02 15:53:00,True,2,2,1250.609410801964,1249.43,1.179410801963968,2161.860000000047,71.30000000000564,threshold
1164,T3/S06,short,2018-07-02 23:00:00,2018-07-03 04:44:00,2018-07-03 04:43:00,True,1,1,1239.92,1238.76,1.1600000000000819,35.96000000000254,29.45000000000141,threshold
803,T2/S04,long,2018-07-03 19:00:00,2018-07-04 03:11:00,2018-07-03 20:06:00,True,3,3,1253.8960159362553,1254.28,0.3839840637447196,3084.159999998941,57.60000000000582,threshold
1255,T4/S08,long,2018-07-04 06:10:00,2018-07-04 09:22:00,2018-07-04 09:10:00,True,2,2,1256.8874283193647,1258.78,1.8925716806352284,2145.23000000006,114.87999999999738,threshold
804,T2/S04,long,2018-07-05 19:45:00,2018-07-05 23:54:00,2018-07-05 21:06:00,True,2,2,1255.6340476190476,1256.11,0.4759523809523216,1919.04000000003,33.92000000000553,threshold
1165,T3/S06,short,2018-07-11 23:00:00,2018-07-12 04:00:00,2018-07-12 03:59:00,True,1,1,1242.21,1241.36,0.8500000000001364,27.200000000004366,19.520000000004075,threshold
40,T1/S01,long,2018-07-16 23:30:00,2018-07-17 04:52:00,2018-07-17 04:42:00,True,3,3,1238.6733948652663,1239.89,1.2166051347337543,5733.860000000922,49.919999999998254,threshold
1508,T6/S12,short,2018-07-18 09:36:00,2018-07-18 11:14:00,2018-07-18 10:28:00,True,2,2,1224.5331842966193,1223.29,1.2431842966193472,2279.9999999999527,74.88000000000466,threshold
484,T2/S03,long,2018-07-18 22:00:00,2018-07-19 03:14:00,2018-07-19 03:11:00,True,1,1,1227.71,1228.21,0.5,16.0,19.19999999999709,threshold
1509,T6/S12,short,2018-07-19 08:36:00,2018-07-19 10:09:00,2018-07-19 10:08:00,True,1,1,1223.05,1221.77,1.2799999999999727,40.95999999999913,33.279999999998836,threshold
485,T2/S03,long,2018-07-19 22:00:00,2018-07-19 23:25:00,2018-07-19 23:24:00,True,1,1,1222.63,1223.13,0.5,16.0,16.31999999999971,threshold
805,T2/S04,long,2018-07-20 19:00:00,2018-07-20 19:30:00,2018-07-20 19:28:00,True,1,1,1229.22,1229.72,0.5,16.0,19.19999999999709,threshold
806,T2/S04,long,2018-07-20 19:45:00,2018-07-20 20:16:00,2018-07-20 20:15:00,True,1,1,1229.66,1230.51,0.849999999999909,27.199999999997086,29.75999999999476,threshold
41,T1/S01,long,2018-07-20 23:54:00,2018-07-23 01:34:00,2018-07-23 01:21:00,True,2,2,1230.4128360957643,1230.84,0.4271639042356128,927.7999999996064,41.599999999998545,threshold
1256,T4/S08,long,2018-07-23 06:30:00,2018-07-24 14:53:00,2018-07-23 14:30:00,True,3,8,1229.2923006416133,1231.81,2.517699358386608,6867.0249999999505,456.0600000000129,threshold
1510,T6/S12,short,2018-07-24 08:00:00,2018-07-26 17:22:00,2018-07-24 18:53:00,True,5,8,1225.591516118736,1224.3,1.2915161187361264,16185.279999999906,386.099999999979,threshold
42,T1/S01,long,2018-07-25 22:00:00,2018-07-26 02:24:00,2018-07-26 02:24:00,True,1,1,1232.32,1232.92,0.6000000000001364,19.800000000004502,18.1499999999985,threshold
807,T2/S04,long,2018-07-27 19:30:00,2018-07-30 14:54:00,2018-07-27 20:59:00,True,2,5,1224.3060981655924,1224.67,0.3639018344076703,1467.9800000004375,91.80000000000156,threshold
43,T1/S01,long,2018-07-31 22:06:00,2018-08-01 05:03:00,2018-08-01 01:12:00,True,2,3,1223.8528334866605,1224.3,0.44716651333942536,972.140000000058,42.499999999992276,threshold
486,T2/S03,long,2018-07-31 22:45:00,2018-08-01 05:03:00,2018-08-01 04:52:00,True,3,3,1222.507478472482,1223.17,0.6625215275180381,3539.190000000738,81.25999999999569,threshold
1166,T3/S06,short,2018-08-02 23:00:00,2018-08-02 23:23:00,2018-08-02 23:30:00,True,1,1,1209.04,1208.16,0.8799999999998818,30.79999999999586,20.649999999997135,threshold
1167,T3/S06,short,2018-08-02 23:30:00,2018-08-02 23:33:00,2018-08-02 23:50:00,True,1,1,1208.17,1207.11,1.0600000000001728,37.10000000000605,19.600000000006045,threshold
1168,T3/S06,short,2018-08-02 23:40:00,2018-08-03 05:04:00,2018-08-03 05:03:00,True,1,1,1207.65,1206.76,0.8900000000001,31.150000000003498,21.700000000004138,threshold
808,T2/S04,long,2018-08-03 19:00:00,2018-08-06 04:35:00,2018-08-06 04:00:00,True,3,3,1214.9723708774113,1215.37,0.39762912258856886,3194.9499999997433,75.5999999999949,threshold
1511,T6/S12,short,2018-08-06 09:48:00,2018-08-06 10:11:00,2018-08-06 10:10:00,True,1,1,1213.19,1211.84,1.3500000000001364,47.250000000004775,39.55000000000381,threshold
1169,T3/S06,short,2018-08-06 23:00:00,2018-08-07 20:22:00,2018-08-07 08:39:00,True,2,3,1210.5599775280898,1209.68,0.8799775280897393,1957.9499999996412,64.39999999998916,threshold
44,T1/S01,long,2018-08-08 23:36:00,2018-08-09 03:28:00,2018-08-09 03:27:00,True,1,1,1213.79,1214.37,0.5799999999999272,20.299999999997453,20.650000000005093,threshold
1512,T6/S12,short,2018-08-10 09:12:00,2018-08-13 03:25:00,2018-08-10 10:00:00,True,2,5,1208.8796080566142,1207.71,1.1696080566141518,2148.5700000000625,221.5500000000054,threshold
1170,T3/S06,short,2018-08-13 23:00:00,2018-08-14 03:01:00,2018-08-14 03:07:00,True,1,1,1193.29,1192.42,0.8699999999998909,31.319999999996067,20.519999999997708,threshold
1171,T3/S06,short,2018-08-15 23:00:00,2018-08-16 02:50:00,2018-08-16 02:49:00,True,1,1,1174.56,1173.72,0.8399999999999181,30.239999999997053,22.679999999995744,threshold
45,T1/S01,long,2018-08-17 23:00:00,2018-08-20 05:22:00,2018-08-20 01:50:00,True,2,1,1182.9748161764708,1183.37,0.3951838235291234,859.9199999996634,18.359999999999673,threshold
46,T1/S01,long,2018-08-20 22:06:00,2018-08-21 03:08:00,2018-08-20 22:53:00,True,2,1,1189.2751470588234,1189.86,0.5848529411764503,1272.639999999783,24.480000000002292,threshold
47,T1/S01,long,2018-08-21 23:42:00,2018-08-21 23:48:00,2018-08-21 23:47:00,True,1,1,1194.52,1196.44,1.9200000000000728,69.12000000000262,74.87999999999738,threshold
48,T1/S01,long,2018-08-21 23:54:00,2018-08-22 03:21:00,2018-08-22 01:26:00,True,2,1,1194.9853125000002,1195.53,0.5446874999997817,1185.2399999998622,21.959999999996395,threshold
1172,T3/S06,short,2018-08-23 23:30:00,2018-08-24 02:29:00,2018-08-24 02:33:00,True,1,1,1185.43,1184.23,1.2000000000000455,43.20000000000164,20.16000000000622,threshold
809,T2/S04,long,2018-08-24 19:00:00,2018-08-24 20:12:00,2018-08-24 20:07:00,True,2,3,1206.7456987115957,1207.25,0.5043012884043492,2035.359999999927,64.43999999999869,threshold
487,T2/S03,long,2018-08-24 22:00:00,2018-08-27 01:03:00,2018-08-24 23:49:00,True,1,1,1205.73,1206.24,0.5099999999999909,18.359999999999673,47.15999999999803,threshold
810,T2/S04,long,2018-08-27 19:30:00,2018-08-27 23:25:00,2018-08-27 22:13:00,True,2,2,1209.0661446977206,1209.47,0.4038553022794531,1629.9600000002956,42.84000000001015,threshold
1513,T6/S12,short,2018-08-30 09:00:00,2018-08-30 16:35:00,2018-08-30 11:24:00,True,2,3,1202.8108269858542,1201.64,1.1708269858540916,2151.979999999649,235.44000000000685,threshold
1514,T6/S12,short,2018-09-06 08:48:00,2018-09-06 18:15:00,2018-09-06 18:08:00,True,5,5,1202.0547152201664,1200.73,1.324715220166354,16606.63000000068,222.00000000000838,threshold
1320,T5/S09,long,2018-09-06 13:48:00,2018-09-11 23:40:00,2018-09-07 03:26:00,True,2,4,1199.2283501374886,1201.54,2.311649862511331,5044.019999999684,330.780000000002,threshold
1515,T6/S12,short,2018-09-10 09:00:00,2018-09-10 14:43:00,2018-09-10 13:29:00,True,2,2,1194.5757368134855,1193.28,1.2957368134855187,2382.8599999998564,82.1399999999926,threshold
49,T1/S01,long,2018-09-11 23:48:00,2018-09-12 12:34:00,2018-09-12 02:02:00,True,2,4,1197.6263452708909,1197.98,0.3536547291091665,770.260000000238,78.66000000000622,threshold
811,T2/S04,long,2018-09-12 19:30:00,2018-09-12 20:03:00,2018-09-12 20:02:00,True,1,1,1204.17,1205.25,1.0799999999999272,41.039999999997235,41.039999999997235,threshold
50,T1/S01,long,2018-09-12 22:00:00,2018-09-13 11:37:00,2018-09-12 22:25:00,True,2,3,1206.7261707988982,1207.13,0.40382920110187115,879.5400000001387,77.51999999998998,threshold
488,T2/S03,long,2018-09-12 22:00:00,2018-09-13 11:37:00,2018-09-13 02:51:00,True,2,3,1206.1352849411016,1206.66,0.5247150588984368,1648.130000000566,77.51999999998998,threshold
1173,T3/S06,short,2018-09-14 23:00:00,2018-09-17 03:01:00,2018-09-17 03:02:00,True,1,1,1193.89,1192.95,0.9400000000000546,36.66000000000213,23.40000000000532,threshold
812,T2/S04,long,2018-09-17 19:00:00,2018-09-18 14:05:00,2018-09-17 21:07:00,True,2,5,1201.3969943055213,1201.94,0.5430056944787793,2193.1999999997797,108.80999999998085,threshold
51,T1/S01,long,2018-09-20 23:00:00,2018-09-21 03:16:00,2018-09-21 03:19:00,True,1,1,1207.42,1208.03,0.6099999999999,23.789999999996102,20.669999999998936,threshold
52,T1/S01,long,2018-09-21 23:18:00,2018-09-24 10:17:00,2018-09-24 02:22:00,True,2,3,1197.439173932997,1197.84,0.4008260670029813,873.3999999996478,97.88999999999965,threshold
813,T2/S04,long,2018-09-28 19:00:00,2018-09-28 19:19:00,2018-09-28 19:17:00,True,1,1,1192.71,1193.15,0.44000000000005457,17.160000000002128,21.449999999998226,threshold
814,T2/S04,long,2018-09-28 19:30:00,2018-09-28 20:43:00,2018-09-28 20:42:00,True,1,1,1192.57,1193.43,0.8600000000001273,33.540000000004966,33.15000000000532,threshold
489,T2/S03,long,2018-09-28 22:00:00,2018-09-28 22:02:00,2018-09-28 22:01:00,True,1,1,1192.27,1192.88,0.6100000000001273,23.790000000004966,23.790000000004966,threshold
490,T2/S03,long,2018-09-28 22:15:00,2018-10-01 15:35:00,2018-10-01 15:07:00,True,5,5,1187.3327938755979,1188.05,0.7172061244020824,9368.505000000412,180.95999999999503,threshold
815,T2/S04,long,2018-10-02 19:00:00,2018-10-02 19:27:00,2018-10-02 19:25:00,True,1,1,1204.92,1205.37,0.4499999999998181,17.999999999992724,30.000000000000004,threshold
816,T2/S04,long,2018-10-02 19:30:00,2018-10-03 01:34:00,2018-10-02 19:53:00,True,2,3,1203.5592079207922,1204.17,0.6107920792078403,2467.6000000004387,68.80000000000109,threshold
53,T1/S01,long,2018-10-08 22:30:00,2018-10-08 22:57:00,2018-10-08 22:56:00,True,1,1,1187.87,1188.48,0.6100000000001273,24.400000000005097,24.400000000005097,threshold
54,T1/S01,long,2018-10-08 23:00:00,2018-10-09 02:42:00,2018-10-09 02:41:00,True,1,1,1189.01,1189.66,0.650000000000091,26.000000000003638,29.600000000000364,threshold
55,T1/S01,long,2018-10-10 22:00:00,2018-10-10 22:11:00,2018-10-10 22:10:00,True,1,1,1191.96,1192.89,0.9300000000000637,37.20000000000255,37.20000000000255,threshold
56,T1/S01,long,2018-10-10 22:12:00,2018-10-10 22:58:00,2018-10-10 22:33:00,True,2,4,1192.138623853211,1192.63,0.49137614678920727,1071.200000000449,148.40000000000146,threshold
57,T1/S01,long,2018-10-10 23:42:00,2018-10-11 09:40:00,2018-10-11 04:52:00,True,3,2,1192.2585066723154,1193.11,0.8514933276844658,4019.89999999926,52.000000000007276,threshold
817,T2/S04,long,2018-10-11 19:00:00,2018-10-11 19:07:00,2018-10-11 19:03:00,True,1,1,1219.65,1220.15,0.5,20.5,35.2599999999959,threshold
818,T2/S04,long,2018-10-11 19:15:00,2018-10-11 20:02:00,2018-10-11 19:29:00,True,2,2,1218.5586686463746,1219.35,0.7913313536253099,3197.7699999997735,61.08999999999105,threshold
491,T2/S03,long,2018-10-11 22:00:00,2018-10-11 22:39:00,2018-10-11 22:34:00,True,3,3,1221.7660646849877,1222.32,0.5539353150122679,2962.9999999995334,72.97999999999888,threshold
1321,T5/S09,long,2018-10-15 12:24:00,2018-10-16 15:35:00,2018-10-15 16:48:00,True,2,2,1226.9367200365966,1229.27,2.3332799634033563,5100.550000000117,172.2000000000112,threshold
1516,T6/S12,short,2018-10-18 09:24:00,2018-10-19 10:13:00,2018-10-18 09:50:00,True,1,5,1219.92,1218.73,1.1900000000000546,48.79000000000224,277.1600000000183,threshold
58,T1/S01,long,2018-10-22 22:30:00,2018-10-23 04:25:00,2018-10-23 04:24:00,True,1,1,1222.69,1223.27,0.5799999999999272,24.359999999996944,23.09999999999809,threshold
1322,T5/S09,long,2018-10-23 10:48:00,2018-10-23 11:04:00,2018-10-23 11:02:00,True,1,1,1231.77,1233.64,1.8700000000001182,78.54000000000497,86.51999999999771,threshold
1323,T5/S09,long,2018-10-23 11:12:00,2018-10-23 11:30:00,2018-10-23 11:29:00,True,1,1,1233.67,1235.61,1.9399999999998272,81.47999999999274,85.67999999999847,threshold
1324,T5/S09,long,2018-10-23 11:36:00,2018-10-23 14:45:00,2018-10-23 14:43:00,True,1,1,1235.72,1237.71,1.990000000000009,83.58000000000038,91.98000000000229,threshold
59,T1/S01,long,2018-10-24 22:30:00,2018-10-24 22:35:00,2018-10-24 22:35:00,True,1,1,1232.2199999999998,1232.96,0.7400000000002365,31.08000000000038,22.679999999998472,threshold
60,T1/S01,long,2018-10-24 22:36:00,2018-10-25 01:03:00,2018-10-25 01:03:00,True,1,1,1233.17,1233.82,0.6499999999998636,27.299999999994267,22.259999999998854,threshold
61,T1/S01,long,2018-10-25 23:48:00,2018-10-26 01:07:00,2018-10-26 02:12:00,True,1,1,1231.84,1232.97,1.1300000000001091,47.460000000004584,21.839999999999236,threshold
819,T2/S04,long,2018-11-01 19:00:00,2018-11-01 19:10:00,2018-11-01 19:09:00,True,1,1,1234.17,1234.67,0.5,22.0,22.4399999999996,threshold
820,T2/S04,long,2018-11-01 19:15:00,2018-11-01 19:22:00,2018-11-01 19:21:00,True,1,1,1234.78,1235.41,0.6300000000001091,27.720000000004802,29.480000000003205,threshold
821,T2/S04,long,2018-11-01 19:30:00,2018-11-02 10:03:00,2018-11-02 08:47:00,True,4,4,1233.00435735636,1233.87,0.8656426436398306,10425.799999998573,89.7599999999884,threshold
1517,T6/S12,short,2018-11-12 08:00:00,2018-11-12 08:42:00,2018-11-12 08:34:00,True,1,1,1208.35,1207.11,1.240000000000009,54.5600000000004,78.3199999999988,threshold
1518,T6/S12,short,2018-11-12 08:48:00,2018-11-12 09:48:00,2018-11-12 09:47:00,True,1,1,1206.6,1205.39,1.209999999999809,53.239999999991596,44.8799999999992,threshold
1174,T3/S06,short,2018-11-12 23:10:00,2018-11-12 23:34:00,2018-11-12 23:50:00,True,1,1,1201.13,1200.26,0.8700000000001182,38.2800000000052,24.640000000007603,threshold
1175,T3/S06,short,2018-11-12 23:40:00,2018-11-13 10:13:00,2018-11-13 08:33:00,True,2,2,1203.565989256938,1202.68,0.8859892569380463,1979.3000000001016,44.8799999999992,threshold
492,T2/S03,long,2018-11-14 22:15:00,2018-11-15 06:28:00,2018-11-15 01:06:00,True,2,3,1210.4537686685735,1211.02,0.5662313314264793,1781.9299999997404,72.59999999998399,threshold
1519,T6/S12,short,2018-11-19 08:00:00,2018-11-20 17:17:00,2018-11-19 11:26:00,True,2,5,1220.359469122427,1219.22,1.1394691224270446,2103.4600000000955,386.7599999999784,threshold
1520,T6/S12,short,2018-11-23 09:00:00,2018-11-23 09:14:00,2018-11-23 09:13:00,True,1,1,1226.01,1224.67,1.3399999999999181,60.299999999996324,51.75000000000409,threshold
1521,T6/S12,short,2018-11-23 09:24:00,2018-11-23 10:31:00,2018-11-23 10:30:00,True,1,1,1223.95,1222.67,1.2799999999999727,57.59999999999877,49.50000000000614,threshold
62,T1/S01,long,2018-11-27 23:18:00,2018-11-28 08:25:00,2018-11-28 08:06:00,True,2,2,1213.4302745995426,1213.9,0.46972540045749156,1026.350000000009,46.800000000008595,threshold
822,T2/S04,long,2018-11-28 19:30:00,2018-11-28 19:50:00,2018-11-28 19:49:00,True,1,1,1220.45,1221.64,1.1900000000000546,54.74000000000251,50.139999999996235,threshold
493,T2/S03,long,2018-11-28 22:00:00,2018-11-29 03:02:00,2018-11-28 23:25:00,True,2,2,1220.9057097491268,1221.47,0.5642902508732277,1776.9499999997427,56.120000000001255,threshold
63,T1/S01,long,2018-11-30 22:00:00,2018-11-30 22:31:00,2018-11-30 22:30:00,True,1,1,1221.09,1221.75,0.6600000000000819,30.36000000000377,30.36000000000377,threshold
64,T1/S01,long,2018-11-30 22:54:00,2018-12-03 01:06:00,2018-12-03 01:05:00,True,1,1,1222.45,1223.01,0.5599999999999454,25.75999999999749,25.75999999999749,threshold
1325,T5/S09,long,2018-12-03 10:00:00,2018-12-03 16:18:00,2018-12-03 16:17:00,True,1,1,1231.78,1233.94,2.160000000000082,99.36000000000377,99.36000000000377,threshold
1522,T6/S12,short,2018-12-06 09:00:00,2018-12-06 20:44:00,2018-12-06 15:34:00,True,2,4,1238.4200108225107,1237.21,1.2100108225106396,2236.0999999999626,222.63999999998578,threshold
823,T2/S04,long,2018-12-07 19:00:00,2018-12-07 19:41:00,2018-12-07 19:18:00,True,2,2,1244.2401235788434,1244.72,0.4798764211566322,1941.5800000000008,69.4599999999996,threshold
824,T2/S04,long,2018-12-07 19:45:00,2018-12-07 19:48:00,2018-12-07 19:46:00,True,1,1,1245.7,1246.18,0.4800000000000182,22.080000000000837,27.139999999996235,threshold
494,T2/S03,long,2018-12-07 22:00:00,2018-12-10 01:03:00,2018-12-10 01:01:00,True,2,2,1248.2458558272467,1250.1,1.8541441727531947,5838.699999999628,47.83999999999833,threshold
65,T1/S01,long,2018-12-07 22:00:00,2018-12-10 01:03:00,2018-12-10 01:01:00,True,2,2,1248.2572461116195,1250.1,1.8427538883804573,4028.2599999997424,121.43999999999416,threshold
1523,T6/S12,short,2018-12-12 09:36:00,2018-12-13 12:47:00,2018-12-12 14:15:00,True,2,3,1244.349145945946,1243.15,1.1991459459459293,2218.4199999999983,164.64000000001397,threshold
1524,T6/S12,short,2018-12-14 08:12:00,2018-12-14 09:37:00,2018-12-14 09:36:00,True,1,1,1240.59,1239.35,1.240000000000009,59.52000000000044,49.43999999999869,threshold
825,T2/S04,long,2018-12-17 19:00:00,2018-12-17 19:11:00,2018-12-17 19:19:00,True,1,1,1242.96,1243.52,0.5599999999999454,26.879999999997377,25.919999999998254,threshold
826,T2/S04,long,2018-12-17 19:15:00,2018-12-17 19:24:00,2018-12-17 19:23:00,True,1,1,1243.28,1243.92,0.6400000000001,30.7200000000048,30.240000000005235,threshold
827,T2/S04,long,2018-12-17 19:30:00,2018-12-17 19:35:00,2018-12-17 19:34:00,True,1,1,1244.11,1245.01,0.900000000000091,43.200000000004366,43.200000000004366,threshold
828,T2/S04,long,2018-12-17 19:45:00,2018-12-17 19:57:00,2018-12-17 19:53:00,True,1,1,1245.49,1245.99,0.5,24.0,36.47999999999956,threshold
495,T2/S03,long,2018-12-17 22:00:00,2018-12-17 22:23:00,2018-12-17 22:22:00,True,1,1,1245.78,1246.41,0.6300000000001091,30.240000000005235,28.31999999999607,threshold
496,T2/S03,long,2018-12-17 22:30:00,2018-12-18 03:33:00,2018-12-18 03:32:00,True,1,1,1246.38,1246.95,0.5699999999999363,27.359999999996944,27.359999999996944,threshold
1257,T4/S08,long,2018-12-18 06:00:00,2018-12-18 10:15:00,2018-12-18 09:56:00,True,3,3,1245.9973555677057,1247.65,1.6526444322944371,4534.030000000205,256.7599999999893,threshold
1525,T6/S12,short,2018-12-18 09:00:00,2018-12-19 21:01:00,2018-12-18 14:52:00,True,3,6,1248.6864159972656,1246.75,1.9364159972656125,11329.970000000452,597.8000000000245,threshold
1326,T5/S09,long,2018-12-20 11:36:00,2018-12-20 11:49:00,2018-12-20 11:47:00,True,1,1,1253.25,1255.15,1.900000000000091,95.00000000000455,123.50000000000136,threshold
1327,T5/S09,long,2018-12-20 12:00:00,2018-12-20 16:13:00,2018-12-20 16:08:00,True,1,1,1257.13,1259.17,2.0399999999999636,104.03999999999816,134.6399999999935,threshold
66,T1/S01,long,2018-12-28 23:48:00,2018-12-31 09:04:00,2018-12-31 02:07:00,True,2,3,1279.434682793245,1279.78,0.34531720675499855,756.5899999997404,91.29000000000974,threshold
1328,T5/S09,long,2018-12-31 10:24:00,2018-12-31 13:25:00,2018-12-31 13:13:00,True,1,1,1281.8,1283.75,1.9500000000000455,99.45000000000232,104.54999999999768,threshold
497,T2/S03,long,2019-01-03 22:00:00,2019-01-03 23:00:00,2019-01-03 22:59:00,True,1,1,1293.58,1295.01,1.4300000000000637,72.93000000000325,66.30000000000928,threshold
67,T1/S01,long,2019-01-03 22:30:00,2019-01-03 23:00:00,2019-01-03 22:38:00,True,2,1,1292.4242172523961,1292.81,0.38578274760379827,845.2499999996713,52.02000000001067,threshold
68,T1/S01,long,2019-01-03 23:06:00,2019-01-04 01:59:00,2019-01-04 01:33:00,True,2,1,1293.134682793245,1293.75,0.6153172067549804,1348.1600000001988,28.560000000008813,threshold
829,T2/S04,long,2019-01-09 19:00:00,2019-01-09 19:50:00,2019-01-09 19:42:00,True,1,1,1288.7,1289.2,0.5,25.5,31.109999999994898,threshold
69,T1/S01,long,2019-01-09 23:36:00,2019-01-10 04:05:00,2019-01-10 02:15:00,True,2,2,1292.065583941606,1292.53,0.4644160583939083,1018.0,69.16000000000804,threshold
1176,T3/S06,short,2019-01-10 23:00:00,2019-01-11 16:18:00,2019-01-11 16:07:00,True,3,3,1291.8210409878236,1290.64,1.1810409878235077,6886.649999999374,115.96000000000095,threshold
830,T2/S04,long,2019-01-16 19:00:00,2019-01-17 03:18:00,2019-01-16 20:48:00,True,2,2,1292.8760513326752,1293.31,0.43394866732478476,1758.360000000137,61.35999999999149,threshold
1177,T3/S06,short,2019-01-18 23:10:00,2019-01-21 10:47:00,2019-01-21 10:47:00,True,1,1,1280.88,1279.74,1.1400000000001,59.28000000000521,27.560000000010405,threshold
1329,T5/S09,long,2019-01-22 12:36:00,2019-01-22 20:02:00,2019-01-23 17:40:00,True,2,2,1278.9456213017752,1282.51,3.5643786982248002,7830.940000000099,238.67999999999577,threshold
831,T2/S04,long,2019-01-25 19:00:00,2019-01-25 19:23:00,2019-01-25 19:08:00,True,2,2,1297.3248457932395,1297.86,0.5351542067603532,2168.979999999774,56.71000000000868,threshold
832,T2/S04,long,2019-01-25 19:30:00,2019-01-25 20:24:00,2019-01-25 20:23:00,True,1,1,1297.9,1298.47,0.5699999999999363,30.20999999999663,31.26999999999566,threshold
498,T2/S03,long,2019-01-25 22:00:00,2019-01-25 22:59:00,2019-01-25 22:58:00,True,1,1,1298.74,1299.39,0.650000000000091,34.45000000000482,34.45000000000482,threshold
70,T1/S01,long,2019-01-25 23:18:00,2019-01-28 03:05:00,2019-01-28 02:43:00,True,3,3,1300.6303485424587,1301.2,0.5696514575413403,2696.7300000004434,127.73000000000434,threshold
499,T2/S03,long,2019-01-28 22:45:00,2019-01-28 23:00:00,2019-01-28 22:59:00,True,1,1,1303.4,1303.96,0.5599999999999454,30.239999999997053,35.63999999999214,threshold
71,T1/S01,long,2019-01-30 22:00:00,2019-01-30 22:08:00,2019-01-30 22:07:00,True,1,1,1320.04,1320.63,0.5900000000001455,31.860000000007858,31.860000000007858,threshold
500,T2/S03,long,2019-01-30 22:00:00,2019-01-30 22:08:00,2019-01-30 22:07:00,True,1,1,1320.04,1320.63,0.5900000000001455,31.860000000007858,31.860000000007858,threshold
72,T1/S01,long,2019-01-30 22:12:00,2019-01-30 22:17:00,2019-01-30 22:23:00,True,1,1,1318.67,1319.29,0.6199999999998909,33.47999999999411,-4.320000000008349,threshold
501,T2/S03,long,2019-01-30 22:15:00,2019-01-30 22:24:00,2019-01-30 22:16:00,True,1,1,1317.83,1318.61,0.7799999999999727,42.119999999998534,76.68000000000393,threshold
73,T1/S01,long,2019-01-30 22:36:00,2019-01-30 22:41:00,2019-01-30 22:40:00,True,1,1,1318.88,1319.55,0.6699999999998454,36.17999999999165,36.17999999999165,threshold
74,T1/S01,long,2019-01-30 22:42:00,2019-01-30 23:31:00,2019-01-30 22:59:00,True,2,2,1318.2096262534185,1318.86,0.6503737465814083,1426.9199999996263,93.42000000000098,threshold
502,T2/S03,long,2019-01-30 22:45:00,2019-01-30 23:31:00,2019-01-31 01:01:00,True,1,1,1319.35,1319.97,0.6200000000001182,33.480000000006385,10.260000000002947,threshold
75,T1/S01,long,2019-02-05 23:18:00,2019-02-06 04:29:00,2019-02-06 04:24:00,True,2,2,1313.7291340018232,1314.35,0.6208659981766687,1362.1799999996852,120.96000000001278,threshold
1178,T3/S06,short,2019-02-06 23:00:00,2019-02-06 23:52:00,2019-02-06 23:51:00,True,1,1,1306.6,1305.63,0.9699999999997999,53.349999999988995,40.7000000000005,threshold
1330,T5/S09,long,2019-02-07 13:48:00,2019-02-07 14:53:00,2019-02-07 14:52:00,True,1,1,1306.77,1308.91,2.1400000000001,117.70000000000552,117.70000000000552,threshold
76,T1/S01,long,2019-02-15 22:00:00,2019-02-15 22:58:00,2019-02-18 02:31:00,True,1,1,1321.54,1322.13,0.5900000000001455,32.450000000008004,30.799999999997002,threshold
1331,T5/S09,long,2019-02-19 12:36:00,2019-02-19 15:10:00,2019-02-19 15:07:00,True,1,1,1329.37,1331.33,1.9600000000000364,107.800000000002,113.3000000000095,threshold
833,T2/S04,long,2019-02-19 19:00:00,2019-02-19 19:10:00,2019-02-19 19:08:00,True,1,1,1337.72,1338.21,0.4900000000000091,26.9500000000005,51.1500000000035,threshold
834,T2/S04,long,2019-02-19 19:15:00,2019-02-19 19:26:00,2019-02-19 19:18:00,True,1,1,1338.39,1338.85,0.459999999999809,25.759999999989308,43.67999999999847,threshold
835,T2/S04,long,2019-02-19 19:30:00,2019-02-19 19:32:00,2019-02-19 19:31:00,True,1,1,1339.67,1340.24,0.5699999999999363,31.919999999996442,31.919999999996442,threshold
836,T2/S04,long,2019-02-19 19:45:00,2019-02-19 20:02:00,2019-02-19 20:01:00,True,1,1,1340.32,1340.91,0.5900000000001455,33.04000000000815,33.04000000000815,threshold
503,T2/S03,long,2019-02-19 22:00:00,2019-02-19 22:12:00,2019-02-19 22:10:00,True,1,1,1340.06,1340.55,0.4900000000000091,27.440000000000513,33.04000000000815,threshold
504,T2/S03,long,2019-02-19 22:15:00,2019-02-20 03:01:00,2019-02-19 22:42:00,True,2,2,1339.379781576448,1339.9,0.5202184235520235,1643.3700000005713,84.5599999999995,threshold
1179,T3/S06,short,2019-02-21 23:00:00,2019-02-21 23:07:00,2019-02-21 23:06:00,True,1,1,1323.53,1322.65,0.8799999999998818,49.279999999993386,34.71999999999389,threshold
1180,T3/S06,short,2019-02-21 23:10:00,2019-02-22 11:45:00,2019-02-22 02:27:00,True,2,2,1325.8774710596617,1324.83,1.0474710596618024,2352.6200000002477,107.52000000000407,threshold
837,T2/S04,long,2019-02-22 19:00:00,2019-02-22 19:01:00,2019-02-22 19:00:00,True,1,1,1330.85,1331.98,1.1300000000001091,63.28000000000612,63.28000000000612,threshold
838,T2/S04,long,2019-02-22 19:15:00,2019-02-22 19:49:00,2019-02-22 19:48:00,True,1,1,1331.86,1332.33,0.4700000000000273,26.32000000000153,28.55999999999949,threshold
1526,T6/S12,short,2019-03-01 09:12:00,2019-03-01 10:06:00,2019-03-01 10:02:00,True,1,1,1309.59,1308.39,1.199999999999818,67.19999999998983,62.15999999999441,threshold
1181,T3/S06,short,2019-03-01 23:00:00,2019-03-04 09:31:00,2019-03-04 07:54:00,True,3,3,1295.3196023993146,1294.44,0.8796023993145354,5132.479999999652,106.39999999997966,threshold
77,T1/S01,long,2019-03-05 22:00:00,2019-03-05 22:18:00,2019-03-05 22:17:00,True,1,1,1286.91,1287.59,0.6799999999998363,38.07999999999084,35.83999999999287,threshold
78,T1/S01,long,2019-03-05 22:24:00,2019-03-06 02:11:00,2019-03-06 02:04:00,True,1,1,1288.13,1288.77,0.6399999999998727,35.83999999999287,45.91999999999644,threshold
1527,T6/S12,short,2019-03-07 08:00:00,2019-03-07 10:01:00,2019-03-07 10:00:00,True,1,1,1284.33,1282.87,1.4600000000000364,81.76000000000204,64.95999999999185,threshold
1332,T5/S09,long,2019-03-08 10:00:00,2019-03-08 15:31:00,2019-03-08 15:30:00,True,1,1,1293.97,1298.15,4.180000000000064,234.08000000000357,232.3999999999924,threshold
79,T1/S01,long,2019-03-12 22:00:00,2019-03-13 02:27:00,2019-03-13 02:26:00,True,1,1,1301.84,1302.96,1.1200000000001182,63.84000000000674,63.84000000000674,threshold
1528,T6/S12,short,2019-03-26 08:00:00,2019-03-26 09:21:00,2019-03-26 09:20:00,True,1,1,1317.97,1316.61,1.3600000000001273,77.52000000000724,63.84000000000674,threshold
80,T1/S01,long,2019-04-04 22:00:00,2019-04-04 22:24:00,2019-04-04 22:28:00,True,1,1,1292.59,1293.93,1.3400000000001455,77.72000000000844,31.320000000011078,threshold
505,T2/S03,long,2019-04-04 22:15:00,2019-04-05 16:01:00,2019-04-04 22:28:00,True,1,7,1292.91,1293.93,1.0199999999999818,59.15999999999894,294.6399999999561,threshold
81,T1/S01,long,2019-04-04 22:30:00,2019-04-05 16:01:00,2019-04-05 01:32:00,True,2,6,1292.9293175614196,1293.35,0.42068243858034293,924.6599999995796,386.27999999996507,threshold
1182,T3/S06,short,2019-04-11 23:00:00,2019-04-12 15:33:00,2019-04-12 13:11:00,True,2,2,1294.8910884051534,1294.04,0.8510884051534049,1915.8000000000968,165.30999999998835,threshold
82,T1/S01,long,2019-04-18 23:18:00,2019-04-22 02:53:00,2019-04-22 01:24:00,True,1,1,1275.51,1276.11,0.599999999999909,36.59999999999445,89.67000000000166,threshold
1529,T6/S12,short,2019-04-23 09:24:00,2019-04-23 14:07:00,2019-04-23 13:01:00,True,2,2,1274.2598175965663,1273.12,1.139817596566445,2124.620000000074,132.05999999999267,threshold
83,T1/S01,long,2019-04-29 22:48:00,2019-04-30 03:17:00,2019-04-30 03:16:00,True,1,1,1280.46,1281.03,0.5699999999999363,35.33999999999605,35.33999999999605,threshold
506,T2/S03,long,2019-05-07 22:00:00,2019-05-08 03:56:00,2019-05-08 03:55:00,True,1,1,1285.27,1285.83,0.5599999999999454,34.71999999999662,34.71999999999662,threshold
839,T2/S04,long,2019-05-13 19:00:00,2019-05-13 19:08:00,2019-05-13 19:07:00,True,1,1,1298.05,1298.63,0.5800000000001546,35.960000000009586,35.960000000009586,threshold
840,T2/S04,long,2019-05-13 19:15:00,2019-05-13 19:51:00,2019-05-13 19:50:00,True,1,1,1299.95,1300.53,0.5799999999999272,35.95999999999549,34.71999999999662,threshold
507,T2/S03,long,2019-05-13 22:00:00,2019-05-14 01:05:00,2019-05-14 01:05:00,True,1,1,1299.79,1300.31,0.5199999999999818,32.23999999999887,49.59999999999718,threshold
84,T1/S01,long,2019-05-14 22:48:00,2019-05-15 02:57:00,2019-05-15 03:02:00,True,1,1,1296.76,1297.39,0.6300000000001091,39.06000000000677,33.479999999997744,threshold
841,T2/S04,long,2019-05-23 19:00:00,2019-05-24 19:39:00,2019-05-23 21:15:00,True,2,4,1284.6572901796703,1285.08,0.4227098203296009,1717.4699999992615,182.06999999999198,threshold
85,T1/S01,long,2019-05-24 23:06:00,2019-05-27 04:15:00,2019-05-27 04:14:00,True,1,1,1285.16,1285.73,0.5699999999999363,35.90999999999599,35.90999999999599,threshold
86,T1/S01,long,2019-05-28 23:30:00,2019-05-29 03:13:00,2019-05-29 03:12:00,True,1,1,1279.8,1281.12,1.3199999999999363,84.47999999999593,84.47999999999593,threshold
842,T2/S04,long,2019-05-30 19:00:00,2019-05-30 20:36:00,2019-05-30 20:30:00,True,1,1,1287.45,1287.9,0.4500000000000455,28.80000000000291,35.19999999999709,threshold
508,T2/S03,long,2019-05-30 22:00:00,2019-05-30 22:07:00,2019-05-30 22:06:00,True,1,1,1288.27,1288.79,0.5199999999999818,33.279999999998836,33.279999999998836,threshold
509,T2/S03,long,2019-05-30 22:15:00,2019-05-30 23:00:00,2019-05-30 22:59:00,True,1,1,1288.3,1288.91,0.6100000000001273,39.04000000000815,39.04000000000815,threshold
1258,T4/S08,long,2019-05-31 08:00:00,2019-05-31 09:59:00,2019-05-31 09:59:00,True,1,1,1292.7,1294.55,1.849999999999909,118.39999999999418,104.31999999999245,threshold
1259,T4/S08,long,2019-05-31 10:00:00,2019-05-31 12:27:00,2019-05-31 12:34:00,True,1,1,1294.61,1296.62,2.009999999999991,128.63999999999942,99.84000000001106,threshold
87,T1/S01,long,2019-05-31 22:06:00,2019-06-03 01:14:00,2019-06-03 01:05:00,True,2,1,1305.1629764065333,1306.64,1.4770235934668108,3255.36000000046,35.84000000001106,threshold
510,T2/S03,long,2019-05-31 22:15:00,2019-06-03 01:14:00,2019-05-31 22:41:00,True,1,2,1306.04,1306.62,0.5799999999999272,37.11999999999534,195.84000000001106,threshold
88,T1/S01,long,2019-06-03 22:00:00,2019-06-03 22:13:00,2019-06-03 22:12:00,True,1,1,1326.39,1327.92,1.5299999999999727,99.44999999999823,96.1999999999864,threshold
511,T2/S03,long,2019-06-03 22:15:00,2019-06-04 04:28:00,2019-06-04 03:20:00,True,2,2,1325.9734438131313,1326.57,0.5965561868686109,1889.8899999996333,55.25000000000887,threshold
89,T1/S01,long,2019-06-03 22:18:00,2019-06-04 04:28:00,2019-06-04 03:19:00,True,2,2,1325.986575963719,1326.37,0.3834240362809851,845.4499999996436,79.30000000000177,threshold
90,T1/S01,long,2019-06-04 22:00:00,2019-06-04 22:34:00,2019-06-04 22:33:00,True,1,1,1326.26,1327.29,1.0299999999999727,67.9799999999982,68.6399999999976,threshold
512,T2/S03,long,2019-06-04 22:00:00,2019-06-04 22:34:00,2019-06-04 22:33:00,True,1,1,1326.26,1327.29,1.0299999999999727,67.9799999999982,68.6399999999976,threshold
91,T1/S01,long,2019-06-04 22:36:00,2019-06-05 03:07:00,2019-06-04 22:39:00,True,1,3,1327.6,1328.27,0.6700000000000728,44.2200000000048,53.4599999999964,threshold
513,T2/S03,long,2019-06-04 22:45:00,2019-06-05 03:07:00,2019-06-04 23:42:00,True,2,2,1325.4964468286526,1326.17,0.6735531713475211,2134.4900000001157,190.7399999999916,threshold
1333,T5/S09,long,2019-06-05 10:00:00,2019-06-05 12:24:00,2019-06-05 12:23:00,True,1,1,1333.68,1336.2,2.519999999999982,168.83999999999878,160.79999999999086,threshold
843,T2/S04,long,2019-06-11 19:45:00,2019-06-12 04:21:00,2019-06-12 03:50:00,True,2,2,1326.3091590853207,1326.74,0.43084091467926555,1752.2300000001492,91.1199999999933,threshold
514,T2/S03,long,2019-06-11 22:00:00,2019-06-12 04:21:00,2019-06-12 04:22:00,True,1,1,1327.59,1328.15,0.5600000000001728,37.52000000001158,12.730000000003658,threshold
515,T2/S03,long,2019-06-13 22:30:00,2019-06-13 22:48:00,2019-06-13 22:47:00,True,1,1,1340.64,1341.17,0.5299999999999727,35.50999999999818,35.50999999999818,threshold
844,T2/S04,long,2019-06-19 19:45:00,2019-06-19 21:01:00,2019-06-19 21:00:00,True,1,1,1346.22,1348.8,2.5799999999999272,172.85999999999513,172.85999999999513,threshold
516,T2/S03,long,2019-06-19 22:00:00,2019-06-19 22:20:00,2019-06-19 22:19:00,True,1,1,1352.57,1353.56,0.9900000000000091,67.32000000000062,73.44000000001051,threshold
517,T2/S03,long,2019-06-19 22:30:00,2019-06-19 22:57:00,2019-06-19 22:38:00,True,1,2,1351.86,1352.74,0.8800000000001091,59.84000000000742,297.16000000000804,threshold
92,T1/S01,long,2019-06-19 23:12:00,2019-06-19 23:17:00,2019-06-19 23:16:00,True,1,1,1358.21,1358.79,0.5799999999999272,40.01999999999498,40.01999999999498,threshold
93,T1/S01,long,2019-06-19 23:18:00,2019-06-20 03:24:00,2019-06-19 23:33:00,True,2,3,1360.3777863286555,1360.88,0.5022136713446343,1109.390000000372,113.8499999999749,threshold
1260,T4/S08,long,2019-06-20 06:00:00,2019-06-20 06:19:00,2019-06-20 06:18:00,True,1,1,1379.86,1381.64,1.7800000000002,122.8200000000138,129.03000000000816,threshold
1261,T4/S08,long,2019-06-20 06:20:00,2019-06-20 08:47:00,2019-06-20 08:29:00,True,3,3,1379.049475303058,1380.54,1.490524696941975,4119.064999999936,324.9899999999868,threshold
1262,T4/S08,long,2019-06-20 08:50:00,2019-06-20 09:05:00,2019-06-20 09:05:00,True,1,1,1382.03,1383.88,1.8500000000001364,129.50000000000955,122.49999999999999,threshold
1263,T4/S08,long,2019-06-20 09:10:00,2019-06-20 09:21:00,2019-06-20 09:20:00,True,1,1,1384.45,1386.4,1.9500000000000455,136.50000000000318,135.10000000000443,threshold
1264,T4/S08,long,2019-06-20 09:25:00,2019-06-20 15:20:00,2019-06-20 10:53:00,True,4,5,1381.4705820324616,1382.96,1.4894179675384294,7203.570000000661,958.299999999972,threshold
845,T2/S04,long,2019-06-20 19:30:00,2019-06-20 19:45:00,2019-06-20 19:44:00,True,1,1,1385.71,1386.35,0.6399999999998727,46.079999999990825,46.079999999990825,threshold
518,T2/S03,long,2019-06-20 22:00:00,2019-06-21 01:42:00,2019-06-20 22:57:00,True,2,3,1388.7474173228347,1389.3,0.5525826771652191,1754.44999999975,118.0799999999908,threshold
94,T1/S01,long,2019-06-21 22:24:00,2019-06-21 22:26:00,2019-06-21 22:26:00,True,1,1,1399.3,1399.93,0.6300000000001091,45.99000000000796,40.14999999999668,threshold
95,T1/S01,long,2019-06-24 22:00:00,2019-06-24 22:47:00,2019-06-24 22:33:00,True,2,2,1417.9004699502937,1418.32,0.4195300497062817,928.4200000000457,93.4399999999814,threshold
519,T2/S03,long,2019-06-24 22:00:00,2019-06-24 22:47:00,2019-06-24 22:26:00,True,2,2,1417.3087279596978,1417.91,0.6012720403023195,1909.6400000002805,93.4399999999814,threshold
96,T1/S01,long,2019-06-24 23:00:00,2019-06-24 23:12:00,2019-06-24 23:11:00,True,1,1,1419.1600000000003,1419.83,0.669999999999618,48.90999999998871,48.90999999998871,threshold
97,T1/S01,long,2019-06-24 23:18:00,2019-06-24 23:32:00,2019-06-24 23:31:00,True,1,1,1419.51,1420.91,1.400000000000091,102.20000000000664,104.39000000000465,threshold
1265,T4/S08,long,2019-06-25 08:00:00,2019-06-25 09:56:00,2019-06-25 09:06:00,True,6,6,1426.1962117626813,1427.66,1.463788237318795,17011.415000001696,687.4599999999973,threshold
520,T2/S03,long,2019-06-27 22:30:00,2019-06-27 23:53:00,2019-06-27 23:52:00,True,1,1,1408.45,1408.94,0.4900000000000091,36.75000000000068,38.24999999999932,threshold
98,T1/S01,long,2019-06-27 22:54:00,2019-06-27 23:54:00,2019-06-27 23:54:00,True,1,1,1408.5,1409.1,0.599999999999909,44.99999999999318,38.24999999999932,threshold
1530,T6/S12,short,2019-07-01 09:24:00,2019-07-01 09:57:00,2019-07-01 09:56:00,True,1,1,1385.36,1383.46,1.8999999999998636,142.49999999998977,128.999999999985,threshold
846,T2/S04,long,2019-07-02 19:00:00,2019-07-02 19:03:00,2019-07-02 19:00:00,True,1,1,1403.6500000000003,1404.18,0.5299999999997453,39.749999999997954,80.24999999999523,threshold
847,T2/S04,long,2019-07-02 19:15:00,2019-07-02 19:16:00,2019-07-02 19:15:00,True,1,1,1403.84,1404.64,0.8000000000001819,60.800000000013824,60.800000000013824,threshold
848,T2/S04,long,2019-07-02 19:30:00,2019-07-02 19:42:00,2019-07-02 19:38:00,True,2,2,1403.9930716388617,1404.37,0.37692836113819794,1536.359999999374,92.72000000000207,threshold
849,T2/S04,long,2019-07-02 19:45:00,2019-07-02 19:47:00,2019-07-02 19:46:00,True,1,1,1406.58,1407.68,1.1000000000001364,83.60000000001037,83.60000000001037,threshold
521,T2/S03,long,2019-07-02 22:00:00,2019-07-02 22:03:00,2019-07-02 22:02:00,True,1,1,1408.73,1409.66,0.9300000000000637,70.68000000000484,71.44000000000415,threshold
99,T1/S01,long,2019-07-02 22:00:00,2019-07-02 22:03:00,2019-07-02 22:02:00,True,1,1,1408.73,1409.66,0.9300000000000637,70.68000000000484,71.44000000000415,threshold
100,T1/S01,long,2019-07-02 22:06:00,2019-07-02 22:07:00,2019-07-02 22:06:00,True,1,1,1414.45,1415.02,0.5699999999999363,43.31999999999516,43.31999999999516,threshold
101,T1/S01,long,2019-07-02 22:12:00,2019-07-02 22:15:00,2019-07-02 22:14:00,True,1,1,1413.44,1414.27,0.8299999999999272,63.07999999999447,60.799999999996544,threshold
522,T2/S03,long,2019-07-02 22:15:00,2019-07-02 22:17:00,2019-07-02 22:16:00,True,1,1,1414.45,1415.24,0.7899999999999636,60.03999999999724,60.03999999999724,threshold
102,T1/S01,long,2019-07-02 22:18:00,2019-07-02 22:35:00,2019-07-02 22:27:00,True,2,2,1413.4010554803788,1413.85,0.44894451962113635,995.3099999999979,27.719999999992297,threshold
523,T2/S03,long,2019-07-02 22:30:00,2019-07-02 22:43:00,2019-07-02 22:34:00,True,1,1,1412.94,1413.56,0.6199999999998909,47.739999999991596,124.7399999999916,threshold
524,T2/S03,long,2019-07-02 22:45:00,2019-07-02 22:59:00,2019-07-02 23:30:00,True,1,1,1413.9399999999998,1414.54,0.6000000000001364,46.199999999993,-6.160000000011905,threshold
103,T1/S01,long,2019-07-02 22:48:00,2019-07-02 23:19:00,2019-07-02 22:58:00,True,1,3,1413.17,1413.86,0.6899999999998272,53.1299999999867,314.1600000000119,threshold
104,T1/S01,long,2019-07-02 23:36:00,2019-07-03 01:05:00,2019-07-02 23:43:00,True,2,2,1418.5055635707845,1418.86,0.3544364292154114,786.1399999996828,651.3000000000106,threshold
1531,T6/S12,short,2019-07-04 09:24:00,2019-07-04 10:54:00,2019-07-04 10:53:00,True,1,1,1413.5299999999997,1412.29,1.2399999999997817,97.96000000000072,82.94999999999642,threshold
105,T1/S01,long,2019-07-05 22:18:00,2019-07-05 22:21:00,2019-07-05 22:20:00,True,1,1,1400.29,1400.86,0.5699999999999363,45.02999999999497,41.869999999997844,threshold
106,T1/S01,long,2019-07-05 22:24:00,2019-07-08 03:30:00,2019-07-05 22:28:00,True,1,6,1401.02,1401.65,0.6300000000001091,49.77000000000862,246.47999999997347,threshold
1334,T5/S09,long,2019-07-08 10:00:00,2019-07-08 10:14:00,2019-07-08 10:13:00,True,1,1,1405.3100000000002,1407.38,2.0699999999999363,167.67000000001326,167.67000000001326,threshold
1335,T5/S09,long,2019-07-08 10:24:00,2019-07-10 15:32:00,2019-07-09 18:00:00,True,4,4,1394.3487854488558,1396.84,2.4912145511441395,25475.159999999214,1146.960000000025,threshold
850,T2/S04,long,2019-07-10 19:30:00,2019-07-10 19:55:00,2019-07-10 19:54:00,True,1,1,1410.82,1411.58,0.7599999999999909,63.07999999999924,64.73999999999774,threshold
107,T1/S01,long,2019-07-10 22:18:00,2019-07-10 22:23:00,2019-07-10 22:22:00,True,1,1,1416.4600000000003,1417.03,0.569999999999709,47.30999999999471,47.30999999999471,threshold
108,T1/S01,long,2019-07-10 22:24:00,2019-07-10 22:31:00,2019-07-10 22:30:00,True,1,1,1417.1100000000001,1418.02,0.9099999999998545,76.44000000000688,68.04000000001452,threshold
109,T1/S01,long,2019-07-10 22:36:00,2019-07-10 22:51:00,2019-07-11 01:05:00,True,1,1,1417.6300000000003,1419.53,1.8999999999996362,159.59999999998854,44.51999999999771,threshold
525,T2/S03,long,2019-07-10 22:45:00,2019-07-10 22:59:00,2019-07-11 01:05:00,True,1,1,1418.07,1419.53,1.4600000000000364,122.64000000000306,7.560000000012224,threshold
110,T1/S01,long,2019-07-10 22:54:00,2019-07-11 01:05:00,2019-07-10 22:58:00,True,1,2,1417.18,1418.09,0.9099999999998545,76.43999999998778,333.4799999999832,threshold
1532,T6/S12,short,2019-07-11 09:36:00,2019-07-11 10:41:00,2019-07-11 10:25:00,True,2,2,1422.260922587487,1421.15,1.1109225874868116,2095.199999999657,184.79999999998472,threshold
1183,T3/S06,short,2019-07-11 23:30:00,2019-07-11 23:33:00,2019-07-11 23:32:00,True,1,1,1405.39,1401.62,3.770000000000209,320.4500000000178,300.050000000017,threshold
1184,T3/S06,short,2019-07-11 23:40:00,2019-07-12 02:41:00,2019-07-12 06:50:00,True,3,2,1408.254360504775,1407.43,0.8243605047748588,4834.049999999812,163.20000000000618,threshold
526,T2/S03,long,2019-07-12 22:00:00,2019-07-15 01:05:00,2019-07-12 22:24:00,True,2,2,1415.0788115396676,1415.83,0.7511884603322869,2395.53999999986,318.2000000000039,threshold
111,T1/S01,long,2019-07-12 22:00:00,2019-07-15 01:05:00,2019-07-12 22:24:00,True,2,2,1415.3979514824798,1415.83,0.43204851752011564,961.7400000000202,90.29999999999607,threshold
112,T1/S01,long,2019-07-15 23:30:00,2019-07-16 01:08:00,2019-07-16 01:05:00,True,2,2,1414.1883827493261,1415.0,0.8116172506738621,1806.660000000225,144.48000000000548,threshold
851,T2/S04,long,2019-07-17 19:00:00,2019-07-17 21:00:00,2019-07-17 19:33:00,True,2,2,1422.0591680939565,1422.42,0.36083190604358606,1474.7200000003788,148.76999999998338,threshold
527,T2/S03,long,2019-07-17 22:00:00,2019-07-17 22:02:00,2019-07-17 22:00:00,True,1,1,1422.3699999999997,1422.9,0.5300000000004275,46.11000000001741,56.55000000000791,threshold
528,T2/S03,long,2019-07-17 22:15:00,2019-07-17 22:31:00,2019-07-17 22:30:00,True,1,1,1423.73,1424.36,0.6299999999998818,54.809999999989714,54.809999999989714,threshold
529,T2/S03,long,2019-07-17 22:45:00,2019-07-18 01:08:00,2019-07-18 01:07:00,True,1,1,1426.22,1426.87,0.6499999999998636,56.54999999998813,56.54999999998813,threshold
113,T1/S01,long,2019-07-17 23:36:00,2019-07-18 01:08:00,2019-07-18 01:07:00,True,1,1,1426.06,1426.87,0.8099999999999454,70.46999999999525,70.46999999999525,threshold
530,T2/S03,long,2019-07-18 22:00:00,2019-07-18 22:05:00,2019-07-18 22:04:00,True,1,1,1437.85,1438.47,0.6200000000001182,54.5600000000104,54.5600000000104,threshold
114,T1/S01,long,2019-07-18 22:00:00,2019-07-18 22:05:00,2019-07-18 22:04:00,True,1,1,1437.85,1438.47,0.6200000000001182,54.5600000000104,54.5600000000104,threshold
115,T1/S01,long,2019-07-18 22:06:00,2019-07-18 22:09:00,2019-07-18 22:08:00,True,1,1,1438.65,1443.2,4.5499999999999545,400.39999999999594,400.39999999999594,threshold
116,T1/S01,long,2019-07-18 22:12:00,2019-07-18 22:16:00,2019-07-18 22:14:00,True,1,1,1441.8,1442.38,0.5800000000001546,52.200000000013915,112.5,threshold
531,T2/S03,long,2019-07-18 22:15:00,2019-07-18 22:17:00,2019-07-18 22:15:00,True,1,1,1442.47,1443.05,0.5799999999999272,52.19999999999345,189.899999999991,threshold
117,T1/S01,long,2019-07-18 22:18:00,2019-07-18 22:46:00,2019-07-18 22:24:00,True,2,2,1443.98134529148,1445.52,1.5386547085199709,3431.1999999997984,164.69999999999345,threshold
532,T2/S03,long,2019-07-18 22:30:00,2019-07-18 22:46:00,2019-07-18 22:41:00,True,2,2,1443.6570717193863,1444.28,0.622928280613678,1989.0100000002258,327.600000000009,threshold
118,T1/S01,long,2019-07-18 22:48:00,2019-07-18 22:50:00,2019-07-18 22:49:00,True,1,1,1446.84,1447.8,0.9600000000000364,87.36000000000331,87.36000000000331,threshold
119,T1/S01,long,2019-07-18 22:54:00,2019-07-19 01:05:00,2019-07-18 23:35:00,True,1,2,1445.96,1446.56,0.599999999999909,54.599999999991724,543.3600000000058,threshold
1533,T6/S12,short,2019-07-23 08:00:00,2019-07-23 08:32:00,2019-07-23 08:31:00,True,1,1,1416.72,1415.04,1.6800000000000637,156.24000000000592,143.21999999999662,threshold
1534,T6/S12,short,2019-07-23 08:36:00,2019-07-23 18:34:00,2019-07-23 18:33:00,True,6,7,1422.6035459500813,1420.6,2.0035459500813886,31426.620000000796,880.7100000000028,threshold
120,T1/S01,long,2019-07-29 22:00:00,2019-07-29 22:01:00,2019-07-29 22:00:00,True,1,1,1424.69,1425.49,0.7999999999999545,75.99999999999567,75.99999999999567,threshold
121,T1/S01,long,2019-07-29 22:06:00,2019-07-29 22:14:00,2019-07-29 22:13:00,True,1,1,1425.7100000000003,1426.46,0.7499999999997726,71.24999999999999,71.24999999999999,threshold
122,T1/S01,long,2019-07-29 22:18:00,2019-07-30 09:38:00,2019-07-29 23:41:00,True,2,4,1426.2814093959732,1426.82,0.5385906040266946,1203.7499999997704,760.0,threshold
123,T1/S01,long,2019-07-30 22:00:00,2019-07-31 08:31:00,2019-07-31 08:15:00,True,3,3,1429.4457346169945,1430.18,0.7342653830055497,3508.320000000721,357.92999999998324,threshold
1185,T3/S06,short,2019-07-31 23:00:00,2019-08-01 02:11:00,2019-08-01 01:22:00,True,2,2,1415.7105157342655,1414.8,0.910515734265573,2083.2599999998743,185.21999999998752,threshold
1535,T6/S12,short,2019-08-01 09:36:00,2019-08-01 11:00:00,2019-08-01 10:59:00,True,1,1,1406.13,1404.45,1.6800000000000637,164.64000000000624,152.88000000001693,threshold
533,T2/S03,long,2019-08-01 22:00:00,2019-08-01 22:02:00,2019-08-01 22:01:00,True,1,1,1439.46,1441.82,2.3599999999999,231.2799999999902,231.2799999999902,threshold
124,T1/S01,long,2019-08-01 22:00:00,2019-08-01 22:02:00,2019-08-01 22:01:00,True,1,1,1439.46,1441.82,2.3599999999999,231.2799999999902,231.2799999999902,threshold
125,T1/S01,long,2019-08-01 22:06:00,2019-08-01 22:11:00,2019-08-01 22:10:00,True,1,1,1442.1,1442.81,0.7100000000000364,70.2900000000036,72.2700000000018,threshold
126,T1/S01,long,2019-08-01 22:12:00,2019-08-01 22:16:00,2019-08-01 22:15:00,True,1,1,1443.65,1444.46,0.8099999999999454,80.99999999999454,80.99999999999454,threshold
534,T2/S03,long,2019-08-01 22:15:00,2019-08-01 22:17:00,2019-08-01 22:16:00,True,1,1,1444.11,1444.73,0.6200000000001182,62.00000000001182,65.0000000000091,threshold
127,T1/S01,long,2019-08-01 22:18:00,2019-08-01 22:37:00,2019-08-01 22:19:00,True,2,4,1442.966160714286,1443.61,0.6438392857139661,1442.1999999995476,361.00000000001273,threshold
535,T2/S03,long,2019-08-01 22:30:00,2019-08-01 22:50:00,2019-08-01 22:36:00,True,1,2,1440.38,1440.98,0.599999999999909,59.999999999990905,493.00000000000637,threshold
128,T1/S01,long,2019-08-05 22:18:00,2019-08-06 01:05:00,2019-08-06 01:05:00,True,5,5,1463.2824117790217,1470.93,7.647588220978378,94271.82000000068,1438.1999999999443,threshold
852,T2/S04,long,2019-08-06 19:45:00,2019-08-06 19:48:00,2019-08-06 19:47:00,True,1,1,1470.58,1471.12,0.5399999999999636,56.15999999999622,56.15999999999622,threshold
853,T2/S04,long,2019-08-07 19:00:00,2019-08-07 19:05:00,2019-08-07 19:17:00,True,1,2,1506.85,1507.72,0.8700000000001182,91.35000000001241,142.80000000001337,threshold
854,T2/S04,long,2019-08-07 19:15:00,2019-08-07 19:16:00,2019-08-07 19:15:00,True,1,1,1505.94,1506.63,0.6900000000000546,72.45000000000573,74.55000000000382,threshold
855,T2/S04,long,2019-08-07 19:30:00,2019-08-07 19:36:00,2019-08-07 19:34:00,True,1,1,1508.13,1508.62,0.4899999999997817,51.44999999997708,62.99999999999045,threshold
856,T2/S04,long,2019-08-07 19:45:00,2019-08-07 20:26:00,2019-08-07 19:54:00,True,2,3,1505.9547624847748,1506.57,0.6152375152250897,2525.5499999994026,383.2499999999857,threshold
129,T1/S01,long,2019-08-08 22:00:00,2019-08-09 01:05:00,2019-08-09 01:05:00,True,4,4,1502.6757496098905,1506.36,3.684250390109355,30693.489999999263,939.1599999999412,threshold
536,T2/S03,long,2019-08-08 22:15:00,2019-08-09 01:05:00,2019-08-09 01:05:00,True,3,4,1502.747789065386,1506.36,3.612210934613813,19556.509999999616,1251.859999999946,threshold
130,T1/S01,long,2019-08-12 22:00:00,2019-08-12 22:14:00,2019-08-12 22:07:00,True,2,2,1509.87,1511.41,1.540000000000191,3465.000000000204,433.400000000006,threshold
537,T2/S03,long,2019-08-12 22:00:00,2019-08-12 22:14:00,2019-08-12 22:07:00,True,2,2,1509.8370308123249,1511.41,1.5729691876751986,5053.950000000292,502.69999999999305,threshold
131,T1/S01,long,2019-08-12 22:18:00,2019-08-12 22:24:00,2019-08-12 22:23:00,True,1,4,1512.39,1513.56,1.1699999999998454,2.339999999999693,153.49999999998863,threshold
538,T2/S03,long,2019-08-12 22:30:00,2019-08-12 22:33:00,2019-08-12 22:32:00,True,1,4,1512.19,1512.97,0.7799999999999727,1.5599999999999468,160.26000000000613,threshold
132,T1/S01,long,2019-08-12 22:36:00,2019-08-12 22:55:00,2019-08-12 23:02:00,True,2,6,1511.361746031746,1511.86,0.4982539682539482,1067.2599999999998,502.7199999999972,threshold
1536,T6/S12,short,2019-08-15 09:48:00,2019-08-15 10:49:00,2019-08-15 10:01:00,True,2,2,1513.2761273486428,1512.12,1.15612734864294,2215.140000000366,248.52000000003315,threshold
539,T2/S03,long,2019-08-15 22:15:00,2019-08-15 22:21:00,2019-08-15 22:18:00,True,1,1,1521.29,1521.8,0.5099999999999909,58.139999999998956,71.82000000001244,threshold
1537,T6/S12,short,2019-08-16 09:36:00,2019-08-16 09:39:00,2019-08-16 09:38:00,True,1,1,1515.48,1513.86,1.6200000000001182,184.68000000001345,180.11999999999168,threshold
1538,T6/S12,short,2019-08-16 09:48:00,2019-08-16 10:24:00,2019-08-16 10:23:00,True,1,1,1515.36,1514.15,1.209999999999809,137.93999999997823,117.41999999999689,threshold
1539,T6/S12,short,2019-08-21 08:00:00,2019-08-21 08:15:00,2019-08-21 08:14:00,True,1,1,1503.18,1501.77,1.4100000000000819,160.74000000000933,141.360000000001,threshold
1540,T6/S12,short,2019-08-21 08:24:00,2019-08-21 09:44:00,2019-08-21 09:40:00,True,2,2,1504.0773173277662,1502.63,1.4473173277660862,2773.0599999998585,542.639999999999,threshold
857,T2/S04,long,2019-08-23 19:00:00,2019-08-23 19:53:00,2019-08-23 19:03:00,True,2,3,1525.2862506070908,1526.08,0.7937493929091488,3268.659999999514,243.07999999996673,threshold
540,T2/S03,long,2019-08-23 22:00:00,2019-08-23 22:01:00,2019-08-23 22:00:00,True,1,1,1527.49,1528.26,0.7699999999999818,90.85999999999785,90.85999999999785,threshold
133,T1/S01,long,2019-08-23 22:06:00,2019-08-26 01:05:00,2019-08-23 22:31:00,True,1,5,1528.11,1528.84,0.7300000000000182,86.14000000000213,6552.20000000001,threshold
541,T2/S03,long,2019-08-23 22:15:00,2019-08-26 01:05:00,2019-08-23 23:16:00,True,2,4,1526.3813075684384,1527.06,0.6786924315615579,2107.3399999994917,4447.199999999993,threshold
858,T2/S04,long,2019-08-27 19:00:00,2019-08-27 19:05:00,2019-08-27 19:04:00,True,1,1,1542.49,1544.1,1.6099999999999,228.6199999999858,228.6199999999858,threshold
859,T2/S04,long,2019-08-27 19:15:00,2019-08-27 19:22:00,2019-08-27 19:21:00,True,1,1,1543.49,1544.22,0.7300000000000182,103.66000000000257,99.40000000000644,threshold
860,T2/S04,long,2019-08-27 19:30:00,2019-08-27 19:35:00,2019-08-27 19:34:00,True,1,1,1542.32,1543.5,1.1800000000000637,167.56000000000904,168.98000000000775,threshold
861,T2/S04,long,2019-08-27 19:45:00,2019-08-27 21:16:00,2019-08-27 21:09:00,True,2,2,1541.363509534154,1542.02,0.6564904658459909,2719.840000000092,165.87999999994668,threshold
542,T2/S03,long,2019-08-27 22:00:00,2019-08-27 22:21:00,2019-08-27 22:10:00,True,2,2,1537.6059057301295,1538.42,0.8140942698705658,2642.5500000002885,204.48999999997656,threshold
862,T2/S04,long,2019-09-03 19:00:00,2019-09-03 20:04:00,2019-09-03 20:03:00,True,3,3,1546.1253125383764,1547.72,1.5946874616236073,12985.53999999985,257.400000000026,threshold
543,T2/S03,long,2019-09-04 22:00:00,2019-09-04 22:47:00,2019-09-04 22:30:00,True,2,2,1552.6862796427472,1553.2,0.5137203572528506,1668.0500000004686,243.3600000000406,threshold
863,T2/S04,long,2019-09-18 19:00:00,2019-09-18 19:02:00,2019-09-18 19:01:00,True,1,1,1508.02,1508.54,0.5199999999999818,74.87999999999738,74.87999999999738,threshold
864,T2/S04,long,2019-09-18 19:15:00,2019-09-18 19:37:00,2019-09-18 19:36:00,True,1,1,1508.7199999999998,1509.76,1.040000000000191,150.79999999999472,149.34999999999604,threshold
865,T2/S04,long,2019-09-18 19:45:00,2019-09-18 20:57:00,2019-09-18 20:24:00,True,2,2,1507.385416164053,1508.24,0.8545838359470963,3542.2500000002847,265.34999999998945,threshold
134,T1/S01,long,2019-09-20 22:00:00,2019-09-20 22:01:00,2019-09-20 22:00:00,True,1,1,1512.66,1513.43,0.7699999999999818,111.64999999999736,111.64999999999736,threshold
544,T2/S03,long,2019-09-20 22:00:00,2019-09-20 22:01:00,2019-09-20 22:00:00,True,1,1,1512.66,1513.43,0.7699999999999818,111.64999999999736,111.64999999999736,threshold
135,T1/S01,long,2019-09-20 22:06:00,2019-09-20 22:19:00,2019-09-20 22:18:00,True,1,2,1513.26,1513.94,0.6800000000000637,0.6800000000000642,99.2800000000093,threshold
545,T2/S03,long,2019-09-20 22:15:00,2019-09-20 22:19:00,2019-09-20 22:18:00,True,1,2,1512.96,1513.94,0.9800000000000182,0.9800000000000191,314.1799999999789,threshold
136,T1/S01,long,2019-09-20 22:24:00,2019-09-20 22:29:00,2019-09-20 22:28:00,True,1,2,1514.19,1515.12,0.9299999999998363,0.9299999999998371,135.7799999999761,threshold
137,T1/S01,long,2019-09-20 22:30:00,2019-09-20 22:46:00,2019-09-20 22:45:00,True,1,1,1515.98,1516.64,0.6600000000000819,97.02000000001203,88.19999999998663,threshold
546,T2/S03,long,2019-09-20 22:30:00,2019-09-20 22:46:00,2019-09-20 22:45:00,True,1,1,1515.98,1516.64,0.6600000000000819,97.02000000001203,88.19999999998663,threshold
138,T1/S01,long,2019-09-20 22:48:00,2019-09-23 04:30:00,2019-09-23 01:18:00,True,2,4,1512.981569360112,1513.59,0.6084306398879562,1302.649999999786,392.550000000012,threshold
1186,T3/S06,short,2019-09-25 23:00:00,2019-09-25 23:52:00,2019-09-25 23:51:00,True,1,1,1504.28,1503.34,0.9400000000000546,140.06000000000813,104.30000000000676,threshold
1541,T6/S12,short,2019-09-27 09:48:00,2019-09-27 09:54:00,2019-09-27 09:53:00,True,1,1,1498.5199999999998,1496.98,1.5399999999997362,230.99999999999454,203.999999999985,threshold
866,T2/S04,long,2019-10-01 19:00:00,2019-10-01 19:14:00,2019-10-01 19:05:00,True,2,2,1482.7239759036145,1483.26,0.5360240963855176,2224.4999999996253,197.99999999999045,threshold
867,T2/S04,long,2019-10-01 19:15:00,2019-10-01 19:16:00,2019-10-01 19:15:00,True,1,1,1484.87,1486.06,1.1900000000000546,178.50000000000819,178.50000000000819,threshold
868,T2/S04,long,2019-10-01 19:30:00,2019-10-01 22:48:00,2019-10-01 20:05:00,True,3,7,1483.174649736229,1483.86,0.6853502637709425,5586.289999999158,1348.4299999999407,threshold
547,T2/S03,long,2019-10-01 22:45:00,2019-10-02 10:23:00,2019-10-01 22:47:00,True,1,1,1480.9300000000003,1481.48,0.5499999999997272,83.04999999999313,173.6499999999794,threshold
869,T2/S04,long,2019-10-02 19:00:00,2019-10-02 19:02:00,2019-10-02 19:01:00,True,1,1,1498.5299999999997,1499.43,0.9000000000003183,138.600000000014,138.600000000014,threshold
870,T2/S04,long,2019-10-02 19:15:00,2019-10-02 19:56:00,2019-10-02 19:49:00,True,2,2,1498.8297063071739,1499.3,0.4702936928260897,1953.599999999797,220.21999999997482,threshold
1542,T6/S12,short,2019-10-07 08:24:00,2019-10-07 10:21:00,2019-10-07 10:14:00,True,2,2,1507.2017935615738,1505.99,1.2117935615738133,2371.480000000196,900.550000000062,threshold
1187,T3/S06,short,2019-10-07 23:00:00,2019-10-07 23:20:00,2019-10-07 23:19:00,True,1,1,1492.8599999999997,1491.91,0.9499999999995907,148.19999999997162,118.55999999999858,threshold
1188,T3/S06,short,2019-10-07 23:30:00,2019-10-08 03:04:00,2019-10-08 03:04:00,True,1,1,1492.02,1490.5,1.5199999999999818,237.11999999999716,99.83999999998015,threshold
1336,T5/S09,long,2019-10-08 12:48:00,2019-10-08 13:10:00,2019-10-08 13:09:00,True,1,1,1501.11,1503.5,2.3900000000001,372.8400000000156,383.7600000000057,threshold
1337,T5/S09,long,2019-10-08 13:12:00,2019-10-08 14:03:00,2019-10-08 14:00:00,True,1,1,1503.05,1504.92,1.8700000000001182,295.4600000000187,363.3999999999928,threshold
139,T1/S01,long,2019-10-08 23:00:00,2019-10-09 01:25:00,2019-10-09 01:24:00,True,1,1,1506.1,1506.75,0.650000000000091,102.70000000001438,94.80000000002156,threshold
1543,T6/S12,short,2019-10-15 09:48:00,2019-10-15 15:06:00,2019-10-15 14:08:00,True,4,4,1495.0149069518716,1493.85,1.1649069518716715,10891.880000000467,682.5599999999899,threshold
871,T2/S04,long,2019-10-24 19:00:00,2019-10-24 19:06:00,2019-10-24 19:05:00,True,1,1,1499.9399999999998,1500.89,0.9500000000002728,152.00000000000728,150.40000000000876,threshold
872,T2/S04,long,2019-10-24 19:15:00,2019-10-24 19:17:00,2019-10-24 19:16:00,True,1,1,1501.85,1502.38,0.5300000000002001,84.80000000003201,81.59999999999854,threshold
873,T2/S04,long,2019-10-24 19:30:00,2019-10-24 20:43:00,2019-10-24 20:42:00,True,1,1,1501.78,1502.29,0.5099999999999909,81.59999999999854,81.59999999999854,threshold
548,T2/S03,long,2019-10-24 22:00:00,2019-10-25 07:38:00,2019-10-25 04:02:00,True,2,2,1501.7238492185106,1502.25,0.5261507814893776,1716.8299999997041,180.80000000005384,threshold
1338,T5/S09,long,2019-10-31 12:12:00,2019-10-31 14:32:00,2019-10-31 13:20:00,True,1,1,1505.78,1507.74,1.9600000000000364,313.6000000000058,427.20000000001164,threshold
140,T1/S01,long,2019-11-07 22:48:00,2019-11-08 02:32:00,2019-11-08 01:33:00,True,2,2,1467.2447089487403,1467.72,0.47529105125977367,1094.1199999998307,171.72000000002805,threshold
1544,T6/S12,short,2019-11-12 08:00:00,2019-11-12 08:11:00,2019-11-12 08:10:00,True,1,1,1452.6399999999999,1451.41,1.2299999999997908,199.26000000000298,173.34000000002655,threshold
1545,T6/S12,short,2019-11-12 08:12:00,2019-11-12 08:20:00,2019-11-12 08:19:00,True,1,1,1451.23,1449.59,1.6400000000001,265.6800000000162,233.28000000000887,threshold
1546,T6/S12,short,2019-11-12 08:24:00,2019-11-12 08:29:00,2019-11-12 08:28:00,True,1,1,1450.2,1448.93,1.2699999999999818,207.00999999999704,176.0400000000252,threshold
1547,T6/S12,short,2019-11-12 08:36:00,2019-11-12 10:21:00,2019-11-12 09:15:00,True,2,2,1452.2043256997458,1450.97,1.2343256997457956,2425.450000000067,458.0299999999911,threshold
141,T1/S01,long,2019-11-12 22:00:00,2019-11-13 02:44:00,2019-11-12 22:18:00,True,2,2,1457.778125,1458.14,0.36187500000005457,833.7600000000284,577.279999999997,threshold
874,T2/S04,long,2019-11-18 19:00:00,2019-11-18 19:06:00,2019-11-18 19:04:00,True,1,1,1471.2,1471.65,0.4500000000000455,74.2500000000075,128.6999999999955,threshold
875,T2/S04,long,2019-11-18 19:15:00,2019-11-18 19:23:00,2019-11-18 19:22:00,True,1,1,1472.65,1473.16,0.5099999999999909,84.1499999999985,84.1499999999985,threshold
876,T2/S04,long,2019-11-18 19:30:00,2019-11-19 02:09:00,2019-11-18 20:41:00,True,2,2,1471.3417234757562,1471.85,0.5082765242436835,2117.4799999997044,126.15999999999846,threshold
549,T2/S03,long,2019-11-18 22:00:00,2019-11-19 02:11:00,2019-11-19 02:08:00,True,1,1,1471.59,1472.34,0.75,124.49999999999999,224.10000000002262,threshold
1548,T6/S12,short,2019-11-25 09:00:00,2019-11-25 10:12:00,2019-11-25 10:11:00,True,1,1,1458.59,1456.59,2.0,332.0,293.8199999999969,threshold
877,T2/S04,long,2019-11-29 19:30:00,2019-12-02 15:36:00,2019-11-29 20:24:00,True,3,8,1463.776641361577,1464.16,0.38335863842303297,3130.8900000004487,971.9399999999134,threshold
878,T2/S04,long,2019-12-02 19:00:00,2019-12-02 20:41:00,2019-12-02 20:38:00,True,1,1,1463.54,1463.98,0.44000000000005457,74.36000000000922,98.0199999999877,threshold
879,T2/S04,long,2019-12-03 19:00:00,2019-12-04 04:55:00,2019-12-03 20:49:00,True,2,3,1478.071345646438,1478.44,0.36865435356207854,1536.920000000229,234.90999999994006,threshold
550,T2/S03,long,2019-12-03 22:00:00,2019-12-04 05:01:00,2019-12-03 22:41:00,True,2,2,1477.067805623472,1477.58,0.5121943765279866,1675.8999999996947,300.81999999995696,threshold
1549,T6/S12,short,2019-12-06 08:24:00,2019-12-06 08:35:00,2019-12-06 08:34:00,True,1,1,1472.87,1471.49,1.3799999999998818,234.5999999999799,197.19999999997526,threshold
1550,T6/S12,short,2019-12-06 08:36:00,2019-12-06 15:31:00,2019-12-06 15:30:00,True,4,4,1475.9603983765887,1467.39,8.570398376588628,80244.63999999908,5041.080000000003,threshold
142,T1/S01,long,2019-12-10 22:24:00,2019-12-11 09:25:00,2019-12-11 01:23:00,True,2,2,1463.5561956053425,1464.04,0.4838043946574544,1122.9099999997873,267.87999999996214,threshold
880,T2/S04,long,2019-12-11 19:00:00,2019-12-11 21:11:00,2019-12-11 21:01:00,True,2,2,1469.0987036594115,1469.58,0.48129634058841475,2012.2999999997007,244.3500000000247,threshold
1551,T6/S12,short,2019-12-19 08:48:00,2019-12-19 10:31:00,2019-12-19 10:30:00,True,1,1,1476.2,1475.03,1.1700000000000728,211.77000000001317,184.6199999999967,threshold
143,T1/S01,long,2019-12-23 22:48:00,2019-12-24 03:47:00,2019-12-24 03:46:00,True,1,1,1485.8899999999999,1487.02,1.1300000000001091,204.5299999999786,199.09999999998354,threshold
881,T2/S04,long,2019-12-24 19:00:00,2019-12-24 19:17:00,2019-12-24 19:16:00,True,1,1,1499.11,1499.78,0.6700000000000728,121.27000000001318,124.89000000000988,threshold
882,T2/S04,long,2019-12-24 19:30:00,2019-12-26 06:00:00,2019-12-26 06:00:00,True,1,1,1500.33,1503.3,2.9700000000000273,543.510000000005,543.510000000005,threshold
1266,T4/S08,long,2019-12-26 09:35:00,2019-12-26 14:16:00,2019-12-26 14:15:00,True,1,1,1503.89,1505.8,1.9099999999998545,349.52999999997337,345.8699999999767,threshold
144,T1/S01,long,2019-12-26 23:30:00,2019-12-27 04:23:00,2019-12-27 02:51:00,True,2,2,1510.1821050365907,1510.64,0.45789496340944424,1063.6900000003675,312.93000000004827,threshold
1267,T4/S08,long,2019-12-31 10:00:00,2019-12-31 17:26:00,2019-12-31 16:11:00,True,3,5,1521.5002205243964,1523.02,1.5197794756036274,4376.2050000002255,1454.0999999999815,threshold
145,T1/S01,long,2020-01-03 23:30:00,2020-01-03 23:37:00,2020-01-03 23:36:00,True,1,1,1550.34,1550.92,0.5800000000001546,108.46000000002891,115.94000000002211,threshold
146,T1/S01,long,2020-01-03 23:42:00,2020-01-06 01:05:00,2020-01-06 01:05:00,True,1,1,1551.38,1580.83,29.449999999999818,5507.149999999967,4588.979999999994,threshold
1552,T6/S12,short,2020-01-09 08:36:00,2020-01-09 08:37:00,2020-01-09 08:37:00,True,1,1,1550.83,1545.08,5.75,1132.75,202.90999999999462,threshold
1553,T6/S12,short,2020-01-09 08:48:00,2020-01-09 16:02:00,2020-01-09 09:49:00,True,2,6,1546.18705,1544.87,1.3170500000001084,2634.1000000003824,1364.2200000001549,threshold
883,T2/S04,long,2020-01-10 19:00:00,2020-01-10 19:01:00,2020-01-10 19:00:00,True,1,1,1560.05,1560.57,0.5199999999999818,103.99999999999636,103.99999999999636,threshold
884,T2/S04,long,2020-01-10 19:15:00,2020-01-10 22:16:00,2020-01-10 19:43:00,True,2,2,1558.2980952380954,1558.7,0.4019047619046887,1688.0000000000564,194.00000000000546,threshold
551,T2/S03,long,2020-01-10 22:00:00,2020-01-10 22:21:00,2020-01-10 22:15:00,True,1,1,1559.04,1559.6,0.5599999999999454,111.99999999998909,144.00000000000546,threshold
552,T2/S03,long,2020-01-10 22:30:00,2020-01-10 22:35:00,2020-01-10 22:34:00,True,1,1,1559.91,1560.45,0.5399999999999636,107.99999999999272,107.99999999999272,threshold
553,T2/S03,long,2020-01-10 22:45:00,2020-01-10 23:06:00,2020-01-10 23:03:00,True,1,1,1560.34,1560.83,0.4900000000000091,98.98000000000184,139.38000000001102,threshold
147,T1/S01,long,2020-01-10 23:48:00,2020-01-13 15:49:00,2020-01-13 14:13:00,True,8,8,1552.9581092384776,1553.79,0.8318907615223452,20089.329999998892,862.540000000226,threshold
148,T1/S01,long,2020-01-14 22:00:00,2020-01-14 22:29:00,2020-01-14 22:28:00,True,1,1,1546.16,1546.94,0.7799999999999727,159.11999999999443,159.11999999999443,threshold
1554,T6/S12,short,2020-01-16 08:00:00,2020-01-16 16:33:00,2020-01-16 15:33:00,True,3,3,1554.9767099567098,1553.5,1.476709956709783,8869.120000000205,701.7600000000575,threshold
149,T1/S01,long,2020-01-22 23:00:00,2020-01-23 01:18:00,2020-01-23 01:18:00,True,1,1,1559.06,1559.89,0.8300000000001546,170.98000000003185,107.11999999999627,threshold
885,T2/S04,long,2020-01-23 19:00:00,2020-01-23 19:20:00,2020-01-23 19:19:00,True,1,1,1563.99,1564.56,0.5699999999999363,117.41999999998689,117.41999999998689,threshold
886,T2/S04,long,2020-01-23 19:30:00,2020-01-23 19:35:00,2020-01-23 19:33:00,True,1,1,1565.03,1565.51,0.4800000000000182,98.88000000000375,119.47999999998503,threshold
887,T2/S04,long,2020-01-23 19:45:00,2020-01-24 16:46:00,2020-01-23 22:11:00,True,4,7,1563.4991250204816,1564.09,0.5908749795182757,7212.219999999104,3590.5799999999663,threshold
888,T2/S04,long,2020-01-24 19:00:00,2020-01-24 19:03:00,2020-01-24 19:01:00,True,1,1,1572.72,1573.21,0.4900000000000091,104.86000000000195,158.36000000000197,threshold
889,T2/S04,long,2020-01-24 19:15:00,2020-01-24 19:17:00,2020-01-24 19:15:00,True,1,1,1574.13,1574.59,0.459999999999809,98.43999999995914,141.23999999996886,threshold
890,T2/S04,long,2020-01-24 19:30:00,2020-01-24 20:21:00,2020-01-24 20:01:00,True,2,2,1571.9628351126928,1572.36,0.397164887307099,1674.0500000000031,309.60000000001173,threshold
554,T2/S03,long,2020-01-24 22:00:00,2020-01-24 22:09:00,2020-01-24 22:08:00,True,1,1,1571.18,1571.97,0.7899999999999636,169.84999999999218,169.84999999999218,threshold
555,T2/S03,long,2020-01-24 22:15:00,2020-01-24 22:40:00,2020-01-24 22:31:00,True,2,2,1570.8803977101538,1571.48,0.5996022898461888,1990.0800000001104,257.0399999999627,threshold
556,T2/S03,long,2020-01-24 22:45:00,2020-01-27 01:05:00,2020-01-24 23:15:00,True,2,2,1570.6167309430552,1571.31,0.6932690569447004,2300.9599999998277,4037.0400000000122,threshold
150,T1/S01,long,2020-01-29 22:06:00,2020-01-29 22:15:00,2020-01-29 22:14:00,True,1,1,1576.16,1577.16,1.0,224.00000000000003,224.00000000000003,threshold
151,T1/S01,long,2020-01-29 22:18:00,2020-01-29 22:52:00,2020-01-29 22:40:00,True,2,2,1575.457399577167,1575.97,0.5126004228329748,1212.30000000005,355.49999999998363,threshold
152,T1/S01,long,2020-01-29 22:54:00,2020-01-29 23:02:00,2020-01-29 23:01:00,True,1,1,1576.69,1577.41,0.7200000000000273,162.00000000000614,155.25000000001228,threshold
153,T1/S01,long,2020-01-29 23:06:00,2020-01-30 01:51:00,2020-01-30 01:09:00,True,2,2,1575.3497251585625,1575.75,0.4002748414375219,946.6500000001893,337.50000000005116,threshold
1339,T5/S09,long,2020-01-31 12:48:00,2020-01-31 16:33:00,2020-01-31 16:32:00,True,1,1,1580.35,1582.3,1.9500000000000455,438.75000000001023,452.24999999999795,threshold
154,T1/S01,long,2020-02-06 22:00:00,2020-02-07 02:39:00,2020-02-07 01:10:00,True,2,2,1565.7357710181664,1566.17,0.43422898183371217,1027.82000000037,270.130000000064,threshold
155,T1/S01,long,2020-02-07 22:00:00,2020-02-10 01:28:00,2020-02-10 01:19:00,True,2,2,1570.7517567567568,1571.17,0.4182432432432961,990.4000000003516,909.7200000000021,threshold
156,T1/S01,long,2020-02-11 22:00:00,2020-02-11 22:10:00,2020-02-11 22:09:00,True,1,1,1568.64,1569.29,0.6499999999998636,148.84999999996876,148.84999999996876,threshold
157,T1/S01,long,2020-02-11 22:12:00,2020-02-12 06:06:00,2020-02-12 02:47:00,True,2,3,1567.9478978471932,1568.3,0.35210215280676493,834.1300000000062,348.07999999999583,threshold
1555,T6/S12,short,2020-02-12 08:00:00,2020-02-12 09:20:00,2020-02-12 09:19:00,True,1,1,1565.43,1564.22,1.2100000000000364,279.5100000000084,249.48000000003572,threshold
891,T2/S04,long,2020-02-18 19:00:00,2020-02-18 22:50:00,2020-02-18 19:19:00,True,2,3,1602.4186480737412,1602.78,0.3613519262587488,1528.8800000001133,360.3599999999874,threshold
892,T2/S04,long,2020-02-21 19:45:00,2020-02-21 19:48:00,2020-02-21 19:47:00,True,1,1,1644.25,1644.98,0.7300000000000182,168.6300000000042,168.6300000000042,threshold
1268,T4/S08,long,2020-02-24 10:00:00,2020-02-24 10:02:00,2020-02-24 10:02:00,True,1,1,1672.62,1675.76,3.1400000000001,725.3400000000231,371.9100000000294,threshold
1269,T4/S08,long,2020-02-24 10:05:00,2020-02-24 10:09:00,2020-02-24 10:11:00,True,1,1,1675.24,1678.32,3.0799999999999272,717.639999999983,414.73999999999364,threshold
1270,T4/S08,long,2020-02-24 10:10:00,2020-02-24 10:12:00,2020-02-24 10:12:00,True,1,1,1676.75,1678.53,1.7799999999999727,414.73999999999364,365.80999999998517,threshold
1271,T4/S08,long,2020-02-24 10:15:00,2020-02-24 10:26:00,2020-02-24 10:25:00,True,2,2,1677.9303072311727,1680.03,2.0996927688272535,2802.0399999998644,794.5300000000191,threshold
1272,T4/S08,long,2020-02-24 10:30:00,2020-02-24 10:31:00,2020-02-24 10:31:00,True,1,1,1682.22,1685.12,2.8999999999998636,681.4999999999679,399.5000000000107,threshold
1273,T4/S08,long,2020-02-24 10:35:00,2020-02-24 11:02:00,2020-02-24 11:01:00,True,2,2,1680.8570451998505,1683.2,2.3429548001495277,3136.0450000000646,782.0999999999892,threshold
1274,T4/S08,long,2020-02-24 11:05:00,2020-02-24 11:16:00,2020-02-24 11:14:00,True,2,2,1681.6852745610756,1683.47,1.7847254389243972,2388.855000000135,748.9200000000195,threshold
1340,T5/S09,long,2020-02-24 11:12:00,2020-02-24 11:16:00,2020-02-24 11:15:00,True,1,1,1681.87,1683.95,2.0800000000001546,492.96000000003664,492.96000000003664,threshold
1275,T4/S08,long,2020-02-24 11:20:00,2020-02-24 11:26:00,2020-02-24 11:25:00,True,1,1,1685.8,1687.86,2.0599999999999454,496.45999999998685,494.0499999999891,threshold
1341,T5/S09,long,2020-02-24 11:24:00,2020-02-24 11:26:00,2020-02-24 11:25:00,True,1,1,1685.31,1687.86,2.5499999999999545,614.549999999989,612.1399999999912,threshold
1276,T4/S08,long,2020-02-24 11:30:00,2020-02-24 12:54:00,2020-02-24 12:48:00,True,4,5,1682.8793332667933,1684.49,1.610666733206699,8068.635000000044,2429.9999999998895,threshold
1342,T5/S09,long,2020-02-24 11:36:00,2020-02-24 12:54:00,2020-02-24 12:50:00,True,2,2,1682.5612185929647,1684.98,2.4187814070353397,5776.049999999991,806.7599999999845,threshold
1556,T6/S12,short,2020-02-25 08:48:00,2020-02-25 08:57:00,2020-02-25 08:56:00,True,1,1,1638.5099999999998,1635.05,3.459999999999809,865.0000000000091,819.9999999999932,threshold
1557,T6/S12,short,2020-02-25 09:00:00,2020-02-25 09:14:00,2020-02-25 09:13:00,True,1,1,1637.06,1634.62,2.4400000000000546,610.0000000000136,544.9999999999591,threshold
1558,T6/S12,short,2020-02-25 09:24:00,2020-02-25 13:34:00,2020-02-25 10:01:00,True,3,9,1641.777443012884,1640.51,1.2674430128840868,7673.1000000001095,4125.240000000259,threshold
158,T1/S01,long,2020-02-26 22:00:00,2020-02-27 01:41:00,2020-02-26 22:43:00,True,4,7,1643.634177468772,1643.87,0.23582253122799557,2001.189999999012,1297.170000000007,threshold
893,T2/S04,long,2020-03-03 19:00:00,2020-03-03 19:03:00,2020-03-03 19:02:00,True,1,1,1639.9,1640.9,1.0,263.0,263.0,threshold
894,T2/S04,long,2020-03-03 19:15:00,2020-03-03 19:16:00,2020-03-03 19:15:00,True,1,1,1642.4700000000003,1643.74,1.2699999999997544,335.2799999999952,335.2799999999952,threshold
895,T2/S04,long,2020-03-03 19:30:00,2020-03-03 19:35:00,2020-03-03 19:34:00,True,1,1,1646.71,1647.41,0.7000000000000455,184.80000000001203,182.16000000001443,threshold
896,T2/S04,long,2020-03-03 19:45:00,2020-03-03 19:52:00,2020-03-03 19:47:00,True,2,2,1644.2867526377495,1644.7,0.4132473622505586,1762.4999999998545,410.74999999998795,threshold
557,T2/S03,long,2020-03-03 22:00:00,2020-03-03 22:01:00,2020-03-03 22:00:00,True,1,1,1626.72,1630.09,3.369999999999891,896.4199999999711,896.4199999999711,threshold
558,T2/S03,long,2020-03-03 22:15:00,2020-03-03 22:29:00,2020-03-03 22:27:00,True,3,3,1635.5026170403587,1636.17,0.6673829596413725,3720.6600000009075,571.3800000000267,threshold
559,T2/S03,long,2020-03-03 22:30:00,2020-03-03 22:35:00,2020-03-03 22:33:00,True,2,2,1635.2902580836549,1636.73,1.439741916345156,4853.369999999758,801.3200000000026,threshold
560,T2/S03,long,2020-03-03 22:45:00,2020-03-03 22:51:00,2020-03-03 22:50:00,True,1,1,1638.9400000000003,1639.5,0.5599999999997181,151.19999999998527,148.49999999998772,threshold
897,T2/S04,long,2020-03-05 19:00:00,2020-03-05 19:03:00,2020-03-05 19:02:00,True,1,1,1662.2400000000002,1662.91,0.6699999999998454,180.90000000001967,172.800000000027,threshold
898,T2/S04,long,2020-03-05 19:15:00,2020-03-05 19:22:00,2020-03-05 19:21:00,True,1,1,1661.1900000000003,1661.85,0.6599999999996271,178.85999999996056,178.85999999996056,threshold
899,T2/S04,long,2020-03-05 19:30:00,2020-03-05 19:38:00,2020-03-05 19:37:00,True,1,1,1663.71,1664.26,0.5499999999999545,149.04999999998768,146.33999999999014,threshold
900,T2/S04,long,2020-03-05 19:45:00,2020-03-05 19:49:00,2020-03-05 19:47:00,True,1,1,1665.76,1666.2,0.44000000000005457,119.24000000001477,176.15000000002465,threshold
561,T2/S03,long,2020-03-05 22:00:00,2020-03-05 22:07:00,2020-03-05 22:06:00,True,1,1,1671.89,1672.51,0.6199999999998909,168.01999999997042,168.01999999997042,threshold
562,T2/S03,long,2020-03-05 22:15:00,2020-03-05 22:17:00,2020-03-05 22:16:00,True,1,1,1672.16,1673.6,1.4399999999998272,390.23999999995317,387.52999999995563,threshold
159,T1/S01,long,2020-03-05 22:30:00,2020-03-05 22:40:00,2020-03-05 22:37:00,True,2,2,1672.0868586821382,1673.0,0.9131413178618004,2203.409999999756,343.9799999999975,threshold
563,T2/S03,long,2020-03-05 22:30:00,2020-03-05 22:40:00,2020-03-05 22:37:00,True,2,2,1672.0307049763035,1673.0,0.9692950236965316,3272.33999999966,343.9799999999975,threshold
160,T1/S01,long,2020-03-05 22:42:00,2020-03-05 22:46:00,2020-03-05 22:45:00,True,1,1,1672.7599999999998,1673.91,1.1500000000003183,315.1000000000249,323.32000000001744,threshold
564,T2/S03,long,2020-03-05 22:45:00,2020-03-05 22:46:00,2020-03-05 22:45:00,True,1,1,1673.07,1673.91,0.8400000000001455,230.1600000000399,238.3800000000324,threshold
161,T1/S01,long,2020-03-05 22:48:00,2020-03-06 01:10:00,2020-03-05 23:54:00,True,3,3,1670.9982506053268,1671.58,0.5817493946731247,2883.1499999993375,481.2500000000625,threshold
162,T1/S01,long,2020-03-06 22:00:00,2020-03-06 22:02:00,2020-03-06 22:01:00,True,1,1,1687.21,1688.28,1.0699999999999363,295.3199999999824,270.48000000000496,threshold
163,T1/S01,long,2020-03-06 22:06:00,2020-03-06 22:07:00,2020-03-06 22:06:00,True,1,1,1689.2600000000002,1691.99,2.729999999999791,756.210000000005,747.9000000000126,threshold
164,T1/S01,long,2020-03-06 22:12:00,2020-03-06 22:14:00,2020-03-06 22:13:00,True,1,1,1683.1,1684.77,1.6700000000000728,464.2600000000202,461.4800000000227,threshold
165,T1/S01,long,2020-03-06 22:18:00,2020-03-09 01:03:00,2020-03-06 22:27:00,True,4,5,1675.7560383349014,1676.01,0.2539616650985863,2159.690000000308,26013.960000000065,threshold
1559,T6/S12,short,2020-03-17 08:24:00,2020-03-17 08:36:00,2020-03-17 08:35:00,True,2,2,1488.0272245663386,1485.94,2.087224566338591,4452.049999999714,708.3400000000331,threshold
901,T2/S04,long,2020-03-17 19:00:00,2020-03-17 19:01:00,2020-03-17 19:00:00,True,1,1,1527.32,1527.98,0.6600000000000819,219.78000000002726,213.12000000003331,threshold
902,T2/S04,long,2020-03-17 19:15:00,2020-03-17 19:16:00,2020-03-17 19:15:00,True,1,1,1525.39,1528.23,2.839999999999918,945.7199999999729,945.7199999999729,threshold
903,T2/S04,long,2020-03-17 19:30:00,2020-03-17 19:33:00,2020-03-17 19:31:00,True,2,2,1523.2206459054207,1524.5,1.2793540945792756,5546.00000000026,1681.6999999999177,threshold
904,T2/S04,long,2020-03-17 19:45:00,2020-03-17 19:47:00,2020-03-17 19:46:00,True,1,1,1525.78,1527.13,1.3500000000001364,456.30000000004605,419.1200000000031,threshold
565,T2/S03,long,2020-03-17 22:00:00,2020-03-17 22:02:00,2020-03-17 22:01:00,True,1,1,1529.66,1531.06,1.3999999999998636,474.59999999995375,474.59999999995375,threshold
1560,T6/S12,short,2020-03-18 08:00:00,2020-03-18 08:01:00,2020-03-18 08:00:00,True,1,1,1518.69,1517.17,1.5199999999999818,516.7999999999938,448.80000000005566,threshold
1561,T6/S12,short,2020-03-18 08:12:00,2020-03-18 08:25:00,2020-03-18 08:23:00,True,2,2,1514.3285720951937,1513.17,1.1585720951936764,2482.820000000045,838.8600000000124,threshold
1562,T6/S12,short,2020-03-18 08:36:00,2020-03-18 08:39:00,2020-03-18 08:38:00,True,1,1,1511.1299999999999,1509.13,1.9999999999997726,686.0,538.5100000000562,threshold
1563,T6/S12,short,2020-03-18 08:48:00,2020-03-18 09:31:00,2020-03-18 09:19:00,True,4,5,1513.0784983221477,1511.93,1.1484983221475886,10952.079999999532,2710.720000000272,threshold
166,T1/S01,long,2020-03-20 22:48:00,2020-03-20 22:50:00,2020-03-20 22:49:00,True,1,1,1495.26,1497.38,2.1200000000001182,739.8800000000414,778.2700000000065,threshold
167,T1/S01,long,2020-03-20 22:54:00,2020-03-23 01:09:00,2020-03-20 22:54:00,True,1,2,1498.06,1498.64,0.5800000000001546,203.00000000005411,496.9999999999459,threshold
905,T2/S04,long,2020-03-23 19:00:00,2020-03-23 19:01:00,2020-03-23 19:00:00,True,1,1,1548.2600000000002,1549.01,0.7499999999997726,264.0,186.5599999999904,threshold
906,T2/S04,long,2020-03-23 19:15:00,2020-03-23 19:18:00,2020-03-23 19:16:00,True,1,1,1554.59,1555.07,0.4800000000000182,168.9600000000064,696.9600000000064,threshold
907,T2/S04,long,2020-03-23 19:30:00,2020-03-23 19:43:00,2020-03-23 19:32:00,True,2,2,1556.9639090491503,1558.18,1.2160909508497753,5294.860000000561,559.3200000000547,threshold
908,T2/S04,long,2020-03-23 19:45:00,2020-03-23 19:47:00,2020-03-23 19:46:00,True,1,1,1557.62,1558.76,1.1400000000001,404.7000000000355,394.0500000000452,threshold
566,T2/S03,long,2020-03-23 22:00:00,2020-03-23 22:16:00,2020-03-23 22:08:00,True,2,2,1551.8807200694046,1552.56,0.6792799305953849,2348.949999999577,578.6500000000387,threshold
567,T2/S03,long,2020-03-23 22:30:00,2020-03-23 22:43:00,2020-03-23 22:43:00,True,1,1,1553.73,1554.28,0.5499999999999545,196.34999999998374,207.059999999974,threshold
568,T2/S03,long,2020-03-23 22:45:00,2020-03-24 01:03:00,2020-03-24 00:05:00,True,2,2,1552.3986618497108,1558.75,6.351338150289166,21975.62999999974,6693.750000000081,threshold
1277,T4/S08,long,2020-03-24 06:20:00,2020-03-24 08:36:00,2020-03-24 08:31:00,True,8,5,1566.5030776052022,1568.58,2.076922394797748,38645.29499999791,3034.0000000001014,threshold
909,T2/S04,long,2020-03-26 19:18:00,2020-03-26 19:24:00,2020-03-26 19:18:00,True,1,1,1634.82,1635.51,0.6900000000000546,258.75000000002046,247.5000000000307,threshold
910,T2/S04,long,2020-03-26 19:31:00,2020-03-26 19:36:00,2020-03-26 19:34:00,True,2,1,1635.8600159926891,1637.56,1.6999840073108317,7440.829999999513,908.5700000000309,threshold
911,T2/S04,long,2020-03-26 19:53:00,2020-03-26 21:48:00,2020-03-26 19:58:00,True,2,7,1636.4974263530485,1637.7,1.2025736469515778,5266.070000000495,2186.829999999649,threshold
1189,T3/S06,short,2020-03-31 23:00:00,2020-03-31 23:11:00,2020-03-31 23:09:00,True,1,1,1576.41,1575.47,0.9400000000000546,360.0200000000209,543.8600000000279,threshold
1190,T3/S06,short,2020-03-31 23:20:00,2020-03-31 23:24:00,2020-03-31 23:23:00,True,1,1,1577.58,1575.71,1.8699999999998909,718.0799999999581,495.35999999998603,threshold
1191,T3/S06,short,2020-03-31 23:30:00,2020-03-31 23:34:00,2020-03-31 23:30:00,True,1,1,1577.75,1576.73,1.0199999999999818,392.699999999993,358.0500000000245,threshold
1192,T3/S06,short,2020-03-31 23:40:00,2020-03-31 23:48:00,2020-03-31 23:42:00,True,1,1,1577.46,1576.51,0.9500000000000455,366.7000000000175,343.5400000000386,threshold
1193,T3/S06,short,2020-03-31 23:50:00,2020-04-01 01:05:00,2020-04-01 01:05:00,True,1,1,1575.41,1572.14,3.269999999999982,1265.489999999993,936.5400000000282,threshold
912,T2/S04,long,2020-04-02 19:00:00,2020-04-02 19:03:00,2020-04-02 19:01:00,True,1,1,1608.08,1608.53,0.4500000000000455,175.0500000000177,672.9700000000071,threshold
913,T2/S04,long,2020-04-02 19:15:00,2020-04-02 19:16:00,2020-04-02 19:15:00,True,1,1,1611.45,1612.11,0.6599999999998545,257.39999999994325,257.39999999994325,threshold
914,T2/S04,long,2020-04-02 19:30:00,2020-04-02 19:37:00,2020-04-02 19:33:00,True,1,1,1611.73,1612.27,0.5399999999999636,210.5999999999858,425.0999999999681,threshold
915,T2/S04,long,2020-04-02 19:45:00,2020-04-02 19:59:00,2020-04-02 19:58:00,True,1,1,1611.61,1612.35,0.7400000000000091,289.34000000000356,273.7000000000178,threshold
916,T2/S04,long,2020-04-06 19:00:00,2020-04-06 19:03:00,2020-04-06 19:02:00,True,1,1,1646.5,1647.04,0.5399999999999636,211.67999999998574,207.75999999998928,threshold
917,T2/S04,long,2020-04-06 19:15:00,2020-04-06 19:25:00,2020-04-06 19:24:00,True,1,1,1650.35,1651.29,0.9400000000000546,368.4800000000214,352.80000000003565,threshold
918,T2/S04,long,2020-04-06 19:30:00,2020-04-06 19:35:00,2020-04-06 19:32:00,True,2,2,1649.7101343045754,1650.26,0.5498656954246144,2415.560000000174,534.48000000005,threshold
919,T2/S04,long,2020-04-06 19:45:00,2020-04-06 19:54:00,2020-04-06 19:53:00,True,1,1,1650.63,1651.68,1.0499999999999545,413.6999999999821,492.5,threshold
168,T1/S01,long,2020-04-06 22:03:00,2020-04-06 22:04:00,2020-04-06 22:03:00,True,1,1,1659.75,1660.69,0.9400000000000546,371.3000000000216,375.25000000001796,threshold
569,T2/S03,long,2020-04-06 22:03:00,2020-04-06 22:04:00,2020-04-06 22:03:00,True,1,1,1659.75,1660.69,0.9400000000000546,371.3000000000216,375.25000000001796,threshold
169,T1/S01,long,2020-04-06 22:06:00,2020-04-06 22:08:00,2020-04-06 22:07:00,True,1,1,1662.11,1663.08,0.9700000000000273,384.1200000000108,403.9200000000828,threshold
170,T1/S01,long,2020-04-06 22:12:00,2020-04-06 22:14:00,2020-04-06 22:13:00,True,1,1,1661.38,1662.1,0.7199999999997999,285.11999999992076,257.399999999946,threshold
570,T2/S03,long,2020-04-06 22:15:00,2020-04-06 22:17:00,2020-04-06 22:16:00,True,1,1,1663.27,1664.5,1.2300000000000182,489.54000000000724,401.9799999999964,threshold
171,T1/S01,long,2020-04-06 22:18:00,2020-04-06 22:26:00,2020-04-06 22:21:00,True,2,2,1662.931299724301,1664.21,1.278700275699066,3246.620000000181,817.9500000000726,threshold
172,T1/S01,long,2020-04-06 22:30:00,2020-04-06 22:36:00,2020-04-06 22:35:00,True,1,1,1666.39,1668.15,1.759999999999991,703.9999999999964,435.99999999996726,threshold
571,T2/S03,long,2020-04-06 22:30:00,2020-04-06 22:36:00,2020-04-06 22:31:00,True,1,1,1666.39,1666.93,0.5399999999999636,215.99999999998545,435.99999999996726,threshold
173,T1/S01,long,2020-04-06 22:42:00,2020-04-06 22:44:00,2020-04-06 22:43:00,True,1,1,1667.42,1668.72,1.2999999999999545,521.2999999999818,525.309999999978,threshold
572,T2/S03,long,2020-04-06 22:45:00,2020-04-06 22:52:00,2020-04-06 22:54:00,True,3,6,1666.1855839607776,1666.84,0.6544160392222693,3737.3699999996743,1216.1199999999963,threshold
174,T1/S01,long,2020-04-06 22:48:00,2020-04-06 22:52:00,2020-04-06 22:50:00,True,2,5,1664.798372001573,1665.29,0.49162799842702043,1250.209999999681,1776.2899999999452,threshold
920,T2/S04,long,2020-04-09 19:45:00,2020-04-09 19:49:00,2020-04-09 19:46:00,True,1,1,1684.92,1685.44,0.5199999999999818,212.67999999999256,433.5399999999777,threshold
921,T2/S04,long,2020-04-13 19:00:00,2020-04-13 19:04:00,2020-04-13 19:03:00,True,2,2,1707.2728746316027,1709.58,2.3071253683972373,10176.729999999932,1216.5599999999215,threshold
922,T2/S04,long,2020-04-13 19:15:00,2020-04-13 19:23:00,2020-04-13 19:20:00,True,2,2,1709.564072059823,1710.34,0.7759279401768708,3424.169999999239,805.3500000000188,threshold
923,T2/S04,long,2020-04-13 19:30:00,2020-04-13 19:32:00,2020-04-13 19:31:00,True,1,1,1712.85,1714.54,1.6900000000000546,701.3500000000226,572.7000000000453,threshold
924,T2/S04,long,2020-04-13 19:45:00,2020-04-13 19:48:00,2020-04-13 19:50:00,True,1,1,1713.25,1713.83,0.5799999999999272,241.27999999996973,270.40000000003783,threshold
573,T2/S03,long,2020-04-13 22:00:00,2020-04-14 02:06:00,2020-04-13 22:07:00,True,2,4,1720.1104857954545,1720.84,0.7295142045454668,2567.890000000013,2764.7099999999505,threshold
175,T1/S01,long,2020-04-13 22:00:00,2020-04-14 02:06:00,2020-04-13 22:06:00,True,2,4,1720.201055924912,1720.59,0.3889440750879203,994.5299999999861,2764.7099999999505,threshold
574,T2/S03,long,2020-04-21 22:15:00,2020-04-21 22:17:00,2020-04-21 22:16:00,True,1,1,1681.89,1682.83,0.9399999999998272,406.07999999992535,397.4399999999332,threshold
925,T2/S04,long,2020-04-22 19:30:00,2020-04-22 19:31:00,2020-04-22 19:30:00,True,1,1,1714.34,1715.49,1.150000000000091,497.95000000003944,497.95000000003944,threshold
926,T2/S04,long,2020-04-22 19:45:00,2020-04-22 20:02:00,2020-04-22 19:48:00,True,2,2,1712.4076364456473,1713.02,0.6123635543526689,2715.2199999995682,620.619999999929,threshold
575,T2/S03,long,2020-04-29 22:45:00,2020-04-29 23:00:00,2020-04-29 22:56:00,True,2,1,1713.4998218829514,1714.13,0.630178117048672,2228.940000000499,91.14000000001579,threshold
176,T1/S01,long,2020-04-29 22:48:00,2020-04-29 23:04:00,2020-04-29 23:02:00,True,1,1,1714.59,1715.5,0.9100000000000819,394.9400000000355,420.98000000001184,threshold
177,T1/S01,long,2020-04-29 23:06:00,2020-04-29 23:07:00,2020-04-29 23:06:00,True,1,1,1715.54,1717.08,1.5399999999999636,671.4399999999843,710.6800000000477,threshold
178,T1/S01,long,2020-04-29 23:12:00,2020-04-29 23:20:00,2020-04-29 23:16:00,True,2,1,1712.668440651668,1713.38,0.7115593483320026,1834.4000000000788,433.620000000004,threshold
179,T1/S01,long,2020-04-29 23:24:00,2020-04-30 02:39:00,2020-04-29 23:27:00,True,2,3,1713.6479053529868,1714.22,0.5720946470132731,1474.8600000002064,784.0200000000837,threshold
1564,T6/S12,short,2020-05-01 09:00:00,2020-05-01 09:01:00,2020-05-01 09:00:00,True,1,1,1672.28,1670.71,1.5699999999999363,690.7999999999721,598.399999999956,threshold
1565,T6/S12,short,2020-05-01 09:12:00,2020-05-01 09:47:00,2020-05-01 09:21:00,True,2,2,1676.0217922425322,1674.9,1.1217922425321376,2516.1799999996683,1662.5699999998917,threshold
927,T2/S04,long,2020-05-01 19:00:00,2020-05-01 19:08:00,2020-05-01 19:07:00,True,1,1,1695.75,1696.82,1.0699999999999363,476.14999999997167,485.04999999996363,threshold
576,T2/S03,long,2020-05-01 22:00:00,2020-05-01 22:12:00,2020-05-01 22:00:00,True,1,2,1703.15,1703.71,0.5599999999999454,249.19999999997572,1521.8999999999312,threshold
180,T1/S01,long,2020-05-01 22:00:00,2020-05-01 22:12:00,2020-05-01 22:00:00,True,1,2,1703.15,1703.71,0.5599999999999454,249.19999999997572,1521.8999999999312,threshold
577,T2/S03,long,2020-05-01 22:15:00,2020-05-01 22:18:00,2020-05-01 22:42:00,True,3,5,1701.6927261677374,1702.31,0.6172738322625264,3554.8799999998446,-2415.4500000000608,threshold
181,T1/S01,long,2020-05-01 22:18:00,2020-05-01 22:34:00,2020-05-01 22:25:00,True,1,8,1699.06,1700.53,1.4700000000000273,2.9400000000001225,5543.599999999885,threshold
182,T1/S01,long,2020-05-01 22:48:00,2020-05-01 22:50:00,2020-05-01 22:49:00,True,1,1,1701.22,1702.55,1.3299999999999272,609.1399999999667,590.8199999999833,threshold
928,T2/S04,long,2020-05-07 19:00:00,2020-05-07 19:10:00,2020-05-07 19:09:00,True,1,1,1708.9,1709.38,0.4800000000000182,220.32000000000832,234.08999999999583,threshold
929,T2/S04,long,2020-05-07 19:15:00,2020-05-07 19:24:00,2020-05-07 19:23:00,True,1,1,1709.41,1709.89,0.4800000000000182,220.32000000000832,275.39999999995825,threshold
930,T2/S04,long,2020-05-07 19:30:00,2020-05-07 19:31:00,2020-05-07 19:30:00,True,1,1,1709.88,1710.64,0.7599999999999909,348.8399999999958,302.9399999999332,threshold
931,T2/S04,long,2020-05-07 19:45:00,2020-05-07 19:47:00,2020-05-07 19:46:00,True,1,1,1715.31,1716.0,0.6900000000000546,318.09000000002516,313.4800000000294,threshold
578,T2/S03,long,2020-05-07 22:00:00,2020-05-07 22:07:00,2020-05-07 22:06:00,True,1,1,1719.44,1719.97,0.5299999999999727,244.32999999998745,248.93999999998323,threshold
579,T2/S03,long,2020-05-07 22:15:00,2020-05-07 22:29:00,2020-05-07 22:23:00,True,2,2,1718.91233941094,1719.72,0.8076605890601058,2879.3099999998885,485.099999999979,threshold
580,T2/S03,long,2020-05-07 22:30:00,2020-05-07 23:08:00,2020-05-07 23:01:00,True,4,4,1717.0917721908668,1717.3,0.2082278091331773,2029.1799999994655,1384.3699999997934,threshold
1566,T6/S12,short,2020-05-14 08:00:00,2020-05-14 10:57:00,2020-05-14 10:52:00,True,4,4,1716.3162628145387,1714.11,2.2062628145388317,21305.880000001318,2278.5000000001482,threshold
932,T2/S04,long,2020-05-14 19:00:00,2020-05-14 19:01:00,2020-05-14 19:00:00,True,1,1,1733.67,1734.71,1.0399999999999636,488.79999999998296,399.4999999999573,threshold
933,T2/S04,long,2020-05-14 19:15:00,2020-05-14 19:20:00,2020-05-14 19:19:00,True,1,1,1734.4,1735.41,1.009999999999991,475.70999999999566,423.89999999993574,threshold
934,T2/S04,long,2020-05-14 19:30:00,2020-05-14 21:49:00,2020-05-14 19:34:00,True,2,4,1734.0985685528965,1734.52,0.4214314471034868,1884.2199999995698,1299.9599999999955,threshold
581,T2/S03,long,2020-05-14 22:00:00,2020-05-14 22:54:00,2020-05-14 22:18:00,True,2,3,1731.946597707576,1732.69,0.7434022924239798,2659.1500000000806,1090.2000000000862,threshold
1194,T3/S06,short,2020-05-18 23:00:00,2020-05-18 23:44:00,2020-05-18 23:26:00,True,1,1,1731.69,1730.73,0.9600000000000364,456.0000000000173,270.75000000007776,threshold
183,T1/S01,long,2020-05-19 22:18:00,2020-05-19 22:23:00,2020-05-19 22:22:00,True,1,1,1745.7199999999998,1746.73,1.0100000000002183,480.7599999999956,490.27999999998696,threshold
184,T1/S01,long,2020-05-19 22:24:00,2020-05-19 23:07:00,2020-05-19 22:46:00,True,2,4,1745.4513818860878,1745.81,0.3586181139121436,768.1599999997856,1378.4399999999391,threshold
185,T1/S01,long,2020-05-21 22:48:00,2020-05-21 23:48:00,2020-05-21 23:00:00,True,2,2,1725.7078032036613,1726.15,0.44219679633874875,1159.4400000000765,506.0999999999781,threshold
1567,T6/S12,short,2020-05-25 08:00:00,2020-05-25 08:46:00,2020-05-25 08:45:00,True,1,1,1726.56,1725.0,1.5599999999999454,753.4799999999736,642.3899999999649,threshold
582,T2/S03,long,2020-05-27 22:00:00,2020-05-27 22:51:00,2020-05-27 22:28:00,True,2,2,1712.291287984388,1712.91,0.6187120156121182,2219.3200000004736,953.4800000001233,threshold
186,T1/S01,long,2020-06-05 23:06:00,2020-06-05 23:10:00,2020-06-05 23:09:00,True,1,1,1681.9,1682.66,0.7599999999999909,369.3599999999956,369.3599999999956,threshold
187,T1/S01,long,2020-06-05 23:12:00,2020-06-05 23:16:00,2020-06-05 23:15:00,True,1,1,1683.41,1684.16,0.75,365.25,365.25,threshold
188,T1/S01,long,2020-06-08 22:30:00,2020-06-09 01:05:00,2020-06-08 23:00:00,True,2,2,1698.340087552341,1698.8,0.45991244765900774,1208.1899999996965,978.8699999998848,threshold
1568,T6/S12,short,2020-06-11 08:00:00,2020-06-11 08:34:00,2020-06-11 08:33:00,True,1,1,1729.67,1728.42,1.25,610.0,536.8000000000666,threshold
1569,T6/S12,short,2020-06-11 08:36:00,2020-06-11 11:52:00,2020-06-11 09:14:00,True,2,5,1729.3209773123908,1727.87,1.4509773123909326,3325.6400000002527,3645.5999999999153,threshold
1570,T6/S12,short,2020-06-15 09:00:00,2020-06-15 09:09:00,2020-06-15 09:08:00,True,1,1,1722.06,1720.57,1.490000000000009,742.0200000000045,677.2799999999503,threshold
1571,T6/S12,short,2020-06-15 09:12:00,2020-06-15 10:11:00,2020-06-15 10:05:00,True,2,2,1722.5660365058673,1721.3,1.266036505867305,2913.1499999999915,1521.950000000091,threshold
189,T1/S01,long,2020-06-15 22:00:00,2020-06-15 22:06:00,2020-06-15 22:10:00,True,1,1,1726.35,1727.11,0.7599999999999909,380.7599999999954,270.5400000000957,threshold
583,T2/S03,long,2020-06-15 22:00:00,2020-06-15 22:06:00,2020-06-15 22:05:00,True,1,1,1726.35,1726.89,0.540000000000191,270.5400000000957,270.5400000000957,threshold
190,T1/S01,long,2020-06-15 22:12:00,2020-06-15 22:21:00,2020-06-15 22:20:00,True,1,1,1727.03,1727.84,0.8099999999999454,407.42999999997255,407.42999999997255,threshold
584,T2/S03,long,2020-06-15 22:15:00,2020-06-15 22:21:00,2020-06-15 22:20:00,True,1,1,1727.2500000000002,1727.84,0.5899999999996908,296.7699999999588,296.7699999999588,threshold
191,T1/S01,long,2020-06-15 22:24:00,2020-06-15 22:30:00,2020-06-15 22:34:00,True,2,4,1724.9420728291318,1725.39,0.44792717086829725,959.4600000000974,532.6799999999726,threshold
585,T2/S03,long,2020-06-15 22:30:00,2020-06-15 22:57:00,2020-06-15 22:35:00,True,1,6,1724.94,1725.57,0.6299999999998818,1.2599999999997367,3452.4400000000733,threshold
586,T2/S03,long,2020-06-17 22:00:00,2020-06-17 22:30:00,2020-06-17 22:29:00,True,1,1,1726.9000000000003,1727.63,0.7299999999997908,375.95000000000937,329.5999999999344,threshold
192,T1/S01,long,2020-06-17 22:48:00,2020-06-17 22:51:00,2020-06-17 22:50:00,True,1,1,1728.73,1730.12,1.3899999999998727,715.8499999999344,731.3000000000376,threshold
935,T2/S04,long,2020-06-19 19:00:00,2020-06-19 19:34:00,2020-06-19 19:22:00,True,2,2,1740.569455390746,1740.93,0.36054460925402054,1628.5800000006595,827.2000000000705,threshold
936,T2/S04,long,2020-06-19 19:45:00,2020-06-19 19:54:00,2020-06-19 19:53:00,True,1,1,1741.7900000000002,1742.56,0.7699999999997544,398.8599999999906,398.8599999999906,threshold
1278,T4/S08,long,2020-06-22 09:45:00,2020-06-22 15:26:00,2020-06-22 10:34:00,True,5,5,1746.1592784974896,1747.72,1.5607215025104324,12589.560000000125,4219.470000000057,threshold
937,T2/S04,long,2020-06-23 19:00:00,2020-06-23 19:07:00,2020-06-23 19:05:00,True,1,1,1766.29,1766.8,0.5099999999999909,269.2799999999952,385.44000000000966,threshold
938,T2/S04,long,2020-06-23 19:15:00,2020-06-23 19:16:00,2020-06-23 19:15:00,True,1,1,1767.73,1768.7,0.9700000000000273,512.1600000000145,522.7200000000049,threshold
939,T2/S04,long,2020-06-23 19:30:00,2020-06-23 21:55:00,2020-06-23 20:03:00,True,2,2,1765.6216383307572,1766.45,0.828361669242895,3751.6500000006545,1872.6599999999808,threshold
193,T1/S01,long,2020-06-25 22:30:00,2020-06-25 22:58:00,2020-06-25 22:57:00,True,1,1,1762.93,1763.72,0.7899999999999636,421.06999999998067,421.06999999998067,threshold
194,T1/S01,long,2020-06-26 23:00:00,2020-06-29 01:10:00,2020-06-29 01:05:00,True,2,2,1770.0655572176513,1770.52,0.4544427823486785,1215.17999999999,2039.879999999966,threshold
587,T2/S03,long,2020-06-30 22:00:00,2020-07-01 01:12:00,2020-06-30 23:12:00,True,2,2,1781.0997171106835,1781.78,0.6802828893164587,2476.9100000002027,548.7600000001125,threshold
195,T1/S01,long,2020-07-01 22:36:00,2020-07-01 22:58:00,2020-07-01 22:57:00,True,1,1,1771.79,1772.47,0.6800000000000637,366.52000000003426,334.18000000006367,threshold
196,T1/S01,long,2020-07-01 23:06:00,2020-07-02 04:58:00,2020-07-02 01:05:00,True,2,4,1770.5064925373135,1771.33,0.8235074626863934,2206.9999999996935,1150.2000000000592,threshold
1572,T6/S12,short,2020-07-02 09:00:00,2020-07-02 15:20:00,2020-07-02 15:07:00,True,4,4,1770.5606328333672,1769.4,1.1606328333671172,11297.599999998838,2650.3799999996845,threshold
940,T2/S04,long,2020-07-07 19:00:00,2020-07-07 19:02:00,2020-07-07 19:01:00,True,1,1,1795.2300000000002,1795.75,0.5199999999997544,284.43999999999005,306.31999999997015,threshold
941,T2/S04,long,2020-07-07 19:15:00,2020-07-07 19:29:00,2020-07-07 20:08:00,True,1,2,1795.5500000000002,1796.01,0.459999999999809,252.08000000001996,657.6000000001495,threshold
942,T2/S04,long,2020-07-07 19:30:00,2020-07-07 20:17:00,2020-07-07 20:16:00,True,1,1,1795.74,1796.28,0.5399999999999636,296.45999999998,301.94999999997503,threshold
588,T2/S03,long,2020-07-07 22:00:00,2020-07-07 22:31:00,2020-07-07 22:30:00,True,1,1,1795.71,1796.62,0.9099999999998545,500.49999999991996,500.49999999991996,threshold
589,T2/S03,long,2020-07-07 22:45:00,2020-07-08 03:09:00,2020-07-08 03:08:00,True,2,3,1795.545396825397,1796.34,0.7946031746030258,2903.479999999806,1482.1899999999048,threshold
943,T2/S04,long,2020-07-08 19:15:00,2020-07-08 20:13:00,2020-07-08 22:15:00,True,4,2,1809.5702421538954,1810.31,0.7397578461045669,9286.919999999136,775.6000000000503,threshold
197,T1/S01,long,2020-07-09 22:18:00,2020-07-10 04:47:00,2020-07-09 22:48:00,True,2,3,1803.2840949554898,1803.7,0.4159050445102821,1121.2800000000605,1000.800000000101,threshold
1573,T6/S12,short,2020-07-10 09:00:00,2020-07-10 09:53:00,2020-07-10 17:04:00,True,7,2,1803.7981066527702,1801.71,2.0881066527701933,42074.304999998916,1164.130000000081,threshold
1343,T5/S09,long,2020-07-17 13:48:00,2020-07-17 15:07:00,2020-07-17 15:06:00,True,1,1,1804.49,1806.58,2.089999999999918,1187.1199999999535,1204.159999999938,threshold
944,T2/S04,long,2020-07-21 19:00:00,2020-07-21 19:24:00,2020-07-21 19:22:00,True,1,1,1839.69,1840.16,0.4700000000000273,268.3700000000156,679.4900000000312,threshold
945,T2/S04,long,2020-07-21 19:30:00,2020-07-21 19:32:00,2020-07-21 19:31:00,True,1,1,1840.5,1841.08,0.5799999999999272,331.7599999999584,331.7599999999584,threshold
946,T2/S04,long,2020-07-21 19:45:00,2020-07-21 19:57:00,2020-07-21 19:56:00,True,1,1,1840.87,1841.77,0.900000000000091,515.7000000000521,492.78000000007296,threshold
1279,T4/S08,long,2020-07-22 06:05:00,2020-07-22 08:49:00,2020-07-22 08:46:00,True,3,3,1856.0933792259445,1857.75,1.6566207740554546,5414.665000000032,2697.800000000026,threshold
1280,T4/S08,long,2020-07-22 09:00:00,2020-07-22 10:01:00,2020-07-22 10:00:00,True,2,2,1858.5839571556085,1860.92,2.3360428443916135,3925.7200000001994,1858.590000000153,threshold
1281,T4/S08,long,2020-07-22 10:05:00,2020-07-22 10:44:00,2020-07-22 10:41:00,True,4,4,1854.1556266940838,1856.44,2.284373305916233,12220.254999999954,3632.0899999998783,threshold
590,T2/S03,long,2020-07-22 22:45:00,2020-07-22 22:52:00,2020-07-22 22:49:00,True,2,2,1867.8468020579476,1868.61,0.7631979420523294,2818.489999999856,707.9999999998927,threshold
198,T1/S01,long,2020-07-22 23:48:00,2020-07-23 01:05:00,2020-07-23 01:05:00,True,1,1,1871.7499999999998,1873.78,2.0300000000002,1199.7299999999839,1312.0200000000161,threshold
1282,T4/S08,long,2020-07-27 07:00:00,2020-07-27 08:10:00,2020-07-27 08:09:00,True,2,2,1930.8414251991737,1932.74,1.8985748008262817,3217.134999999983,1921.3200000000052,threshold
1283,T4/S08,long,2020-07-27 11:00:00,2020-07-27 11:04:00,2020-07-27 11:07:00,True,1,1,1933.5199999999998,1935.3,1.7800000000002,1064.4399999999837,920.9199999999782,threshold
1284,T4/S08,long,2020-07-27 11:05:00,2020-07-27 11:14:00,2020-07-27 11:13:00,True,1,1,1935.0,1937.28,2.2799999999999727,1367.9999999999836,1350.0,threshold
1285,T4/S08,long,2020-07-27 11:15:00,2020-07-27 11:20:00,2020-07-27 11:24:00,True,1,2,1938.26,1940.25,1.990000000000009,1197.9800000000055,2739.0999999999726,threshold
1286,T4/S08,long,2020-07-27 11:25:00,2020-07-27 11:37:00,2020-07-27 11:45:00,True,1,1,1940.33,1942.28,1.9500000000000455,1185.6000000000276,972.800000000083,threshold
1287,T4/S08,long,2020-07-27 11:40:00,2020-07-27 13:01:00,2020-07-27 12:51:00,True,3,3,1939.313366621274,1940.76,1.4466333787258918,4780.399999999833,3501.4000000000055,threshold
947,T2/S04,long,2020-07-28 19:00:00,2020-07-28 20:41:00,2020-07-28 20:40:00,True,4,5,1949.559554569232,1950.71,1.150445430768059,14515.170000000577,1863.340000000129,threshold
199,T1/S01,long,2020-07-30 22:30:00,2020-07-30 23:00:00,2020-07-30 22:58:00,True,2,2,1954.6523614632379,1955.55,0.8976385367620878,2478.379999999896,1024.6500000000565,threshold
591,T2/S03,long,2020-08-04 22:00:00,2020-08-04 22:01:00,2020-08-04 22:00:00,True,1,1,2005.06,2005.82,0.7599999999999909,473.4799999999944,473.4799999999944,threshold
592,T2/S03,long,2020-08-04 22:15:00,2020-08-04 22:27:00,2020-08-04 22:21:00,True,2,2,2006.4546713174134,2007.36,0.9053286825865143,3374.1599999993277,748.8000000000284,threshold
593,T2/S03,long,2020-08-04 22:30:00,2020-08-04 22:32:00,2020-08-04 22:31:00,True,1,1,2007.82,2008.77,0.9500000000000455,593.7500000000284,593.7500000000284,threshold
594,T2/S03,long,2020-08-04 22:45:00,2020-08-04 22:47:00,2020-08-04 22:46:00,True,1,1,2013.06,2013.97,0.9100000000000819,569.6600000000512,575.9200000000455,threshold
200,T1/S01,long,2020-08-04 23:24:00,2020-08-04 23:38:00,2020-08-04 23:37:00,True,1,1,2016.91,2017.7,0.7899999999999636,495.32999999997713,463.9800000000057,threshold
201,T1/S01,long,2020-08-04 23:42:00,2020-08-04 23:53:00,2020-08-04 23:49:00,True,2,2,2016.801156069364,2017.7,0.898843930636076,2488.000000000027,1840.04000000004,threshold
202,T1/S01,long,2020-08-04 23:54:00,2020-08-05 01:05:00,2020-08-05 01:05:00,True,1,1,2019.83,2021.3,1.4700000000000273,929.0400000000172,859.5200000000805,threshold
1344,T5/S09,long,2020-08-05 10:00:00,2020-08-05 10:33:00,2020-08-05 10:32:00,True,1,1,2033.47,2035.78,2.3099999999999454,1464.5399999999654,1451.859999999977,threshold
1345,T5/S09,long,2020-08-05 10:36:00,2020-08-05 10:42:00,2020-08-05 10:41:00,True,1,1,2035.07,2037.5,2.4300000000000637,1547.9100000000406,1668.9400000000753,threshold
1346,T5/S09,long,2020-08-05 10:48:00,2020-08-05 11:58:00,2020-08-05 11:38:00,True,2,2,2031.8811131059244,2034.2,2.3188868940756038,6458.100000000132,3174.399999999878,threshold
203,T1/S01,long,2020-08-06 23:06:00,2020-08-06 23:33:00,2020-08-06 23:32:00,True,1,1,2063.88,2064.45,0.569999999999709,368.219999999812,368.219999999812,threshold
204,T1/S01,long,2020-08-06 23:48:00,2020-08-06 23:50:00,2020-08-07 01:05:00,True,2,1,2064.0298349479726,2066.33,2.300165052027296,6410.559999999816,342.9099999998352,threshold
1574,T6/S12,short,2020-08-11 09:24:00,2020-08-11 09:25:00,2020-08-11 09:26:00,True,1,1,2002.9600000000003,2000.87,2.090000000000373,1354.3200000000943,693.3599999999589,threshold
1575,T6/S12,short,2020-08-11 09:36:00,2020-08-11 10:35:00,2020-08-11 09:54:00,True,2,4,1998.810191758466,1997.49,1.3201917584660805,3235.7899999998263,3335.8599999997696,threshold
1195,T3/S06,short,2020-08-11 23:00:00,2020-08-11 23:02:00,2020-08-11 23:06:00,True,1,1,1916.09,1914.98,1.1099999999999,728.1599999999344,354.23999999997613,threshold
1196,T3/S06,short,2020-08-11 23:10:00,2020-08-11 23:17:00,2020-08-11 23:16:00,True,1,1,1912.2799999999997,1910.29,1.9899999999997817,1307.430000000006,1222.0199999999343,threshold
1197,T3/S06,short,2020-08-11 23:20:00,2020-08-12 02:15:00,2020-08-11 23:28:00,True,2,7,1909.3193892593893,1908.44,0.8793892593891997,2505.3799999998582,4388.939999999753,threshold
1347,T5/S09,long,2020-08-12 11:12:00,2020-08-12 11:18:00,2020-08-12 11:14:00,True,1,1,1941.69,1943.59,1.8999999999998636,1269.1999999999089,2705.3999999999696,threshold
1348,T5/S09,long,2020-08-12 11:24:00,2020-08-12 14:14:00,2020-08-12 12:26:00,True,3,4,1933.4067879143442,1935.79,2.383212085655714,16248.739999999521,8560.560000000018,threshold
1349,T5/S09,long,2020-08-17 10:36:00,2020-08-17 15:11:00,2020-08-17 11:45:00,True,2,2,1951.6653439153438,1954.08,2.4146560846561442,6845.549999999695,3760.499999999875,threshold
948,T2/S04,long,2020-08-17 19:00:00,2020-08-17 19:15:00,2020-08-17 19:14:00,True,1,1,1985.6899999999998,1986.49,0.8000000000001819,558.3999999999683,551.4199999999746,threshold
949,T2/S04,long,2020-08-17 19:30:00,2020-08-17 19:31:00,2020-08-17 19:30:00,True,1,1,1988.29,1988.86,0.5699999999999363,398.4299999999555,426.39000000008906,threshold
950,T2/S04,long,2020-08-17 19:45:00,2020-08-17 19:54:00,2020-08-17 19:53:00,True,1,1,1987.68,1988.27,0.5899999999999181,412.9999999999427,412.9999999999427,threshold
595,T2/S03,long,2020-08-17 22:00:00,2020-08-17 22:03:00,2020-08-17 22:02:00,True,1,1,1980.2,1981.19,0.9900000000000091,693.9900000000064,708.0099999999936,threshold
596,T2/S03,long,2020-08-17 22:15:00,2020-08-17 22:27:00,2020-08-17 22:26:00,True,1,1,1980.94,1981.77,0.8299999999999272,581.829999999949,581.829999999949,threshold
1576,T6/S12,short,2020-08-19 08:48:00,2020-08-19 08:50:00,2020-08-19 08:49:00,True,1,1,1987.8,1985.5,2.2999999999999545,1616.899999999968,1377.8800000000256,threshold
1577,T6/S12,short,2020-08-19 09:00:00,2020-08-19 09:14:00,2020-08-19 09:11:00,True,2,3,1991.0311642743222,1989.86,1.1711642743223365,2937.2800000002308,2520.419999999955,threshold
1198,T3/S06,short,2020-08-19 23:40:00,2020-08-19 23:48:00,2020-08-19 23:47:00,True,1,1,1927.42,1926.43,0.9900000000000091,703.8900000000065,462.15000000006467,threshold
1199,T3/S06,short,2020-08-19 23:50:00,2020-08-20 02:25:00,2020-08-20 02:24:00,True,4,4,1934.761248689353,1932.21,2.5512486893528603,26765.149999999845,1452.4800000002979,threshold
597,T2/S03,long,2020-08-20 22:45:00,2020-08-20 22:46:00,2020-08-20 22:45:00,True,1,1,1953.33,1954.47,1.1400000000001,815.1000000000715,900.8999999999935,threshold
205,T1/S01,long,2020-08-25 22:30:00,2020-08-25 22:37:00,2020-08-25 22:36:00,True,1,10,1927.1599999999999,1928.95,1.790000000000191,1283.429999999974,5122.949999999914,threshold
1578,T6/S12,short,2020-08-26 08:24:00,2020-08-26 08:36:00,2020-08-26 08:35:00,True,1,1,1921.43,1919.45,1.9800000000000182,1437.4800000000132,1314.0600000001255,threshold
1579,T6/S12,short,2020-08-26 08:48:00,2020-08-26 09:04:00,2020-08-26 09:03:00,True,1,1,1919.01,1917.68,1.3299999999999272,970.8999999999469,934.3999999999801,threshold
598,T2/S03,long,2020-08-26 22:00:00,2020-08-26 22:09:00,2020-08-26 22:08:00,True,1,1,1946.35,1947.37,1.0199999999999818,746.6399999999867,746.6399999999867,threshold
599,T2/S03,long,2020-08-26 22:15:00,2020-08-26 22:20:00,2020-08-26 22:19:00,True,1,1,1950.08,1951.14,1.0600000000001728,776.9800000001267,762.3199999999733,threshold
206,T1/S01,long,2020-08-26 22:24:00,2020-08-26 22:26:00,2020-08-26 22:25:00,True,1,1,1951.57,1952.24,0.6700000000000728,492.4500000000535,433.65000000010696,threshold
600,T2/S03,long,2020-08-26 22:30:00,2020-08-26 22:44:00,2020-08-26 22:37:00,True,2,2,1950.5815160197972,1951.2,0.6184839802028819,2374.3599999999933,956.8000000001339,threshold
601,T2/S03,long,2020-08-26 22:45:00,2020-08-26 22:47:00,2020-08-26 22:46:00,True,1,1,1951.98,1952.6,0.6199999999998909,457.5599999999194,464.9399999999128,threshold
207,T1/S01,long,2020-08-26 23:24:00,2020-08-26 23:49:00,2020-08-26 23:45:00,True,2,2,1953.6178638416116,1954.17,0.5521361583885209,1589.6000000001643,894.1899999998589,threshold
208,T1/S01,long,2020-08-27 22:00:00,2020-08-27 22:01:00,2020-08-27 22:00:00,True,1,1,1930.46,1931.72,1.259999999999991,932.3999999999933,932.3999999999933,threshold
209,T1/S01,long,2020-08-27 22:06:00,2020-08-27 22:07:00,2020-08-27 22:06:00,True,1,1,1929.72,1930.42,0.7000000000000455,519.4000000000337,534.2400000000202,threshold
210,T1/S01,long,2020-08-27 22:12:00,2020-08-27 22:21:00,2020-08-27 22:17:00,True,2,2,1929.9277037807838,1930.41,0.48229621921632315,1390.4600000000055,921.3199999998378,threshold
1580,T6/S12,short,2020-08-31 09:48:00,2020-08-31 10:08:00,2020-08-31 10:00:00,True,2,2,1965.2074479780133,1963.72,1.4874479780132788,3788.5299999998315,1981.6999999998918,threshold
1200,T3/S06,short,2020-09-01 23:10:00,2020-09-02 03:48:00,2020-09-02 01:44:00,True,2,2,1970.856645117387,1970.01,0.84664511738697,2488.290000000201,2366.839999999891,threshold
211,T1/S01,long,2020-09-02 23:30:00,2020-09-02 23:34:00,2020-09-02 23:33:00,True,1,1,1943.61,1944.2,0.5900000000001455,444.8600000001098,452.40000000010286,threshold
212,T1/S01,long,2020-09-02 23:36:00,2020-09-03 02:24:00,2020-09-02 23:49:00,True,2,3,1943.1589982728844,1944.38,1.221001727115663,3534.800000000191,2272.5499999998215,threshold
1581,T6/S12,short,2020-09-03 09:00:00,2020-09-03 09:29:00,2020-09-03 09:25:00,True,3,3,1935.8501783264744,1933.49,2.360178326474397,15485.129999999835,2497.1099999999724,threshold
213,T1/S01,long,2020-09-04 22:06:00,2020-09-04 22:10:00,2020-09-04 22:09:00,True,1,1,1935.35,1935.93,0.5800000000001546,443.12000000011807,443.12000000011807,threshold
214,T1/S01,long,2020-09-04 22:12:00,2020-09-04 22:25:00,2020-09-04 22:16:00,True,2,1,1933.995008605852,1935.2,1.20499139414801,3500.500000000396,428.40000000013225,threshold
1350,T5/S09,long,2020-09-08 10:00:00,2020-09-08 17:30:00,2020-09-08 17:28:00,True,4,5,1918.8443378242143,1921.95,3.10566217578571,33885.88000000068,9245.619999999606,threshold
602,T2/S03,long,2020-09-09 22:00:00,2020-09-09 22:19:00,2020-09-09 22:18:00,True,1,1,1949.72,1950.66,0.9400000000000546,736.9600000000428,744.8000000000357,threshold
1582,T6/S12,short,2020-09-23 08:00:00,2020-09-23 08:05:00,2020-09-23 08:05:00,True,1,1,1887.55,1886.31,1.240000000000009,974.6400000000073,841.0199999999501,threshold
1583,T6/S12,short,2020-09-23 08:12:00,2020-09-23 08:35:00,2020-09-23 08:34:00,True,1,1,1888.12,1886.31,1.8099999999999454,1426.279999999957,1386.8799999999928,threshold
951,T2/S04,long,2020-09-28 19:15:00,2020-09-28 19:21:00,2020-09-28 19:20:00,True,1,1,1874.26,1874.93,0.6700000000000728,529.3000000000575,521.4000000000647,threshold
952,T2/S04,long,2020-09-28 19:30:00,2020-09-28 19:37:00,2020-09-28 19:36:00,True,1,1,1873.83,1874.73,0.900000000000091,711.9000000000719,743.5400000000432,threshold
215,T1/S01,long,2020-09-28 22:00:00,2020-09-28 22:14:00,2020-09-28 22:06:00,True,2,4,1880.5323354926695,1881.14,0.6076645073305826,1782.2800000004513,1706.210000000072,threshold
1584,T6/S12,short,2020-10-05 08:00:00,2020-10-05 09:12:00,2020-10-05 09:11:00,True,1,1,1893.17,1891.83,1.3400000000001455,1074.6800000001165,1034.5799999999708,threshold
953,T2/S04,long,2020-10-05 19:00:00,2020-10-05 19:03:00,2020-10-05 19:02:00,True,1,1,1914.14,1915.14,1.0,805.0000000000001,805.0000000000001,threshold
954,T2/S04,long,2020-10-05 19:15:00,2020-10-05 19:23:00,2020-10-05 19:22:00,True,1,1,1913.42,1914.1,0.6799999999998363,548.079999999868,515.8399999998975,threshold
955,T2/S04,long,2020-10-05 19:30:00,2020-10-05 19:34:00,2020-10-05 19:33:00,True,1,1,1914.93,1915.96,1.0299999999999727,831.2099999999781,831.2099999999781,threshold
956,T2/S04,long,2020-10-05 19:45:00,2020-10-05 19:49:00,2020-10-05 19:48:00,True,1,1,1915.85,1916.41,0.5600000000001728,453.0400000001398,606.75,threshold
1201,T3/S06,short,2020-10-06 23:00:00,2020-10-06 23:03:00,2020-10-06 23:02:00,True,1,1,1887.7,1886.77,0.9300000000000637,753.3000000000516,737.1000000000663,threshold
1202,T3/S06,short,2020-10-06 23:10:00,2020-10-06 23:40:00,2020-10-06 23:39:00,True,1,1,1884.36,1882.74,1.6199999999998909,1313.8199999999115,1070.5199999999484,threshold
1203,T3/S06,short,2020-10-06 23:50:00,2020-10-06 23:53:00,2020-10-07 01:37:00,True,1,2,1877.26,1876.18,1.0799999999999272,879.1199999999409,854.699999999963,threshold
1351,T5/S09,long,2020-10-07 10:24:00,2020-10-08 04:47:00,2020-10-07 10:25:00,True,1,4,1895.38,1897.32,1.9399999999998272,1581.0999999998594,456.3999999995849,threshold
216,T1/S01,long,2020-10-07 23:48:00,2020-10-08 08:38:00,2020-10-08 04:37:00,True,3,3,1885.83836426492,1886.61,0.7716357350798262,4240.909999999377,8190.749999999778,threshold
217,T1/S01,long,2020-10-09 23:48:00,2020-10-12 01:07:00,2020-10-12 01:06:00,True,2,2,1928.4584897410025,1929.91,1.4515102589975868,4315.340000000265,2107.4900000001667,threshold
603,T2/S03,long,2020-10-15 22:00:00,2020-10-15 22:31:00,2020-10-15 22:30:00,True,1,1,1905.99,1906.65,0.6600000000000819,551.7600000000684,551.7600000000684,threshold
604,T2/S03,long,2020-10-15 22:45:00,2020-10-15 23:09:00,2020-10-15 23:00:00,True,2,2,1906.6284927683328,1907.6,0.9715072316671467,3828.709999999665,988.8400000000534,threshold
218,T1/S01,long,2020-10-15 23:54:00,2020-10-16 01:05:00,2020-10-16 02:17:00,True,1,1,1908.03,1908.66,0.6300000000001091,529.2000000000917,579.6000000000458,threshold
219,T1/S01,long,2020-10-22 22:00:00,2020-10-22 22:28:00,2020-10-22 22:27:00,True,2,2,1903.2257497484065,1904.13,0.9042502515935666,2695.570000000468,958.7400000002754,threshold
220,T1/S01,long,2020-11-04 23:18:00,2020-11-04 23:20:00,2020-11-04 23:21:00,True,1,1,1902.74,1903.31,0.5699999999999363,482.78999999994613,440.4399999999846,threshold
221,T1/S01,long,2020-11-04 23:24:00,2020-11-04 23:38:00,2020-11-04 23:37:00,True,1,1,1903.38,1904.03,0.6499999999998636,551.1999999998843,568.159999999869,threshold
222,T1/S01,long,2020-11-04 23:42:00,2020-11-05 01:12:00,2020-11-05 01:11:00,True,1,1,1903.66,1905.13,1.4700000000000273,1248.0300000000232,1248.0300000000232,threshold
957,T2/S04,long,2020-11-05 19:00:00,2020-11-05 19:10:00,2020-11-05 19:08:00,True,2,2,1945.0287528344672,1945.85,0.8212471655326681,3983.869999999434,1616.899999999884,threshold
958,T2/S04,long,2020-11-05 19:15:00,2020-11-05 19:17:00,2020-11-05 19:16:00,True,1,1,1946.89,1947.53,0.6399999999998727,547.1999999998911,521.5499999999145,threshold
959,T2/S04,long,2020-11-05 19:30:00,2020-11-05 19:31:00,2020-11-05 19:30:00,True,1,1,1943.28,1944.05,0.7699999999999818,659.1199999999844,650.5599999999922,threshold
960,T2/S04,long,2020-11-05 19:45:00,2020-11-05 20:04:00,2020-11-05 19:58:00,True,1,1,1947.69,1948.16,0.4700000000000273,402.79000000002344,437.0699999999922,threshold
605,T2/S03,long,2020-11-05 22:00:00,2020-11-05 22:02:00,2020-11-05 22:01:00,True,1,1,1949.71,1950.36,0.6499999999998636,557.699999999883,557.699999999883,threshold
606,T2/S03,long,2020-11-05 22:15:00,2020-11-05 22:16:00,2020-11-05 22:15:00,True,1,1,1948.5399999999997,1949.63,1.090000000000373,936.310000000125,936.310000000125,threshold
607,T2/S03,long,2020-11-05 22:30:00,2020-11-05 22:41:00,2020-11-05 22:40:00,True,2,2,1948.9062730254855,1950.26,1.3537269745145295,5364.82000000006,1444.8000000000548,threshold
608,T2/S03,long,2020-11-05 22:45:00,2020-11-05 22:46:00,2020-11-05 22:45:00,True,1,1,1950.69,1951.28,0.5899999999999181,509.7599999999293,509.7599999999293,threshold
223,T1/S01,long,2020-11-11 23:42:00,2020-11-12 01:05:00,2020-11-12 01:05:00,True,1,1,1865.47,1866.51,1.0399999999999636,899.5999999999686,1150.449999999937,threshold
961,T2/S04,long,2020-11-13 19:00:00,2020-11-13 19:09:00,2020-11-13 19:08:00,True,1,1,1891.27,1891.99,0.7200000000000273,624.2400000000237,606.9000000000394,threshold
962,T2/S04,long,2020-11-13 19:15:00,2020-11-13 19:18:00,2020-11-13 19:17:00,True,1,1,1891.6999999999998,1892.34,0.6400000000001,555.5199999998895,564.1999999998816,threshold
1585,T6/S12,short,2020-11-19 08:00:00,2020-11-19 08:31:00,2020-11-19 08:30:00,True,1,1,1862.41,1860.97,1.4400000000000546,1249.9200000000474,1145.760000000142,threshold
1586,T6/S12,short,2020-11-19 08:36:00,2020-11-19 08:37:00,2020-11-19 08:36:00,True,1,1,1861.88,1860.64,1.240000000000009,1081.280000000008,933.0400000001429,threshold
1587,T6/S12,short,2020-11-19 08:48:00,2020-11-19 10:07:00,2020-11-19 09:55:00,True,2,2,1864.1090059790733,1862.96,1.1490059790733085,3074.739999999674,2219.959999999968,threshold
224,T1/S01,long,2020-11-19 22:18:00,2020-11-19 22:45:00,2020-11-19 22:44:00,True,1,1,1864.6,1865.44,0.8400000000001455,736.6800000001276,868.230000000008,threshold
225,T1/S01,long,2020-11-19 23:54:00,2020-11-20 03:13:00,2020-11-20 01:11:00,True,2,2,1863.0450993377483,1863.4,0.3549006622517936,1071.8000000001161,1504.8000000000322,threshold
226,T1/S01,long,2020-11-24 23:00:00,2020-11-24 23:51:00,2020-11-24 23:50:00,True,1,1,1807.47,1808.3,0.8299999999999272,732.8899999999358,697.5699999999679,threshold
227,T1/S01,long,2020-11-24 23:54:00,2020-11-25 01:48:00,2020-11-25 01:47:00,True,2,2,1806.3792724867724,1807.53,1.1507275132275936,3479.8000000000397,1096.160000000008,threshold
228,T1/S01,long,2020-12-01 23:48:00,2020-12-02 02:49:00,2020-12-02 02:02:00,True,3,3,1812.2707258354294,1812.97,0.6992741645706246,3892.1600000003355,1362.9000000003705,threshold
229,T1/S01,long,2020-12-02 22:00:00,2020-12-02 23:03:00,2020-12-02 22:46:00,True,2,2,1828.5773093430175,1829.16,0.5826906569825496,1764.9699999999368,1502.4100000000485,threshold
609,T2/S03,long,2020-12-02 22:30:00,2020-12-02 23:03:00,2020-12-02 23:02:00,True,1,1,1828.87,1829.67,0.8000000000001819,711.2000000001617,755.6500000001213,threshold
230,T1/S01,long,2020-12-04 22:42:00,2020-12-04 23:06:00,2020-12-04 22:59:00,True,2,2,1836.2116946917242,1836.64,0.428305308275867,1299.0500000001555,964.4400000001381,threshold
231,T1/S01,long,2020-12-04 23:30:00,2020-12-04 23:39:00,2020-12-04 23:39:00,True,1,1,1838.36,1839.09,0.7300000000000182,652.6200000000161,464.880000000187,threshold
232,T1/S01,long,2020-12-04 23:42:00,2020-12-07 02:13:00,2020-12-07 02:08:00,True,3,3,1836.2593903532365,1836.92,0.6606096467635325,3684.220000000423,1559.0400000000081,threshold
963,T2/S04,long,2020-12-07 19:00:00,2020-12-07 19:06:00,2020-12-07 19:05:00,True,1,1,1864.48,1865.34,0.8599999999999,773.1399999999101,773.1399999999101,threshold
964,T2/S04,long,2020-12-07 19:15:00,2020-12-07 19:51:00,2020-12-07 19:49:00,True,1,1,1865.6700000000003,1866.12,0.4499999999995907,405.4499999998361,603.6699999998607,threshold
610,T2/S03,long,2020-12-07 22:00:00,2020-12-07 22:28:00,2020-12-07 22:27:00,True,1,1,1859.69,1860.76,1.0699999999999363,964.0699999999426,973.0799999999344,threshold
611,T2/S03,long,2020-12-07 22:30:00,2020-12-07 22:37:00,2020-12-07 22:36:00,True,1,1,1861.4999999999998,1862.19,0.6900000000002819,623.0700000000493,623.0700000000493,threshold
612,T2/S03,long,2020-12-07 22:45:00,2020-12-07 22:58:00,2020-12-07 22:57:00,True,1,1,1862.8899999999999,1863.5,0.6100000000001273,552.0499999999095,588.2499999998765,threshold
1588,T6/S12,short,2020-12-28 08:36:00,2020-12-28 10:08:00,2020-12-28 09:10:00,True,3,3,1885.8663317931134,1884.4,1.4663317931133406,9837.619999998908,6339.929999999596,threshold
233,T1/S01,long,2020-12-30 23:24:00,2020-12-30 23:31:00,2020-12-30 23:30:00,True,1,1,1892.25,1893.01,0.7599999999999909,697.6799999999917,716.039999999975,threshold
234,T1/S01,long,2020-12-30 23:36:00,2020-12-31 01:12:00,2020-12-31 01:11:00,True,1,1,1893.68,1894.79,1.1099999999999,1022.3099999999081,1013.0999999999163,threshold
235,T1/S01,long,2021-01-04 23:30:00,2021-01-04 23:34:00,2021-01-04 23:33:00,True,1,1,1942.29,1942.86,0.5699999999999363,526.1099999999412,516.8799999999496,threshold
236,T1/S01,long,2021-01-04 23:36:00,2021-01-05 01:13:00,2021-01-05 01:11:00,True,2,2,1941.9940861618797,1942.44,0.4459138381203047,1366.280000000073,2005.0799999998571,threshold
237,T1/S01,long,2021-01-06 22:18:00,2021-01-06 23:10:00,2021-01-06 22:23:00,True,2,5,1922.6580078125,1923.05,0.39199218749990905,1204.2000000000035,5741.120000000076,threshold
1204,T3/S06,short,2021-01-08 23:40:00,2021-01-11 01:12:00,2021-01-11 01:10:00,True,2,2,1852.7194267515924,1849.78,2.939426751592464,9229.800000000248,4892.499999999871,threshold
1352,T5/S09,long,2021-01-11 10:00:00,2021-01-11 10:03:00,2021-01-11 10:02:00,True,1,1,1846.2099999999998,1850.72,4.510000000000218,4329.599999999991,4329.599999999991,threshold
1353,T5/S09,long,2021-01-11 10:12:00,2021-01-11 10:15:00,2021-01-11 10:14:00,True,1,1,1852.51,1854.85,2.339999999999918,2265.1199999999208,2265.1199999999208,threshold
1354,T5/S09,long,2021-01-11 10:24:00,2021-01-11 10:39:00,2021-01-11 10:38:00,True,1,1,1851.18,1853.29,2.1099999999999,2053.029999999903,2091.9499999998675,threshold
1355,T5/S09,long,2021-01-11 10:48:00,2021-01-11 11:08:00,2021-01-11 17:00:00,True,4,2,1839.9724233432244,1843.51,3.5375766567756273,39341.39000000002,4011.3599999999024,threshold
238,T1/S01,long,2021-01-12 22:00:00,2021-01-12 22:37:00,2021-01-12 22:02:00,True,2,6,1853.24856,1853.75,0.5014400000000023,1567.0000000000728,9650.00000000001,threshold
1205,T3/S06,short,2021-01-13 23:00:00,2021-01-13 23:03:00,2021-01-13 23:02:00,True,1,1,1848.79,1847.94,0.849999999999909,865.2999999999073,794.0399999999722,threshold
1206,T3/S06,short,2021-01-13 23:10:00,2021-01-13 23:11:00,2021-01-13 23:10:00,True,1,1,1848.49,1847.15,1.3399999999999181,1368.1399999999164,1143.5200000001207,threshold
1207,T3/S06,short,2021-01-13 23:20:00,2021-01-13 23:41:00,2021-01-13 23:40:00,True,1,1,1848.2900000000002,1847.36,0.930000000000291,951.3900000000651,777.4799999999908,threshold
1208,T3/S06,short,2021-01-13 23:50:00,2021-01-14 04:20:00,2021-01-14 04:05:00,True,3,3,1848.649894164339,1847.52,1.1298941643390208,7686.670000000126,1658.8800000001215,threshold
613,T2/S03,long,2021-01-20 22:00:00,2021-01-20 22:08:00,2021-01-20 22:07:00,True,1,1,1868.23,1868.86,0.6299999999998818,647.6399999998785,647.6399999998785,threshold
614,T2/S03,long,2021-01-22 22:00:00,2021-01-22 22:03:00,2021-01-22 22:02:00,True,1,1,1855.77,1856.33,0.5599999999999454,576.2399999999438,524.7899999999906,threshold
615,T2/S03,long,2021-01-22 22:15:00,2021-01-22 22:18:00,2021-01-22 22:17:00,True,1,1,1855.29,1855.85,0.5599999999999454,576.7999999999438,566.4999999999532,threshold
616,T2/S03,long,2021-01-22 22:30:00,2021-01-25 01:05:00,2021-01-22 23:52:00,True,3,3,1854.1745212178578,1854.82,0.6454787821421633,4091.6900000000896,10206.900000000096,threshold
1589,T6/S12,short,2021-01-26 09:48:00,2021-01-26 09:58:00,2021-01-26 09:58:00,True,1,1,1851.84,1850.64,1.199999999999818,1262.3999999998086,1083.559999999971,threshold
1356,T5/S09,long,2021-01-29 13:48:00,2021-01-29 14:08:00,2021-01-29 14:05:00,True,1,1,1863.05,1865.08,2.0299999999999727,2139.619999999971,2403.1199999999712,threshold
1590,T6/S12,short,2021-02-02 09:36:00,2021-02-02 09:47:00,2021-02-02 09:46:00,True,2,2,1851.4230723523242,1849.87,1.5530723523243068,4443.340000000297,2753.3999999999032,threshold
1591,T6/S12,short,2021-02-04 08:12:00,2021-02-04 16:04:00,2021-02-04 10:09:00,True,4,4,1822.9260276911075,1821.22,1.7060276911074652,17497.019999999815,83747.43999999957,threshold
239,T1/S01,long,2021-02-04 22:00:00,2021-02-05 10:11:00,2021-02-05 01:05:00,True,2,2,1794.1320759193356,1795.15,1.017924080664443,3432.440000000284,28656.319999999992,threshold
965,T2/S04,long,2021-02-08 19:00:00,2021-02-09 02:55:00,2021-02-08 22:23:00,True,4,6,1833.9986597938146,1834.7,0.7013402061854777,9320.10999999983,5014.209999998957,threshold
1209,T3/S06,short,2021-02-11 23:00:00,2021-02-11 23:05:00,2021-02-12 01:31:00,True,1,1,1826.3,1825.19,1.1099999999999,1441.88999999987,714.4499999999409,threshold
1210,T3/S06,short,2021-02-11 23:10:00,2021-02-11 23:50:00,2021-02-11 23:51:00,True,1,1,1826.38,1825.53,0.8500000000001364,1105.0000000001774,806.0000000001537,threshold
966,T2/S04,long,2021-02-22 19:00:00,2021-02-22 19:09:00,2021-02-22 19:08:00,True,1,1,1811.59,1812.31,0.7200000000000273,937.4400000000355,885.3600000000828,threshold
967,T2/S04,long,2021-02-22 19:15:00,2021-02-22 19:17:00,2021-02-22 19:15:00,True,1,1,1810.93,1811.38,0.4500000000000455,586.8000000000593,691.1199999999644,threshold
968,T2/S04,long,2021-02-22 19:30:00,2021-02-22 20:06:00,2021-02-22 19:48:00,True,2,2,1808.7496889726674,1809.13,0.3803110273327093,2017.550000000616,1605.1500000003207,threshold
1592,T6/S12,short,2021-02-26 08:00:00,2021-02-26 08:14:00,2021-02-26 08:13:00,True,2,2,1761.829961414791,1759.92,1.9099614147908142,5939.979999999699,4407.959999999857,threshold
1211,T3/S06,short,2021-03-01 23:00:00,2021-03-02 01:21:00,2021-03-02 01:20:00,True,1,1,1723.6,1722.74,0.8599999999999,1132.6199999998682,777.0299999998922,threshold
1212,T3/S06,short,2021-03-03 23:30:00,2021-03-03 23:38:00,2021-03-03 23:44:00,True,1,1,1714.45,1713.25,1.2000000000000455,1582.80000000006,699.069999999964,threshold
1213,T3/S06,short,2021-03-03 23:40:00,2021-03-03 23:48:00,2021-03-03 23:47:00,True,1,1,1713.82,1712.79,1.0299999999999727,1359.599999999964,1108.799999999892,threshold
1214,T3/S06,short,2021-03-03 23:50:00,2021-03-04 01:05:00,2021-03-04 01:13:00,True,1,1,1711.92,1710.92,1.0,1322.0,1282.340000000036,threshold
1215,T3/S06,short,2021-03-04 23:30:00,2021-03-04 23:46:00,2021-03-04 23:48:00,True,1,1,1699.5999999999997,1698.47,1.1299999999996544,1497.2499999998433,808.2499999998674,threshold
1216,T3/S06,short,2021-03-04 23:50:00,2021-03-05 01:06:00,2021-03-05 01:05:00,True,1,1,1698.33,1696.65,1.6799999999998363,2227.679999999783,2134.8599999998673,threshold
1593,T6/S12,short,2021-03-08 09:48:00,2021-03-08 09:54:00,2021-03-08 09:53:00,True,1,1,1699.03,1697.85,1.1800000000000637,1570.5800000000847,1424.1699999999153,threshold
969,T2/S04,long,2021-03-09 19:30:00,2021-03-09 19:40:00,2021-03-09 19:40:00,True,1,1,1716.3499999999997,1717.02,0.6700000000003001,893.7800000000971,733.7000000002427,threshold
970,T2/S04,long,2021-03-09 19:45:00,2021-03-09 20:03:00,2021-03-09 20:02:00,True,1,1,1718.0,1718.72,0.7200000000000273,961.2000000000364,1041.2999999999636,threshold
1594,T6/S12,short,2021-03-12 09:24:00,2021-03-12 11:19:00,2021-03-12 09:37:00,True,2,2,1709.9696177126473,1708.7,1.269617712647232,3985.3299999996534,13851.31999999956,threshold
240,T1/S01,long,2021-03-12 22:00:00,2021-03-12 23:40:00,2021-03-12 22:38:00,True,1,1,1722.5399999999997,1723.1,0.5600000000001728,764.3999999999255,3644.5500000000998,threshold
617,T2/S03,long,2021-03-12 22:00:00,2021-03-12 23:40:00,2021-03-12 22:38:00,True,1,1,1722.5399999999997,1723.1,0.5600000000001728,764.3999999999255,3644.5500000000998,threshold
241,T1/S01,long,2021-03-12 23:54:00,2021-03-15 02:06:00,2021-03-15 00:16:00,True,1,2,1726.88,1727.45,0.5699999999999363,785.4599999999122,1502.0199999995739,threshold
242,T1/S01,long,2021-03-15 22:48:00,2021-03-16 03:06:00,2021-03-16 03:03:00,True,2,2,1730.5995968199886,1731.1,0.5004031800112898,1762.4199999997145,2888.379999999887,threshold
618,T2/S03,long,2021-03-19 22:15:00,2021-03-19 22:25:00,2021-03-19 22:23:00,True,1,1,1742.18,1742.67,0.4900000000000091,680.1200000000126,805.0399999998991,threshold
619,T2/S03,long,2021-03-19 22:30:00,2021-03-19 22:38:00,2021-03-19 22:37:00,True,1,1,1742.85,1743.52,0.6700000000000728,931.3000000001011,986.9000000000506,threshold
620,T2/S03,long,2021-03-19 22:45:00,2021-03-22 05:00:00,2021-03-22 05:16:00,True,7,5,1739.171993254562,1739.72,0.5480067454379878,12267.40500000069,4398.7199999997965,threshold
971,T2/S04,long,2021-03-31 19:00:00,2021-03-31 19:07:00,2021-03-31 19:06:00,True,1,1,1708.16,1709.06,0.8999999999998636,1260.8999999998089,1218.869999999847,threshold
972,T2/S04,long,2021-03-31 19:15:00,2021-03-31 19:18:00,2021-03-31 19:17:00,True,1,1,1709.17,1709.83,0.6599999999998545,925.9799999997957,954.0399999997703,threshold
973,T2/S04,long,2021-03-31 19:30:00,2021-03-31 19:31:00,2021-03-31 19:30:00,True,1,1,1708.71,1709.3,0.5899999999999181,828.9499999998851,828.9499999998851,threshold
974,T2/S04,long,2021-03-31 19:45:00,2021-03-31 19:55:00,2021-03-31 19:51:00,True,1,1,1710.7699999999998,1711.23,0.46000000000026375,647.2200000000512,858.2700000001792,threshold
621,T2/S03,long,2021-03-31 22:00:00,2021-03-31 22:01:00,2021-03-31 22:00:00,True,1,1,1707.8699999999997,1708.66,0.7900000000004184,1112.320000000269,1084.1600000002945,threshold
622,T2/S03,long,2021-03-31 22:15:00,2021-03-31 22:23:00,2021-03-31 22:22:00,True,1,1,1708.31,1708.95,0.6400000000001,902.400000000141,902.400000000141,threshold
623,T2/S03,long,2021-03-31 22:30:00,2021-03-31 22:40:00,2021-03-31 22:39:00,True,1,1,1707.38,1708.12,0.7399999999997817,1044.8799999996916,931.9199999997945,threshold
624,T2/S03,long,2021-03-31 22:45:00,2021-03-31 23:35:00,2021-03-31 23:23:00,True,2,2,1706.9265153863182,1707.63,0.7034846136818942,3177.640000000316,1583.679999999846,threshold
975,T2/S04,long,2021-04-06 19:00:00,2021-04-06 21:25:00,2021-04-06 19:14:00,True,2,3,1743.8917777367546,1744.36,0.4682222632452522,2536.359999999133,2919.0199999999227,threshold
976,T2/S04,long,2021-04-08 19:00:00,2021-04-08 19:09:00,2021-04-08 19:08:00,True,1,1,1755.7400000000002,1756.4,0.6599999999998545,939.1800000001165,939.1800000001165,threshold
977,T2/S04,long,2021-04-08 19:15:00,2021-04-08 19:16:00,2021-04-08 19:15:00,True,1,1,1756.64,1757.24,0.599999999999909,854.9999999998704,797.9999999999222,threshold
978,T2/S04,long,2021-04-08 19:30:00,2021-04-08 22:55:00,2021-04-08 23:10:00,True,2,2,1755.6854118297404,1756.15,0.46458817025973076,2521.3200000003717,71.35000000025957,threshold
625,T2/S03,long,2021-04-08 22:00:00,2021-04-08 23:18:00,2021-04-08 22:54:00,True,1,1,1755.07,1755.7,0.6300000000001091,899.0100000001557,2383.090000000104,threshold
979,T2/S04,long,2021-04-13 19:00:00,2021-04-13 19:14:00,2021-04-13 19:13:00,True,1,1,1743.87,1744.36,0.4900000000000091,701.680000000013,744.6400000002996,threshold
980,T2/S04,long,2021-04-15 19:00:00,2021-04-15 19:01:00,2021-04-15 19:00:00,True,1,1,1766.66,1768.24,1.5799999999999272,2264.1399999998957,2421.7699999997526,threshold
981,T2/S04,long,2021-04-15 19:15:00,2021-04-15 19:17:00,2021-04-15 19:16:00,True,1,1,1768.27,1768.8,0.5299999999999727,762.1399999999608,762.1399999999608,threshold
982,T2/S04,long,2021-04-15 19:30:00,2021-04-16 03:04:00,2021-04-15 21:05:00,True,2,6,1766.9356444199302,1767.45,0.5143555800698323,2797.580000000112,8441.559999999554,threshold
626,T2/S03,long,2021-04-15 22:00:00,2021-04-16 03:04:00,2021-04-16 03:01:00,True,3,3,1764.982175781829,1765.71,0.7278242181710084,4910.629999999822,-647.5500000000652,threshold
627,T2/S03,long,2021-04-20 22:15:00,2021-04-20 23:35:00,2021-04-20 23:13:00,True,2,2,1778.2490566037739,1778.8,0.5509433962261028,2511.199999999546,1585.950000000212,threshold
983,T2/S04,long,2021-04-21 19:30:00,2021-04-21 19:33:00,2021-04-21 19:32:00,True,1,1,1791.91,1792.45,0.5399999999999636,787.319999999947,787.319999999947,threshold
984,T2/S04,long,2021-04-21 19:45:00,2021-04-21 19:51:00,2021-04-21 19:49:00,True,1,1,1791.34,1791.79,0.4500000000000455,657.0000000000664,1124.1999999999734,threshold
243,T1/S01,long,2021-04-22 23:18:00,2021-04-22 23:46:00,2021-04-22 23:45:00,True,1,1,1783.57,1784.2,0.6300000000001091,921.0600000001594,979.5400000001063,threshold
244,T1/S01,long,2021-04-29 22:00:00,2021-04-29 22:07:00,2021-04-29 22:41:00,True,1,1,1773.4200000000003,1774.03,0.6099999999996726,893.0399999998535,761.2799999999734,threshold
245,T1/S01,long,2021-04-29 22:12:00,2021-04-29 22:42:00,2021-04-29 22:41:00,True,1,1,1773.3699999999997,1774.03,0.6600000000003092,966.9000000001199,922.9500000001599,threshold
246,T1/S01,long,2021-04-29 22:48:00,2021-04-30 02:45:00,2021-04-30 02:13:00,True,3,3,1772.4961385816525,1773.05,0.5538614183474238,3405.139999999433,2449.889999999774,threshold
985,T2/S04,long,2021-05-03 19:00:00,2021-05-03 19:05:00,2021-05-03 19:04:00,True,1,1,1792.47,1793.17,0.7000000000000455,1030.400000000067,1000.9600000000937,threshold
986,T2/S04,long,2021-05-03 19:15:00,2021-05-03 19:19:00,2021-05-03 19:18:00,True,1,1,1792.88,1793.39,0.5099999999999909,751.7399999999866,751.7399999999866,threshold
987,T2/S04,long,2021-05-03 19:30:00,2021-05-03 19:32:00,2021-05-03 19:31:00,True,1,1,1793.37,1793.93,0.5600000000001728,826.5600000002551,826.5600000002551,threshold
988,T2/S04,long,2021-05-03 19:45:00,2021-05-03 21:48:00,2021-05-03 21:13:00,True,2,2,1792.3254117217455,1792.72,0.39458827825455955,2161.160000000329,1713.3200000001207,threshold
628,T2/S03,long,2021-05-03 22:00:00,2021-05-03 22:04:00,2021-05-03 22:03:00,True,1,1,1792.29,1792.96,0.6700000000000728,992.2700000001078,992.2700000001078,threshold
247,T1/S01,long,2021-05-05 23:30:00,2021-05-05 23:34:00,2021-05-05 23:33:00,True,1,1,1786.67,1787.37,0.6999999999998181,1038.0999999997302,1067.7600000000405,threshold
248,T1/S01,long,2021-05-05 23:36:00,2021-05-06 04:16:00,2021-05-06 04:07:00,True,4,4,1784.4810216271885,1784.87,0.3889783728113798,3776.9799999988254,3430.3499999992437,threshold
989,T2/S04,long,2021-05-06 19:00:00,2021-05-06 19:06:00,2021-05-06 19:05:00,True,1,1,1814.37,1814.99,0.6200000000001182,925.0400000001765,925.0400000001765,threshold
990,T2/S04,long,2021-05-06 19:15:00,2021-05-06 20:48:00,2021-05-06 20:13:00,True,2,2,1814.5028139788865,1814.89,0.3871860211136209,2127.2000000003445,1942.2000000002718,threshold
629,T2/S03,long,2021-05-06 22:00:00,2021-05-06 22:35:00,2021-05-06 22:34:00,True,1,1,1814.03,1814.64,0.6100000000001273,913.1700000001906,913.1700000001906,threshold
630,T2/S03,long,2021-05-06 22:45:00,2021-05-06 23:00:00,2021-05-06 22:59:00,True,1,1,1814.79,1815.29,0.5,749.5,809.4599999999455,threshold
249,T1/S01,long,2021-05-11 22:54:00,2021-05-12 13:13:00,2021-05-12 01:59:00,True,2,7,1836.8172315297998,1837.21,0.3927684702002807,1430.0699999999626,26462.629999999823,threshold
991,T2/S04,long,2021-05-13 19:45:00,2021-05-13 19:46:00,2021-05-13 19:45:00,True,1,1,1826.35,1826.89,0.540000000000191,838.6200000002965,869.6800000002684,threshold
631,T2/S03,long,2021-05-13 22:00:00,2021-05-13 22:03:00,2021-05-13 22:02:00,True,1,1,1825.51,1826.74,1.2300000000000182,1913.8800000000283,1913.8800000000283,threshold
632,T2/S03,long,2021-05-13 22:15:00,2021-05-13 22:17:00,2021-05-13 22:16:00,True,1,1,1825.01,1825.56,0.5499999999999545,857.4499999999292,873.0399999999148,threshold
633,T2/S03,long,2021-05-13 22:30:00,2021-05-13 23:15:00,2021-05-13 23:14:00,True,1,1,1827.13,1827.86,0.7299999999997908,1139.5299999996735,1139.5299999996735,threshold
1357,T5/S09,long,2021-05-14 10:00:00,2021-05-14 12:12:00,2021-05-14 12:11:00,True,1,1,1834.82,1836.86,2.0399999999999636,3188.519999999943,3188.519999999943,threshold
250,T1/S01,long,2021-05-14 22:00:00,2021-05-14 22:14:00,2021-05-14 22:13:00,True,1,1,1841.79,1842.44,0.650000000000091,1020.5000000001428,1083.3000000000857,threshold
251,T1/S01,long,2021-05-14 22:18:00,2021-05-14 22:59:00,2021-05-14 22:58:00,True,1,1,1842.79,1843.53,0.7400000000000091,1163.2800000000143,1163.2800000000143,threshold
252,T1/S01,long,2021-05-14 23:00:00,2021-05-14 23:40:00,2021-05-14 23:11:00,True,2,8,1841.7716059757236,1842.51,0.7383940242764311,1581.6400000000194,6221.54000000043,threshold
1288,T4/S08,long,2021-05-17 06:10:00,2021-05-17 08:07:00,2021-05-17 08:09:00,True,1,1,1852.06,1853.94,1.8800000000001091,2987.3200000001734,2399.389999999986,threshold
1289,T4/S08,long,2021-05-17 08:10:00,2021-05-17 16:33:00,2021-05-17 16:28:00,True,5,6,1849.2035566982113,1850.63,1.4264433017888223,13038.405000000956,16344.180000001072,threshold
992,T2/S04,long,2021-05-17 19:45:00,2021-05-17 19:49:00,2021-05-17 19:48:00,True,1,1,1866.9,1867.51,0.6099999999999,991.8599999998374,959.339999999867,threshold
634,T2/S03,long,2021-05-17 22:00:00,2021-05-18 01:09:00,2021-05-17 23:45:00,True,2,2,1865.9612280701754,1866.5,0.5387719298246338,2548.929999999764,1741.9599999998968,threshold
993,T2/S04,long,2021-05-25 19:45:00,2021-05-25 19:52:00,2021-05-25 19:51:00,True,1,1,1893.7,1894.46,0.7599999999999909,1244.119999999985,1260.4899999999702,threshold
253,T1/S01,long,2021-05-25 22:00:00,2021-05-25 23:03:00,2021-05-25 23:02:00,True,1,1,1899.49,1900.12,0.6299999999998818,1033.829999999806,1033.829999999806,threshold
635,T2/S03,long,2021-05-25 22:00:00,2021-05-25 23:03:00,2021-05-25 22:59:00,True,1,1,1899.49,1900.01,0.5199999999999818,853.3199999999703,1033.829999999806,threshold
254,T1/S01,long,2021-05-25 23:06:00,2021-05-26 03:23:00,2021-05-26 03:15:00,True,2,2,1899.1979920739766,1899.64,0.442007926023507,1673.0000000005373,2023.3500000004042,threshold
255,T1/S01,long,2021-05-27 22:00:00,2021-05-27 22:13:00,2021-05-27 22:12:00,True,1,1,1897.76,1898.35,0.5899999999999181,972.3199999998652,972.3199999998652,threshold
256,T1/S01,long,2021-05-27 22:18:00,2021-05-28 02:44:00,2021-05-28 01:05:00,True,2,4,1896.7520998600094,1897.13,0.3779001399907429,809.8400000002338,-3935.3000000001657,threshold
257,T1/S01,long,2021-05-28 22:48:00,2021-05-28 22:53:00,2021-05-28 22:52:00,True,1,1,1903.83,1904.43,0.6000000000001364,1010.4000000002297,943.040000000291,threshold
258,T1/S01,long,2021-05-28 22:54:00,2021-05-31 03:09:00,2021-05-31 03:07:00,True,2,2,1903.6294772608467,1904.07,0.44052273915326623,1685.4399999996467,2663.8799999998773,threshold
994,T2/S04,long,2021-06-02 19:00:00,2021-06-02 19:03:00,2021-06-02 19:01:00,True,1,1,1905.48,1905.92,0.44000000000005457,744.0400000000923,1166.7900000000923,threshold
995,T2/S04,long,2021-06-02 19:15:00,2021-06-02 19:45:00,2021-06-02 19:44:00,True,1,1,1905.96,1906.5,0.5399999999999636,914.2199999999384,897.2899999999537,threshold
259,T1/S01,long,2021-06-02 22:12:00,2021-06-02 22:54:00,2021-06-02 22:53:00,True,1,1,1907.97,1908.63,0.6600000000000819,1118.7000000001387,1203.4500000000617,threshold
1595,T6/S12,short,2021-06-03 08:48:00,2021-06-03 15:34:00,2021-06-03 09:08:00,True,1,1,1900.97,1899.62,1.3500000000001364,2292.3000000002316,27762.300000000232,threshold
996,T2/S04,long,2021-06-04 19:00:00,2021-06-04 22:13:00,2021-06-04 21:36:00,True,3,3,1890.8776007382344,1891.23,0.3523992617656404,3436.95000000045,3172.929999999905,threshold
997,T2/S04,long,2021-06-07 19:15:00,2021-06-07 19:39:00,2021-06-07 19:38:00,True,1,1,1894.64,1895.29,0.6499999999998636,1143.99999999976,1143.99999999976,threshold
998,T2/S04,long,2021-06-07 19:45:00,2021-06-07 20:18:00,2021-06-07 20:03:00,True,1,1,1895.17,1895.64,0.4700000000000273,828.1400000000481,1021.9599999998719,threshold
260,T1/S01,long,2021-06-07 22:00:00,2021-06-07 22:13:00,2021-06-07 22:12:00,True,1,1,1898.87,1899.45,0.5800000000001546,1023.1200000002727,1058.4000000002407,threshold
636,T2/S03,long,2021-06-07 22:00:00,2021-06-07 22:13:00,2021-06-07 22:01:00,True,1,1,1898.87,1899.36,0.4900000000000091,864.360000000016,1058.4000000002407,threshold
637,T2/S03,long,2021-06-07 22:15:00,2021-06-08 03:43:00,2021-06-08 03:42:00,True,1,2,1899.59,1900.41,0.8200000000001637,3.280000000000585,1449.7600000002894,threshold
261,T1/S01,long,2021-06-07 22:18:00,2021-06-08 03:43:00,2021-06-08 03:42:00,True,1,2,1899.85,1900.41,0.5600000000001728,2.2400000000006437,1836.8000000003376,threshold
262,T1/S01,long,2021-06-10 22:12:00,2021-06-10 22:16:00,2021-06-10 22:15:00,True,1,1,1896.72,1897.45,0.7300000000000182,1299.4000000000324,1335.0000000000002,threshold
263,T1/S01,long,2021-06-10 22:18:00,2021-06-10 22:22:00,2021-06-10 22:22:00,True,1,1,1897.6799999999998,1898.28,0.6000000000001364,1069.199999999838,997.9199999999028,threshold
264,T1/S01,long,2021-06-10 22:24:00,2021-06-10 22:25:00,2021-06-10 22:24:00,True,1,1,1898.31,1899.2,0.8900000000001,1588.6500000001786,1410.149999999935,threshold
265,T1/S01,long,2021-06-10 22:30:00,2021-06-10 23:44:00,2021-06-10 23:43:00,True,1,1,1898.67,1899.37,0.6999999999998181,1250.899999999675,1215.1599999997075,threshold
266,T1/S01,long,2021-06-10 23:48:00,2021-06-11 01:35:00,2021-06-11 01:27:00,True,2,4,1898.0213818860877,1898.57,0.5486181139121982,1175.1399999999026,4559.049999999919,threshold
1217,T3/S06,short,2021-06-11 23:00:00,2021-06-11 23:17:00,2021-06-11 23:18:00,True,1,1,1876.5999999999997,1875.62,0.9799999999997908,1764.980000000033,972.5399999999345,threshold
1218,T3/S06,short,2021-06-11 23:20:00,2021-06-14 01:54:00,2021-06-14 01:54:00,True,1,1,1875.7199999999998,1874.81,0.9099999999998545,1640.7300000001478,1316.190000000033,threshold
638,T2/S03,long,2021-06-14 22:00:00,2021-06-14 22:19:00,2021-06-14 22:09:00,True,1,1,1864.65,1865.15,0.5,902.5,956.6499999999508,threshold
639,T2/S03,long,2021-06-14 22:30:00,2021-06-14 23:01:00,2021-06-14 22:56:00,True,1,1,1865.64,1866.14,0.5,903.5,1011.9199999999014,threshold
267,T1/S01,long,2021-06-14 23:18:00,2021-06-15 01:12:00,2021-06-15 01:33:00,True,1,1,1866.24,1867.04,0.7999999999999545,1447.9999999999177,977.3999999999342,threshold
268,T1/S01,long,2021-06-15 23:30:00,2021-06-16 07:30:00,2021-06-16 01:07:00,True,1,1,1858.88,1859.44,0.5599999999999454,1014.7199999999012,833.519999999654,threshold
1219,T3/S06,short,2021-06-16 23:00:00,2021-06-16 23:23:00,2021-06-16 23:22:00,True,1,1,1828.18,1827.08,1.1000000000001364,2010.8000000002494,1901.1199999999335,threshold
1220,T3/S06,short,2021-06-16 23:30:00,2021-06-16 23:31:00,2021-06-16 23:30:00,True,1,1,1824.4699999999998,1821.91,2.559999999999718,4689.9199999999,4689.9199999999,threshold
1221,T3/S06,short,2021-06-16 23:40:00,2021-06-16 23:41:00,2021-06-16 23:41:00,True,1,1,1820.3199999999997,1814.88,5.4399999999996,10020.479999999683,1086.7799999998492,threshold
1222,T3/S06,short,2021-06-16 23:50:00,2021-06-16 23:52:00,2021-06-16 23:51:00,True,1,1,1811.6900000000003,1808.04,3.6500000000003183,6734.250000000167,6642.000000000252,threshold
1596,T6/S12,short,2021-06-17 09:48:00,2021-06-17 10:09:00,2021-06-17 10:09:00,True,1,1,1813.75,1812.45,1.2999999999999545,2414.099999999916,2079.8399999997973,threshold
269,T1/S01,long,2021-06-25 23:18:00,2021-06-25 23:49:00,2021-06-25 23:49:00,True,1,1,1780.1799999999998,1780.75,0.5700000000001637,1061.3399999998815,968.2399999999662,threshold
270,T1/S01,long,2021-06-25 23:54:00,2021-06-28 01:24:00,2021-06-28 01:23:00,True,1,1,1781.01,1781.6,0.5899999999999181,1099.7599999998474,1081.1199999998644,threshold
640,T2/S03,long,2021-06-30 22:00:00,2021-06-30 22:28:00,2021-06-30 22:27:00,True,1,1,1769.47,1770.33,0.8599999999999,1604.7599999998133,1567.4399999998473,threshold
641,T2/S03,long,2021-06-30 22:30:00,2021-06-30 22:38:00,2021-06-30 22:37:00,True,1,1,1770.46,1770.99,0.5299999999999727,990.5699999999491,990.5699999999491,threshold
271,T1/S01,long,2021-06-30 22:42:00,2021-07-01 08:46:00,2021-07-01 04:12:00,True,4,4,1768.4640263470683,1769.07,0.6059736529316524,6117.909999998832,57813.900000000176,threshold
642,T2/S03,long,2021-06-30 22:45:00,2021-07-01 08:46:00,2021-07-01 04:12:00,True,4,4,1768.585307988882,1769.07,0.48469201111788607,5405.7699999990255,57102.9200000004,threshold
272,T1/S01,long,2021-07-01 22:48:00,2021-07-02 10:19:00,2021-07-01 23:32:00,True,1,2,1776.19,1776.78,0.5899999999999181,1239.5899999998283,3193.5199999994843,threshold
273,T1/S01,long,2021-07-02 22:00:00,2021-07-02 22:05:00,2021-07-02 22:04:00,True,1,1,1790.09,1790.74,0.650000000000091,1370.2000000001917,1370.2000000001917,threshold
274,T1/S01,long,2021-07-02 22:06:00,2021-07-05 04:36:00,2021-07-05 04:17:00,True,4,4,1788.15923560716,1788.58,0.42076439283982836,4348.599999999092,7047.399999999347,threshold
1358,T5/S09,long,2021-07-06 10:24:00,2021-07-06 10:54:00,2021-07-06 10:53:00,True,1,1,1806.14,1808.75,2.6099999999999,5543.6399999997875,5564.879999999768,threshold
1359,T5/S09,long,2021-07-06 11:00:00,2021-07-06 14:48:00,2021-07-06 14:47:00,True,1,1,1807.4699999999998,1809.59,2.1200000000001182,4528.319999999767,4613.760000000175,threshold
1360,T5/S09,long,2021-07-08 11:48:00,2021-07-08 13:46:00,2021-07-08 13:45:00,True,2,2,1810.4,1812.96,2.5599999999999454,10982.400000000252,9030.450000000077,threshold
275,T1/S01,long,2021-07-08 23:12:00,2021-07-09 02:49:00,2021-07-09 01:05:00,True,2,1,1802.5790890076687,1802.99,0.4109109923313099,1768.1500000003325,1449.2100000001574,threshold
643,T2/S03,long,2021-07-09 22:00:00,2021-07-12 04:03:00,2021-07-12 03:32:00,True,4,5,1809.1689281970653,1809.46,0.2910718029347663,3332.190000000174,5523.299999999409,threshold
276,T1/S01,long,2021-07-19 23:30:00,2021-07-19 23:34:00,2021-07-19 23:33:00,True,1,1,1811.7,1812.36,0.6599999999998545,1436.8199999996832,1436.8199999996832,threshold
277,T1/S01,long,2021-07-19 23:36:00,2021-07-19 23:48:00,2021-07-19 23:47:00,True,1,1,1812.49,1813.22,0.7300000000000182,1591.4000000000397,1286.1999999998216,threshold
278,T1/S01,long,2021-07-19 23:54:00,2021-07-20 03:05:00,2021-07-20 03:03:00,True,2,2,1811.777288292457,1812.16,0.3827117075431943,1654.0800000004324,3796.6799999995233,threshold
1223,T3/S06,short,2021-07-30 23:00:00,2021-07-30 23:02:00,2021-07-30 23:01:00,True,1,1,1814.3899999999999,1813.53,0.8599999999999,1883.4000000002789,1554.9000000000794,threshold
1224,T3/S06,short,2021-07-30 23:10:00,2021-08-02 02:24:00,2021-08-02 02:33:00,True,1,1,1813.6,1812.68,0.9199999999998454,2017.559999999661,1381.5899999997407,threshold
999,T2/S04,long,2021-08-11 19:00:00,2021-08-11 20:03:00,2021-08-11 19:44:00,True,3,3,1749.3090584542958,1749.84,0.5309415457040814,5413.479999999267,11155.68000000034,threshold
644,T2/S03,long,2021-08-11 22:00:00,2021-08-11 22:13:00,2021-08-11 22:12:00,True,1,1,1751.56,1752.07,0.5099999999999909,1131.1799999999798,1153.3599999999597,threshold
645,T2/S03,long,2021-08-11 22:15:00,2021-08-11 22:59:00,2021-08-11 22:58:00,True,1,1,1752.33,1752.9,0.5700000000001637,1265.4000000003634,1132.1999999999798,threshold
1000,T2/S04,long,2021-08-13 19:00:00,2021-08-13 19:02:00,2021-08-13 19:01:00,True,1,1,1776.73,1777.6,0.8699999999998909,1934.0099999997574,1934.0099999997574,threshold
1001,T2/S04,long,2021-08-13 19:15:00,2021-08-13 21:11:00,2021-08-13 21:06:00,True,2,2,1777.3686957918405,1777.75,0.3813042081594631,2374.000000000364,2381.8199999998583,threshold
646,T2/S03,long,2021-08-13 22:00:00,2021-08-13 22:21:00,2021-08-13 22:20:00,True,1,1,1776.99,1777.51,0.5199999999999818,1160.1199999999594,1160.1199999999594,threshold
647,T2/S03,long,2021-08-13 22:30:00,2021-08-13 22:49:00,2021-08-13 22:48:00,True,1,1,1777.15,1777.96,0.8099999999999454,1808.7299999998781,1831.0599999998576,threshold
279,T1/S01,long,2021-08-16 22:54:00,2021-08-17 04:05:00,2021-08-17 04:03:00,True,2,2,1787.2266209732693,1787.57,0.3433790267306449,1502.969999999562,2617.2899999996544,threshold
280,T1/S01,long,2021-08-25 22:00:00,2021-08-26 14:09:00,2021-08-26 03:05:00,True,2,6,1791.5776905522591,1791.97,0.3923094477408995,1719.1000000003596,7577.959999998717,threshold
648,T2/S03,long,2021-08-26 22:45:00,2021-08-26 22:56:00,2021-08-26 22:55:00,True,1,1,1792.2,1792.73,0.5299999999999727,1196.7399999999384,1196.7399999999384,threshold
649,T2/S03,long,2021-08-27 22:45:00,2021-08-27 22:52:00,2021-08-27 22:51:00,True,1,1,1818.16,1818.68,0.5199999999999818,1175.1999999999591,1152.5999999999794,threshold
281,T1/S01,long,2021-08-27 23:06:00,2021-08-30 03:21:00,2021-08-30 03:00:00,True,1,1,1818.47,1819.03,0.5599999999999454,1266.7199999998766,1696.5,threshold
1002,T2/S04,long,2021-09-03 19:00:00,2021-09-03 19:49:00,2021-09-03 19:17:00,True,1,1,1829.34,1829.77,0.43000000000006366,982.5500000001455,1233.9000000004364,threshold
1597,T6/S12,short,2021-09-07 08:24:00,2021-09-07 11:09:00,2021-09-07 08:27:00,True,1,1,1820.8000000000002,1819.52,1.2800000000002,2927.359999999938,12372.669999999669,threshold
1225,T3/S06,short,2021-09-10 23:00:00,2021-09-13 01:06:00,2021-09-13 03:06:00,True,1,1,1787.89,1786.45,1.4400000000000546,3329.2800000001266,1202.2400000004836,threshold
282,T1/S01,long,2021-09-20 23:18:00,2021-09-21 04:57:00,2021-09-21 04:54:00,True,2,2,1764.5958361391697,1764.96,0.36416386083033103,1622.3500000004306,3912.350000000126,threshold
1003,T2/S04,long,2021-09-21 19:00:00,2021-09-21 19:41:00,2021-09-21 19:40:00,True,2,2,1776.265811452072,1777.19,0.9241885479279972,5842.720000000525,2391.6599999999366,threshold
1004,T2/S04,long,2021-09-21 19:45:00,2021-09-21 20:30:00,2021-09-21 20:29:00,True,1,1,1776.95,1777.75,0.7999999999999545,1861.5999999998942,1838.3299999999153,threshold
1226,T3/S06,short,2021-09-23 23:50:00,2021-09-24 15:23:00,2021-09-24 15:16:00,True,6,6,1749.8299868138165,1748.88,0.9499868138163947,16570.144999998243,13333.320000000593,threshold
1005,T2/S04,long,2021-09-30 19:00:00,2021-09-30 19:04:00,2021-09-30 19:00:00,True,1,1,1758.0,1758.48,0.4800000000000182,1131.840000000043,1556.2800000001928,threshold
1006,T2/S04,long,2021-09-30 19:15:00,2021-09-30 19:22:00,2021-09-30 19:21:00,True,1,1,1757.97,1758.61,0.6399999999998727,1511.0399999996994,1558.2600000001933,threshold
1007,T2/S04,long,2021-09-30 19:30:00,2021-09-30 19:31:00,2021-09-30 19:30:00,True,1,1,1758.1600000000003,1758.81,0.6499999999996362,1536.5999999996775,1536.5999999996775,threshold
1008,T2/S04,long,2021-09-30 19:45:00,2021-09-30 22:02:00,2021-09-30 20:06:00,True,2,4,1758.2490262289932,1758.63,0.380973771006893,2425.6600000001886,-3455.8199999995477,threshold
650,T2/S03,long,2021-09-30 22:00:00,2021-09-30 23:11:00,2021-09-30 22:01:00,True,1,6,1756.8799999999999,1757.88,1.0000000000002274,9.999999999999432,-4396.620000000301,threshold
1009,T2/S04,long,2021-10-01 02:18:00,2021-10-01 04:46:00,2021-10-01 02:33:00,True,1,3,1754.53,1755.08,0.5499999999999545,1307.349999999892,21725.779999999697,threshold
1010,T2/S04,long,2021-10-04 19:30:00,2021-10-04 19:40:00,2021-10-04 19:34:00,True,1,1,1768.5,1768.93,0.43000000000006366,1029.8500000001525,1245.3999999999564,threshold
1011,T2/S04,long,2021-10-04 19:45:00,2021-10-04 22:49:00,2021-10-04 22:52:00,True,3,4,1767.380892565163,1767.88,0.4991074348370148,5189.220000001105,5441.19000000159,threshold
1012,T2/S04,long,2021-10-06 19:00:00,2021-10-06 19:38:00,2021-10-06 19:34:00,True,1,1,1762.1,1762.63,0.5300000000002001,1276.2400000004818,1252.159999999956,threshold
283,T1/S01,long,2021-10-06 22:18:00,2021-10-06 22:36:00,2021-10-06 22:35:00,True,1,1,1764.45,1765.01,0.5599999999999454,1349.5999999998685,1349.5999999998685,threshold
284,T1/S01,long,2021-10-06 22:42:00,2021-10-06 23:01:00,2021-10-06 23:00:00,True,1,1,1764.02,1764.65,0.6300000000001091,1520.1900000002634,1303.0199999999122,threshold
285,T1/S01,long,2021-10-06 23:06:00,2021-10-07 02:43:00,2021-10-07 02:40:00,True,2,2,1763.4249780509217,1763.81,0.3850219490782365,1754.1599999997388,2730.0799999997143,threshold
651,T2/S03,long,2021-10-13 22:15:00,2021-10-13 22:18:00,2021-10-13 22:17:00,True,1,1,1791.4,1792.0,0.599999999999909,1452.5999999997798,1452.5999999997798,threshold
652,T2/S03,long,2021-10-13 22:30:00,2021-10-13 22:32:00,2021-10-13 22:31:00,True,1,1,1792.24,1793.12,0.8799999999998818,2133.1199999997134,2084.6399999997575,threshold
653,T2/S03,long,2021-10-13 22:45:00,2021-10-13 23:01:00,2021-10-13 23:00:00,True,1,1,1792.04,1793.06,1.0199999999999818,2476.559999999956,2525.1199999999117,threshold
1598,T6/S12,short,2021-10-15 09:36:00,2021-10-15 10:23:00,2021-10-15 10:22:00,True,1,1,1791.6,1790.11,1.490000000000009,3625.170000000022,3503.519999999579,threshold
1227,T3/S06,short,2021-10-15 23:00:00,2021-10-15 23:21:00,2021-10-15 23:23:00,True,1,1,1768.33,1767.43,0.8999999999998636,2195.9999999996667,1390.7999999998444,threshold
1228,T3/S06,short,2021-10-15 23:30:00,2021-10-18 01:16:00,2021-10-18 01:15:00,True,1,1,1767.05,1765.96,1.0899999999999181,2662.8699999998,2271.9900000001553,threshold
286,T1/S01,long,2021-10-21 22:48:00,2021-10-21 22:54:00,2021-10-21 22:53:00,True,1,1,1783.91,1784.53,0.6199999999998909,1517.7599999997328,1517.7599999997328,threshold
287,T1/S01,long,2021-10-21 23:30:00,2021-10-22 01:37:00,2021-10-22 01:36:00,True,1,1,1783.14,1783.83,0.6899999999998272,1691.1899999995765,1691.1899999995765,threshold
1013,T2/S04,long,2021-10-25 19:00:00,2021-10-25 21:31:00,2021-10-25 19:08:00,True,1,2,1808.2300000000002,1808.67,0.4399999999998272,1079.760000000134,3042.959999999464,threshold
288,T1/S01,long,2021-10-26 22:48:00,2021-10-27 03:14:00,2021-10-27 03:12:00,True,2,2,1793.666347826087,1794.05,0.3836521739128784,1764.7999999997091,2607.6000000004256,threshold
289,T1/S01,long,2021-11-03 22:00:00,2021-11-04 01:03:00,2021-11-04 00:09:00,True,3,3,1771.8249146375597,1772.45,0.625085362440359,4466.860000000446,15948.550000000065,threshold
1014,T2/S04,long,2021-11-04 19:15:00,2021-11-04 19:18:00,2021-11-04 19:17:00,True,1,1,1792.04,1792.58,0.5399999999999636,1348.3799999999092,1373.3499999998864,threshold
1015,T2/S04,long,2021-11-05 19:00:00,2021-11-05 19:26:00,2021-11-05 19:25:00,True,1,1,1814.03,1814.55,0.5199999999999818,1299.9999999999545,1299.9999999999545,threshold
1016,T2/S04,long,2021-11-05 19:30:00,2021-11-05 20:21:00,2021-11-05 19:53:00,True,2,2,1813.941271720744,1814.57,0.6287282792559381,4088.6199999996907,3929.709999999841,threshold
654,T2/S03,long,2021-11-05 22:00:00,2021-11-05 22:27:00,2021-11-05 22:26:00,True,1,1,1816.8,1817.48,0.6800000000000637,1707.4800000001599,1707.4800000001599,threshold
290,T1/S01,long,2021-11-05 22:00:00,2021-11-05 22:27:00,2021-11-05 22:26:00,True,1,1,1816.8,1817.48,0.6800000000000637,1707.4800000001599,1707.4800000001599,threshold
655,T2/S03,long,2021-11-05 22:30:00,2021-11-05 22:45:00,2021-11-08 01:10:00,True,2,1,1816.801558718861,1817.59,0.7884412811388302,4431.0399999997635,453.0600000001603,threshold
291,T1/S01,long,2021-11-05 22:36:00,2021-11-08 01:11:00,2021-11-08 01:10:00,True,2,3,1816.8104294610262,1817.59,0.7795705389737577,3630.460000000104,3351.5999999998166,threshold
656,T2/S03,long,2021-11-08 01:05:00,2021-11-08 01:34:00,2021-11-08 01:09:00,True,1,1,1815.95,1816.95,1.0,2520.0,5014.800000000023,threshold
1017,T2/S04,long,2021-11-08 19:00:00,2021-11-08 20:19:00,2021-11-08 20:18:00,True,1,1,1824.08,1824.7,0.6200000000001182,1571.7000000002997,1571.7000000002997,threshold
292,T1/S01,long,2021-11-09 22:18:00,2021-11-09 22:58:00,2021-11-09 22:57:00,True,1,1,1831.8200000000002,1832.51,0.6899999999998272,1751.2200000001385,1776.6000000001152,threshold
1018,T2/S04,long,2021-11-10 19:00:00,2021-11-10 21:43:00,2021-11-10 21:42:00,True,7,7,1848.7846607474705,1849.35,0.5653392525293839,13689.689999996946,9481.659999997733,threshold
1019,T2/S04,long,2021-11-12 19:00:00,2021-11-12 19:46:00,2021-11-12 19:37:00,True,2,2,1862.613089468069,1863.12,0.5069105319309983,3325.839999998866,3636.6199999996043,threshold
657,T2/S03,long,2021-11-12 22:00:00,2021-11-12 22:45:00,2021-11-12 22:44:00,True,1,1,1863.85,1864.4,0.5500000000001819,1412.4000000004671,1412.4000000004671,threshold
293,T1/S01,long,2021-11-15 22:00:00,2021-11-16 04:05:00,2021-11-16 02:56:00,True,4,4,1864.324600778066,1864.66,0.3353992219340398,3620.970000000665,27509.700000000703,threshold
1599,T6/S12,short,2021-11-19 09:48:00,2021-11-19 09:55:00,2021-11-19 10:24:00,True,1,1,1857.46,1855.51,1.9500000000000455,5120.70000000012,2678.5199999999522,threshold
1229,T3/S06,short,2021-11-19 23:00:00,2021-11-19 23:46:00,2021-11-19 23:45:00,True,1,1,1847.13,1845.72,1.4100000000000819,3709.710000000215,2025.8700000005504,threshold
1230,T3/S06,short,2021-11-19 23:50:00,2021-11-22 01:05:00,2021-11-22 01:05:00,True,1,1,1845.11,1844.2,0.9099999999998545,2397.8499999996166,4980.149999999665,threshold
1231,T3/S06,short,2021-11-22 23:10:00,2021-11-23 04:16:00,2021-11-23 04:15:00,True,3,3,1808.641228632479,1806.81,1.8312286324789966,15426.270000000468,9416.200000000457,threshold
294,T1/S01,long,2021-11-23 22:30:00,2021-11-24 02:01:00,2021-11-24 02:00:00,True,2,2,1790.7038967527058,1791.2,0.4961032472942861,2383.280000000146,2770.5599999999035,threshold
295,T1/S01,long,2021-12-02 23:48:00,2021-12-03 01:15:00,2021-12-03 01:14:00,True,1,1,1769.19,1769.9,0.7100000000000364,1895.7000000000971,1949.1000000000486,threshold
296,T1/S01,long,2021-12-03 22:06:00,2021-12-06 02:05:00,2021-12-06 02:04:00,True,3,3,1783.7201223823772,1784.42,0.6998776176228603,5146.900000000704,4196.610000000438,threshold
658,T2/S03,long,2021-12-07 22:15:00,2021-12-08 02:23:00,2021-12-08 02:22:00,True,2,2,1785.1211339671565,1785.84,0.7188660328433798,4158.639999999231,3325.6799999994146,threshold
297,T1/S01,long,2021-12-08 22:36:00,2021-12-09 02:18:00,2021-12-09 02:17:00,True,3,3,1784.570274121319,1785.24,0.6697258786809925,4935.2099999996935,4730.879999999975,threshold
1020,T2/S04,long,2021-12-10 19:00:00,2021-12-10 20:13:00,2021-12-10 19:08:00,True,1,2,1784.62,1785.06,0.44000000000005457,1187.1200000001472,3696.2600000003185,threshold
1021,T2/S04,long,2021-12-16 19:00:00,2021-12-16 22:01:00,2021-12-16 20:13:00,True,2,3,1797.6221401938853,1797.99,0.36785980611466584,2466.4999999995493,4219.8000000010825,threshold
659,T2/S03,long,2021-12-16 22:30:00,2021-12-16 22:34:00,2021-12-16 22:33:00,True,1,1,1797.19,1797.72,0.5299999999999727,1438.419999999926,1492.6999999998766,threshold
298,T1/S01,long,2021-12-16 23:48:00,2021-12-16 23:50:00,2021-12-17 01:48:00,True,1,1,1798.82,1799.44,0.6200000000001182,1684.5400000003212,1440.0099999999259,threshold
299,T1/S01,long,2021-12-16 23:54:00,2021-12-17 03:17:00,2021-12-17 03:16:00,True,2,2,1798.5362962962965,1799.63,1.093703703703568,5315.400000000295,6446.399999999085,threshold
1361,T5/S09,long,2021-12-17 10:12:00,2021-12-17 14:36:00,2021-12-17 14:35:00,True,1,1,1808.62,1811.76,3.1400000000001,8578.480000000272,8687.760000000173,threshold
300,T1/S01,long,2021-12-22 22:00:00,2021-12-22 22:07:00,2021-12-22 22:06:00,True,1,1,1803.72,1804.31,0.5899999999999181,1622.499999999775,1622.499999999775,threshold
301,T1/S01,long,2021-12-22 22:12:00,2021-12-22 23:00:00,2021-12-22 22:59:00,True,1,2,1804.04,1804.98,0.9400000000000546,2.8200000000002707,2587.8200000001502,threshold
660,T2/S03,long,2021-12-22 22:15:00,2021-12-22 23:00:00,2021-12-22 22:59:00,True,1,2,1804.04,1804.98,0.9400000000000546,2.8200000000002707,3632.819999999825,threshold
302,T1/S01,long,2021-12-22 23:06:00,2021-12-23 03:06:00,2021-12-23 01:07:00,True,2,4,1803.2192986530422,1803.57,0.3507013469577487,755.0599999997851,10815.879999999572,threshold
661,T2/S03,long,2021-12-29 22:00:00,2021-12-30 02:41:00,2021-12-30 10:43:00,True,5,2,1800.5629824561406,1801.28,0.717017543859356,11341.424999999943,3492.4999999993647,threshold
662,T2/S03,long,2021-12-30 22:00:00,2021-12-30 22:02:00,2021-12-30 22:01:00,True,1,1,1815.19,1815.7,0.5099999999999909,1428.5099999999745,1428.5099999999745,threshold
303,T1/S01,long,2021-12-30 22:12:00,2021-12-30 22:36:00,2021-12-30 22:35:00,True,1,1,1816.04,1816.69,0.650000000000091,1822.600000000255,1822.600000000255,threshold
663,T2/S03,long,2021-12-30 22:15:00,2021-12-30 22:36:00,2021-12-30 22:35:00,True,1,1,1816.0699999999997,1816.69,0.6200000000003456,1738.4800000003313,1738.4800000003313,threshold
304,T1/S01,long,2021-12-30 22:42:00,2021-12-30 22:47:00,2021-12-31 02:10:00,True,2,1,1816.1570672591397,1816.65,0.49293274086039673,2440.5100000006996,252.99000000040905,threshold
664,T2/S03,long,2021-12-30 22:45:00,2021-12-31 02:11:00,2021-12-30 22:46:00,True,1,1,1816.41,1816.93,0.5199999999999818,1461.7199999999489,702.75,threshold
305,T1/S01,long,2021-12-30 23:16:00,2021-12-31 02:11:00,2021-12-30 23:25:00,True,1,1,1815.28,1815.9,0.6200000000001182,1744.680000000333,3883.3200000003076,threshold
1022,T2/S04,long,2021-12-31 19:15:00,2021-12-31 19:29:00,2021-12-31 19:28:00,True,1,1,1826.4,1827.12,0.7199999999997999,2031.1199999994358,1749.0199999996921,threshold
1023,T2/S04,long,2021-12-31 19:30:00,2021-12-31 20:29:00,2021-12-31 19:55:00,True,1,2,1826.82,1827.32,0.5,1412.0,6918.80000000077,threshold
306,T1/S01,long,2022-01-03 22:48:00,2022-01-04 01:34:00,2022-01-04 01:33:00,True,2,2,1803.288629971876,1803.7,0.41137002812411083,2047.800000000253,3065.0400000004383,threshold
665,T2/S03,long,2022-01-04 22:00:00,2022-01-04 22:57:00,2022-01-04 22:56:00,True,1,1,1814.61,1815.14,0.5300000000002001,1507.320000000569,1507.320000000569,threshold
307,T1/S01,long,2022-01-11 22:00:00,2022-01-11 22:12:00,2022-01-11 22:11:00,True,1,1,1820.91,1821.5,0.5899999999999181,1679.729999999767,1679.729999999767,threshold
666,T2/S03,long,2022-01-11 22:00:00,2022-01-11 22:12:00,2022-01-11 22:11:00,True,1,1,1820.91,1821.5,0.5899999999999181,1679.729999999767,1679.729999999767,threshold
667,T2/S03,long,2022-01-11 22:15:00,2022-01-11 22:30:00,2022-01-11 22:30:00,True,1,2,1821.35,1822.22,0.8700000000001182,6.0900000000008525,2478.360000000337,threshold
308,T1/S01,long,2022-01-11 22:18:00,2022-01-11 22:31:00,2022-01-11 22:29:00,True,1,4,1820.97,1821.56,0.5899999999999181,4.129999999999444,6876.020000000234,threshold
668,T2/S03,long,2022-01-11 22:45:00,2022-01-11 22:57:00,2022-01-11 22:53:00,True,1,2,1822.06,1822.68,0.6200000000001182,9.300000000001905,2633.0400000002082,threshold
309,T1/S01,long,2022-01-11 23:00:00,2022-01-12 02:33:00,2022-01-12 15:40:00,True,5,2,1818.899556496988,1823.75,4.850443503012002,73275.6499999995,3660.1399999992923,threshold
310,T1/S01,long,2022-01-13 22:30:00,2022-01-13 22:40:00,2022-01-13 22:45:00,True,1,1,1821.68,1822.33,0.6499999999998636,1877.8499999996056,1502.2799999999474,threshold
311,T1/S01,long,2022-01-13 22:42:00,2022-01-13 23:37:00,2022-01-13 23:37:00,True,1,1,1822.1200000000001,1822.68,0.5599999999999454,1619.5200000004997,1532.7600000005787,threshold
1362,T5/S09,long,2022-01-19 13:36:00,2022-01-20 02:20:00,2022-01-19 15:20:00,True,1,1,1819.34,1822.33,2.990000000000009,8656.050000000027,60013.35000000005,threshold
1024,T2/S04,long,2022-01-19 19:00:00,2022-01-20 02:20:00,2022-01-19 19:04:00,True,1,2,1840.28,1841.0,0.7200000000000273,2084.4000000000788,6947.999999999604,threshold
669,T2/S03,long,2022-01-19 22:00:00,2022-01-20 02:59:00,2022-01-19 22:00:00,True,1,4,1842.91,1843.4,0.4900000000000091,1418.5500000000263,12361.649999999288,threshold
312,T1/S01,long,2022-01-24 23:30:00,2022-01-25 06:01:00,2022-01-25 01:47:00,True,2,6,1842.1768576709799,1842.7,0.5231423290201747,1132.0799999999215,26652.570000000163,threshold
1025,T2/S04,long,2022-01-25 19:00:00,2022-01-25 19:25:00,2022-01-25 19:35:00,True,1,2,1849.48,1850.06,0.5799999999999272,1802.059999999774,3666.259999999491,threshold
1026,T2/S04,long,2022-01-25 19:30:00,2022-01-25 19:36:00,2022-01-25 19:34:00,True,1,1,1849.24,1849.69,0.4500000000000455,1401.3000000001416,2553.4799999998017,threshold
1027,T2/S04,long,2022-01-25 19:45:00,2022-01-25 19:58:00,2022-01-25 19:57:00,True,1,1,1849.38,1850.01,0.6299999999998818,1964.9699999996312,1964.9699999996312,threshold
670,T2/S03,long,2022-01-25 22:00:00,2022-01-26 15:24:00,2022-01-26 15:23:00,True,6,6,1847.0538863619415,1848.01,0.9561136380584685,19233.66000000004,10149.749999999292,threshold
1232,T3/S06,short,2022-01-26 23:00:00,2022-01-26 23:08:00,2022-01-26 23:31:00,True,1,1,1817.68,1816.78,0.900000000000091,2829.600000000286,1854.9600000004577,threshold
1233,T3/S06,short,2022-01-26 23:10:00,2022-01-26 23:26:00,2022-01-26 23:27:00,True,1,1,1817.86,1816.93,0.9299999999998363,2926.709999999485,1793.7899999997994,threshold
1234,T3/S06,short,2022-01-26 23:30:00,2022-01-26 23:31:00,2022-01-27 03:03:00,True,2,1,1818.8821138363603,1818.02,0.8621138363603222,4604.549999999856,1733.049999999857,threshold
1235,T3/S06,short,2022-01-26 23:40:00,2022-01-27 03:04:00,2022-01-27 03:16:00,True,2,2,1818.6059655688625,1817.34,1.2659655688626117,6765.32000000032,4131.739999999111,threshold
1600,T6/S12,short,2022-01-27 08:24:00,2022-01-27 08:43:00,2022-01-27 08:42:00,True,1,1,1812.44,1810.73,1.7100000000000364,5408.730000000115,5155.690000000345,threshold
1601,T6/S12,short,2022-01-27 08:48:00,2022-01-27 09:45:00,2022-01-27 09:45:00,True,2,2,1811.637103517588,1810.53,1.1071035175880297,5507.840000000219,6568.109999999798,threshold
313,T1/S01,long,2022-01-28 23:00:00,2022-01-28 23:10:00,2022-01-28 23:09:00,True,1,1,1788.9,1789.48,0.5799999999999272,1847.8799999997684,1847.8799999997684,threshold
314,T1/S01,long,2022-01-28 23:12:00,2022-01-28 23:35:00,2022-01-28 23:34:00,True,1,1,1789.98,1790.83,0.849999999999909,2711.4999999997094,2711.4999999997094,threshold
315,T1/S01,long,2022-01-28 23:36:00,2022-01-31 03:59:00,2022-01-28 23:54:00,True,1,3,1791.06,1791.63,0.5700000000001637,1821.150000000523,5751.00000000058,threshold
1028,T2/S04,long,2022-02-02 19:00:00,2022-02-02 19:08:00,2022-02-02 19:06:00,True,1,1,1809.0,1809.44,0.44000000000005457,1411.080000000175,1667.639999999942,threshold
1029,T2/S04,long,2022-02-02 19:15:00,2022-02-02 20:00:00,2022-02-02 19:59:00,True,2,2,1809.5191262135922,1810.17,0.6508737864078284,4692.8000000004595,3402.6000000005547,threshold
316,T1/S01,long,2022-02-07 22:00:00,2022-02-08 03:46:00,2022-02-08 03:45:00,True,2,2,1821.7348571961918,1822.13,0.39514280380831224,2116.7800000002626,3442.189999999795,threshold
1030,T2/S04,long,2022-02-08 19:00:00,2022-02-08 19:09:00,2022-02-08 19:08:00,True,1,1,1826.4,1827.18,0.7799999999999727,2557.6199999999103,2557.6199999999103,threshold
1031,T2/S04,long,2022-02-08 19:15:00,2022-02-08 20:36:00,2022-02-08 20:48:00,True,1,2,1827.75,1828.21,0.4600000000000364,1510.6400000001197,4400.5599999989845,threshold
317,T1/S01,long,2022-02-11 22:00:00,2022-02-11 22:03:00,2022-02-11 22:02:00,True,1,1,1859.18,1861.8,2.619999999999891,8627.659999999642,8726.449999999551,threshold
671,T2/S03,long,2022-02-11 22:00:00,2022-02-11 22:03:00,2022-02-11 22:02:00,True,1,1,1859.18,1861.8,2.619999999999891,8627.659999999642,8726.449999999551,threshold
318,T1/S01,long,2022-02-11 22:06:00,2022-02-11 22:09:00,2022-02-11 22:08:00,True,1,1,1860.09,1861.56,1.4700000000000273,4892.160000000091,4792.320000000182,threshold
319,T1/S01,long,2022-02-11 22:12:00,2022-02-11 22:16:00,2022-02-11 22:15:00,True,1,1,1862.15,1862.89,0.7400000000000091,2470.1200000000304,2503.5000000000005,threshold
672,T2/S03,long,2022-02-11 22:15:00,2022-02-11 22:16:00,2022-02-11 22:15:00,True,1,1,1862.24,1862.89,0.650000000000091,2169.7000000003036,2203.0800000002737,threshold
320,T1/S01,long,2022-02-11 22:18:00,2022-02-11 22:19:00,2022-02-11 22:18:00,True,1,1,1861.78,1862.96,1.1800000000000637,3949.460000000213,3915.990000000243,threshold
321,T1/S01,long,2022-02-11 22:24:00,2022-02-11 22:25:00,2022-02-11 22:26:00,True,1,1,1864.3,1865.08,0.7799999999999727,2616.1199999999085,1811.159999999878,threshold
673,T2/S03,long,2022-02-11 22:30:00,2022-02-11 23:15:00,2022-02-11 23:14:00,True,2,2,1861.9008526771895,1862.61,0.709147322810395,4582.509999999302,4669.0100000011,threshold
322,T1/S01,long,2022-02-11 22:30:00,2022-02-11 23:15:00,2022-02-11 23:14:00,True,2,2,1862.065617384979,1862.61,0.5443826150208224,2993.5599999994324,4669.0100000011,threshold
674,T2/S03,long,2022-02-16 22:30:00,2022-02-16 22:35:00,2022-02-16 22:34:00,True,1,1,1871.81,1872.36,0.5499999999999545,1857.3499999998464,1823.5799999998771,threshold
1032,T2/S04,long,2022-02-23 19:00:00,2022-02-23 19:01:00,2022-02-23 19:00:00,True,1,1,1908.55,1909.47,0.9200000000000728,3110.520000000246,3076.710000000277,threshold
1033,T2/S04,long,2022-02-23 19:15:00,2022-02-23 19:26:00,2022-02-23 19:24:00,True,1,1,1909.45,1909.91,0.4600000000000364,1557.5600000001232,1760.7199999999384,threshold
1034,T2/S04,long,2022-02-23 19:30:00,2022-02-23 20:59:00,2022-02-23 20:57:00,True,3,3,1908.230623353819,1908.68,0.44937664618100825,5118.400000001496,5491.800000001172,threshold
1290,T4/S08,long,2022-02-24 09:00:00,2022-02-24 09:21:00,2022-02-24 09:58:00,True,2,1,1941.9930545373766,1944.03,2.0369454626234074,9169.309999999805,5439.999999999691,threshold
1291,T4/S08,long,2022-02-24 09:25:00,2022-02-24 09:55:00,2022-02-24 09:58:00,True,3,3,1941.6078666775857,1944.03,2.422133322414311,14788.334999999652,16099.920000000868,threshold
1292,T4/S08,long,2022-02-24 10:00:00,2022-02-24 10:48:00,2022-02-24 10:49:00,True,3,4,1943.4868279175828,1945.29,1.803172082417177,11070.574999999932,25527.449999999502,threshold
1293,T4/S08,long,2022-02-24 10:50:00,2022-02-24 11:18:00,2022-02-24 11:25:00,True,2,3,1944.782282762371,1946.83,2.047717237628831,9414.379999999419,17969.43999999876,threshold
1294,T4/S08,long,2022-02-24 11:20:00,2022-02-24 11:25:00,2022-02-24 11:24:00,True,1,1,1944.2199999999998,1946.03,1.8100000000001728,6392.919999999807,6322.2799999998715,threshold
1295,T4/S08,long,2022-02-24 11:30:00,2022-02-24 11:35:00,2022-02-24 11:34:00,True,1,1,1944.6800000000003,1946.88,2.199999999999818,7794.60000000016,7830.030000000129,threshold
1296,T4/S08,long,2022-02-24 11:40:00,2022-02-24 11:48:00,2022-02-24 11:52:00,True,1,1,1948.2599999999998,1950.51,2.2500000000002274,8010.000000000001,5446.799999999903,threshold
1297,T4/S08,long,2022-02-24 11:50:00,2022-02-24 11:57:00,2022-02-24 11:56:00,True,1,1,1949.8900000000003,1951.93,2.0399999999997362,7284.83999999987,7320.549999999838,threshold
1236,T3/S06,short,2022-02-24 23:00:00,2022-02-24 23:06:00,2022-02-24 23:06:00,True,1,1,1898.26,1896.83,1.4300000000000637,5126.5500000002285,2043.449999999772,threshold
1237,T3/S06,short,2022-02-24 23:10:00,2022-02-25 13:27:00,2022-02-25 13:28:00,True,6,6,1905.5788366621214,1902.04,3.538836662121412,66178.01500000077,21498.109999999215,threshold
323,T1/S01,long,2022-02-25 22:42:00,2022-02-28 01:05:00,2022-02-28 01:05:00,True,4,3,1889.7838011301342,1922.29,32.506198869865784,385425.9999999995,333526.5600000014,threshold
1602,T6/S12,short,2022-02-28 09:36:00,2022-02-28 10:00:00,2022-02-28 09:59:00,True,2,4,1898.0803826266806,1896.46,1.6203826266805663,9401.460000000323,13846.000000001095,threshold
324,T1/S01,long,2022-02-28 23:00:00,2022-02-28 23:12:00,2022-02-28 23:14:00,True,1,2,1910.27,1910.83,0.5599999999999454,2239.9999999997817,2303.3799999998814,threshold
325,T1/S01,long,2022-02-28 23:18:00,2022-03-01 10:06:00,2022-03-01 06:45:00,True,6,12,1906.0511280775927,1906.61,0.5588719224072065,11236.11999999771,66904.70000000275,threshold
1363,T5/S09,long,2022-03-01 12:36:00,2022-03-01 17:47:00,2022-03-01 12:49:00,True,1,4,1921.6300000000003,1924.56,2.929999999999609,11719.999999999345,92086.35000000021,threshold
675,T2/S03,long,2022-03-01 22:00:00,2022-03-01 22:37:00,2022-03-01 22:01:00,True,1,2,1940.4599999999998,1941.38,0.9200000000003001,3680.000000000291,12704.48000000017,threshold
676,T2/S03,long,2022-03-01 22:45:00,2022-03-01 23:03:00,2022-03-01 22:47:00,True,1,2,1944.55,1945.13,0.5800000000001546,2320.0000000006185,17296.71000000034,threshold
326,T1/S01,long,2022-03-01 23:18:00,2022-03-01 23:54:00,2022-03-01 23:20:00,True,1,6,1944.5700000000002,1945.27,0.6999999999998181,2800.000000000182,35894.87999999974,threshold
327,T1/S01,long,2022-03-02 22:18:00,2022-03-03 01:05:00,2022-03-03 01:08:00,True,3,8,1928.8713765695197,1929.82,0.948623430480211,8234.99999999924,32817.38999999974,threshold
328,T1/S01,long,2022-03-03 22:18:00,2022-03-03 22:19:00,2022-03-03 22:18:00,True,1,2,1938.3699999999997,1940.25,1.8800000000003365,7520.000000000437,9351.120000000543,threshold
329,T1/S01,long,2022-03-03 22:24:00,2022-03-03 22:25:00,2022-03-03 22:24:00,True,1,2,1938.65,1939.8,1.1499999999998636,4599.999999999454,5740.799999999319,threshold
330,T1/S01,long,2022-03-03 22:30:00,2022-03-03 22:34:00,2022-03-03 22:33:00,True,1,2,1939.31,1940.01,0.7000000000000455,2800.000000000182,3502.8000000002276,threshold
331,T1/S01,long,2022-03-03 22:36:00,2022-03-03 22:38:00,2022-03-03 22:38:00,True,1,2,1940.2,1940.81,0.6099999999999,2439.9999999996,2756.049999999772,threshold
332,T1/S01,long,2022-03-03 22:42:00,2022-03-04 02:11:00,2022-03-04 02:10:00,True,4,8,1938.1054871165643,1939.08,0.9745128834356365,11913.419999999174,16301.999999997719,threshold
333,T1/S01,long,2022-03-07 22:00:00,2022-03-07 22:03:00,2022-03-07 22:02:00,True,1,2,1996.0899999999997,1996.97,0.8800000000003365,3520.0000000004366,4443.120000000551,threshold
334,T1/S01,long,2022-03-07 22:06:00,2022-03-07 22:35:00,2022-03-07 22:36:00,True,3,6,1994.8565706715817,1995.65,0.7934293284183696,6887.760000000952,9053.820000002117,threshold
677,T2/S03,long,2022-03-07 22:15:00,2022-03-07 22:35:00,2022-03-07 22:36:00,True,3,6,1994.7868510958317,1995.65,0.8631489041683835,8034.190000000919,10470.060000001979,threshold
1364,T5/S09,long,2022-03-08 10:00:00,2022-03-08 10:03:00,2022-03-08 10:01:00,True,1,2,2016.1300000000003,2018.03,1.8999999999996362,7599.999999999454,11570.189999999908,threshold
1365,T5/S09,long,2022-03-08 10:12:00,2022-03-08 10:25:00,2022-03-08 11:09:00,True,3,6,2008.520399211434,2011.1,2.5796007885658128,26170.049999998355,31846.40000000014,threshold
1035,T2/S04,long,2022-03-08 19:00:00,2022-03-08 19:06:00,2022-03-08 19:05:00,True,3,6,2066.7566666666667,2067.58,0.8233333333332666,9879.9999999992,12130.559999998397,threshold
1036,T2/S04,long,2022-03-08 19:15:00,2022-03-08 19:16:00,2022-03-08 19:15:00,True,1,2,2044.45,2048.54,4.089999999999918,16359.999999999673,21300.719999999572,threshold
335,T1/S01,long,2022-03-08 23:48:00,2022-03-09 04:21:00,2022-03-09 03:21:00,True,11,20,2044.617242647059,2045.66,1.0427573529411802,40275.46000000168,160890.63999999693,threshold
1603,T6/S12,short,2022-03-15 08:00:00,2022-03-15 08:27:00,2022-03-15 08:52:00,True,3,4,1929.02474801061,1927.76,1.264748010609992,12397.060000000278,13261.360000000608,threshold
1604,T6/S12,short,2022-03-15 08:36:00,2022-03-15 08:52:00,2022-03-15 08:51:00,True,2,4,1930.2708583247156,1928.69,1.5808583247155639,9172.139999999305,21500.15999999954,threshold
1366,T5/S09,long,2022-03-23 12:24:00,2022-03-23 15:08:00,2022-03-23 15:35:00,True,2,4,1930.8284458909682,1933.31,2.4815541090317765,15249.150000000142,24204.18000000236,threshold
336,T1/S01,long,2022-03-23 22:00:00,2022-03-23 22:18:00,2022-03-23 22:18:00,True,1,2,1946.58,1947.31,0.7300000000000182,2920.0000000000728,3129.500000001035,threshold
337,T1/S01,long,2022-03-23 22:24:00,2022-03-24 01:11:00,2022-03-24 00:49:00,True,2,8,1944.85515137401,1945.25,0.3948486259901074,847.7400000001941,3933.240000000312,threshold
1605,T6/S12,short,2022-03-25 08:36:00,2022-03-25 08:38:00,2022-03-25 08:40:00,True,1,2,1957.35,1956.02,1.3299999999999272,5319.999999999709,6367.899999999474,threshold
1606,T6/S12,short,2022-03-25 08:48:00,2022-03-25 09:03:00,2022-03-25 09:02:00,True,1,2,1957.02,1955.78,1.240000000000009,4960.000000000036,6904.380000000317,threshold
1607,T6/S12,short,2022-03-28 08:48:00,2022-03-28 08:55:00,2022-03-28 08:54:00,True,1,2,1936.4299999999998,1934.47,1.959999999999809,7840.0000000001455,11106.650000000476,threshold
1608,T6/S12,short,2022-03-28 09:00:00,2022-03-28 09:36:00,2022-03-28 09:36:00,True,2,4,1935.6718476387452,1933.55,2.121847638745294,12310.959999999995,16638.299999999468,threshold
678,T2/S03,long,2022-03-29 22:00:00,2022-03-29 22:02:00,2022-03-29 22:01:00,True,1,2,1917.2,1917.82,0.6199999999998909,2479.9999999995634,3698.7299999993056,threshold
679,T2/S03,long,2022-03-29 22:15:00,2022-03-29 22:26:00,2022-03-29 22:25:00,True,1,2,1917.7400000000002,1918.37,0.6299999999996544,2519.999999999527,3820.7000000005346,threshold
680,T2/S03,long,2022-03-29 22:30:00,2022-03-29 22:45:00,2022-03-29 22:44:00,True,1,2,1918.7900000000002,1919.33,0.5399999999997362,2159.9999999998545,3119.5799999998394,threshold
338,T1/S01,long,2022-03-29 23:36:00,2022-03-30 01:05:00,2022-03-30 01:05:00,True,1,2,1919.31,1919.87,0.5599999999999454,2239.9999999997817,4831.440000000965,threshold
1037,T2/S04,long,2022-03-30 19:00:00,2022-03-30 22:39:00,2022-03-30 22:38:00,True,4,8,1933.955,1934.61,0.6549999999999727,10479.999999997744,14105.779999996565,threshold
1609,T6/S12,short,2022-03-31 08:00:00,2022-03-31 08:30:00,2022-03-31 08:29:00,True,1,2,1921.14,1919.68,1.4600000000000364,5840.0000000001455,6582.300000000755,threshold
1610,T6/S12,short,2022-03-31 08:36:00,2022-03-31 11:36:00,2022-03-31 11:35:00,True,6,12,1925.814718387138,1924.1,1.7147183871381912,33595.62000000194,62104.349999996215,threshold
1038,T2/S04,long,2022-03-31 19:00:00,2022-03-31 19:48:00,2022-03-31 19:35:00,True,3,6,1942.4133333333334,1942.77,0.35666666666656965,4279.999999999745,10374.570000000222,threshold
1039,T2/S04,long,2022-04-12 19:30:00,2022-04-12 19:31:00,2022-04-12 19:30:00,True,1,2,1973.95,1974.47,0.5199999999999818,2079.9999999999272,3165.7599999998893,threshold
339,T1/S01,long,2022-04-14 23:54:00,2022-04-18 01:16:00,2022-04-18 01:15:00,True,1,2,1973.17,1973.9,0.7300000000000182,2920.0000000000728,4448.620000000111,threshold
340,T1/S01,long,2022-04-20 23:00:00,2022-04-20 23:49:00,2022-04-20 23:49:00,True,2,4,1957.3841693811075,1957.91,0.5258306188925417,3228.5999999999826,6591.239999998168,threshold
341,T1/S01,long,2022-04-20 23:54:00,2022-04-21 02:59:00,2022-04-21 02:58:00,True,2,4,1956.727328990228,1957.13,0.40267100977212067,2472.4000000002475,6361.680000001168,threshold
342,T1/S01,long,2022-04-21 23:00:00,2022-04-21 23:02:00,2022-04-21 23:01:00,True,1,2,1951.15,1951.79,0.6399999999998727,2559.9999999994907,3922.559999999219,threshold
343,T1/S01,long,2022-04-21 23:06:00,2022-04-21 23:46:00,2022-04-21 23:46:00,True,1,2,1951.6300000000003,1952.34,0.7099999999995816,2839.999999999236,3129.8699999999444,threshold
344,T1/S01,long,2022-04-25 22:06:00,2022-04-25 22:19:00,2022-04-25 22:18:00,True,1,2,1900.75,1901.4,0.650000000000091,2600.000000000364,3870.0900000006704,threshold
345,T1/S01,long,2022-04-28 23:30:00,2022-04-29 03:00:00,2022-04-29 03:00:00,True,2,4,1895.3697719869706,1895.86,0.4902280130293093,3009.999999999272,6397.039999999777,threshold
1238,T3/S06,short,2022-05-02 23:50:00,2022-05-03 04:15:00,2022-05-03 04:19:00,True,2,4,1863.9836672051695,1862.87,1.1136672051695768,6893.600000000702,7951.559999999776,threshold
1239,T3/S06,short,2022-05-12 23:00:00,2022-05-12 23:01:00,2022-05-12 23:00:00,True,1,2,1824.05,1823.2,0.849999999999909,3399.999999999636,5500.199999999213,threshold
1240,T3/S06,short,2022-05-12 23:10:00,2022-05-13 01:26:00,2022-05-13 01:25:00,True,1,2,1822.22,1821.33,0.8900000000001,3560.0000000004,4580.600000000057,threshold
1040,T2/S04,long,2022-05-16 19:15:00,2022-05-16 19:44:00,2022-05-16 19:36:00,True,2,4,1813.9150000000002,1814.46,0.5449999999998454,4360.000000000582,8183.999999998196,threshold
1041,T2/S04,long,2022-05-16 19:45:00,2022-05-16 19:51:00,2022-05-16 19:49:00,True,1,2,1814.39,1814.89,0.5,2000.0,6463.599999999773,threshold
681,T2/S03,long,2022-05-16 22:00:00,2022-05-16 22:05:00,2022-05-16 22:04:00,True,1,2,1822.48,1823.13,0.650000000000091,2600.000000000364,4048.8500000005665,threshold
346,T1/S01,long,2022-05-16 22:00:00,2022-05-16 22:05:00,2022-05-16 22:04:00,True,1,2,1822.48,1823.13,0.650000000000091,2600.000000000364,4048.8500000005665,threshold
347,T1/S01,long,2022-05-16 22:06:00,2022-05-16 22:07:00,2022-05-16 22:06:00,True,1,2,1823.7099999999998,1824.65,0.9400000000002819,3760.0000000002183,5807.850000000397,threshold
348,T1/S01,long,2022-05-16 22:12:00,2022-05-16 22:26:00,2022-05-16 22:25:00,True,1,2,1824.5700000000002,1825.49,0.9199999999998454,3680.000000000291,5631.300000000569,threshold
682,T2/S03,long,2022-05-16 22:15:00,2022-05-16 22:26:00,2022-05-16 22:24:00,True,1,2,1823.95,1824.44,0.4900000000000091,1960.0000000000364,9510.639999999887,threshold
683,T2/S03,long,2022-05-16 22:30:00,2022-05-16 22:47:00,2022-05-16 22:46:00,True,2,4,1824.6242362382095,1825.14,0.5157637617905948,3663.469999999992,6978.5699999979415,threshold
349,T1/S01,long,2022-05-16 22:30:00,2022-05-16 22:47:00,2022-05-16 22:47:00,True,2,4,1824.8432573289904,1825.33,0.4867426710095515,2988.5999999992914,6978.5699999979415,threshold
350,T1/S01,long,2022-05-16 22:48:00,2022-05-16 22:51:00,2022-05-16 22:51:00,True,1,2,1825.42,1826.37,0.9499999999998181,3799.9999999992724,3599.5499999995977,threshold
351,T1/S01,long,2022-05-16 22:54:00,2022-05-16 22:59:00,2022-05-16 22:58:00,True,1,2,1826.1300000000003,1826.86,0.7299999999995634,2919.9999999991633,4741.5,threshold
352,T1/S01,long,2022-05-16 23:00:00,2022-05-17 02:24:00,2022-05-17 02:23:00,True,3,6,1825.0232392581502,1825.69,0.6667607418498847,5788.150000000309,16843.12000000052,threshold
353,T1/S01,long,2022-05-20 23:24:00,2022-05-20 23:50:00,2022-05-20 23:49:00,True,1,2,1845.3399999999997,1845.9,0.5600000000004002,2240.000000000691,3564.4000000010997,threshold
354,T1/S01,long,2022-05-20 23:54:00,2022-05-23 01:05:00,2022-05-23 01:05:00,True,1,2,1845.78,1848.76,2.980000000000018,11920.000000000073,18800.35000000029,threshold
1611,T6/S12,short,2022-05-25 09:36:00,2022-05-25 11:25:00,2022-05-25 11:25:00,True,2,4,1858.3881282316443,1856.92,1.4681282316441866,8518.079999999898,13202.540000001107,threshold
355,T1/S01,long,2022-05-25 23:00:00,2022-05-26 17:05:00,2022-05-26 17:04:00,True,8,16,1848.7147214370054,1850.91,2.1952785629946447,61351.45000000186,112325.65000000175,threshold
356,T1/S01,long,2022-05-26 22:18:00,2022-05-27 02:56:00,2022-05-27 02:56:00,True,2,4,1852.8211400651464,1853.33,0.5088599348534899,3124.400000000078,12988.8999999989,threshold
1241,T3/S06,short,2022-05-31 23:00:00,2022-06-01 03:03:00,2022-06-01 03:02:00,True,1,2,1835.95,1834.98,0.9700000000000273,3880.000000000109,5717.04000000099,threshold
1042,T2/S04,long,2022-06-01 19:30:00,2022-06-01 20:04:00,2022-06-01 19:31:00,True,1,4,1848.77,1849.21,0.44000000000005457,1760.0000000002183,10090.640000000123,threshold
357,T1/S01,long,2022-06-01 22:18:00,2022-06-01 22:23:00,2022-06-01 22:22:00,True,1,2,1848.28,1848.85,0.5699999999999363,2279.9999999997453,3897.0899999995645,threshold
358,T1/S01,long,2022-06-01 22:24:00,2022-06-02 09:25:00,2022-06-02 03:20:00,True,3,6,1847.4269220135927,1848.02,0.593077986407252,5148.5099999998265,68655.34999999826,threshold
1043,T2/S04,long,2022-06-02 19:00:00,2022-06-03 03:26:00,2022-06-02 19:03:00,True,1,2,1868.0099999999998,1868.65,0.6400000000003274,2560.0000000004,18225.6299999993,threshold
684,T2/S03,long,2022-06-02 22:00:00,2022-06-03 03:32:00,2022-06-02 22:03:00,True,1,2,1869.56,1870.15,0.5900000000001455,2360.000000000582,25697.440000000446,threshold
1242,T3/S06,short,2022-06-03 23:00:00,2022-06-03 23:16:00,2022-06-03 23:16:00,True,1,2,1850.6,1849.76,0.8399999999999181,3359.9999999996726,4241.999999999357,threshold
685,T2/S03,long,2022-06-07 22:15:00,2022-06-07 22:29:00,2022-06-07 22:28:00,True,1,2,1854.22,1855.35,1.1299999999998818,4519.999999999527,7999.269999999163,threshold
686,T2/S03,long,2022-06-07 22:45:00,2022-06-07 22:55:00,2022-06-07 22:54:00,True,1,2,1853.52,1854.04,0.5199999999999818,2079.9999999999272,3689.399999999871,threshold
687,T2/S03,long,2022-06-10 22:00:00,2022-06-10 22:08:00,2022-06-10 22:07:00,True,1,2,1873.6300000000003,1874.31,0.6799999999996089,2719.999999999345,4901.069999998772,threshold
688,T2/S03,long,2022-06-10 22:15:00,2022-06-13 01:05:00,2022-06-13 01:05:00,True,2,4,1872.4617105448401,1878.36,5.898289455159784,41895.54999999914,79867.75999999851,threshold
689,T2/S03,long,2022-06-16 22:00:00,2022-06-16 22:02:00,2022-06-16 22:01:00,True,1,2,1849.45,1850.57,1.1199999999998909,4479.999999999563,8144.639999999206,threshold
690,T2/S03,long,2022-06-16 22:15:00,2022-06-16 22:38:00,2022-06-16 22:40:00,True,1,2,1851.15,1851.89,0.7400000000000091,2960.0000000000364,801.7899999992708,threshold
359,T1/S01,long,2022-06-16 22:24:00,2022-06-16 22:38:00,2022-06-16 22:37:00,True,2,4,1850.7405211726384,1851.26,0.5194788273615814,3189.6000000005047,15306.900000000995,threshold
691,T2/S03,long,2022-06-16 22:45:00,2022-06-16 22:48:00,2022-06-16 22:47:00,True,1,2,1851.61,1852.29,0.6800000000000637,2720.0000000002547,4977.600000000466,threshold
360,T1/S01,long,2022-06-16 23:18:00,2022-06-16 23:45:00,2022-06-16 23:44:00,True,1,2,1854.86,1855.9,1.040000000000191,4160.000000000764,7917.480000001134,threshold
692,T2/S03,long,2022-07-01 22:00:00,2022-07-01 23:19:00,2022-07-01 23:54:00,True,3,6,1807.5073657069188,1808.53,1.0226342930811825,9518.680000000273,11828.670000002607,threshold
361,T1/S01,long,2022-07-06 23:18:00,2022-07-07 01:05:00,2022-07-07 01:05:00,True,2,4,1739.5741693811074,1740.24,0.6658306188926417,4088.2000000005974,10465.400000000536,threshold
1612,T6/S12,short,2022-07-20 09:48:00,2022-07-20 13:50:00,2022-07-20 13:50:00,True,3,6,1709.2830095898798,1707.31,1.9730095898798936,19339.44000000074,24313.09999999805,threshold
1367,T5/S09,long,2022-07-20 13:12:00,2022-07-20 15:29:00,2022-07-20 16:29:00,True,2,4,1711.091936533767,1713.51,2.4180634662329794,14859.000000000498,31211.099999998714,threshold
1044,T2/S04,long,2022-07-21 19:00:00,2022-07-21 19:28:00,2022-07-21 19:26:00,True,2,4,1712.25,1712.63,0.38000000000010914,3040.000000000873,9676.289999999726,threshold
1045,T2/S04,long,2022-07-21 19:30:00,2022-07-21 20:09:00,2022-07-21 20:08:00,True,2,4,1711.94,1712.77,0.8299999999999272,6640.000000000327,11132.560000000136,threshold
362,T1/S01,long,2022-07-21 22:30:00,2022-07-21 22:47:00,2022-07-21 22:55:00,True,1,2,1717.75,1718.36,0.6099999999999,2439.9999999996,3847.4399999999314,threshold
363,T1/S01,long,2022-07-21 22:48:00,2022-07-21 22:59:00,2022-07-21 22:58:00,True,1,4,1718.08,1719.09,1.009999999999991,7.069999999999965,8910.18000000048,threshold
364,T1/S01,long,2022-07-21 23:00:00,2022-07-22 09:06:00,2022-07-21 23:54:00,True,1,10,1719.6799999999998,1720.26,0.5800000000001546,2319.999999999709,27301.949999999375,threshold
365,T1/S01,long,2022-07-27 22:00:00,2022-07-27 22:04:00,2022-07-27 22:03:00,True,1,2,1735.03,1735.89,0.8600000000001273,3440.0000000005093,6510.150000001046,threshold
366,T1/S01,long,2022-07-27 22:06:00,2022-07-27 22:07:00,2022-07-27 22:06:00,True,1,2,1736.2,1737.53,1.3299999999999272,5319.999999999709,10358.5499999993,threshold
367,T1/S01,long,2022-07-27 22:12:00,2022-07-27 22:13:00,2022-07-27 22:15:00,True,1,2,1738.9299999999998,1740.03,1.1000000000001364,4399.999999999636,4308.63999999958,threshold
368,T1/S01,long,2022-07-27 22:18:00,2022-07-27 22:33:00,2022-07-27 22:32:00,True,2,4,1738.2524755700324,1738.64,0.38752442996769787,2379.400000000332,9934.29000000147,threshold
369,T1/S01,long,2022-07-27 23:24:00,2022-07-27 23:39:00,2022-07-27 23:38:00,True,1,2,1734.6199999999997,1735.18,0.5600000000004002,2240.000000000691,4401.540000001264,threshold
1368,T5/S09,long,2022-07-28 11:12:00,2022-07-28 15:34:00,2022-07-28 15:43:00,True,2,6,1744.7041985353947,1747.93,3.2258014646054107,19822.550000000665,52184.25,threshold
370,T1/S01,long,2022-08-03 22:18:00,2022-08-03 22:25:00,2022-08-03 22:24:00,True,1,2,1764.72,1765.32,0.599999999999909,2399.999999999636,4778.739999999216,threshold
371,T1/S01,long,2022-08-03 23:48:00,2022-08-03 23:52:00,2022-08-03 23:52:00,True,1,2,1764.9299999999998,1765.84,0.9100000000000819,3639.999999999418,4314.7499999996435,threshold
372,T1/S01,long,2022-08-03 23:54:00,2022-08-04 03:34:00,2022-08-04 03:33:00,True,2,4,1765.2230944625405,1765.69,0.46690553745952457,2866.8000000007987,9032.1000000025,threshold
373,T1/S01,long,2022-08-04 22:00:00,2022-08-04 22:50:00,2022-08-05 03:33:00,True,3,6,1793.3621207234187,1794.02,0.6578792765812977,5711.049999999893,13795.6,threshold
693,T2/S03,long,2022-08-04 22:30:00,2022-08-05 03:21:00,2022-08-04 22:49:00,True,1,2,1792.95,1793.48,0.5299999999999727,2119.999999999891,6218.879999999714,threshold
1046,T2/S04,long,2022-08-08 19:00:00,2022-08-08 19:21:00,2022-08-08 19:17:00,True,1,2,1787.3,1787.79,0.4900000000000091,1960.0000000000364,4984.5600000008635,threshold
1613,T6/S12,short,2022-08-10 08:00:00,2022-08-10 08:17:00,2022-08-10 08:16:00,True,1,2,1790.39,1788.8,1.5900000000001455,6360.000000000582,12041.440000001658,threshold
1614,T6/S12,short,2022-08-10 08:24:00,2022-08-10 10:23:00,2022-08-10 14:04:00,True,3,4,1791.2306264027748,1789.96,1.2706264027747238,12454.679999998907,18194.049999997907,threshold
1047,T2/S04,long,2022-08-12 19:45:00,2022-08-12 20:05:00,2022-08-12 20:04:00,True,1,2,1798.15,1799.32,1.1699999999998454,4679.9999999993815,9337.769999998767,threshold
374,T1/S01,long,2022-08-12 22:54:00,2022-08-12 23:54:00,2022-08-12 23:53:00,True,2,6,1801.3749185667752,1801.72,0.34508143322477736,2118.8000000000825,8641.079999999418,threshold
1615,T6/S12,short,2022-08-15 08:12:00,2022-08-15 08:25:00,2022-08-15 08:24:00,True,1,3,1793.86,1792.38,1.4799999999997908,5919.999999999163,11145.019999998978,threshold
1616,T6/S12,short,2022-08-15 08:36:00,2022-08-15 09:14:00,2022-08-15 09:13:00,True,1,3,1793.02,1791.74,1.2799999999999727,5119.999999999891,9487.200000000512,threshold
1617,T6/S12,short,2022-08-19 08:00:00,2022-08-19 11:05:00,2022-08-19 11:04:00,True,2,6,1753.7498000689418,1752.48,1.2698000689417768,7367.379999999625,25144.08000000095,threshold
694,T2/S03,long,2022-08-23 22:00:00,2022-08-23 22:12:00,2022-08-23 22:11:00,True,1,3,1746.14,1746.68,0.5399999999999636,2159.9999999998545,4459.9499999996315,threshold
695,T2/S03,long,2022-08-23 22:15:00,2022-08-23 22:19:00,2022-08-23 22:18:00,True,1,3,1746.58,1747.3,0.7200000000000273,2880.000000000109,5845.680000000221,threshold
696,T2/S03,long,2022-08-23 22:30:00,2022-08-23 22:36:00,2022-08-23 22:35:00,True,1,3,1747.0700000000002,1747.62,0.5499999999997272,2199.999999999818,4390.199999999704,threshold
697,T2/S03,long,2022-08-23 22:45:00,2022-08-23 22:56:00,2022-08-23 22:55:00,True,1,3,1746.55,1747.11,0.5599999999999454,2239.9999999997817,4476.44999999963,threshold
1618,T6/S12,short,2022-08-29 08:00:00,2022-08-29 09:17:00,2022-08-29 09:17:00,True,2,6,1723.473588417787,1722.34,1.1335884177869957,6577.080000000344,20532.9600000017,threshold
1048,T2/S04,long,2022-08-29 19:00:00,2022-08-29 21:04:00,2022-08-29 21:00:00,True,3,9,1738.803333333333,1739.18,0.3766666666670062,4520.000000001346,17278.78999999918,threshold
1049,T2/S04,long,2022-09-02 19:00:00,2022-09-02 21:31:00,2022-09-02 21:29:00,True,4,12,1713.4949999999997,1714.23,0.7350000000003547,11760.000000001128,18257.279999998354,threshold
698,T2/S03,long,2022-09-07 22:00:00,2022-09-07 22:05:00,2022-09-07 22:04:00,True,1,3,1714.86,1715.41,0.5500000000001819,2200.0000000007276,4543.0000000015025,threshold
699,T2/S03,long,2022-09-07 22:15:00,2022-09-07 22:58:00,2022-09-07 22:54:00,True,1,3,1716.83,1717.33,0.5,2000.0,4465.259999999699,threshold
375,T1/S01,long,2022-09-07 23:36:00,2022-09-07 23:45:00,2022-09-07 23:44:00,True,1,3,1718.06,1718.77,0.7100000000000364,2840.0000000001455,5794.600000000377,threshold
376,T1/S01,long,2022-09-07 23:48:00,2022-09-08 04:29:00,2022-09-08 04:28:00,True,2,6,1718.1667426710096,1718.68,0.5132573289904485,3151.400000000053,12435.0,threshold
700,T2/S03,long,2022-09-16 22:30:00,2022-09-16 23:30:00,2022-09-16 23:29:00,True,1,3,1674.53,1675.15,0.6200000000001182,2480.000000000473,5654.200000000529,threshold
377,T1/S01,long,2022-09-19 23:30:00,2022-09-20 03:01:00,2022-09-20 03:00:00,True,1,3,1675.7,1676.78,1.0799999999999272,4319.999999999709,9574.899999998865,threshold
1619,T6/S12,short,2022-09-20 08:36:00,2022-09-20 08:58:00,2022-09-20 08:57:00,True,1,3,1672.2900000000002,1671.04,1.2500000000002274,5000.0,9930.550000000456,threshold
1620,T6/S12,short,2022-09-21 08:00:00,2022-09-21 17:33:00,2022-09-21 17:36:00,True,6,21,1668.6595360469569,1667.08,1.579536046956946,30947.060000001104,85908.54999999604,threshold
1369,T5/S09,long,2022-09-27 10:00:00,2022-09-27 10:04:00,2022-09-27 10:03:00,True,1,3,1635.64,1637.67,2.0299999999999727,8119.999999999891,17159.369999999923,threshold
1370,T5/S09,long,2022-09-27 10:12:00,2022-09-27 10:29:00,2022-09-27 10:26:00,True,1,3,1638.4100000000003,1640.32,1.909999999999627,7639.999999999418,17484.839999999687,threshold
1371,T5/S09,long,2022-09-27 10:36:00,2022-09-27 13:38:00,2022-09-27 14:22:00,True,2,6,1636.7508055329536,1639.32,2.5691944670463727,15787.699999999651,35628.84000000086,threshold
1050,T2/S04,long,2022-09-28 19:00:00,2022-09-28 19:01:00,2022-09-28 19:00:00,True,1,3,1658.8699999999997,1659.87,1.0000000000002274,4000.0,8677.0,threshold
1051,T2/S04,long,2022-09-28 19:15:00,2022-09-28 19:53:00,2022-09-28 19:52:00,True,3,9,1658.2133333333334,1659.17,0.9566666666667061,11480.000000001382,23041.75000000277,threshold
701,T2/S03,long,2022-09-28 22:00:00,2022-09-29 04:31:00,2022-09-29 04:18:00,True,6,18,1657.5512894467338,1658.36,0.8087105532661099,16977.664999998407,41694.5700000058,threshold
1621,T6/S12,short,2022-09-29 09:24:00,2022-09-29 10:26:00,2022-09-29 10:26:00,True,2,6,1645.0225991037573,1643.56,1.462599103757384,8485.999999999927,23295.36000000088,threshold
1052,T2/S04,long,2022-10-03 19:00:00,2022-10-03 19:03:00,2022-10-03 19:02:00,True,1,3,1690.3800000000003,1691.19,0.8099999999997181,3239.9999999997817,7806.479999998951,threshold
1053,T2/S04,long,2022-10-03 19:15:00,2022-10-03 19:41:00,2022-10-03 19:40:00,True,2,6,1689.825,1690.47,0.6449999999999818,5159.9999999998545,11107.5,threshold
1054,T2/S04,long,2022-10-03 19:45:00,2022-10-03 19:50:00,2022-10-03 19:49:00,True,1,3,1690.23,1690.75,0.5199999999999818,2079.9999999999272,5522.959999999028,threshold
378,T1/S01,long,2022-10-03 22:00:00,2022-10-03 22:27:00,2022-10-03 22:27:00,True,3,9,1697.8586994585876,1698.54,0.6813005414123836,5914.3700000001945,15610.0,threshold
702,T2/S03,long,2022-10-03 22:00:00,2022-10-03 22:27:00,2022-10-03 22:27:00,True,3,9,1697.9042286205413,1698.54,0.6357713794586743,5917.760000000228,15610.0,threshold
703,T2/S03,long,2022-10-03 22:30:00,2022-10-03 22:31:00,2022-10-03 22:30:00,True,1,3,1697.75,1698.58,0.8299999999999272,3319.999999999709,7724.519999999102,threshold
704,T2/S03,long,2022-10-03 22:45:00,2022-10-03 22:47:00,2022-10-03 22:46:00,True,1,3,1699.45,1699.96,0.5099999999999909,2039.9999999999636,4588.469999999918,threshold
1298,T4/S08,long,2022-10-04 10:00:00,2022-10-04 10:08:00,2022-10-04 10:08:00,True,1,3,1706.11,1709.09,2.980000000000018,11920.000000000073,14050.920000001557,threshold
1299,T4/S08,long,2022-10-04 10:10:00,2022-10-04 10:20:00,2022-10-04 13:22:00,True,2,3,1708.5019170832109,1710.71,2.2080829167891807,11264.534999999878,14275.299999999343,threshold
1300,T4/S08,long,2022-10-04 10:25:00,2022-10-04 12:03:00,2022-10-04 13:22:00,True,2,6,1708.3999862785454,1710.71,2.310013721454652,11784.535000000315,27460.89000000181,threshold
379,T1/S01,long,2022-10-05 22:00:00,2022-10-05 22:17:00,2022-10-05 22:16:00,True,1,3,1717.2900000000002,1718.0,0.709999999999809,2840.0000000001455,6473.780000000332,threshold
380,T1/S01,long,2022-10-05 22:18:00,2022-10-06 02:18:00,2022-10-06 02:19:00,True,3,9,1717.1109849095726,1717.7,0.5890150904274378,5113.240000000435,30314.91999999942,threshold
1055,T2/S04,long,2022-10-11 19:30:00,2022-10-11 19:41:00,2022-10-11 19:40:00,True,1,3,1682.1300000000003,1682.99,0.8599999999996726,3439.9999999996,7823.399999999163,threshold
1056,T2/S04,long,2022-10-11 19:45:00,2022-10-11 19:47:00,2022-10-11 19:46:00,True,1,3,1681.94,1682.44,0.5,2000.0,4702.199999999916,threshold
1622,T6/S12,short,2022-10-19 08:00:00,2022-10-19 09:02:00,2022-10-19 09:04:00,True,1,3,1646.35,1644.71,1.6399999999998727,6559.999999999491,9875.029999999413,threshold
1057,T2/S04,long,2022-10-21 19:00:00,2022-10-21 19:02:00,2022-10-21 19:01:00,True,1,3,1650.9599999999998,1651.82,0.8600000000001273,3439.9999999996,8416.589999998654,threshold
1058,T2/S04,long,2022-10-21 19:15:00,2022-10-21 19:25:00,2022-10-21 19:24:00,True,2,6,1649.6150000000002,1650.52,0.9049999999997453,7239.999999999782,16122.840000000084,threshold
1059,T2/S04,long,2022-10-21 19:30:00,2022-10-21 19:32:00,2022-10-21 19:31:00,True,1,3,1648.95,1649.89,0.9400000000000546,3760.0000000002183,9019.060000000254,threshold
1060,T2/S04,long,2022-10-21 19:45:00,2022-10-21 19:46:00,2022-10-21 19:45:00,True,1,3,1651.15,1652.24,1.0899999999999181,4359.999999999673,10247.599999999153,threshold
705,T2/S03,long,2022-10-21 22:00:00,2022-10-21 22:11:00,2022-10-21 22:10:00,True,1,3,1654.0400000000002,1654.7,0.6599999999998545,2640.0000000003274,6349.160000000595,threshold
706,T2/S03,long,2022-10-21 22:15:00,2022-10-21 22:18:00,2022-10-21 22:17:00,True,1,3,1654.8800000000003,1656.03,1.1499999999996362,4599.999999999454,10751.349999998725,threshold
381,T1/S01,long,2022-10-21 22:18:00,2022-10-21 22:22:00,2022-10-21 22:21:00,True,1,3,1656.08,1656.76,0.6800000000000637,2720.0000000002547,6357.320000000595,threshold
382,T1/S01,long,2022-10-21 22:24:00,2022-10-21 23:40:00,2022-10-21 23:41:00,True,2,6,1655.9723452768728,1656.62,0.6476547231270615,3976.599999999303,8726.189999998463,threshold
707,T2/S03,long,2022-10-21 22:30:00,2022-10-21 23:40:00,2022-10-21 23:39:00,True,2,6,1655.3418133183163,1655.9,0.5581866816837646,3964.800000000424,18765.999999997865,threshold
1623,T6/S12,short,2022-10-25 09:00:00,2022-10-25 10:15:00,2022-10-25 10:26:00,True,2,6,1648.7222233712514,1647.16,1.5622233712513207,9064.019999999402,19253.5200000018,threshold
383,T1/S01,long,2022-10-28 23:00:00,2022-10-31 02:06:00,2022-10-31 01:15:00,True,2,6,1644.5385342019545,1645.31,0.7714657980454831,4736.7999999995845,12793.949999999139,threshold
708,T2/S03,long,2022-11-03 22:00:00,2022-11-04 02:04:00,2022-11-04 02:03:00,True,2,6,1630.3148162748134,1630.84,0.5251837251864799,3730.379999999226,11498.629999998186,threshold
1061,T2/S04,long,2022-11-04 19:30:00,2022-11-04 19:37:00,2022-11-04 19:35:00,True,1,3,1673.3200000000002,1673.83,0.5099999999997635,2039.9999999999636,5334.560000001646,threshold
1062,T2/S04,long,2022-11-04 19:45:00,2022-11-04 19:55:00,2022-11-04 19:54:00,True,1,3,1674.3800000000003,1674.93,0.5499999999997272,2199.999999999818,5244.799999999566,threshold
384,T1/S01,long,2022-11-04 22:00:00,2022-11-04 22:20:00,2022-11-04 22:19:00,True,1,3,1680.77,1681.55,0.7799999999999727,3119.999999999891,7446.65999999974,threshold
709,T2/S03,long,2022-11-04 22:00:00,2022-11-04 22:20:00,2022-11-04 22:19:00,True,1,3,1680.77,1681.55,0.7799999999999727,3119.999999999891,7446.65999999974,threshold
385,T1/S01,long,2022-11-04 22:24:00,2022-11-07 01:11:00,2022-11-07 01:07:00,True,2,12,1675.451290322581,1677.22,1.7687096774191104,3838.1000000002928,-31316.789999999826,threshold
710,T2/S03,long,2022-11-04 22:30:00,2022-11-07 01:11:00,2022-11-07 01:07:00,True,2,33,1675.4287934886688,1677.22,1.791206511331211,5611.850000000426,121962.67000000489,threshold
1063,T2/S04,long,2022-11-08 19:00:00,2022-11-08 19:01:00,2022-11-08 19:00:00,True,1,3,1715.19,1716.2,1.009999999999991,4039.9999999999636,9981.82999999991,threshold
1064,T2/S04,long,2022-11-08 19:15:00,2022-11-08 19:27:00,2022-11-08 19:23:00,True,1,3,1711.7599999999998,1712.24,0.48000000000024556,1920.0000000000728,6635.0100000007205,threshold
1065,T2/S04,long,2022-11-08 19:30:00,2022-11-08 19:36:00,2022-11-08 19:35:00,True,1,3,1712.61,1713.14,0.5300000000002001,2120.0000000008004,5255.480000001984,threshold
1066,T2/S04,long,2022-11-08 19:45:00,2022-11-08 19:56:00,2022-11-08 19:55:00,True,1,3,1713.4900000000002,1714.03,0.5399999999997362,2159.9999999998545,5360.579999999639,threshold
711,T2/S03,long,2022-11-08 22:00:00,2022-11-08 22:02:00,2022-11-08 22:01:00,True,1,3,1711.75,1712.36,0.6099999999999,2439.9999999996,6062.179999999005,threshold
712,T2/S03,long,2022-11-08 22:15:00,2022-11-08 22:32:00,2022-11-08 22:31:00,True,1,3,1711.78,1712.65,0.8700000000001182,3480.000000000473,8656.500000001177,threshold
713,T2/S03,long,2022-11-08 22:45:00,2022-11-08 22:47:00,2022-11-08 22:46:00,True,1,3,1711.69,1712.4,0.7100000000000364,2840.0000000001455,7176.240000000273,threshold
1067,T2/S04,long,2022-11-10 19:00:00,2022-11-10 19:19:00,2022-11-10 19:18:00,True,2,6,1749.0949999999998,1749.71,0.6150000000002365,4920.000000000982,12276.630000000181,threshold
1068,T2/S04,long,2022-11-10 19:30:00,2022-11-10 19:57:00,2022-11-10 19:55:00,True,2,6,1748.2900000000002,1748.79,0.4999999999997726,3999.9999999990905,16509.90000000091,threshold
714,T2/S03,long,2022-11-10 22:00:00,2022-11-10 22:59:00,2022-11-10 22:58:00,True,1,3,1754.17,1755.13,0.9600000000000364,3840.0000000001455,9436.659999998265,threshold
386,T1/S01,long,2022-11-10 22:18:00,2022-11-10 22:59:00,2022-11-10 22:38:00,True,2,3,1753.7171986970686,1754.16,0.44280130293145703,2718.8000000004463,8733.929999998905,threshold
387,T1/S01,long,2022-11-10 23:00:00,2022-11-10 23:09:00,2022-11-10 23:08:00,True,1,3,1755.7599999999998,1756.64,0.8800000000003365,3520.0000000004366,8664.499999998992,threshold
388,T1/S01,long,2022-11-10 23:12:00,2022-11-10 23:26:00,2022-11-10 23:25:00,True,2,6,1756.034918566775,1756.68,0.6450814332249593,3960.800000000713,17259.030000002662,threshold
389,T1/S01,long,2022-11-11 23:48:00,2022-11-14 10:02:00,2022-11-14 15:21:00,True,7,15,1760.428999377722,1762.82,2.391000622277943,57635.0699999988,28760.680000006083,threshold
1069,T2/S04,long,2022-11-14 19:00:00,2022-11-14 19:03:00,2022-11-14 19:02:00,True,1,3,1769.7599999999998,1770.4,0.6400000000003274,2560.0000000004,6518.400000001019,threshold
1070,T2/S04,long,2022-11-14 19:15:00,2022-11-14 19:17:00,2022-11-14 19:16:00,True,1,3,1770.27,1771.02,0.75,3000.0,7342.560000000278,threshold
1071,T2/S04,long,2022-11-14 19:30:00,2022-11-14 19:38:00,2022-11-14 19:37:00,True,1,3,1771.6300000000003,1772.51,0.8799999999996544,3519.999999999527,8680.199999999071,threshold
1072,T2/S04,long,2022-11-14 19:45:00,2022-11-14 19:52:00,2022-11-14 19:50:00,True,1,3,1770.1199999999997,1770.58,0.46000000000026375,1840.0000000001455,6956.400000000651,threshold
715,T2/S03,long,2022-11-14 22:00:00,2022-11-14 22:01:00,2022-11-14 22:00:00,True,1,3,1773.02,1773.57,0.5499999999999545,2199.999999999818,5531.759999999627,threshold
716,T2/S03,long,2022-11-14 22:15:00,2022-11-14 22:21:00,2022-11-14 22:20:00,True,1,3,1772.44,1773.06,0.6199999999998909,2479.9999999995634,6255.549999998974,threshold
717,T2/S03,long,2022-11-14 22:30:00,2022-11-14 22:53:00,2022-11-14 22:52:00,True,1,3,1772.3,1772.86,0.5599999999999454,2239.9999999997817,5954.860000001588,threshold
390,T1/S01,long,2022-11-15 23:18:00,2022-11-16 01:13:00,2022-11-16 01:13:00,True,1,3,1778.56,1779.22,0.6600000000000819,2640.0000000003274,5653.449999999532,threshold
1243,T3/S06,short,2022-11-18 23:00:00,2022-11-21 02:41:00,2022-11-21 03:08:00,True,2,6,1749.7898384491116,1748.29,1.4998384491116212,9284.000000000844,10805.550000001873,threshold
1372,T5/S09,long,2022-11-23 10:00:00,2022-11-23 16:47:00,2022-11-23 16:46:00,True,3,9,1738.3633711187774,1741.98,3.6166288812225957,36690.70000000032,103326.23999999982,threshold
391,T1/S01,long,2022-11-23 22:00:00,2022-11-24 01:51:00,2022-11-24 01:52:00,True,2,6,1751.497654723127,1752.1,0.6023452768729385,3698.3999999995553,10729.3800000022,threshold
718,T2/S03,long,2022-11-23 22:00:00,2022-11-24 01:51:00,2022-11-24 01:52:00,True,2,6,1751.2454990848937,1752.1,0.8545009151062004,6069.519999999418,10729.3800000022,threshold
392,T1/S01,long,2022-11-30 23:00:00,2022-12-01 01:05:00,2022-12-01 01:05:00,True,2,6,1769.517654723127,1770.33,0.8123452768729749,4987.799999999779,11618.19999999904,threshold
1073,T2/S04,long,2022-12-01 19:00:00,2022-12-01 19:29:00,2022-12-01 19:26:00,True,2,6,1801.4099999999999,1801.76,0.3500000000001364,2800.000000000182,11537.649999999134,threshold
1074,T2/S04,long,2022-12-01 19:30:00,2022-12-01 21:17:00,2022-12-01 21:16:00,True,2,6,1801.3349999999998,1802.02,0.6850000000001728,5479.999999999563,13472.159999999807,threshold
393,T1/S01,long,2022-12-02 22:30:00,2022-12-05 01:32:00,2022-12-05 01:31:00,True,3,9,1797.648899896325,1798.25,0.6011001036749803,5218.150000000009,23077.949999998356,threshold
719,T2/S03,long,2022-12-02 22:30:00,2022-12-05 01:32:00,2022-12-05 01:31:00,True,3,9,1797.7203545337345,1798.25,0.5296454662654924,4929.940000000011,23077.949999998356,threshold
1624,T6/S12,short,2022-12-05 09:24:00,2022-12-05 09:45:00,2022-12-05 09:44:00,True,1,3,1800.56,1799.05,1.509999999999991,6039.999999999964,15017.799999998537,threshold
1244,T3/S06,short,2022-12-05 23:00:00,2022-12-06 07:32:00,2022-12-06 08:20:00,True,3,12,1769.7812158707436,1768.53,1.2512158707436356,12235.640000000181,35605.66999999453,threshold
394,T1/S01,long,2022-12-07 22:00:00,2022-12-08 15:06:00,2022-12-08 15:36:00,True,5,15,1786.3609830508474,1790.87,4.50901694915251,73158.79999999842,33894.769999998716,threshold
1075,T2/S04,long,2022-12-16 19:00:00,2022-12-16 19:01:00,2022-12-16 19:00:00,True,1,3,1788.7099999999998,1789.29,0.5800000000001546,2319.999999999709,6319.679999999207,threshold
1076,T2/S04,long,2022-12-16 19:15:00,2022-12-16 19:20:00,2022-12-16 19:19:00,True,1,3,1789.5899999999997,1790.67,1.080000000000382,4320.0000000006185,11672.630000001785,threshold
1077,T2/S04,long,2022-12-16 19:30:00,2022-12-16 20:12:00,2022-12-16 20:11:00,True,2,6,1789.0700000000002,1789.87,0.7999999999997272,6399.999999998727,12024.09999999652,threshold
395,T1/S01,long,2022-12-16 22:00:00,2022-12-16 22:03:00,2022-12-16 22:19:00,True,1,3,1792.9900000000002,1793.71,0.7199999999997999,2880.000000000109,6135.359999999402,threshold
396,T1/S01,long,2022-12-16 22:06:00,2022-12-16 22:17:00,2022-12-16 22:32:00,True,1,3,1793.44,1794.25,0.8099999999999454,3239.9999999997817,-548.4499999995012,threshold
720,T2/S03,long,2022-12-16 22:15:00,2022-12-16 22:31:00,2022-12-16 22:16:00,True,1,9,1792.8200000000002,1793.39,0.5699999999999363,2280.000000000655,24598.620000000097,threshold
397,T1/S01,long,2022-12-16 22:36:00,2022-12-16 23:34:00,2022-12-19 02:38:00,True,2,6,1793.2074918566775,1793.65,0.44250814332258415,2717.0000000009345,11211.8399999998,threshold
721,T2/S03,long,2022-12-20 22:00:00,2022-12-20 22:52:00,2022-12-20 22:51:00,True,2,6,1817.9960791214978,1818.63,0.6339208785022947,4502.740000000844,14240.309999997087,threshold
1625,T6/S12,short,2022-12-22 09:24:00,2022-12-22 11:28:00,2022-12-22 11:28:00,True,3,9,1817.0200000000002,1815.62,1.4000000000003183,13722.8000000018,34089.44000000171,threshold
1078,T2/S04,long,2022-12-27 19:00:00,2022-12-27 19:05:00,2022-12-27 19:04:00,True,1,3,1820.89,1821.55,0.6599999999998545,2639.999999999418,7238.399999998481,threshold
1079,T2/S04,long,2022-12-27 19:15:00,2022-12-29 07:07:00,2022-12-29 11:02:00,True,11,39,1809.8751788928084,1810.46,0.5848211071916012,24371.250000000684,84517.00000000426,threshold
1080,T2/S04,long,2022-12-29 19:45:00,2022-12-29 19:51:00,2022-12-29 19:50:00,True,1,3,1817.92,1818.51,0.5899999999999181,2359.9999999996726,6338.639999999383,threshold
1081,T2/S04,long,2023-01-06 19:00:00,2023-01-06 19:01:00,2023-01-06 19:00:00,True,1,3,1863.4900000000002,1864.25,0.7599999999997635,3039.9999999999636,8611.559999999898,threshold
1082,T2/S04,long,2023-01-06 19:15:00,2023-01-06 19:37:00,2023-01-06 19:35:00,True,2,6,1862.3799999999999,1862.74,0.36000000000012733,2880.000000000109,18271.890000001447,threshold
1083,T2/S04,long,2023-01-06 19:45:00,2023-01-06 20:06:00,2023-01-06 20:05:00,True,1,3,1862.15,1862.82,0.6699999999998454,2679.9999999993815,7628.61999999824,threshold
722,T2/S03,long,2023-01-06 22:00:00,2023-01-09 01:19:00,2023-01-09 01:18:00,True,2,6,1868.1319160917922,1868.83,0.6980839082077637,4958.48999999952,17443.52999999969,threshold
398,T1/S01,long,2023-01-06 22:00:00,2023-01-09 01:19:00,2023-01-09 01:18:00,True,2,6,1868.3094462540714,1868.83,0.5205537459285097,3196.1999999995896,17443.52999999969,threshold
1626,T6/S12,short,2023-01-13 08:00:00,2023-01-13 13:59:00,2023-01-13 13:58:00,True,7,21,1901.6577414432554,1900.0,1.6577414432554178,39110.26500000109,105877.33000000543,threshold
1373,T5/S09,long,2023-01-13 11:12:00,2023-01-13 16:37:00,2023-01-13 16:36:00,True,3,9,1903.0170280926563,1905.6,2.5829719073435626,26204.249999999236,77765.91999999853,threshold
723,T2/S03,long,2023-01-13 22:00:00,2023-01-13 22:55:00,2023-01-13 22:54:00,True,1,3,1920.1600000000003,1921.39,1.2299999999997908,4920.000000000073,14560.740000000216,threshold
399,T1/S01,long,2023-01-19 22:00:00,2023-01-19 22:03:00,2023-01-19 22:02:00,True,1,3,1929.8,1930.74,0.9400000000000546,3760.0000000002183,11256.500000000653,threshold
724,T2/S03,long,2023-01-19 22:00:00,2023-01-19 22:03:00,2023-01-19 22:02:00,True,1,3,1929.8,1930.74,0.9400000000000546,3760.0000000002183,11256.500000000653,threshold
400,T1/S01,long,2023-01-19 22:06:00,2023-01-19 22:10:00,2023-01-19 22:09:00,True,1,4,1931.3699999999997,1932.51,1.1400000000003274,4560.0000000004,13943.200000000983,threshold
401,T1/S01,long,2023-01-19 22:12:00,2023-01-19 22:14:00,2023-01-19 22:13:00,True,1,4,1933.8200000000002,1934.66,0.8399999999999181,3360.000000000582,10120.320000001753,threshold
725,T2/S03,long,2023-01-19 22:15:00,2023-01-19 22:58:00,2023-01-20 03:24:00,True,4,24,1932.486883752447,1933.74,1.2531162475529527,16643.890000000698,59317.71000000109,threshold
402,T1/S01,long,2023-01-19 22:18:00,2023-01-19 22:58:00,2023-01-19 22:57:00,True,3,28,1932.9926091464117,1933.62,0.6273908535881674,5446.379999999555,34934.7600000012,threshold
1627,T6/S12,short,2023-01-23 09:00:00,2023-01-23 09:28:00,2023-01-23 09:27:00,True,1,4,1922.5899999999997,1920.77,1.819999999999709,7279.999999999745,20667.359999997985,threshold
1628,T6/S12,short,2023-01-23 09:36:00,2023-01-23 10:03:00,2023-01-23 10:02:00,True,1,4,1920.5400000000002,1919.35,1.190000000000282,4760.000000000218,13578.399999998877,threshold
403,T1/S01,long,2023-01-23 23:36:00,2023-01-24 01:24:00,2023-01-24 01:23:00,True,1,4,1931.73,1932.31,0.5799999999999272,2319.999999999709,7298.889999998987,threshold
404,T1/S01,long,2023-01-24 22:54:00,2023-01-24 23:00:00,2023-01-24 22:59:00,True,1,4,1937.2900000000002,1937.86,0.569999999999709,2279.9999999997453,7060.019999999211,threshold
1629,T6/S12,short,2023-01-25 08:12:00,2023-01-25 09:33:00,2023-01-25 09:32:00,True,4,16,1930.2159187386294,1928.99,1.2259187386293888,16172.319999999574,53815.99999999335,threshold
1084,T2/S04,long,2023-01-25 19:45:00,2023-01-25 20:03:00,2023-01-25 20:02:00,True,2,8,1939.0199999999998,1939.66,0.6400000000003274,5120.0000000008,14506.960000001023,threshold
726,T2/S03,long,2023-01-25 22:00:00,2023-01-25 22:03:00,2023-01-25 22:02:00,True,1,4,1942.48,1943.38,0.900000000000091,3600.000000000364,12786.719999999772,threshold
405,T1/S01,long,2023-01-25 22:06:00,2023-01-25 22:38:00,2023-01-25 22:55:00,True,3,8,1945.6547794032947,1946.18,0.5252205967053669,4559.440000000362,2512.400000000571,threshold
727,T2/S03,long,2023-01-25 22:15:00,2023-01-25 22:57:00,2023-01-25 22:36:00,True,1,8,1944.7099999999998,1945.22,0.5100000000002183,2039.9999999999636,30796.620000000574,threshold
406,T1/S01,long,2023-01-25 23:00:00,2023-01-26 01:12:00,2023-01-26 01:06:00,True,2,4,1946.3137133550485,1946.87,0.5562866449513422,3415.599999999813,7983.990000001383,threshold
1085,T2/S04,long,2023-01-31 19:00:00,2023-01-31 19:06:00,2023-01-31 19:05:00,True,1,4,1927.52,1928.04,0.5199999999999818,2079.9999999999272,6480.059999999885,threshold
1086,T2/S04,long,2023-01-31 19:15:00,2023-01-31 19:17:00,2023-01-31 19:16:00,True,1,4,1928.2900000000002,1928.82,0.5299999999997453,2119.999999999891,6613.879999999768,threshold
1087,T2/S04,long,2023-01-31 19:30:00,2023-01-31 20:32:00,2023-01-31 20:30:00,True,1,4,1930.0,1930.47,0.4700000000000273,1880.0000000001091,7765.909999998727,threshold
728,T2/S03,long,2023-01-31 22:00:00,2023-02-01 03:02:00,2023-02-01 06:14:00,True,3,8,1927.537650408251,1928.07,0.5323495917489254,4955.109999999488,13257.919999999536,threshold
407,T1/S01,long,2023-02-01 23:18:00,2023-02-02 01:05:00,2023-02-02 01:05:00,True,2,8,1951.099315960912,1952.43,1.3306840390880552,8170.400000000162,52501.13999999872,threshold
1245,T3/S06,short,2023-02-02 23:00:00,2023-02-02 23:07:00,2023-02-02 23:06:00,True,1,4,1912.7900000000002,1911.76,1.0300000000002,4119.999999999891,11461.41999999836,threshold
1246,T3/S06,short,2023-02-02 23:10:00,2023-02-02 23:26:00,2023-02-03 09:35:00,True,2,4,1913.5404523424882,1911.07,2.4704523424882154,15292.10000000101,6580.020000002816,threshold
1247,T3/S06,short,2023-02-09 23:00:00,2023-02-10 02:04:00,2023-02-10 02:03:00,True,1,4,1860.7900000000002,1859.93,0.8600000000001273,3439.9999999996,9427.950000000235,threshold
1630,T6/S12,short,2023-02-15 08:36:00,2023-02-15 08:47:00,2023-02-15 09:31:00,True,1,4,1843.44,1841.75,1.6900000000000546,6760.000000000218,13063.339999999882,threshold
1631,T6/S12,short,2023-02-15 08:48:00,2023-02-15 09:32:00,2023-02-15 09:31:00,True,2,8,1843.1504825922098,1841.75,1.4004825922097552,8125.599999999845,47174.39999999835,threshold
1088,T2/S04,long,2023-02-17 19:00:00,2023-02-17 19:02:00,2023-02-17 19:01:00,True,1,4,1839.7,1841.73,2.0299999999999727,8119.999999999891,26893.299999999286,threshold
1089,T2/S04,long,2023-02-17 19:15:00,2023-02-17 19:16:00,2023-02-17 19:15:00,True,1,4,1841.25,1841.74,0.4900000000000091,1960.0000000000364,6685.079999999881,threshold
1090,T2/S04,long,2023-02-17 19:30:00,2023-02-17 20:35:00,2023-02-17 19:32:00,True,1,8,1842.0899999999997,1842.55,0.46000000000026375,1840.0000000001455,13515.659999999642,threshold
729,T2/S03,long,2023-02-17 22:00:00,2023-02-17 22:09:00,2023-02-17 22:08:00,True,1,4,1842.89,1843.46,0.5699999999999363,2279.9999999997453,7100.459999999522,threshold
730,T2/S03,long,2023-02-17 22:15:00,2023-02-17 22:23:00,2023-02-17 22:22:00,True,1,4,1842.75,1843.31,0.5599999999999454,2239.9999999997817,7502.909999999162,threshold
408,T1/S01,long,2023-02-17 22:18:00,2023-02-17 23:10:00,2023-02-17 23:09:00,True,2,8,1842.397328990228,1842.84,0.4426710097718569,2717.9999999995375,-9352.63000000048,threshold
731,T2/S03,long,2023-02-17 22:30:00,2023-02-17 23:10:00,2023-02-20 03:11:00,True,4,4,1840.0078670380967,1840.15,0.14213296190337132,1887.8100000020368,3821.6199999995206,threshold
732,T2/S03,long,2023-02-20 01:09:00,2023-02-20 03:25:00,2023-02-20 03:11:00,True,3,12,1839.4494058874088,1840.15,0.7005941125912614,6521.130000000885,61836.839999997836,threshold
1091,T2/S04,long,2023-02-28 19:00:00,2023-02-28 19:02:00,2023-02-28 19:01:00,True,1,4,1826.8399999999997,1827.84,1.0000000000002274,4000.0,13291.0,threshold
1092,T2/S04,long,2023-02-28 19:15:00,2023-02-28 19:26:00,2023-02-28 19:19:00,True,1,4,1829.05,1829.51,0.4600000000000364,1840.0000000001455,9188.040000000727,threshold
1093,T2/S04,long,2023-02-28 19:30:00,2023-02-28 19:35:00,2023-02-28 19:34:00,True,1,4,1830.5,1831.13,0.6300000000001091,2520.0000000004366,8535.040000001334,threshold
1094,T2/S04,long,2023-02-28 19:45:00,2023-02-28 19:54:00,2023-02-28 19:52:00,True,1,4,1829.7,1830.18,0.4800000000000182,1920.0000000000728,9213.57000000073,threshold
733,T2/S03,long,2023-02-28 22:00:00,2023-03-01 03:48:00,2023-03-01 03:41:00,True,4,16,1826.6051460623403,1826.85,0.24485393765962726,3252.1499999986863,27143.129999999637,threshold
409,T1/S01,long,2023-03-03 22:00:00,2023-03-03 22:04:00,2023-03-03 22:03:00,True,1,4,1853.5099999999998,1854.37,0.8600000000001273,3439.9999999996,11614.29999999865,threshold
410,T1/S01,long,2023-03-03 22:06:00,2023-03-03 22:13:00,2023-03-03 22:12:00,True,1,4,1854.6300000000003,1856.16,1.5299999999997453,6119.999999999891,20697.839999999633,threshold
411,T1/S01,long,2023-03-03 22:18:00,2023-03-03 22:21:00,2023-03-03 22:20:00,True,1,4,1854.31,1854.99,0.6800000000000637,2720.0000000002547,8819.850000001234,threshold
412,T1/S01,long,2023-03-03 22:24:00,2023-03-06 04:57:00,2023-03-03 22:53:00,True,2,24,1854.1432885595184,1854.76,0.6167114404815948,1331.4799999997445,31785.659999998887,threshold
1632,T6/S12,short,2023-03-15 08:36:00,2023-03-15 09:24:00,2023-03-15 09:29:00,True,2,8,1899.786832126853,1898.65,1.1368321268528234,6595.899999999418,29278.979999998377,threshold
1095,T2/S04,long,2023-03-15 19:00:00,2023-03-15 19:03:00,2023-03-15 19:02:00,True,1,4,1933.6300000000003,1934.2,0.569999999999709,2279.9999999997453,7867.7099999991215,threshold
1096,T2/S04,long,2023-03-17 19:00:00,2023-03-17 19:01:00,2023-03-17 19:00:00,True,1,4,1961.86,1962.44,0.5800000000001546,2320.0000000006185,8153.210000002011,threshold
1097,T2/S04,long,2023-03-17 19:15:00,2023-03-17 19:17:00,2023-03-17 19:16:00,True,1,4,1962.5700000000002,1963.72,1.1499999999998636,4600.000000000364,16188.120000001007,threshold
1098,T2/S04,long,2023-03-17 19:30:00,2023-03-17 19:32:00,2023-03-17 19:31:00,True,1,4,1968.6300000000003,1969.91,1.2799999999997453,5119.999999999891,19000.529999998485,threshold
1099,T2/S04,long,2023-03-17 19:45:00,2023-03-17 19:46:00,2023-03-17 19:45:00,True,1,4,1971.58,1972.2,0.6200000000001182,2480.000000000473,7926.4200000022765,threshold
1301,T4/S08,long,2023-03-20 09:00:00,2023-03-20 09:03:00,2023-03-20 09:02:00,True,1,4,1988.83,1990.9,2.0700000000001637,8280.000000000655,29514.640000001644,threshold
1302,T4/S08,long,2023-03-20 09:05:00,2023-03-20 09:07:00,2023-03-20 09:06:00,True,1,4,1992.05,1995.31,3.259999999999991,13039.999999999964,45298.440000000126,threshold
1303,T4/S08,long,2023-03-20 09:10:00,2023-03-20 09:18:00,2023-03-20 09:18:00,True,2,8,1996.8385053415661,1998.72,1.881494658433894,9598.445000000484,58539.51999999795,threshold
1304,T4/S08,long,2023-03-20 09:20:00,2023-03-20 09:23:00,2023-03-20 09:24:00,True,1,4,1998.48,2002.67,4.190000000000055,16760.00000000022,21991.399999999354,threshold
1305,T4/S08,long,2023-03-20 09:25:00,2023-03-20 09:26:00,2023-03-20 09:25:00,True,1,4,2002.72,2004.66,1.9400000000000546,7760.000000000218,27612.020000000775,threshold
1306,T4/S08,long,2023-03-20 09:30:00,2023-03-20 09:32:00,2023-03-20 09:31:00,True,1,4,2006.1199999999997,2009.44,3.320000000000391,13280.000000000655,45721.600000000646,threshold
1307,T4/S08,long,2023-03-20 09:35:00,2023-03-20 09:41:00,2023-03-20 09:40:00,True,2,8,2006.642256199157,2008.81,2.167743800843027,11058.745000000064,93757.59999999974,threshold
1308,T4/S08,long,2023-03-20 09:45:00,2023-03-20 10:19:00,2023-03-20 10:18:00,True,5,20,2003.3194128599264,2004.76,1.4405871400736032,16635.180000000277,123082.69999999735,threshold
1309,T4/S08,long,2023-03-20 10:20:00,2023-03-20 10:35:00,2023-03-20 10:35:00,True,2,8,2003.1180417524258,2005.13,2.0119582475742845,10264.005000000881,54363.710000004445,threshold
734,T2/S03,long,2023-03-22 22:00:00,2023-03-22 22:03:00,2023-03-22 22:02:00,True,2,8,1971.9829733915244,1974.59,2.6070266084755076,18517.709999999402,80429.5799999981,threshold
735,T2/S03,long,2023-03-22 22:15:00,2023-03-23 01:49:00,2023-03-23 01:48:00,True,3,12,1968.3628233777397,1969.45,1.0871766222603583,10119.440000000639,59276.19000000096,threshold
1633,T6/S12,short,2023-03-27 09:36:00,2023-03-27 10:06:00,2023-03-27 10:05:00,True,1,4,1969.45,1968.26,1.1900000000000546,4760.000000000218,17178.26000000166,threshold
1100,T2/S04,long,2023-03-28 19:00:00,2023-03-28 19:07:00,2023-03-28 19:05:00,True,1,4,1966.73,1967.25,0.5199999999999818,2079.9999999999272,9446.319999998337,threshold
1101,T2/S04,long,2023-03-28 19:15:00,2023-03-28 19:17:00,2023-03-28 19:16:00,True,1,4,1965.8,1966.37,0.5699999999999363,2279.9999999997453,9000.45000000222,threshold
1102,T2/S04,long,2023-03-28 19:30:00,2023-03-28 19:41:00,2023-03-28 19:39:00,True,1,4,1968.2,1968.68,0.4800000000000182,1920.0000000000728,11148.560000000278,threshold
1103,T2/S04,long,2023-03-28 19:45:00,2023-03-28 20:01:00,2023-03-28 20:00:00,True,1,4,1968.7099999999998,1969.71,1.0000000000002274,4000.0,15294.0,threshold
736,T2/S03,long,2023-03-28 22:45:00,2023-03-29 12:33:00,2023-03-29 13:21:00,True,9,40,1967.573513305916,1968.46,0.886486694083942,27698.720000000398,83981.0000000177,threshold
1104,T2/S04,long,2023-03-30 19:30:00,2023-03-30 19:35:00,2023-03-30 19:34:00,True,1,4,1981.1,1981.82,0.7200000000000273,2880.000000000109,11155.680000000422,threshold
1105,T2/S04,long,2023-03-30 19:45:00,2023-03-30 19:49:00,2023-03-30 19:48:00,True,1,4,1982.1300000000003,1982.72,0.5899999999996908,2359.9999999996726,9154.439999998729,threshold
737,T2/S03,long,2023-03-30 22:15:00,2023-03-30 22:23:00,2023-03-30 22:22:00,True,1,4,1981.3,1981.89,0.5900000000001455,2360.000000000582,9009.720000002402,threshold
738,T2/S03,long,2023-03-30 22:30:00,2023-03-30 22:42:00,2023-03-30 22:41:00,True,1,4,1982.25,1983.03,0.7799999999999727,3119.999999999891,11819.519999999859,threshold
413,T1/S01,long,2023-03-30 22:42:00,2023-03-31 04:15:00,2023-03-31 04:23:00,True,3,16,1981.422914410782,1982.14,0.7170855892181862,6225.020000001554,13902.000000001559,threshold
739,T2/S03,long,2023-03-30 22:45:00,2023-03-31 04:15:00,2023-03-30 22:59:00,True,2,20,1980.6324344209852,1981.29,0.6575655790147721,2055.5500000002266,38618.64000000382,threshold
1106,T2/S04,long,2023-04-03 19:00:00,2023-04-03 19:07:00,2023-04-03 19:04:00,True,1,4,1987.98,1988.44,0.4600000000000364,1840.0000000001455,7997.309999999858,threshold
1107,T2/S04,long,2023-04-03 19:15:00,2023-04-03 19:20:00,2023-04-03 19:17:00,True,1,4,1989.6,1990.08,0.4800000000000182,1920.0000000000728,11929.719999999857,threshold
1108,T2/S04,long,2023-04-03 19:30:00,2023-04-04 15:21:00,2023-04-04 16:02:00,True,6,24,1984.932569556591,1985.73,0.7974304434089845,17282.70999999986,54551.87000000401,threshold
1109,T2/S04,long,2023-04-04 19:00:00,2023-04-04 19:03:00,2023-04-04 19:02:00,True,1,4,2020.2900000000002,2020.79,0.4999999999997726,2000.0,8548.199999999424,threshold
1110,T2/S04,long,2023-04-04 19:15:00,2023-04-04 22:01:00,2023-04-05 02:16:00,True,4,24,2021.7975,2022.43,0.6325000000001637,10119.99999999989,25671.759999994672,threshold
740,T2/S03,long,2023-04-04 22:00:00,2023-04-04 22:47:00,2023-04-04 22:00:00,True,1,16,2021.32,2021.94,0.6200000000001182,11.780000000002106,29015.209999998842,threshold
414,T1/S01,long,2023-04-10 23:06:00,2023-04-11 02:29:00,2023-04-11 02:28:00,True,1,4,1991.52,1992.1,0.5799999999999272,2319.999999999709,9254.479999998839,threshold
415,T1/S01,long,2023-04-12 22:00:00,2023-04-12 22:02:00,2023-04-12 22:01:00,True,1,4,2015.8399999999997,2016.8,0.9600000000002638,3840.0000000001455,16134.749999999854,threshold
416,T1/S01,long,2023-04-12 22:06:00,2023-04-12 22:18:00,2023-04-12 22:17:00,True,1,5,2016.8399999999997,2017.7,0.8600000000003547,3440.0000000005093,13765.160000002037,threshold
417,T1/S01,long,2023-04-12 22:24:00,2023-04-13 02:27:00,2023-04-13 02:27:00,True,3,15,2015.9919087662713,2016.79,0.7980912337286554,6928.229999999271,56763.89999999942,threshold
1634,T6/S12,short,2023-04-19 09:24:00,2023-04-19 09:25:00,2023-04-19 09:24:00,True,1,5,1991.4900000000002,1990.24,1.2500000000002274,5000.0,19806.00000000075,threshold
1635,T6/S12,short,2023-04-19 09:36:00,2023-04-19 09:59:00,2023-04-19 09:58:00,True,3,15,1992.626323199347,1991.15,1.4763231993470072,14470.919999998892,69654.44999999684,threshold
741,T2/S03,long,2023-04-19 22:00:00,2023-04-20 03:26:00,2023-04-20 03:25:00,True,2,10,1995.673553428129,1996.51,0.8364465718709653,5941.279999999536,30198.03999999909,threshold
1636,T6/S12,short,2023-04-21 08:00:00,2023-04-21 08:13:00,2023-04-21 08:13:00,True,1,5,2000.58,1999.25,1.3299999999999272,5319.999999999709,16911.43999999985,threshold
1637,T6/S12,short,2023-04-21 08:24:00,2023-04-21 08:31:00,2023-04-21 08:30:00,True,1,5,1999.61,1998.01,1.599999999999909,6399.999999999636,26005.899999999237,threshold
1638,T6/S12,short,2023-04-21 08:36:00,2023-04-21 08:51:00,2023-04-21 08:50:00,True,1,5,1995.6600000000003,1994.43,1.2300000000002456,4920.000000000073,18513.000000002296,threshold
1639,T6/S12,short,2023-04-21 09:00:00,2023-04-21 09:26:00,2023-04-21 09:26:00,True,2,10,1995.730244743192,1994.37,1.3602447431921973,7892.140000000877,45540.9000000046,threshold
418,T1/S01,long,2023-04-21 23:30:00,2023-04-24 01:42:00,2023-04-24 01:41:00,True,2,10,1983.077654723127,1983.62,0.542345276872993,3329.9999999998904,26624.05999999892,threshold
1640,T6/S12,short,2023-04-24 08:24:00,2023-04-24 16:25:00,2023-04-24 16:35:00,True,4,25,1980.908053365676,1978.62,2.2880533656762054,30184.000000001783,87266.42999999798,threshold
1111,T2/S04,long,2023-05-02 19:00:00,2023-05-02 19:02:00,2023-05-02 19:01:00,True,1,5,2014.52,2015.35,0.8299999999999272,3319.999999999709,15123.680000001876,threshold
1112,T2/S04,long,2023-05-02 19:15:00,2023-05-02 19:16:00,2023-05-02 19:15:00,True,1,5,2015.9299999999998,2016.73,0.8000000000001819,3199.999999999818,13772.799999999217,threshold
1113,T2/S04,long,2023-05-02 19:30:00,2023-05-02 19:46:00,2023-05-02 20:01:00,True,2,10,2015.6650000000002,2016.25,0.584999999999809,4679.9999999993815,25521.119999996394,threshold
742,T2/S03,long,2023-05-02 22:00:00,2023-05-02 22:01:00,2023-05-02 22:00:00,True,1,5,2014.3200000000002,2015.02,0.6999999999998181,2800.000000000182,12625.350000000315,threshold
743,T2/S03,long,2023-05-02 22:15:00,2023-05-02 22:21:00,2023-05-02 22:20:00,True,1,5,2015.6600000000003,2016.35,0.6899999999995998,2759.999999999309,12816.800000000158,threshold
744,T2/S03,long,2023-05-02 22:30:00,2023-05-02 22:36:00,2023-05-02 22:35:00,True,1,5,2015.61,2016.12,0.5099999999999909,2039.9999999999636,9366.840000003313,threshold
419,T1/S01,long,2023-05-02 22:42:00,2023-05-02 22:47:00,2023-05-02 22:46:00,True,1,5,2016.11,2017.39,1.2800000000002,5120.0000000008,21878.639999999843,threshold
745,T2/S03,long,2023-05-02 22:45:00,2023-05-02 22:47:00,2023-05-02 22:46:00,True,1,5,2016.39,2017.39,1.0,4000.0,17016.719999996367,threshold
420,T1/S01,long,2023-05-02 22:48:00,2023-05-02 22:56:00,2023-05-02 22:55:00,True,1,5,2017.1300000000003,2017.82,0.6899999999995998,2759.999999999309,12034.979999996985,threshold
421,T1/S01,long,2023-05-02 23:00:00,2023-05-03 04:17:00,2023-05-03 04:24:00,True,3,15,2016.8929996544175,2017.48,0.5870003455825099,5095.749999999874,29692.19999999682,threshold
422,T1/S01,long,2023-05-05 22:54:00,2023-05-05 22:55:00,2023-05-05 22:54:00,True,1,5,2018.14,2018.71,0.5699999999999363,2279.9999999997453,11216.63999999777,threshold
423,T1/S01,long,2023-05-10 22:18:00,2023-05-10 23:01:00,2023-05-10 23:10:00,True,2,10,2030.83325732899,2031.22,0.3867426710100972,2374.6000000007593,79492.44000000351,threshold
1641,T6/S12,short,2023-05-16 09:48:00,2023-05-16 14:34:00,2023-05-16 14:36:00,True,2,10,2007.3091175456743,2006.04,1.2691175456743622,7363.4200000005385,35502.62999999984,threshold
1248,T3/S06,short,2023-05-16 23:00:00,2023-05-16 23:15:00,2023-05-16 23:14:00,True,1,5,1989.85,1988.86,0.9900000000000091,3960.0000000000364,12059.119999997096,threshold
1249,T3/S06,short,2023-05-16 23:20:00,2023-05-17 01:05:00,2023-05-17 01:05:00,True,1,5,1989.36,1988.2,1.1599999999998545,4639.999999999418,16159.779999997416,threshold
1642,T6/S12,short,2023-05-17 09:24:00,2023-05-17 11:11:00,2023-05-17 11:11:00,True,2,10,1988.265773871079,1986.73,1.5357738710790727,8910.55999999995,35757.89999999984,threshold
424,T1/S01,long,2023-05-17 22:18:00,2023-05-18 01:47:00,2023-05-18 01:46:00,True,2,10,1983.1102280130292,1983.54,0.42977198697076346,2638.7999999996096,22506.11999999984,threshold
1643,T6/S12,short,2023-05-18 09:00:00,2023-05-18 09:52:00,2023-05-18 09:52:00,True,2,10,1978.8819165804896,1977.67,1.2119165804895147,7031.539999999931,39395.40000000082,threshold
746,T2/S03,long,2023-05-19 22:00:00,2023-05-19 23:21:00,2023-05-19 23:21:00,True,2,10,1976.3835534281288,1976.91,0.5264465718712472,3739.3500000008326,18524.549999999508,threshold
1644,T6/S12,short,2023-05-22 08:48:00,2023-05-22 09:10:00,2023-05-22 09:09:00,True,1,5,1973.35,1971.6,1.75,7000.0,27934.09999999918,threshold
1645,T6/S12,short,2023-05-22 09:12:00,2023-05-22 14:33:00,2023-05-22 14:32:00,True,5,25,1976.5903933571735,1974.95,1.6403933571734797,27064.849999999402,103586.94000000854,threshold
1114,T2/S04,long,2023-05-23 19:45:00,2023-05-23 19:47:00,2023-05-23 19:46:00,True,1,5,1973.8699999999997,1974.45,0.580000000000382,2320.0000000006185,10239.60000000316,threshold
425,T1/S01,long,2023-05-23 22:00:00,2023-05-24 01:05:00,2023-05-24 01:05:00,True,2,10,1975.8197719869706,1976.27,0.4502280130293457,2764.4000000004053,27092.880000000332,threshold
747,T2/S03,long,2023-05-23 22:00:01,2023-05-24 01:05:00,2023-05-24 01:05:00,True,2,10,1975.6217105448402,1976.27,0.6482894551597838,4604.800000000046,27092.880000000332,threshold
1250,T3/S06,short,2023-06-02 23:00:00,2023-06-05 01:05:00,2023-06-05 01:05:00,True,1,5,1948.6,1947.57,1.0299999999999727,4119.999999999891,17125.019999996985,threshold
1115,T2/S04,long,2023-06-05 19:30:00,2023-06-05 20:43:00,2023-06-05 20:42:00,True,1,5,1958.7400000000002,1959.3,0.5599999999997181,2239.9999999997817,10515.929999998825,threshold
748,T2/S03,long,2023-06-05 22:00:00,2023-06-05 22:05:00,2023-06-05 22:03:00,True,1,5,1960.89,1961.4,0.5099999999999909,2039.9999999999636,16807.699999997312,threshold
749,T2/S03,long,2023-06-05 22:15:00,2023-06-05 22:22:00,2023-06-05 22:21:00,True,1,5,1962.22,1962.78,0.5599999999999454,2239.9999999997817,10176.64999999916,threshold
426,T1/S01,long,2023-06-05 22:30:00,2023-06-06 05:13:00,2023-06-06 05:09:00,True,4,15,1961.5654053169735,1962.03,0.464594683026462,5679.669999999143,106513.0,threshold
750,T2/S03,long,2023-06-05 22:30:01,2023-06-06 05:13:00,2023-06-06 05:12:00,True,3,15,1962.5540653201547,1964.22,1.6659346798453498,15506.519999999971,106513.0,threshold
1116,T2/S04,long,2023-06-08 19:00:00,2023-06-08 19:01:00,2023-06-08 19:00:00,True,1,5,1967.0,1967.84,0.8399999999999181,3359.9999999996726,15223.999999999134,threshold
1117,T2/S04,long,2023-06-08 19:15:00,2023-06-08 19:18:00,2023-06-08 19:17:00,True,1,5,1968.14,1968.88,0.7400000000000091,2960.0000000000364,14295.0,threshold
1118,T2/S04,long,2023-06-08 19:30:00,2023-06-09 01:08:00,2023-06-08 23:29:00,True,4,20,1965.0625,1965.94,0.8775000000000546,14040.000000000873,39323.3400000033,threshold
1119,T2/S04,long,2023-06-15 19:00:00,2023-06-15 19:02:00,2023-06-15 19:01:00,True,1,5,1956.65,1957.37,0.7199999999997999,2879.9999999991996,14184.320000000174,threshold
1120,T2/S04,long,2023-06-15 19:15:00,2023-06-15 19:31:00,2023-06-15 19:30:00,True,1,5,1958.81,1959.33,0.5199999999999818,2079.9999999999272,9981.91999999965,threshold
1121,T2/S04,long,2023-06-15 19:45:00,2023-06-15 19:49:00,2023-06-15 19:48:00,True,1,5,1959.0899999999997,1959.67,0.580000000000382,2320.0000000006185,10760.96000000332,threshold
751,T2/S03,long,2023-06-15 22:00:00,2023-06-15 22:04:00,2023-06-15 22:03:00,True,1,5,1957.6799999999998,1958.36,0.6800000000000637,2719.999999999345,13274.219999996676,threshold
752,T2/S03,long,2023-06-15 22:15:00,2023-06-15 22:31:00,2023-06-15 22:30:00,True,1,5,1958.4900000000002,1959.05,0.5599999999997181,2239.9999999997817,10595.199999999124,threshold
753,T2/S03,long,2023-06-15 22:45:00,2023-06-15 22:58:00,2023-06-15 22:55:00,True,1,5,1958.0,1958.49,0.4900000000000091,1960.0000000000364,10799.599999998947,threshold
1646,T6/S12,short,2023-06-21 09:48:00,2023-06-21 12:14:00,2023-06-21 12:15:00,True,2,10,1934.2035884177872,1933.05,1.153588417787205,6693.119999999828,44406.09999999473,threshold
1122,T2/S04,long,2023-06-30 19:00:00,2023-06-30 19:03:00,2023-06-30 19:02:00,True,1,5,1919.1799999999998,1919.99,0.8100000000001728,3239.9999999997817,15322.839999999294,threshold
1123,T2/S04,long,2023-06-30 19:15:00,2023-06-30 19:19:00,2023-06-30 19:18:00,True,1,5,1919.08,1919.62,0.5399999999999636,2159.9999999998545,10295.77999999947,threshold
1124,T2/S04,long,2023-06-30 19:30:00,2023-06-30 19:33:00,2023-06-30 19:31:00,True,1,5,1917.81,1918.27,0.4600000000000364,1840.0000000001455,12835.020000001592,threshold
1125,T2/S04,long,2023-06-30 19:45:00,2023-06-30 19:51:00,2023-06-30 19:48:00,True,1,5,1918.61,1919.05,0.44000000000005457,1760.0000000002183,12657.45000000177,threshold
1126,T2/S04,long,2023-07-03 19:00:00,2023-07-04 09:13:00,2023-07-04 08:02:00,True,4,20,1923.9725000000003,1924.59,0.6174999999996089,9879.99999999829,43480.53999999149,threshold
754,T2/S03,long,2023-07-10 22:15:00,2023-07-10 22:32:00,2023-07-10 22:31:00,True,1,5,1925.39,1925.97,0.5799999999999272,2319.999999999709,12730.249999997328,threshold
755,T2/S03,long,2023-07-10 22:45:00,2023-07-10 22:52:00,2023-07-10 22:51:00,True,1,5,1925.3200000000002,1926.16,0.8399999999999181,3360.000000000582,16276.300000003032,threshold
1374,T5/S09,long,2023-07-11 10:00:00,2023-07-11 11:18:00,2023-07-11 11:32:00,True,2,10,1934.3242961757526,1936.74,2.41570382424743,14844.500000000022,84857.75999999876,threshold
1127,T2/S04,long,2023-07-12 19:00:00,2023-07-12 19:19:00,2023-07-12 19:14:00,True,1,5,1955.7900000000002,1956.26,0.4699999999997999,1880.0000000001091,17237.310000002344,threshold
1128,T2/S04,long,2023-07-12 19:30:00,2023-07-12 19:44:00,2023-07-12 19:43:00,True,1,5,1958.6199999999997,1959.27,0.6500000000003183,2600.000000000364,12900.550000001806,threshold
1129,T2/S04,long,2023-07-12 19:45:00,2023-07-12 22:47:00,2023-07-12 20:02:00,True,1,10,1958.9100000000003,1959.39,0.4799999999997908,1920.0000000000728,25238.70999999964,threshold
756,T2/S03,long,2023-07-12 22:15:00,2023-07-13 04:09:00,2023-07-13 04:08:00,True,2,10,1957.667922004787,1958.18,0.5120779952130761,3637.2900000000154,22722.220000001995,threshold
1310,T4/S08,long,2023-07-13 07:05:00,2023-07-13 09:22:00,2023-07-13 09:22:00,True,3,15,1959.1425834640374,1960.65,1.5074165359626477,10091.400000001118,101242.82999999418,threshold
1130,T2/S04,long,2023-07-18 19:15:00,2023-07-18 19:26:00,2023-07-18 19:20:00,True,1,6,1980.64,1981.08,0.4399999999998272,1759.9999999993088,14119.69999999633,threshold
1131,T2/S04,long,2023-07-28 19:00:00,2023-07-28 19:05:00,2023-07-28 19:04:00,True,1,6,1961.0400000000002,1961.79,0.7499999999997726,3000.0,15149.25,threshold
1132,T2/S04,long,2023-07-28 19:15:00,2023-07-28 19:24:00,2023-07-28 19:21:00,True,1,6,1961.7400000000002,1962.19,0.4499999999998181,1800.000000000182,10721.899999999448,threshold
1133,T2/S04,long,2023-07-31 19:00:00,2023-07-31 19:15:00,2023-07-31 19:14:00,True,1,6,1970.85,1971.53,0.6800000000000637,2720.0000000002547,13770.68000000129,threshold
1134,T2/S04,long,2023-07-31 19:30:00,2023-07-31 19:42:00,2023-07-31 19:41:00,True,1,6,1971.45,1972.05,0.599999999999909,2399.999999999636,11761.819999998525,threshold
1135,T2/S04,long,2023-07-31 19:45:00,2023-07-31 20:23:00,2023-07-31 20:19:00,True,2,12,1971.3400000000001,1971.8,0.459999999999809,3679.9999999993815,20911.059999999445,threshold
1647,T6/S12,short,2023-08-01 09:00:00,2023-08-01 09:11:00,2023-08-01 09:10:00,True,1,6,1958.8699999999997,1957.34,1.5299999999997453,6119.999999999891,27260.959999998333,threshold
1648,T6/S12,short,2023-08-01 09:12:00,2023-08-01 10:10:00,2023-08-01 10:09:00,True,1,6,1957.14,1955.78,1.3600000000001273,5440.000000000509,24886.780000000555,threshold
1251,T3/S06,short,2023-08-16 23:00:00,2023-08-17 03:51:00,2023-08-17 03:50:00,True,1,6,1892.14,1891.18,0.9600000000000364,3840.0000000001455,15540.479999999814,threshold
1136,T2/S04,long,2023-08-23 19:00:00,2023-08-23 19:11:00,2023-08-23 19:10:00,True,1,6,1918.47,1919.03,0.5599999999999454,2239.9999999997817,11309.099999999065,threshold
1137,T2/S04,long,2023-08-23 19:15:00,2023-08-23 19:35:00,2023-08-23 19:34:00,True,1,6,1919.1799999999998,1919.83,0.650000000000091,2599.9999999994543,13173.759999997379,threshold
1138,T2/S04,long,2023-08-23 19:45:00,2023-08-23 22:05:00,2023-08-23 20:31:00,True,2,24,1918.565,1919.11,0.5449999999998454,4359.999999998763,-12103.739999998314,threshold
757,T2/S03,long,2023-08-23 22:00:00,2023-08-24 01:06:00,2023-08-23 22:03:00,True,1,30,1916.82,1917.33,0.5099999999999909,12.749999999999773,87210.03000000038,threshold
427,T1/S01,long,2023-08-25 22:00:00,2023-08-25 22:28:00,2023-08-25 22:27:00,True,1,6,1913.5400000000002,1914.12,0.5799999999996999,2319.999999999709,11833.769999998678,threshold
1139,T2/S04,long,2023-08-28 19:00:00,2023-08-29 04:05:00,2023-08-29 04:04:00,True,5,30,1921.2580000000003,1922.08,0.8219999999996617,16439.99999999687,53417.44999999395,threshold
1140,T2/S04,long,2023-08-29 19:00:00,2023-08-29 19:09:00,2023-08-29 19:07:00,True,1,6,1936.89,1937.35,0.459999999999809,1839.999999999236,15459.34000000019,threshold
1141,T2/S04,long,2023-08-29 19:15:00,2023-08-29 19:53:00,2023-08-29 19:50:00,True,2,12,1935.0200000000004,1935.57,0.5499999999994998,4399.999999998727,23223.420000002665,threshold
758,T2/S03,long,2023-08-29 22:00:00,2023-08-29 22:15:00,2023-08-29 22:14:00,True,1,6,1937.2099999999998,1937.85,0.6400000000001,2559.9999999994907,13420.15999999733,threshold
759,T2/S03,long,2023-08-29 22:30:00,2023-08-30 12:26:00,2023-08-30 12:25:00,True,2,12,1937.2398676615514,1937.76,0.5201323384485477,3694.4999999999636,22255.759999998856,threshold
1142,T2/S04,long,2023-08-30 19:00:00,2023-08-30 19:58:00,2023-08-30 19:52:00,True,2,12,1944.145,1944.61,0.46499999999991815,3719.999999999345,28824.800000002488,threshold
760,T2/S03,long,2023-09-12 22:45:00,2023-09-13 01:09:00,2023-09-13 01:08:00,True,1,6,1912.89,1913.4,0.5099999999999909,2039.9999999999636,11181.939999999424,threshold
428,T1/S01,long,2023-09-18 22:54:00,2023-09-19 02:31:00,2023-09-19 02:32:00,True,1,6,1933.6199999999997,1934.31,0.6900000000002819,2760.0000000002183,10771.20000000461,threshold
1143,T2/S04,long,2023-09-20 19:00:00,2023-09-20 19:04:00,2023-09-20 19:03:00,True,1,6,1941.98,1942.48,0.5,2000.0,10782.419999999807,threshold
1144,T2/S04,long,2023-09-20 19:15:00,2023-09-20 19:21:00,2023-09-20 19:20:00,True,1,6,1944.35,1944.88,0.5300000000002001,2120.0000000008004,11004.759999999615,threshold
1145,T2/S04,long,2023-09-20 19:30:00,2023-09-20 19:54:00,2023-09-20 19:53:00,True,1,6,1945.6300000000003,1946.37,0.7399999999995543,2959.999999999127,15676.899999995376,threshold
1649,T6/S12,short,2023-09-25 08:48:00,2023-09-25 09:08:00,2023-09-25 09:07:00,True,1,6,1922.36,1921.18,1.1799999999998363,4719.999999999345,21641.339999999615,threshold
1650,T6/S12,short,2023-09-25 09:12:00,2023-09-25 11:18:00,2023-09-25 11:18:00,True,3,18,1923.3324239951032,1921.97,1.3624239951031996,13354.479999999907,73984.80000000038,threshold
1252,T3/S06,short,2023-09-26 23:00:00,2023-09-27 05:25:00,2023-09-27 06:50:00,True,1,12,1900.4100000000003,1899.56,0.8500000000003638,3400.0000000005457,22264.31999999922,threshold
1375,T5/S09,long,2023-09-29 10:12:00,2023-09-29 10:39:00,2023-09-29 10:37:00,True,1,6,1870.8699999999997,1872.78,1.9100000000003092,7640.000000000327,54917.120000003706,threshold
1376,T5/S09,long,2023-09-29 10:48:00,2023-09-29 15:44:00,2023-09-29 15:51:00,True,2,12,1871.3217493897478,1873.8,2.4782506102521893,15228.849999999673,112553.64000000058,threshold
1651,T6/S12,short,2023-10-06 09:48:00,2023-10-06 15:21:00,2023-10-06 15:20:00,True,3,18,1821.5181615996732,1820.1,1.4181615996733399,13900.82000000073,81701.25,threshold
761,T2/S03,long,2023-10-09 22:15:00,2023-10-09 22:18:00,2023-10-09 22:17:00,True,1,6,1860.36,1861.07,0.7100000000000364,2840.0000000001455,16902.27000000459,threshold
429,T1/S01,long,2023-10-09 22:18:00,2023-10-09 22:21:00,2023-10-09 22:26:00,True,1,6,1861.31,1862.14,0.8300000000001546,3320.0000000006185,13227.600000003007,threshold
430,T1/S01,long,2023-10-09 22:24:00,2023-10-09 22:32:00,2023-10-09 22:31:00,True,1,12,1862.0,1862.81,0.8099999999999454,21.869999999998495,26958.520000000604,threshold
762,T2/S03,long,2023-10-09 22:30:00,2023-10-09 22:33:00,2023-10-09 22:32:00,True,1,12,1862.46,1863.1,0.6399999999998727,17.279999999996306,10176.860000000801,threshold
431,T1/S01,long,2023-10-09 22:36:00,2023-10-09 22:38:00,2023-10-09 22:37:00,True,1,60,1862.25,1862.86,0.6099999999999,59.16999999999023,122409.4099999996,threshold
763,T2/S03,long,2023-10-09 22:45:00,2023-10-09 23:00:00,2023-10-10 02:51:00,True,2,24,1861.6168441995712,1862.16,0.543155800428849,1774.490000000354,23758.739999998805,threshold
1377,T5/S09,long,2023-10-11 12:00:00,2023-10-11 13:24:00,2023-10-11 13:23:00,True,1,6,1869.7900000000002,1872.5,2.709999999999809,10840.000000000146,61045.46000000082,threshold
1378,T5/S09,long,2023-10-11 13:36:00,2023-10-11 19:04:00,2023-10-11 19:03:00,True,1,6,1873.14,1875.25,2.1099999999999,8439.9999999996,47560.79999999794,threshold
1146,T2/S04,long,2023-10-13 19:00:00,2023-10-13 19:02:00,2023-10-13 19:01:00,True,1,6,1923.08,1923.64,0.5600000000001728,2240.000000000691,12509.200000004137,threshold
1147,T2/S04,long,2023-10-13 19:15:00,2023-10-13 19:46:00,2023-10-13 19:45:00,True,2,18,1924.935,1925.97,1.0350000000000819,8280.000000000655,109063.51000000435,threshold
764,T2/S03,long,2023-10-13 22:00:00,2023-10-13 23:48:00,2023-10-13 23:47:00,True,1,6,1928.7599999999998,1929.33,0.5700000000001637,2279.9999999997453,13102.589999998536,threshold
432,T1/S01,long,2023-10-13 23:30:00,2023-10-13 23:51:00,2023-10-13 23:50:00,True,1,6,1929.14,1929.81,0.6699999999998454,2679.9999999993815,15171.419999996655,threshold
433,T1/S01,long,2023-10-13 23:54:00,2023-10-16 15:22:00,2023-10-16 15:20:00,True,11,72,1918.6487313587404,1920.06,1.4112686412595394,54508.83999999672,935634.1300000249,threshold
1652,T6/S12,short,2023-10-16 09:00:00,2023-10-16 09:02:00,2023-10-16 09:01:00,True,1,6,1914.9100000000003,1913.21,1.7000000000002728,6800.000000000182,37790.5200000023,threshold
1653,T6/S12,short,2023-10-16 09:12:00,2023-10-16 09:29:00,2023-10-16 09:28:00,True,2,12,1914.0973767666326,1912.89,1.2073767666324784,7005.199999999545,64502.01000000442,threshold
1654,T6/S12,short,2023-10-16 09:36:00,2023-10-16 09:47:00,2023-10-16 09:46:00,True,1,6,1913.02,1911.38,1.6399999999998727,6559.999999999491,34407.04000000042,threshold
1655,T6/S12,short,2023-10-16 09:48:00,2023-10-16 09:55:00,2023-10-16 09:57:00,True,1,6,1911.4599999999998,1909.48,1.9799999999997908,7920.000000000073,25415.530000003393,threshold
1148,T2/S04,long,2023-10-16 19:30:00,2023-10-16 20:01:00,2023-10-16 20:00:00,True,1,7,1921.52,1922.16,0.6400000000001,2560.0000000004,15395.180000003213,threshold
434,T1/S01,long,2023-10-19 22:00:00,2023-10-19 22:01:00,2023-10-19 22:00:00,True,1,7,1973.2599999999998,1974.06,0.8000000000001819,3199.999999999818,20974.09999999816,threshold
435,T1/S01,long,2023-10-19 22:06:00,2023-10-19 22:11:00,2023-10-19 22:10:00,True,1,7,1973.89,1974.46,0.5699999999999363,2279.9999999997453,14174.719999998619,threshold
436,T1/S01,long,2023-10-19 22:12:00,2023-10-19 22:19:00,2023-10-19 22:20:00,True,1,7,1976.5400000000002,1977.13,0.5899999999999181,2360.000000000582,9375.800000002997,threshold
765,T2/S03,long,2023-10-19 22:15:00,2023-10-19 22:21:00,2023-10-19 22:18:00,True,1,7,1976.39,1976.9,0.5099999999999909,2039.9999999999636,18498.1999999947,threshold
437,T1/S01,long,2023-10-19 22:24:00,2023-10-20 02:08:00,2023-10-19 22:52:00,True,2,42,1975.8608755760367,1976.54,0.6791244239632306,1473.700000000099,43401.960000006715,threshold
766,T2/S03,long,2023-10-19 22:30:00,2023-10-20 02:08:00,2023-10-20 01:32:00,True,3,49,1974.7138890970402,1975.37,0.6561109029596537,3502.319999999064,223738.76000000437,threshold
1311,T4/S08,long,2023-10-20 06:00:00,2023-10-20 08:31:00,2023-10-20 09:09:00,True,3,21,1978.4175420120996,1980.09,1.6724579879003159,11196.269999999686,123304.5000000012,threshold
1312,T4/S08,long,2023-10-20 08:35:00,2023-10-20 09:10:00,2023-10-20 10:01:00,True,3,14,1978.1823795653147,1979.61,1.4276204346851955,9557.204999999765,84742.40000000723,threshold
438,T1/S01,long,2023-10-27 22:00:00,2023-10-27 22:03:00,2023-10-27 22:02:00,True,1,7,2005.4900000000002,2006.73,1.2399999999997817,4960.000000000036,28783.07999999806,threshold
439,T1/S01,long,2023-10-27 22:06:00,2023-10-27 22:09:00,2023-10-27 22:08:00,True,1,7,2007.89,2008.96,1.0699999999999363,4279.999999999745,28844.639999998057,threshold
440,T1/S01,long,2023-10-27 22:12:00,2023-10-27 22:47:00,2023-10-27 22:48:00,True,3,49,2007.43006796452,2007.96,0.5299320354799875,4600.340000000662,-82089.50000001054,threshold
767,T2/S03,long,2023-10-27 22:30:00,2023-10-30 02:45:00,2023-10-27 22:31:00,True,1,28,2006.18,2006.85,0.6699999999998454,23.44999999999421,-26378.800000006606,threshold
1656,T6/S12,short,2023-11-07 09:48:00,2023-11-07 10:16:00,2023-11-07 10:15:00,True,1,7,1969.0700000000002,1967.68,1.3900000000001,5559.999999999491,33930.640000000756,threshold
441,T1/S01,long,2023-11-07 23:36:00,2023-11-08 02:02:00,2023-11-08 02:01:00,True,1,7,1969.0099999999998,1969.59,0.5800000000001546,2319.999999999709,14776.39999999924,threshold
1149,T2/S04,long,2023-11-09 19:00:00,2023-11-09 19:03:00,2023-11-09 19:01:00,True,1,7,1960.6799999999998,1961.23,0.5500000000001819,2199.999999999818,21489.159999999494,threshold
1150,T2/S04,long,2023-11-09 19:15:00,2023-11-09 20:17:00,2023-11-09 20:14:00,True,3,21,1961.7633333333333,1962.15,0.38666666666676974,4640.000000001237,156246.0899999977,threshold
1253,T3/S06,short,2023-11-10 23:10:00,2023-11-13 05:00:00,2023-11-13 05:06:00,True,2,16,1937.7377544426495,1936.74,0.997754442649466,6176.100000000119,35047.36000000668,threshold
768,T2/S03,long,2023-11-13 22:00:00,2023-11-14 02:02:00,2023-11-14 02:01:00,True,1,8,1946.3399999999997,1947.03,0.6900000000002819,2760.0000000002183,22384.65000000541,threshold
1151,T2/S04,long,2023-11-14 19:00:00,2023-11-14 20:08:00,2023-11-14 19:05:00,True,1,16,1964.33,1964.77,0.44000000000005457,1760.0000000002183,33772.19999999509,threshold
769,T2/S03,long,2023-11-16 22:00:00,2023-11-17 02:54:00,2023-11-17 02:53:00,True,2,16,1982.6680247782626,1983.75,1.0819752217373662,7685.269999999565,65143.629999998964,threshold
1152,T2/S04,long,2023-11-21 19:00:00,2023-11-21 19:59:00,2023-11-21 19:30:00,True,2,16,2000.1299999999999,2000.85,0.7200000000000273,5759.999999999309,44292.800000011695,threshold
442,T1/S01,long,2023-11-27 23:00:00,2023-11-28 01:51:00,2023-11-28 01:57:00,True,1,8,2014.5899999999997,2015.22,0.6300000000003365,2520.0000000004366,14906.31999999948,threshold
1153,T2/S04,long,2023-11-28 19:00:00,2023-11-28 19:03:00,2023-11-28 19:02:00,True,1,8,2039.78,2040.31,0.5299999999999727,2119.999999999891,15495.299999998955,threshold
1154,T2/S04,long,2023-11-28 19:15:00,2023-11-28 21:46:00,2023-11-28 21:14:00,True,3,24,2040.7266666666667,2041.08,0.35333333333323935,4239.999999998872,50270.499999993466,threshold
770,T2/S03,long,2023-11-28 22:00:00,2023-11-29 01:15:00,2023-11-29 01:14:00,True,2,16,2041.183553428129,2041.76,0.5764465718709744,4094.4999999996,40932.919999995545,threshold
771,T2/S03,long,2023-12-01 22:00:00,2023-12-01 22:04:00,2023-12-01 22:02:00,True,1,8,2067.19,2067.75,0.5599999999999454,2239.9999999997817,30353.399999992114,threshold
772,T2/S03,long,2023-12-01 22:15:00,2023-12-01 22:32:00,2023-12-01 22:33:00,True,1,8,2069.61,2070.2,0.5899999999996908,2359.999999998763,17092.299999991043,threshold
773,T2/S03,long,2023-12-01 22:45:00,2023-12-01 23:03:00,2023-12-01 22:59:00,True,1,8,2070.28,2070.82,0.5399999999999636,2159.9999999998545,15662.159999998945,threshold
443,T1/S01,long,2023-12-01 23:42:00,2023-12-04 01:05:00,2023-12-04 01:05:00,True,1,8,2071.56,2073.78,2.2200000000002547,8880.000000001019,85653.25000000792,threshold
1657,T6/S12,short,2023-12-04 09:48:00,2023-12-04 09:52:00,2023-12-04 09:51:00,True,1,8,2071.69,2070.45,1.2400000000002365,4960.000000000946,31543.559999997873,threshold
1379,T5/S09,long,2023-12-06 10:24:00,2023-12-06 15:16:00,2023-12-06 15:19:00,True,3,24,2027.9282848693936,2031.02,3.091715130606417,31365.45000000055,182644.80000000028,threshold
444,T1/S01,long,2023-12-08 23:24:00,2023-12-11 01:05:00,2023-12-08 23:50:00,True,1,24,2003.7,2004.31,0.6099999999999,2439.9999999996,84200.25999999758,threshold
445,T1/S01,long,2023-12-13 22:00:00,2023-12-13 22:02:00,2023-12-13 22:01:00,True,1,8,2013.85,2014.43,0.5800000000001546,2320.0000000006185,17619.760000004346,threshold
774,T2/S03,long,2023-12-13 22:00:01,2023-12-13 22:02:00,2023-12-13 22:01:00,True,1,8,2013.85,2014.43,0.5800000000001546,2320.0000000006185,17619.760000004346,threshold
446,T1/S01,long,2023-12-13 22:06:00,2023-12-13 22:06:00,2023-12-13 22:08:00,True,2,32,2013.6653345388786,2015.26,1.5946654611213944,3527.4000000001975,53634.34999999891,threshold
775,T2/S03,long,2023-12-13 22:15:00,2023-12-13 22:17:00,2023-12-13 22:16:00,True,1,16,2015.0,2016.19,1.1900000000000546,141.61000000000624,32681.469999997546,threshold
447,T1/S01,long,2023-12-13 22:18:00,2023-12-13 22:21:00,2023-12-13 22:20:00,True,1,8,2017.39,2020.56,3.1699999999998454,12679.999999999382,95567.8799999956,threshold
448,T1/S01,long,2023-12-13 22:24:00,2023-12-13 22:32:00,2023-12-13 22:35:00,True,3,24,2019.2979990784468,2021.42,2.122000921553308,18421.090000000662,28770.580000001668,threshold
776,T2/S03,long,2023-12-13 22:30:00,2023-12-13 22:36:00,2023-12-13 22:31:00,True,1,8,2016.3,2018.09,1.7899999999999636,7159.9999999998545,157013.91000000335,threshold
449,T1/S01,long,2023-12-13 22:42:00,2023-12-13 22:54:00,2023-12-13 22:53:00,True,2,16,2019.6791530944624,2020.15,0.4708469055376554,2891.0000000007763,41305.440000005125,threshold
777,T2/S03,long,2023-12-13 22:45:00,2023-12-13 22:54:00,2023-12-13 22:54:00,True,2,16,2019.654441785161,2020.76,1.105558214838993,7852.780000000118,153956.64000000228,threshold
450,T1/S01,long,2023-12-13 23:00:00,2023-12-13 23:06:00,2023-12-13 23:05:00,True,2,16,2023.2877524429966,2024.36,1.0722475570032657,6583.599999999364,80887.67999999112,threshold
451,T1/S01,long,2023-12-13 23:12:00,2023-12-13 23:14:00,2023-12-13 23:14:00,True,1,8,2023.55,2024.85,1.2999999999999545,5199.999999999818,17791.199999998265,threshold
452,T1/S01,long,2023-12-13 23:18:00,2023-12-13 23:23:00,2023-12-13 23:23:00,True,1,8,2024.6300000000003,2025.9,1.2699999999997544,5079.999999999927,18129.419999997976,threshold
453,T1/S01,long,2023-12-13 23:24:00,2023-12-13 23:44:00,2023-12-13 23:43:00,True,1,8,2026.22,2027.06,0.8399999999999181,3359.9999999996726,23244.66000000058,threshold
454,T1/S01,long,2023-12-13 23:48:00,2023-12-14 01:28:00,2023-12-14 01:23:00,True,2,8,2026.2932573289902,2027.08,0.7867426710097334,4830.599999999922,38265.60000000145,threshold
455,T1/S01,long,2023-12-18 23:54:00,2023-12-19 01:50:00,2023-12-19 01:50:00,True,2,16,2026.9011400651468,2027.26,0.3588599348531716,2203.3999999995194,38037.16000000174,threshold
1155,T2/S04,long,2023-12-19 19:00:00,2023-12-19 19:04:00,2023-12-19 19:02:00,True,1,9,2044.4299999999998,2044.86,0.43000000000006366,1719.9999999993452,36206.32999999621,threshold
1254,T3/S06,short,2023-12-20 23:50:00,2023-12-28 04:00:00,2024-01-03 11:44:00,True,18,188,2056.446368913309,2055.13,1.3163689133089065,76424.42999999225,-15337265.64000002,threshold
1380,T5/S09,long,2023-12-22 12:24:00,2023-12-22 13:15:00,2023-12-22 13:14:00,True,1,9,2055.54,2057.67,2.130000000000109,8520.000000000437,68721.81999999592,threshold
1381,T5/S09,long,2023-12-22 13:24:00,2023-12-22 13:26:00,2023-12-22 13:25:00,True,1,9,2058.1,2060.27,2.1700000000000728,8680.000000000291,69662.16000000997,threshold
1382,T5/S09,long,2023-12-22 13:36:00,2023-12-22 13:40:00,2023-12-22 13:39:00,True,1,9,2060.14,2063.03,2.8900000000003274,11560.00000000131,87126.41000000176,threshold
1383,T5/S09,long,2023-12-22 13:48:00,2023-12-22 14:31:00,2023-12-22 14:29:00,True,1,9,2061.74,2063.64,1.900000000000091,7600.000000000364,110717.60000000296,threshold
456,T1/S01,long,2023-12-26 22:00:00,2023-12-26 22:06:00,2023-12-26 22:05:00,True,1,9,2061.88,2062.85,0.9699999999997999,3879.9999999991996,35081.01999999046,threshold
457,T1/S01,long,2023-12-26 22:12:00,2023-12-26 22:35:00,2023-12-26 22:34:00,True,1,9,2063.96,2065.17,1.2100000000000364,4840.0000000001455,33184.559999992234,threshold
458,T1/S01,long,2023-12-26 22:36:00,2023-12-26 22:42:00,2023-12-26 22:42:00,True,1,9,2066.14,2066.71,0.5700000000001637,2280.000000000655,17119.959999999402,threshold
459,T1/S01,long,2023-12-26 22:48:00,2023-12-26 22:59:00,2023-12-26 22:58:00,True,1,36,2067.73,2068.37,0.6399999999998727,21.759999999995774,74106.03000000062,threshold
